Mun_Code;Municipality;Comarca;Province;CCAA;Population_2024;Area_km2;Distance_km;Distance_class;Growth_2018_2021_pct;Growth_2021_2024_pct
31908;Lekunberri;NORD OCCIDENTAL;Navarra;Comunidad Foral de Navarra;1697.0;6.7;30.01;30-60 km;5.8;4.5
17161;Sant Feliu de Pallerols;GARROTXA;Girona;Cataluña/Catalunya;1692.0;33.99;30.04;30-60 km;8.41;16.21
41051;Huévar del Aljarafe;EL ALJARAFE;Sevilla;Andalucía;3360.0;57.61;30.08;30-60 km;6.28;7.38
08152;Orpí;ANOIA;Barcelona;Cataluña/Catalunya;178.0;15.39;30.09;30-60 km;13.24;15.58
05139;Muñogrande;AVILA;Ávila;Castilla y León;74.0;16.16;30.13;30-60 km;5.97;4.23
17225;Vilamacolum;ALT EMPORDA;Girona;Cataluña/Catalunya;376.0;5.67;30.13;30-60 km;18.91;1.35
28159;Valdemaqueda;GUADARRAMA;Madrid;Comunidad de Madrid;833.0;51.71;30.26;30-60 km;3.68;5.58
49228;Valdefinjas;DUERO BAJO;Zamora;Castilla y León;59.0;16.31;30.29;30-60 km;21.28;3.51
31036;Arróniz;TIERRA ESTELLA;Navarra;Comunidad Foral de Navarra;1054.0;55.17;30.31;30-60 km;0.19;0.48
46217;Rotglà i Corberà;LA COSTERA DE JATIVA;València/Valencia;Comunitat Valenciana;1158.0;6.27;30.32;30-60 km;2.87;1.05
47157;Sardón de Duero;SURESTE;Valladolid;Castilla y León;607.0;19.66;30.34;30-60 km;3.26;0.83
26052;Cordovín;RIOJA ALTA;La Rioja;La Rioja;159.0;4.59;30.34;30-60 km;0.64;0.63
34022;Baltanás;EL CERRATO;Palencia;Castilla y León;1228.0;158.76;30.35;30-60 km;0.25;0.74
12088;Pavías;PALANCIA;Castelló/Castellón;Comunitat Valenciana;73.0;14.42;30.44;30-60 km;16.13;1.39
45134;Portillo de Toledo;TORRIJOS;Toledo;Castilla-La Mancha;2346.0;19.94;30.46;30-60 km;1.6;5.53
16089;Fuentes;SERRANIA MEDIA;Cuenca;Castilla-La Mancha;468.0;107.59;30.46;30-60 km;2.64;0.43
34084;Herrera de Valdecañas;EL CERRATO;Palencia;Castilla y León;158.0;27.55;30.58;30-60 km;5.48;2.6
17012;Avinyonet de Puigventós;ALT EMPORDA;Girona;Cataluña/Catalunya;1684.0;12.59;30.58;30-60 km;3.3;1.63
17013;Begur;BAIX EMPORDA;Girona;Cataluña/Catalunya;4245.0;20.98;30.58;30-60 km;2.67;5.1
03042;el Poble Nou de Benitatxell/Benitachell;MARQUESADO;Alacant/Alicante;Comunitat Valenciana;4851.0;12.7;30.65;30-60 km;7.68;9.08
09249;Palazuelos de Muñó;PISUERGA;Burgos;Castilla y León;54.0;8.69;30.68;30-60 km;1.92;1.89
43120;Querol;ALT CAMP;Tarragona;Cataluña/Catalunya;591.0;72.33;30.78;30-60 km;4.41;8.64
12046;Cirat;PALANCIA;Castelló/Castellón;Comunitat Valenciana;214.0;41.11;30.85;30-60 km;2.43;1.42
19293;Uceda;CAMPIÑA;Guadalajara;Castilla-La Mancha;3303.0;46.73;30.88;30-60 km;13.99;12.62
17178;Sant Pere Pescador;ALT EMPORDA;Girona;Cataluña/Catalunya;2241.0;18.36;30.94;30-60 km;2.16;7.59
46089;Casinos;CAMPOS DE LIRIA;València/Valencia;Comunitat Valenciana;3113.0;41.64;30.97;30-60 km;3.89;8.05
07030;Llubí;MALLORCA;Illes Balears;Illes Balears;2505.0;35.12;31.0;30-60 km;6.33;5.03
46016;Alcàntera de Xúquer;RIBERAS DEL JUCAR;València/Valencia;Comunitat Valenciana;1425.0;3.43;31.03;30-60 km;8.1;1.64
31055;Betelu;NORD OCCIDENTAL;Navarra;Comunidad Foral de Navarra;383.0;7.16;31.04;30-60 km;7.1;1.59
04057;Laujar de Andarax;ALTO ANDARAX;Almería;Andalucía;1658.0;92.74;31.11;30-60 km;3.45;4.21
12041;Castillo de Villamalefa;PEÑAGOLOSA;Castelló/Castellón;Comunitat Valenciana;113.0;37.76;31.19;30-60 km;1.98;9.71
30032;Pliego;CENTRO;Murcia;Región de Murcia;3964.0;29.33;31.2;30-60 km;0.68;2.48
22072;Caldearenas;JACETANIA;Huesca;Aragón;237.0;192.36;31.33;30-60 km;1.83;6.76
19073;Casas de San Galindo;ALCARRIA ALTA;Guadalajara;Castilla-La Mancha;20.0;11.6;31.41;30-60 km;5.56;5.26
25075;Clariana de Cardener;SOLSONES;Lleida;Cataluña/Catalunya;161.0;40.78;31.47;30-60 km;7.48;1.9
02046;Mahora;MANCHUELA;Albacete;Castilla-La Mancha;1465.0;108.1;31.51;30-60 km;1.55;6.16
31257;Villatuerta;TIERRA ESTELLA;Navarra;Comunidad Foral de Navarra;1268.0;23.8;31.56;30-60 km;6.07;0.79
28060;Fuentidueña de Tajo;VEGAS;Madrid;Comunidad de Madrid;2328.0;60.19;31.61;30-60 km;12.24;4.49
50147;Luceni;ZARAGOZA;Zaragoza;Aragón;1003.0;27.11;31.65;30-60 km;4.44;1.62
26111;Ollauri;RIOJA ALTA;La Rioja;La Rioja;312.0;2.6;31.67;30-60 km;8.39;0.65
46170;Moixent/Mogente;LA COSTERA DE JATIVA;València/Valencia;Comunitat Valenciana;4373.0;149.62;31.73;30-60 km;0.19;1.09
47154;Santibáñez de Valcorba;SURESTE;Valladolid;Castilla y León;187.0;24.15;31.75;30-60 km;14.56;3.31
41097;Villamanrique de la Condesa;LAS MARISMAS;Sevilla;Andalucía;4677.0;57.74;31.77;30-60 km;1.18;3.22
24023;Brazuelo;ASTORGA;León;Castilla y León;312.0;98.22;31.78;30-60 km;6.62;1.96
31157;Lodosa;RIBERA ALTA ARAGON;Navarra;Comunidad Foral de Navarra;4931.0;45.31;31.83;30-60 km;1.68;1.8
45901;Santo Domingo-Caudilla;TORRIJOS;Toledo;Castilla-La Mancha;1229.0;53.77;31.85;30-60 km;6.84;12.34
17005;El Far d'Empordà;ALT EMPORDA;Girona;Cataluña/Catalunya;626.0;9.35;31.86;30-60 km;7.47;1.13
18161;Polícar;GUADIX;Granada;Andalucía;266.0;5.37;31.88;30-60 km;10.59;1.92
10027;Benquerencia;CACERES;Cáceres;Extremadura;84.0;13.34;31.91;30-60 km;2.6;6.33
21076;Villanueva de los Castillejos;ANDEVALO OCCIDENTAL;Huelva;Andalucía;2936.0;264.68;31.97;30-60 km;3.19;3.05
31260;Valle de Yerri/Deierri;TIERRA ESTELLA;Navarra;Comunidad Foral de Navarra;1566.0;252.44;32.17;30-60 km;3.65;0.19
25218;Tarrés;GARRIGUES;Lleida;Cataluña/Catalunya;125.0;13.11;32.3;30-60 km;6.06;19.05
07009;Búger;MALLORCA;Illes Balears;Illes Balears;1199.0;8.33;32.31;30-60 km;2.85;10.61
26152;Torrecilla sobre Alesanco;RIOJA ALTA;La Rioja;La Rioja;55.0;4.36;32.35;30-60 km;16.67;57.14
28099;Navas del Rey;SUR OCCIDENTAL;Madrid;Comunidad de Madrid;3347.0;50.52;32.37;30-60 km;8.62;9.31
20078;Zaldibia;GOIERRI;Gipuzkoa;País Vasco/Euskadi;1740.0;16.43;32.38;30-60 km;1.43;6.36
05041;Burgohondo;VALLE BAJO ALBERCHE;Ávila;Castilla y León;1249.0;55.32;32.44;30-60 km;2.93;1.46
46261;Yátova;HOYA DE BUÑOL;València/Valencia;Comunitat Valenciana;2242.0;120.25;32.45;30-60 km;1.88;6.16
50218;Puebla de Albortón;ZARAGOZA;Zaragoza;Aragón;136.0;74.44;32.5;30-60 km;4.17;8.8
25068;Castellnou de Seana;PLA D'URGELL;Lleida;Cataluña/Catalunya;723.0;16.34;32.55;30-60 km;0.73;4.48
08151;Oristà;OSONA;Barcelona;Cataluña/Catalunya;569.0;69.03;32.56;30-60 km;1.86;4.02
25169;La Pobla de Cérvoles;GARRIGUES;Lleida;Cataluña/Catalunya;205.0;62.1;32.65;30-60 km;3.66;3.54
46154;Llanera de Ranes;LA COSTERA DE JATIVA;València/Valencia;Comunitat Valenciana;1057.0;9.26;32.73;30-60 km;0.67;0.09
16263;Villar de Olalla;SERRANIA MEDIA;Cuenca;Castilla-La Mancha;1512.0;157.72;32.77;30-60 km;4.37;15.16
04023;Beires;ALTO ANDARAX;Almería;Andalucía;148.0;38.8;32.79;30-60 km;12.82;12.12
28107;Patones;LOZOYA SOMOSIERRA;Madrid;Comunidad de Madrid;602.0;35.06;32.8;30-60 km;0.19;14.89
39038;Limpias;COSTERA;Cantabria;Cantabria;1991.0;9.96;32.89;30-60 km;5.03;1.53
08226;Sant Martí de Tous;ANOIA;Barcelona;Cataluña/Catalunya;1275.0;39.14;32.91;30-60 km;2.49;3.16
28055;Estremera;VEGAS;Madrid;Comunidad de Madrid;1467.0;79.13;32.91;30-60 km;11.73;6.23
05241;El Tiemblo;VALLE BAJO ALBERCHE;Ávila;Castilla y León;4526.0;75.31;32.92;30-60 km;7.74;2.54
39089;Tudanca;TUDANCA-CABUERNIGA;Cantabria;Cantabria;157.0;52.55;32.97;30-60 km;5.71;6.08
46096;Cerdà;LA COSTERA DE JATIVA;València/Valencia;Comunitat Valenciana;367.0;1.52;32.98;30-60 km;3.29;6.38
41012;Aznalcázar;LAS MARISMAS;Sevilla;Andalucía;4886.0;450.21;32.99;30-60 km;2.65;5.9
09348;Santa Inés;ARLANZA;Burgos;Castilla y León;155.0;14.86;33.02;30-60 km;4.26;5.44
08049;Casserres;BERGUEDA;Barcelona;Cataluña/Catalunya;1676.0;29.56;33.04;30-60 km;4.07;2.44
28076;Lozoya;LOZOYA SOMOSIERRA;Madrid;Comunidad de Madrid;617.0;57.69;33.05;30-60 km;6.08;4.05
41025;Carrión de los Céspedes;EL ALJARAFE;Sevilla;Andalucía;2617.0;6.11;33.07;30-60 km;3.48;1.16
39002;Ampuero;COSTERA;Cantabria;Cantabria;4477.0;32.44;33.1;30-60 km;3.53;2.5
24149;San Millán de los Caballeros;ESLA-CAMPOS;León;Castilla y León;191.0;24.7;33.15;30-60 km;2.98;10.4
17074;Fortià;ALT EMPORDA;Girona;Cataluña/Catalunya;801.0;10.94;33.2;30-60 km;8.33;1.01
45198;Villatobas;LA MANCHA;Toledo;Castilla-La Mancha;2858.0;181.44;33.21;30-60 km;7.53;11.21
47197;Villabrágima;TIERRA DE CAMPOS;Valladolid;Castilla y León;1048.0;67.13;33.27;30-60 km;1.06;0.38
26028;Bergasa;RIOJA BAJA;La Rioja;La Rioja;170.0;27.07;33.38;30-60 km;3.52;15.65
17063;Espinelves;OSONA;Girona;Cataluña/Catalunya;254.0;17.59;33.42;30-60 km;16.02;6.28
45036;Carmena;TORRIJOS;Toledo;Castilla-La Mancha;836.0;46.68;33.45;30-60 km;6.7;7.18
19092;Cogolludo;SIERRA;Guadalajara;Castilla-La Mancha;554.0;96.79;33.46;30-60 km;0.55;0.36
08129;Muntanyola;OSONA;Barcelona;Cataluña/Catalunya;712.0;40.65;33.47;30-60 km;5.65;8.7
45004;Alcabón;TORRIJOS;Toledo;Castilla-La Mancha;761.0;8.02;33.5;30-60 km;1.35;12.24
43075;Margalef;PRIORAT;Tarragona;Cataluña/Catalunya;106.0;34.78;33.53;30-60 km;10.64;1.92
26065;Galbárruli;RIOJA ALTA;La Rioja;La Rioja;79.0;15.43;33.54;30-60 km;56.0;1.28
04086;Sorbas;CAMPO TABERNAS;Almería;Andalucía;2525.0;249.0;33.56;30-60 km;3.43;2.19
50185;Murillo de Gállego;EGEA DE LOS CABALLEROS;Zaragoza;Aragón;203.0;54.71;33.56;30-60 km;7.47;8.56
18063;Darro;GUADIX;Granada;Andalucía;1695.0;50.31;33.69;30-60 km;3.35;3.61
28039;Cervera de Buitrago;LOZOYA SOMOSIERRA;Madrid;Comunidad de Madrid;161.0;11.54;33.73;30-60 km;6.04;1.9
26176;Villaverde de Rioja;RIOJA ALTA;La Rioja;La Rioja;75.0;5.86;33.76;30-60 km;3.51;27.12
08257;Santa Maria de Miralles;ANOIA;Barcelona;Cataluña/Catalunya;137.0;25.42;33.78;30-60 km;0.78;6.2
18182;Ugíjar;LAS ALPUJARRAS;Granada;Andalucía;2561.0;66.9;33.79;30-60 km;1.15;0.43
28063;Gargantilla del Lozoya y Pinilla de Buitrago;LOZOYA SOMOSIERRA;Madrid;Comunidad de Madrid;397.0;24.18;33.81;30-60 km;8.18;15.41
17200;Tortellà;GARROTXA;Girona;Cataluña/Catalunya;828.0;11.06;33.85;30-60 km;1.87;1.47
26004;Ajamil de Cameros;SIERRA RIOJA MEDIA;La Rioja;La Rioja;85.0;66.1;33.91;30-60 km;8.06;26.87
08008;Argençola;ANOIA;Barcelona;Cataluña/Catalunya;237.0;47.51;33.94;30-60 km;0.46;7.73
26136;Santa Eulalia Bajera;RIOJA BAJA;La Rioja;La Rioja;111.0;8.42;34.06;30-60 km;0.93;2.78
50115;Fuentes de Ebro;ZARAGOZA;Zaragoza;Aragón;4631.0;141.2;34.07;30-60 km;1.25;0.67
31142;Larraga;NAVARRA MEDIA;Navarra;Comunidad Foral de Navarra;2133.0;77.06;34.34;30-60 km;2.33;1.19
12071;Jérica;PALANCIA;Castelló/Castellón;Comunitat Valenciana;1726.0;78.29;34.35;30-60 km;6.25;4.61
22003;Adahuesca;SOMONTANO;Huesca;Aragón;207.0;52.5;34.37;30-60 km;10.47;8.95
47210;Villalar de los Comuneros;CENTRO;Valladolid;Castilla y León;490.0;42.74;34.38;30-60 km;3.28;3.59
34230;Villarmentero de Campos;CAMPOS;Palencia;Castilla y León;28.0;7.68;34.46;30-60 km;12.5;55.56
07012;Campanet;MALLORCA;Illes Balears;Illes Balears;2824.0;34.85;34.47;30-60 km;2.76;5.22
17230;Vila-sacra;ALT EMPORDA;Girona;Cataluña/Catalunya;811.0;6.08;34.52;30-60 km;7.33;6.57
07065;Vilafranca de Bonany;MALLORCA;Illes Balears;Illes Balears;3816.0;24.11;34.62;30-60 km;12.03;7.25
08303;Vilanova de Sau;OSONA;Barcelona;Cataluña/Catalunya;317.0;58.27;34.64;30-60 km;1.95;0.96
19021;Almoguera;CAMPIÑA;Guadalajara;Castilla-La Mancha;1373.0;119.01;34.7;30-60 km;0.08;5.05
17185;Sant Joan les Fonts;GARROTXA;Girona;Cataluña/Catalunya;3111.0;32.13;34.73;30-60 km;2.83;2.0
43058;La Figuera;PRIORAT;Tarragona;Cataluña/Catalunya;122.0;18.95;34.75;30-60 km;12.5;4.27
43085;El Molar;PRIORAT;Tarragona;Cataluña/Catalunya;307.0;22.79;34.76;30-60 km;6.05;3.02
47178;Urueña;TIERRA DE CAMPOS;Valladolid;Castilla y León;203.0;44.07;34.79;30-60 km;1.6;6.28
49126;Moraleja de Sayago;SAYAGO;Zamora;Castilla y León;299.0;33.72;34.87;30-60 km;3.28;5.65
18035;Cádiar;LAS ALPUJARRAS;Granada;Andalucía;1517.0;47.28;34.89;30-60 km;1.57;1.68
09277;Puentedura;ARLANZA;Burgos;Castilla y León;122.0;15.82;34.9;30-60 km;4.35;1.67
08171;Prats de Lluçanès;OSONA;Barcelona;Cataluña/Catalunya;2688.0;13.49;34.95;30-60 km;3.82;2.05
27029;Meira;TERRA CHA;Lugo;Galicia;1756.0;46.65;34.95;30-60 km;1.17;1.44
12013;Arañuel;PALANCIA;Castelló/Castellón;Comunitat Valenciana;159.0;19.17;34.96;30-60 km;4.11;4.61
17139;Les Preses;GARROTXA;Girona;Cataluña/Catalunya;1925.0;9.44;35.01;30-60 km;6.35;2.67
08246;Santa Eugènia de Berga;OSONA;Barcelona;Cataluña/Catalunya;2308.0;7.01;35.03;30-60 km;1.48;2.17
08220;Sant Julià de Vilatorta;OSONA;Barcelona;Cataluña/Catalunya;3297.0;16.28;35.12;30-60 km;1.81;4.6
05164;Navaquesera;GREDOS;Ávila;Castilla y León;43.0;9.19;35.14;30-60 km;37.5;95.45
04090;Tahal;CAMPO TABERNAS;Almería;Andalucía;375.0;94.54;35.16;30-60 km;7.72;7.45
07035;Maria de la Salut;MALLORCA;Illes Balears;Illes Balears;2397.0;30.7;35.19;30-60 km;4.62;6.91
50018;Alfamén;LA ALMUNIA DE DOÑA GODINA;Zaragoza;Aragón;1494.0;101.91;35.26;30-60 km;0.35;3.32
09347;Santa Gadea del Cid;BUREBA-EBRO;Burgos;Castilla y León;161.0;29.01;35.34;30-60 km;4.83;5.92
17214;Vilabertran;ALT EMPORDA;Girona;Cataluña/Catalunya;984.0;2.3;35.38;30-60 km;1.89;1.55
46229;Siete Aguas;REQUENA-UTIEL;València/Valencia;Comunitat Valenciana;1279.0;110.59;35.42;30-60 km;1.02;8.11
47222;Villanueva de San Mancio;TIERRA DE CAMPOS;Valladolid;Castilla y León;102.0;15.16;35.45;30-60 km;4.71;14.61
31200;Oteiza;TIERRA ESTELLA;Navarra;Comunidad Foral de Navarra;950.0;47.96;35.48;30-60 km;2.39;0.96
39095;Val de San Vicente;COSTERA;Cantabria;Cantabria;2796.0;51.01;35.52;30-60 km;0.51;0.36
26050;Cirueña;RIOJA ALTA;La Rioja;La Rioja;193.0;12.14;35.6;30-60 km;26.76;7.22
50231;Salillas de Jalón;LA ALMUNIA DE DOÑA GODINA;Zaragoza;Aragón;359.0;2.51;35.61;30-60 km;11.18;6.21
09054;Bozoó;BUREBA-EBRO;Burgos;Castilla y León;102.0;33.22;35.64;30-60 km;2.04;2.0
39057;Ramales de la Victoria;ASON;Cantabria;Cantabria;3061.0;32.49;35.64;30-60 km;0.73;5.48
43142;Sarral;CONCA DE BARBERA;Tarragona;Cataluña/Catalunya;1583.0;52.37;35.7;30-60 km;0.32;2.19
25192;Sant Guim de Freixenet;SEGARRA;Lleida;Cataluña/Catalunya;1222.0;25.22;35.74;30-60 km;1.83;15.39
26072;Herce;RIOJA BAJA;La Rioja;La Rioja;338.0;17.2;35.8;30-60 km;0.61;1.81
50150;Lumpiaque;LA ALMUNIA DE DOÑA GODINA;Zaragoza;Aragón;862.0;29.54;35.8;30-60 km;1.09;3.11
22094;Chalamera;BAJO CINCA;Huesca;Aragón;131.0;11.51;35.84;30-60 km;5.56;14.91
21073;Villablanca;ANDEVALO OCCIDENTAL;Huelva;Andalucía;2979.0;98.58;35.85;30-60 km;2.54;2.34
45092;Marjaliza;MONTE DE LOS YEBENES;Toledo;Castilla-La Mancha;264.0;65.75;35.89;30-60 km;3.14;0.38
04050;Gérgal;RIO NACIMIENTO;Almería;Andalucía;1191.0;229.31;35.91;30-60 km;7.37;7.59
08280;Tavertet;OSONA;Barcelona;Cataluña/Catalunya;131.0;32.93;35.93;30-60 km;1.8;15.93
08247;Santa Eulàlia de Riuprimer;OSONA;Barcelona;Cataluña/Catalunya;1487.0;13.95;35.99;30-60 km;7.64;5.54
01055;Valdegovía/Gaubea;MERINDADES;Araba/Álava;País Vasco/Euskadi;1072.0;238.04;36.01;30-60 km;5.85;2.19
45158;Santa Olalla;TORRIJOS;Toledo;Castilla-La Mancha;3502.0;72.58;36.08;30-60 km;5.41;3.27
50114;Fuendetodos;ZARAGOZA;Zaragoza;Aragón;145.0;62.2;36.18;30-60 km;17.36;2.11
22205;San Esteban de Litera;LA LITERA;Huesca;Aragón;641.0;71.98;36.21;30-60 km;12.65;12.46
19176;Mazuecos;CAMPIÑA;Guadalajara;Castilla-La Mancha;282.0;23.76;36.36;30-60 km;5.06;4.44
17196;Terrades;ALT EMPORDA;Girona;Cataluña/Catalunya;345.0;20.87;36.4;30-60 km;6.37;3.29
04073;Paterna del Río;ALTO ANDARAX;Almería;Andalucía;396.0;45.44;36.52;30-60 km;6.91;2.33
09280;Quintanabureba;BUREBA-EBRO;Burgos;Castilla y León;31.0;12.35;36.62;30-60 km;25.0;3.33
22007;Albalate de Cinca;BAJO CINCA;Huesca;Aragón;1142.0;44.27;36.7;30-60 km;2.09;1.51
22060;Binaced;LA LITERA;Huesca;Aragón;1601.0;78.56;36.79;30-60 km;2.7;0.25
20038;Gabiria;GOIERRI;Gipuzkoa;País Vasco/Euskadi;516.0;14.87;36.84;30-60 km;2.87;2.79
28124;Robledillo de la Jara;LOZOYA SOMOSIERRA;Madrid;Comunidad de Madrid;131.0;21.02;36.88;30-60 km;11.49;35.05
08037;Calldetenes;OSONA;Barcelona;Cataluña/Catalunya;2690.0;5.74;37.0;30-60 km;0.28;7.43
19327;Yebra;CAMPIÑA;Guadalajara;Castilla-La Mancha;498.0;56.44;37.02;30-60 km;4.73;7.1
09148;Grijalba;PISUERGA;Burgos;Castilla y León;112.0;19.74;37.05;30-60 km;11.0;0.9
31011;Allín/Allin;TIERRA ESTELLA;Navarra;Comunidad Foral de Navarra;899.0;41.82;37.09;30-60 km;4.0;1.7
45143;Quismondo;TORRIJOS;Toledo;Castilla-La Mancha;1798.0;15.42;37.1;30-60 km;8.07;10.1
22046;Ballobar;BAJO CINCA;Huesca;Aragón;864.0;127.84;37.15;30-60 km;3.16;1.77
05055;Casillas;VALLE DEL TIETAR;Ávila;Castilla y León;669.0;11.98;37.18;30-60 km;1.41;3.56
45157;Santa Cruz del Retamar;TORRIJOS;Toledo;Castilla-La Mancha;4038.0;129.83;37.19;30-60 km;20.64;13.62
45076;Hormigos;TORRIJOS;Toledo;Castilla-La Mancha;992.0;27.47;37.2;30-60 km;18.53;23.08
18128;Marchal;GUADIX;Granada;Andalucía;425.0;7.8;37.21;30-60 km;1.22;2.66
31041;Ayegui/Aiegi;TIERRA ESTELLA;Navarra;Comunidad Foral de Navarra;2550.0;9.61;37.29;30-60 km;4.25;4.94
08133;Montmaneu;ANOIA;Barcelona;Cataluña/Catalunya;200.0;13.49;37.31;30-60 km;2.6;26.58
47112;Pedrajas de San Esteban;SURESTE;Valladolid;Castilla y León;3406.0;30.7;37.35;30-60 km;0.36;2.16
26122;El Rasillo de Cameros;SIERRA RIOJA MEDIA;La Rioja;La Rioja;153.0;15.84;37.38;30-60 km;4.62;12.5
28027;Buitrago del Lozoya;LOZOYA SOMOSIERRA;Madrid;Comunidad de Madrid;1973.0;25.93;37.39;30-60 km;3.47;1.7
22018;Alcubierre;MONEGROS;Huesca;Aragón;400.0;115.35;37.42;30-60 km;2.48;7.53
28109;Pelayos de la Presa;SUR OCCIDENTAL;Madrid;Comunidad de Madrid;3136.0;7.57;37.45;30-60 km;14.22;10.93
12078;Montán;PALANCIA;Castelló/Castellón;Comunitat Valenciana;421.0;34.11;37.57;30-60 km;1.67;15.34
17207;La Vall d'en Bas;GARROTXA;Girona;Cataluña/Catalunya;3219.0;91.02;37.58;30-60 km;2.84;3.34
07901;Ariany;MALLORCA;Illes Balears;Illes Balears;1018.0;23.28;37.59;30-60 km;4.3;13.49
47162;Tamariz de Campos;TIERRA DE CAMPOS;Valladolid;Castilla y León;84.0;37.77;37.64;30-60 km;23.64;23.53
07041;Petra;MALLORCA;Illes Balears;Illes Balears;3184.0;70.46;37.68;30-60 km;7.19;5.15
28097;Navarredonda y San Mamés;LOZOYA SOMOSIERRA;Madrid;Comunidad de Madrid;151.0;28.47;37.95;30-60 km;15.57;7.09
10201;Valdemorales;CACERES;Cáceres;Extremadura;215.0;9.86;37.96;30-60 km;5.08;3.86
19234;Retiendas;SIERRA;Guadalajara;Castilla-La Mancha;53.0;20.97;38.1;30-60 km;23.81;1.92
28902;Puentes Viejas;LOZOYA SOMOSIERRA;Madrid;Comunidad de Madrid;775.0;58.54;38.23;30-60 km;11.99;7.79
05160;Navalosa;GREDOS;Ávila;Castilla y León;324.0;29.99;38.24;30-60 km;0.31;0.62
05187;Piedralaves;VALLE DEL TIETAR;Ávila;Castilla y León;2150.0;55.2;38.27;30-60 km;3.84;0.66
22186;Pozán de Vero;SOMONTANO;Huesca;Aragón;235.0;14.76;38.3;30-60 km;7.34;0.43
12043;Caudiel;PALANCIA;Castelló/Castellón;Comunitat Valenciana;722.0;62.38;38.36;30-60 km;2.47;8.9
08149;Olost;OSONA;Barcelona;Cataluña/Catalunya;1216.0;29.09;38.39;30-60 km;0.17;2.18
20015;Ataun;GOIERRI;Gipuzkoa;País Vasco/Euskadi;1717.0;58.83;38.43;30-60 km;1.68;1.18
40182;San Martín y Mudrián;CUELLAR;Segovia;Castilla y León;251.0;42.54;38.47;30-60 km;1.67;3.29
43094;Móra la Nova;RIBERA D'EBRE;Tarragona;Cataluña/Catalunya;3314.0;15.66;38.51;30-60 km;1.6;6.22
20070;Segura;GOIERRI;Gipuzkoa;País Vasco/Euskadi;1465.0;9.21;38.52;30-60 km;2.03;0.27
15032;Curtis;INTERIOR;A Coruña;Galicia;4181.0;117.09;38.6;30-60 km;3.11;2.45
22173;Las Peñas de Riglos;HOYA DE HUESCA;Huesca;Aragón;268.0;217.88;38.6;30-60 km;1.59;5.1
19050;Barriopedro;ALCARRIA ALTA;Guadalajara;Castilla-La Mancha;24.0;10.67;38.65;30-60 km;6.25;41.18
08144;Olvan;BERGUEDA;Barcelona;Cataluña/Catalunya;913.0;35.78;38.66;30-60 km;4.42;4.46
50205;Las Pedrosas;EGEA DE LOS CABALLEROS;Zaragoza;Aragón;113.0;18.25;38.67;30-60 km;6.67;17.71
37255;Pizarral;ALBA DE TORMES;Salamanca;Castilla y León;64.0;16.68;38.67;30-60 km;14.89;18.52
18167;Purullena;GUADIX;Granada;Andalucía;2338.0;21.44;38.74;30-60 km;0.35;0.78
24161;Santiago Millas;ASTORGA;León;Castilla y León;359.0;39.72;38.81;30-60 km;2.69;4.66
17132;Peralada;ALT EMPORDA;Girona;Cataluña/Catalunya;2047.0;43.98;38.81;30-60 km;4.12;5.24
08199;Sant Bartomeu del Grau;OSONA;Barcelona;Cataluña/Catalunya;943.0;34.78;38.91;30-60 km;8.69;3.29
31155;Liédena;NAVARRA MEDIA;Navarra;Comunidad Foral de Navarra;351.0;19.27;38.92;30-60 km;8.59;11.08
25176;Preixana;URGELL;Lleida;Cataluña/Catalunya;406.0;21.39;38.93;30-60 km;1.56;3.84
25151;Olius;SOLSONES;Lleida;Cataluña/Catalunya;1003.0;55.04;38.95;30-60 km;0.1;4.26
28020;Berzosa del Lozoya;LOZOYA SOMOSIERRA;Madrid;Comunidad de Madrid;231.0;14.62;38.98;30-60 km;9.09;6.94
11009;Benaocaz;SIERRA DE CADIZ;Cádiz;Andalucía;754.0;69.42;39.02;30-60 km;2.21;8.49
31066;Cárcar;RIBERA ALTA ARAGON;Navarra;Comunidad Foral de Navarra;1140.0;40.42;39.26;30-60 km;7.8;1.79
05002;La Adrada;VALLE DEL TIETAR;Ávila;Castilla y León;2796.0;58.62;39.31;30-60 km;9.54;1.41
12130;Villahermosa del Río;PEÑAGOLOSA;Castelló/Castellón;Comunitat Valenciana;490.0;108.89;39.34;30-60 km;3.03;2.94
43065;Garcia;RIBERA D'EBRE;Tarragona;Cataluña/Catalunya;543.0;52.32;39.34;30-60 km;1.9;1.5
09192;Jurisdicción de San Zadornil;MERINDADES;Burgos;Castilla y León;66.0;30.97;39.5;30-60 km;12.73;6.45
22004;Agüero;HOYA DE HUESCA;Huesca;Aragón;140.0;94.16;39.52;30-60 km;6.92;0.72
46234;Sot de Chera;ALTO TURIA;València/Valencia;Comunitat Valenciana;432.0;38.75;39.52;30-60 km;9.94;11.63
34121;Palenzuela;EL CERRATO;Palencia;Castilla y León;215.0;77.16;39.65;30-60 km;1.42;0.47
25146;Navès;SOLSONES;Lleida;Cataluña/Catalunya;300.0;145.66;39.65;30-60 km;0.69;2.39
31171;Miranda de Arga;RIBERA ALTA ARAGON;Navarra;Comunidad Foral de Navarra;903.0;59.76;39.74;30-60 km;0.24;5.99
17109;Montagut i Oix;GARROTXA;Girona;Cataluña/Catalunya;1000.0;93.88;39.76;30-60 km;5.78;5.15
46179;Navarrés;ENGUERA Y LA CANAL;València/Valencia;Comunitat Valenciana;3055.0;47.05;39.8;30-60 km;0.97;1.7
08254;L'Esquirol;OSONA;Barcelona;Cataluña/Catalunya;2277.0;62.14;39.9;30-60 km;2.66;3.59
09346;Santa Cruz del Valle Urbión;DEMANDA;Burgos;Castilla y León;103.0;33.9;39.91;30-60 km;2.02;1.98
16279;Zarza de Tajo;MANCHA ALTA;Cuenca;Castilla-La Mancha;274.0;45.78;39.94;30-60 km;17.47;1.86
25027;Anglesola;URGELL;Lleida;Cataluña/Catalunya;1367.0;23.72;39.95;30-60 km;2.11;0.81
31130;Iturmendi;NORD OCCIDENTAL;Navarra;Comunidad Foral de Navarra;432.0;9.75;40.0;30-60 km;12.83;0.23
04065;Nacimiento;RIO NACIMIENTO;Almería;Andalucía;501.0;80.7;40.02;30-60 km;5.43;3.3
31209;Romanzado/Erromantzatua;PIRINEOS;Navarra;Comunidad Foral de Navarra;191.0;91.42;40.06;30-60 km;7.47;2.14
34015;Arconada;CAMPOS;Palencia;Castilla y León;44.0;19.43;40.09;30-60 km;2.38;2.33
34101;Marcilla de Campos;CAMPOS;Palencia;Castilla y León;58.0;21.85;40.2;30-60 km;9.76;28.89
21032;Escacena del Campo;CONDADO CAMPIÑA;Huelva;Andalucía;2318.0;135.09;40.26;30-60 km;0.7;1.05
25197;Sant Guim de la Plana;SEGARRA;Lleida;Cataluña/Catalunya;193.0;12.35;40.35;30-60 km;3.95;4.89
12140;Viver;PALANCIA;Castelló/Castellón;Comunitat Valenciana;1680.0;49.94;40.39;30-60 km;8.0;1.14
34149;Requena de Campos;CAMPOS;Palencia;Castilla y León;29.0;13.41;40.43;30-60 km;4.76;31.82
05227;Santa María del Tiétar;VALLE DEL TIETAR;Ávila;Castilla y León;553.0;11.97;40.47;30-60 km;11.01;14.26
28182;Villavieja del Lozoya;LOZOYA SOMOSIERRA;Madrid;Comunidad de Madrid;324.0;23.2;40.59;30-60 km;6.98;17.39
31152;Lerín;RIBERA ALTA ARAGON;Navarra;Comunidad Foral de Navarra;1783.0;98.1;40.69;30-60 km;2.9;0.45
26056;Cuzcurrita de Río Tirón;RIOJA ALTA;La Rioja;La Rioja;549.0;19.17;40.7;30-60 km;6.97;5.17
08275;Tavèrnoles;OSONA;Barcelona;Cataluña/Catalunya;341.0;18.97;40.71;30-60 km;2.81;3.65
40123;Matabuena;SEGOVIA;Segovia;Castilla y León;207.0;21.37;40.76;30-60 km;2.81;13.11
43139;Santa Coloma de Queralt;CONCA DE BARBERA;Tarragona;Cataluña/Catalunya;2800.0;34.15;40.78;30-60 km;0.19;3.63
05066;Cuevas del Valle;VALLE DEL TIETAR;Ávila;Castilla y León;517.0;19.17;40.99;30-60 km;4.68;0.58
19039;Argecilla;ALCARRIA ALTA;Guadalajara;Castilla-La Mancha;72.0;40.67;41.04;30-60 km;7.69;2.86
31191;Olite/Erriberri;NAVARRA MEDIA;Navarra;Comunidad Foral de Navarra;4087.0;84.1;41.11;30-60 km;1.7;2.23
25902;Sant Martí de Riucorb;URGELL;Lleida;Cataluña/Catalunya;673.0;34.9;41.11;30-60 km;0.15;3.7
46206;Quesa;ENGUERA Y LA CANAL;València/Valencia;Comunitat Valenciana;675.0;73.17;41.22;30-60 km;1.06;0.9
08100;Gurb;OSONA;Barcelona;Cataluña/Catalunya;2712.0;51.39;41.23;30-60 km;1.92;0.26
17100;Masarac;ALT EMPORDA;Girona;Cataluña/Catalunya;297.0;12.62;41.31;30-60 km;4.41;4.58
06082;Mengabril;DON BENITO;Badajoz;Extremadura;491.0;43.85;41.32;30-60 km;3.6;0.41
19055;Bujalaro;ALCARRIA ALTA;Guadalajara;Castilla-La Mancha;53.0;22.51;41.39;30-60 km;11.63;10.42
22174;Peralta de Alcofea;MONEGROS;Huesca;Aragón;587.0;116.22;41.42;30-60 km;2.49;1.91
11011;El Bosque;SIERRA DE CADIZ;Cádiz;Andalucía;2249.0;30.76;41.49;30-60 km;2.58;1.17
22090;Colungo;SOMONTANO;Huesca;Aragón;132.0;40.67;41.55;30-60 km;3.51;11.86
43105;Les Piles;CONCA DE BARBERA;Tarragona;Cataluña/Catalunya;229.0;22.64;41.67;30-60 km;3.81;5.05
28064;Gascones;LOZOYA SOMOSIERRA;Madrid;Comunidad de Madrid;239.0;20.16;41.7;30-60 km;1.6;25.13
45008;Aldea en Cabo;TORRIJOS;Toledo;Castilla-La Mancha;205.0;25.45;41.76;30-60 km;10.49;14.53
10165;Santa Ana;TRUJILLO;Cáceres;Extremadura;307.0;35.02;41.84;30-60 km;9.64;12.45
09110;Contreras;DEMANDA;Burgos;Castilla y León;87.0;38.09;42.0;30-60 km;1.25;7.41
12003;Albocàsser;BAJO MAESTRAZGO;Castelló/Castellón;Comunitat Valenciana;1338.0;82.36;42.07;30-60 km;1.54;6.78
40219;Vallelado;CUELLAR;Segovia;Castilla y León;728.0;36.83;42.12;30-60 km;1.99;1.39
25244;Vilagrassa;URGELL;Lleida;Cataluña/Catalunya;633.0;19.72;42.26;30-60 km;15.1;7.84
18027;Benalúa;GUADIX;Granada;Andalucía;3339.0;8.65;42.29;30-60 km;0.12;1.52
16119;Leganiel;ALCARRIA;Cuenca;Castilla-La Mancha;226.0;45.07;42.35;30-60 km;10.58;8.13
09360;San Vicente del Valle;DEMANDA;Burgos;Castilla y León;28.0;13.41;42.36;30-60 km;8.0;3.7
26167;Villalobar de Rioja;RIOJA ALTA;La Rioja;La Rioja;73.0;10.94;42.55;30-60 km;2.99;5.8
43046;Conesa;CONCA DE BARBERA;Tarragona;Cataluña/Catalunya;113.0;29.18;42.55;30-60 km;2.91;6.6
29048;Cuevas del Becerro;NORTE O ANTEQUERA;Málaga;Andalucía;1605.0;16.3;42.6;30-60 km;0.38;0.25
04002;Abrucena;RIO NACIMIENTO;Almería;Andalucía;1235.0;83.61;42.6;30-60 km;5.04;2.24
43125;Riba-roja d'Ebre;RIBERA D'EBRE;Tarragona;Cataluña/Catalunya;1128.0;99.34;42.63;30-60 km;0.45;0.98
45013;Almorox;TORRIJOS;Toledo;Castilla-La Mancha;2472.0;64.49;42.71;30-60 km;7.36;6.64
31015;Andosilla;RIBERA ALTA ARAGON;Navarra;Comunidad Foral de Navarra;2913.0;51.48;42.72;30-60 km;1.36;5.85
43067;Ginestar;RIBERA D'EBRE;Tarragona;Cataluña/Catalunya;794.0;15.63;42.73;30-60 km;3.28;0.89
28138;La Serna del Monte;LOZOYA SOMOSIERRA;Madrid;Comunidad de Madrid;105.0;5.52;42.75;30-60 km;29.73;9.38
09045;Basconcillos del Tozo;PARAMOS;Burgos;Castilla y León;294.0;120.59;42.78;30-60 km;2.46;0.68
40166;Remondo;CUELLAR;Segovia;Castilla y León;316.0;8.47;42.84;30-60 km;0.98;2.6
25905;Ribera d'Ondara;SEGARRA;Lleida;Cataluña/Catalunya;454.0;54.4;42.86;30-60 km;2.13;5.34
12092;Puebla de Arenoso;PALANCIA;Castelló/Castellón;Comunitat Valenciana;174.0;42.54;42.95;30-60 km;9.72;10.13
22051;Bárcabo;SOMONTANO;Huesca;Aragón;122.0;87.99;42.96;30-60 km;0.95;15.09
46038;Andilla;ALTO TURIA;València/Valencia;Comunitat Valenciana;324.0;142.67;43.02;30-60 km;3.96;2.86
09243;Padilla de Arriba;PISUERGA;Burgos;Castilla y León;92.0;23.1;43.05;30-60 km;11.69;6.98
46148;Loriguilla;ALTO TURIA;València/Valencia;Comunitat Valenciana;2186.0;72.42;43.08;30-60 km;2.17;7.84
17106;Mollet de Peralada;ALT EMPORDA;Girona;Cataluña/Catalunya;215.0;6.08;43.1;30-60 km;3.68;9.14
47228;Villaverde de Medina;SUR;Valladolid;Castilla y León;529.0;58.18;43.3;30-60 km;0.78;2.12
22252;Yebra de Basa;JACETANIA;Huesca;Aragón;160.0;90.92;43.36;30-60 km;3.4;5.26
17120;Palau-saverdera;ALT EMPORDA;Girona;Cataluña/Catalunya;1503.0;16.61;43.39;30-60 km;3.54;0.87
19152;Illana;CAMPIÑA;Guadalajara;Castilla-La Mancha;919.0;70.27;43.41;30-60 km;18.65;18.43
28037;Cenicientos;SUR OCCIDENTAL;Madrid;Comunidad de Madrid;2148.0;68.25;43.43;30-60 km;5.2;3.12
08233;Sant Pere de Torelló;OSONA;Barcelona;Cataluña/Catalunya;2592.0;55.22;43.43;30-60 km;2.85;4.18
17042;Capmany;ALT EMPORDA;Girona;Cataluña/Catalunya;693.0;26.46;43.47;30-60 km;0.82;12.14
04036;Chercos;ALTO ALMAZORA;Almería;Andalucía;303.0;13.55;43.51;30-60 km;1.77;5.21
50073;Cariñena;LA ALMUNIA DE DOÑA GODINA;Zaragoza;Aragón;3456.0;82.49;43.53;30-60 km;2.87;2.55
17149;Riudaura;GARROTXA;Girona;Cataluña/Catalunya;529.0;23.63;43.54;30-60 km;10.61;3.52
21047;Manzanilla;CONDADO CAMPIÑA;Huelva;Andalucía;2216.0;39.7;43.58;30-60 km;3.51;2.97
50225;Ricla;LA ALMUNIA DE DOÑA GODINA;Zaragoza;Aragón;2949.0;90.86;43.59;30-60 km;3.8;0.92
19262;Tamajón;SIERRA;Guadalajara;Castilla-La Mancha;154.0;116.18;43.59;30-60 km;18.7;5.48
17208;La Vall de Bianya;GARROTXA;Girona;Cataluña/Catalunya;1350.0;94.08;43.6;30-60 km;2.26;2.66
04034;Cóbdar;ALTO ALMAZORA;Almería;Andalucía;190.0;31.98;43.7;30-60 km;18.88;11.76
46141;Higueruelas;ALTO TURIA;València/Valencia;Comunitat Valenciana;534.0;18.99;43.74;30-60 km;3.15;1.91
16032;Belinchón;MANCHA ALTA;Cuenca;Castilla-La Mancha;437.0;80.24;43.79;30-60 km;12.5;18.43
19245;Sacedón;ALCARRIA BAJA;Guadalajara;Castilla-La Mancha;1595.0;111.23;43.85;30-60 km;0.72;4.25
12114;Torás;PALANCIA;Castelló/Castellón;Comunitat Valenciana;268.0;16.79;43.87;30-60 km;7.86;8.5
46071;Bicorp;ENGUERA Y LA CANAL;València/Valencia;Comunitat Valenciana;560.0;136.51;44.0;30-60 km;0.57;6.26
42209;Villar del Río;TIERRAS ALTAS Y VALLE DEL TERA;Soria;Castilla y León;156.0;126.94;44.01;30-60 km;6.21;1.3
04093;Turre;BAJO ALMAZORA;Almería;Andalucía;4209.0;107.89;44.04;30-60 km;15.01;8.14
41083;El Ronquillo;LA SIERRA NORTE;Sevilla;Andalucía;1439.0;76.58;44.17;30-60 km;5.22;0.56
17077;Garriguella;ALT EMPORDA;Girona;Cataluña/Catalunya;967.0;21.22;44.17;30-60 km;8.21;6.38
09422;La Vid de Bureba;BUREBA-EBRO;Burgos;Castilla y León;24.0;9.74;44.18;30-60 km;11.76;26.32
28031;Cadalso de los Vidrios;SUR OCCIDENTAL;Madrid;Comunidad de Madrid;3228.0;47.86;44.24;30-60 km;5.05;0.78
16131;Monteagudo de las Salinas;SERRANIA MEDIA;Cuenca;Castilla-La Mancha;124.0;131.78;44.38;30-60 km;8.18;4.2
28078;Madarcos;LOZOYA SOMOSIERRA;Madrid;Comunidad de Madrid;70.0;8.55;44.39;30-60 km;21.28;22.81
26120;Quel;RIOJA BAJA;La Rioja;La Rioja;2139.0;54.74;44.45;30-60 km;2.07;3.13
28024;Braojos;LOZOYA SOMOSIERRA;Madrid;Comunidad de Madrid;219.0;24.93;44.52;30-60 km;6.34;0.46
45061;Escalona;TORRIJOS;Toledo;Castilla-La Mancha;3801.0;73.12;44.63;30-60 km;7.56;10.46
17223;Vilajuïga;ALT EMPORDA;Girona;Cataluña/Catalunya;1179.0;13.3;44.65;30-60 km;1.08;4.89
09356;Santibáñez del Val;ARLANZA;Burgos;Castilla y León;70.0;14.95;44.88;30-60 km;20.0;29.63
44198;Royuela;SERRANIA DE ALBARRACIN;Teruel;Aragón;225.0;32.49;44.88;30-60 km;2.91;6.13
04001;Abla;RIO NACIMIENTO;Almería;Andalucía;1272.0;45.21;44.91;30-60 km;1.86;1.11
50109;El Frago;EGEA DE LOS CABALLEROS;Zaragoza;Aragón;134.0;33.76;44.96;30-60 km;16.16;16.52
22040;Azanuy-Alins;LA LITERA;Huesca;Aragón;183.0;51.23;44.98;30-60 km;0.57;3.39
04103;Zurgena;ALTO ALMAZORA;Almería;Andalucía;2990.0;71.63;44.99;30-60 km;0.07;3.28
40120;Martín Muñoz de la Dehesa;CUELLAR;Segovia;Castilla y León;307.0;17.66;45.03;30-60 km;9.91;25.82
28118;Puebla de la Sierra;LOZOYA SOMOSIERRA;Madrid;Comunidad de Madrid;93.0;56.67;45.14;30-60 km;25.0;24.0
19211;Pareja;ALCARRIA BAJA;Guadalajara;Castilla-La Mancha;477.0;91.53;45.23;30-60 km;16.97;4.84
22077;Candasnos;BAJO CINCA;Huesca;Aragón;422.0;122.54;45.26;30-60 km;26.81;4.98
37125;Escurial de la Sierra;LA SIERRA;Salamanca;Castilla y León;244.0;20.99;45.28;30-60 km;2.55;1.24
17102;Maçanet de Cabrenys;ALT EMPORDA;Girona;Cataluña/Catalunya;772.0;68.1;45.29;30-60 km;7.05;5.9
09179;Iglesiarrubia;ARLANZA;Burgos;Castilla y León;45.0;15.01;45.31;30-60 km;4.88;4.65
50100;Erla;EGEA DE LOS CABALLEROS;Zaragoza;Aragón;371.0;18.95;45.36;30-60 km;3.19;4.21
09220;Miraveche;BUREBA-EBRO;Burgos;Castilla y León;95.0;22.69;45.39;30-60 km;19.72;11.76
10028;Berrocalejo;NAVALMORAL DE LA MATA;Cáceres;Extremadura;124.0;15.84;45.44;30-60 km;12.09;21.57
09215;Merindad de Sotoscueva;MERINDADES;Burgos;Castilla y León;412.0;153.24;45.49;30-60 km;1.74;0.73
09378;Tejada;ARLANZA;Burgos;Castilla y León;35.0;22.73;45.57;30-60 km;17.24;2.94
22022;Almunia de San Juan;LA LITERA;Huesca;Aragón;708.0;35.69;45.61;30-60 km;5.35;2.76
34211;Villaherreros;CAMPOS;Palencia;Castilla y León;209.0;40.77;45.63;30-60 km;5.18;2.96
04022;Bédar;BAJO ALMAZORA;Almería;Andalucía;976.0;46.69;45.67;30-60 km;5.07;0.21
12133;Villanueva de Viver;PALANCIA;Castelló/Castellón;Comunitat Valenciana;98.0;5.87;45.7;30-60 km;24.24;19.51
12022;Bejís;PALANCIA;Castelló/Castellón;Comunitat Valenciana;400.0;42.36;45.7;30-60 km;4.56;2.56
04056;Laroya;ALTO ALMAZORA;Almería;Andalucía;209.0;21.7;45.71;30-60 km;16.57;6.09
31104;Falces;RIBERA ALTA ARAGON;Navarra;Comunidad Foral de Navarra;2353.0;115.31;45.78;30-60 km;0.43;1.6
08201;Sant Boi de Lluçanès;OSONA;Barcelona;Cataluña/Catalunya;575.0;20.13;46.23;30-60 km;7.71;0.35
50105;Fayón;CASPE;Zaragoza;Aragón;430.0;67.27;46.29;30-60 km;7.91;12.57
41073;El Pedroso;LA SIERRA NORTE;Sevilla;Andalucía;2074.0;314.33;46.3;30-60 km;0.05;1.77
16019;Altarejos;MANCHA ALTA;Cuenca;Castilla-La Mancha;204.0;91.25;46.34;30-60 km;2.56;2.0
50010;Alberite de San Juan;BORJA;Zaragoza;Aragón;84.0;11.23;46.48;30-60 km;6.94;9.09
09361;Sargentes de la Lora;PARAMOS;Burgos;Castilla y León;133.0;86.15;46.58;30-60 km;0.88;15.65
08268;Cercs;BERGUEDA;Barcelona;Cataluña/Catalunya;1193.0;47.24;46.64;30-60 km;3.3;0.25
17001;Agullana;ALT EMPORDA;Girona;Cataluña/Catalunya;909.0;27.73;46.88;30-60 km;5.23;2.71
17014;La Vajol;ALT EMPORDA;Girona;Cataluña/Catalunya;96.0;4.79;46.93;30-60 km;3.53;9.09
04048;Los Gallardos;BAJO ALMAZORA;Almería;Andalucía;3071.0;34.88;46.95;30-60 km;7.14;2.26
17188;La Selva de Mar;ALT EMPORDA;Girona;Cataluña/Catalunya;220.0;7.2;47.09;30-60 km;13.37;3.77
08215;Sant Hipòlit de Voltregà;OSONA;Barcelona;Cataluña/Catalunya;3687.0;0.9;47.1;30-60 km;2.07;3.95
24004;Almanza;TIERRAS DE LEON;León;Castilla y León;609.0;141.97;47.36;30-60 km;6.81;2.18
08117;Les Masies de Voltregà;OSONA;Barcelona;Cataluña/Catalunya;3292.0;22.22;47.42;30-60 km;1.73;3.59
47199;Villacid de Campos;TIERRA DE CAMPOS;Valladolid;Castilla y León;82.0;24.08;47.46;30-60 km;9.46;1.23
08195;Sant Agustí de Lluçanès;OSONA;Barcelona;Cataluña/Catalunya;108.0;13.65;47.52;30-60 km;5.75;17.39
49259;Villanueva de las Peras;BENAVENTE Y LOS VALLES;Zamora;Castilla y León;89.0;16.98;47.63;30-60 km;1.3;14.1
31198;Oronz/Orontze;PIRINEOS;Navarra;Comunidad Foral de Navarra;51.0;11.54;47.7;30-60 km;2.08;4.08
25907;Torrefeta i Florejacs;SEGARRA;Lleida;Cataluña/Catalunya;605.0;88.92;47.76;30-60 km;2.03;0.5
44193;Puertomingalvo;MAESTRAZGO;Teruel;Aragón;141.0;103.7;47.82;30-60 km;11.61;12.8
09330;Salas de los Infantes;DEMANDA;Burgos;Castilla y León;1984.0;31.3;47.85;30-60 km;1.28;0.2
22066;Boltaña;SOBRARBE;Huesca;Aragón;1102.0;139.55;47.87;30-60 km;8.01;3.47
40179;Sanchonuño;CUELLAR;Segovia;Castilla y León;1027.0;29.25;47.92;30-60 km;5.38;4.8
46079;Calles;ALTO TURIA;València/Valencia;Comunitat Valenciana;447.0;64.92;47.93;30-60 km;7.6;21.47
19006;Albalate de Zorita;CAMPIÑA;Guadalajara;Castilla-La Mancha;1146.0;53.28;47.97;30-60 km;17.65;6.11
24125;Quintana y Congosto;LA BAÑEZA;León;Castilla y León;416.0;88.59;48.06;30-60 km;16.1;1.22
08265;Sant Vicenç de Torelló;OSONA;Barcelona;Cataluña/Catalunya;2092.0;6.62;48.17;30-60 km;3.13;0.72
28070;Horcajo de la Sierra-Aoslos;LOZOYA SOMOSIERRA;Madrid;Comunidad de Madrid;233.0;21.2;48.18;30-60 km;14.86;37.06
50208;Pina de Ebro;ZARAGOZA;Zaragoza;Aragón;2446.0;309.28;48.29;30-60 km;0.72;2.34
44113;Fuentes de Rubielos;MAESTRAZGO;Teruel;Aragón;156.0;38.92;48.45;30-60 km;35.09;1.3
16110;Huerta de la Obispalía;MANCHA ALTA;Cuenca;Castilla-La Mancha;130.0;41.85;48.54;30-60 km;1.61;3.17
44171;Olba;HOYA DE TERUEL;Teruel;Aragón;294.0;20.99;48.67;30-60 km;16.81;11.36
26021;Autol;RIOJA BAJA;La Rioja;La Rioja;4875.0;85.23;48.74;30-60 km;5.21;3.68
18114;La Calahorra;GUADIX;Granada;Andalucía;681.0;39.42;48.89;30-60 km;0.45;2.56
12020;Barracas;PALANCIA;Castelló/Castellón;Comunitat Valenciana;195.0;42.16;49.03;30-60 km;9.47;5.41
37155;Guijo de Ávila;ALBA DE TORMES;Salamanca;Castilla y León;78.0;13.47;49.11;30-60 km;4.41;9.86
22008;Albalatillo;MONEGROS;Huesca;Aragón;211.0;9.15;49.24;30-60 km;3.87;12.23
16066;Casasimarro;MANCHUELA;Cuenca;Castilla-La Mancha;3205.0;49.58;49.24;30-60 km;0.55;3.76
29055;Fuente de Piedra;NORTE O ANTEQUERA;Málaga;Andalucía;2958.0;90.53;49.27;30-60 km;8.46;6.79
38002;Agulo;ISLA DE LA GOMERA;Santa Cruz de Tenerife;Canarias;1108.0;25.01;49.31;30-60 km;3.0;0.82
17140;El Port de la Selva;ALT EMPORDA;Girona;Cataluña/Catalunya;1061.0;41.93;49.31;30-60 km;3.06;5.05
17170;Vallfogona de Ripollès;RIPOLLES;Girona;Cataluña/Catalunya;222.0;39.14;49.32;30-60 km;0.47;4.23
47003;Aguilar de Campos;TIERRA DE CAMPOS;Valladolid;Castilla y León;259.0;49.83;49.34;30-60 km;5.33;0.78
17039;Camprodon;RIPOLLES;Girona;Cataluña/Catalunya;2527.0;104.04;49.36;30-60 km;7.7;3.78
17143;Rabós;ALT EMPORDA;Girona;Cataluña/Catalunya;230.0;45.19;49.42;30-60 km;15.08;11.65
22907;Aínsa-Sobrarbe;SOBRARBE;Huesca;Aragón;2317.0;285.0;49.55;30-60 km;7.48;0.22
04021;Bayarque;ALTO ALMAZORA;Almería;Andalucía;224.0;26.34;49.57;30-60 km;6.31;2.28
22109;Fiscal;SOBRARBE;Huesca;Aragón;379.0;170.17;49.76;30-60 km;5.2;10.17
17032;Cadaqués;ALT EMPORDA;Girona;Cataluña/Catalunya;2918.0;26.76;49.82;30-60 km;2.47;3.48
25193;Sant Llorenç de Morunys;SOLSONES;Lleida;Cataluña/Catalunya;1003.0;4.63;49.89;30-60 km;5.46;1.83
10073;Escurial;TRUJILLO;Cáceres;Extremadura;869.0;100.79;49.9;30-60 km;1.53;0.81
44250;Veguillas de la Sierra;SERRANIA DE ALBARRACIN;Teruel;Aragón;24.0;13.66;49.95;30-60 km;5.0;14.29
08253;Santa Maria de Besora;OSONA;Barcelona;Cataluña/Catalunya;164.0;25.03;50.1;30-60 km;12.59;1.86
50011;Albeta;BORJA;Zaragoza;Aragón;141.0;2.7;50.36;30-60 km;6.06;0.71
28071;Horcajuelo de la Sierra;LOZOYA SOMOSIERRA;Madrid;Comunidad de Madrid;111.0;23.83;50.4;30-60 km;19.1;4.72
16199;Solera de Gabaldón;SERRANIA MEDIA;Cuenca;Castilla-La Mancha;33.0;50.46;50.4;30-60 km;17.39;22.22
44019;Alobras;SERRANIA DE ALBARRACIN;Teruel;Aragón;69.0;30.71;50.51;30-60 km;4.84;6.15
10209;Villamesías;TRUJILLO;Cáceres;Extremadura;275.0;46.5;50.75;30-60 km;1.15;4.56
02068;Robledo;SIERRA ALCARAZ;Albacete;Castilla-La Mancha;393.0;120.0;50.78;30-60 km;7.71;0.51
50139;Letux;ZARAGOZA;Zaragoza;Aragón;356.0;30.15;50.87;30-60 km;0.29;3.79
17086;La Jonquera;ALT EMPORDA;Girona;Cataluña/Catalunya;3408.0;57.69;50.96;30-60 km;3.31;2.04
08150;Orís;OSONA;Barcelona;Cataluña/Catalunya;350.0;27.14;50.99;30-60 km;9.35;3.24
37301;Sardón de los Frailes;LEDESMA;Salamanca;Castilla y León;101.0;32.5;51.0;30-60 km;8.79;2.02
28069;La Hiruela;LOZOYA SOMOSIERRA;Madrid;Comunidad de Madrid;83.0;17.16;51.25;30-60 km;50.0;15.28
19208;Pálmaces de Jadraque;SIERRA;Guadalajara;Castilla-La Mancha;46.0;29.39;51.44;30-60 km;7.32;4.55
28088;Montejo de la Sierra;LOZOYA SOMOSIERRA;Madrid;Comunidad de Madrid;374.0;32.19;51.46;30-60 km;0.55;2.47
08272;Sora;OSONA;Barcelona;Cataluña/Catalunya;219.0;30.98;51.56;30-60 km;2.93;3.79
34003;Abia de las Torres;CAMPOS;Palencia;Castilla y León;170.0;27.15;51.66;30-60 km;1.83;1.8
50007;Aladrén;DAROCA;Zaragoza;Aragón;62.0;21.05;51.74;30-60 km;11.54;6.9
49257;Villanueva de Azoague;BENAVENTE Y LOS VALLES;Zamora;Castilla y León;381.0;19.19;51.77;30-60 km;7.14;5.83
16191;San Lorenzo de la Parrilla;MANCHA ALTA;Cuenca;Castilla-La Mancha;1134.0;59.85;51.99;30-60 km;1.15;7.79
19197;Las Navas de Jadraque;SIERRA;Guadalajara;Castilla-La Mancha;38.0;9.02;52.02;30-60 km;10.71;22.58
43906;L'Ampolla;BAIX EBRE;Tarragona;Cataluña/Catalunya;3681.0;35.63;52.03;30-60 km;5.0;6.88
41057;El Madroño;LA SIERRA NORTE;Sevilla;Andalucía;305.0;103.07;52.03;30-60 km;6.38;1.67
38003;Alajeró;ISLA DE LA GOMERA;Santa Cruz de Tenerife;Canarias;2071.0;49.63;52.08;30-60 km;2.04;1.17
26061;Ezcaray;SIERRA RIOJA ALTA;La Rioja;La Rioja;2098.0;142.73;52.12;30-60 km;2.42;1.06
17167;Sant Joan de les Abadesses;RIPOLLES;Girona;Cataluña/Catalunya;3375.0;53.93;52.18;30-60 km;0.81;3.85
28126;Robregordo;LOZOYA SOMOSIERRA;Madrid;Comunidad de Madrid;73.0;18.34;52.29;30-60 km;47.92;2.82
43110;La Pobla de Massaluca;TERRA ALTA;Tarragona;Cataluña/Catalunya;344.0;43.15;52.44;30-60 km;3.96;0.88
31178;Murillo el Cuende;RIBERA ALTA ARAGON;Navarra;Comunidad Foral de Navarra;712.0;58.69;52.49;30-60 km;4.18;5.79
04016;Antas;BAJO ALMAZORA;Almería;Andalucía;3450.0;99.68;52.49;30-60 km;5.87;2.83
41052;Lantejuela;LA CAMPIÑA;Sevilla;Andalucía;3861.0;17.75;52.51;30-60 km;0.57;0.13
19291;Trillo;ALCARRIA BAJA;Guadalajara;Castilla-La Mancha;1396.0;161.47;52.55;30-60 km;3.34;2.42
37284;San Esteban de la Sierra;LA SIERRA;Salamanca;Castilla y León;372.0;20.84;52.57;30-60 km;2.88;4.2
05038;Bonilla de la Sierra;BARCO AVILA-PIEDRAHITA;Ávila;Castilla y León;163.0;55.06;52.67;30-60 km;9.17;24.43
47011;Ataquines;SUR;Valladolid;Castilla y León;573.0;42.59;52.77;30-60 km;2.73;1.6
31163;Marcilla;RIBERA ALTA ARAGON;Navarra;Comunidad Foral de Navarra;2921.0;21.69;52.86;30-60 km;0.14;1.92
16162;Portalrubio de Guadamejud;ALCARRIA;Cuenca;Castilla-La Mancha;42.0;20.96;52.94;30-60 km;29.63;20.0
19184;Millana;ALCARRIA BAJA;Guadalajara;Castilla-La Mancha;124.0;27.78;53.0;30-60 km;5.88;14.81
10140;Peraleda de la Mata;NAVALMORAL DE LA MATA;Cáceres;Extremadura;1431.0;91.93;53.03;30-60 km;0.79;2.14
46106;Chelva;ALTO TURIA;València/Valencia;Comunitat Valenciana;1677.0;190.37;53.07;30-60 km;5.67;5.94
40186;Santa Marta del Cerro;SEGOVIA;Segovia;Castilla y León;49.0;14.84;53.29;30-60 km;2.56;22.5
16275;Vindel;ALCARRIA;Cuenca;Castilla-La Mancha;16.0;25.23;53.45;30-60 km;10.0;45.45
14003;Alcaracejos;PEDROCHES;Córdoba;Andalucía;1501.0;175.86;53.45;30-60 km;0.54;1.35
50133;Lagata;ZARAGOZA;Zaragoza;Aragón;115.0;23.65;53.51;30-60 km;2.7;0.88
16108;Huelves;MANCHA ALTA;Cuenca;Castilla-La Mancha;88.0;39.3;53.57;30-60 km;64.71;4.76
25250;Vilanova de Meià;NOGUERA;Lleida;Cataluña/Catalunya;466.0;105.4;53.6;30-60 km;8.1;9.13
04031;Cantoria;ALTO ALMAZORA;Almería;Andalucía;3569.0;78.9;53.65;30-60 km;9.88;0.62
22103;Estadilla;SOMONTANO;Huesca;Aragón;822.0;50.54;53.67;30-60 km;1.13;2.37
41901;Cañada Rosal;LA CAMPIÑA;Sevilla;Andalucía;3410.0;25.83;53.71;30-60 km;1.21;1.88
08131;Montesquiu;OSONA;Barcelona;Cataluña/Catalunya;1099.0;4.87;53.85;30-60 km;8.26;4.87
08293;Vallcebre;BERGUEDA;Barcelona;Cataluña/Catalunya;271.0;28.15;54.03;30-60 km;4.88;5.04
09033;Bahabón de Esgueva;ARLANZA;Burgos;Castilla y León;84.0;21.37;54.13;30-60 km;9.59;5.0
50156;Maleján;BORJA;Zaragoza;Aragón;279.0;0.08;54.19;30-60 km;0.39;7.31
49169;Quintanilla del Olmo;CAMPOS-PAN;Zamora;Castilla y León;45.0;12.71;54.26;30-60 km;10.53;7.14
19232;El Recuenco;ALCARRIA BAJA;Guadalajara;Castilla-La Mancha;64.0;75.12;54.32;30-60 km;3.33;3.23
22069;Broto;SOBRARBE;Huesca;Aragón;608.0;128.12;54.32;30-60 km;6.21;7.8
31057;Buñuel;RIBERA BAJA;Navarra;Comunidad Foral de Navarra;2315.0;36.36;54.36;30-60 km;0.67;3.44
26070;Grávalos;RIOJA BAJA;La Rioja;La Rioja;185.0;30.98;54.37;30-60 km;1.68;1.65
43149;Tivenys;BAIX EBRE;Tarragona;Cataluña/Catalunya;936.0;53.62;54.38;30-60 km;2.04;4.0
02024;Casas-Ibáñez;MANCHUELA;Albacete;Castilla-La Mancha;4591.0;103.21;54.42;30-60 km;0.4;1.12
50189;Nonaspe;CASPE;Zaragoza;Aragón;1012.0;111.65;54.48;30-60 km;3.74;1.4
16062;Casas de Garcimolina;SERRANIA BAJA;Cuenca;Castilla-La Mancha;30.0;38.67;54.5;30-60 km;7.41;3.45
25163;La Coma i la Pedra;SOLSONES;Lleida;Cataluña/Catalunya;282.0;61.0;54.51;30-60 km;4.53;1.81
31065;Caparroso;RIBERA ALTA ARAGON;Navarra;Comunidad Foral de Navarra;2861.0;80.78;54.52;30-60 km;3.03;2.77
04008;Alcóntar;ALTO ALMAZORA;Almería;Andalucía;557.0;93.83;54.63;30-60 km;2.65;2.77
19017;Algora;ALCARRIA ALTA;Guadalajara;Castilla-La Mancha;96.0;46.91;54.73;30-60 km;6.49;17.07
04044;Fines;ALTO ALMAZORA;Almería;Andalucía;2286.0;23.11;54.75;30-60 km;8.43;5.83
04083;Serón;ALTO ALMAZORA;Almería;Andalucía;2133.0;166.16;54.81;30-60 km;0.2;4.61
16098;El Herrumblar;MANCHUELA;Cuenca;Castilla-La Mancha;785.0;46.08;54.95;30-60 km;1.77;13.77
47170;Torre de Peñafiel;SURESTE;Valladolid;Castilla y León;57.0;30.16;54.97;30-60 km;7.14;26.67
38050;Vallehermoso;ISLA DE LA GOMERA;Santa Cruz de Tenerife;Canarias;2954.0;108.59;55.05;30-60 km;3.11;1.27
28143;Somosierra;LOZOYA SOMOSIERRA;Madrid;Comunidad de Madrid;95.0;20.4;55.09;30-60 km;8.75;9.2
49252;Villamayor de Campos;CAMPOS-PAN;Zamora;Castilla y León;339.0;26.33;55.3;30-60 km;1.23;3.35
22172;Peñalba;BAJO CINCA;Huesca;Aragón;695.0;156.81;55.45;30-60 km;11.25;0.43
19146;La Huerce;SIERRA;Guadalajara;Castilla-La Mancha;55.0;41.01;55.5;30-60 km;18.18;5.77
15028;Corcubión;OCCIDENTAL;A Coruña;Galicia;1678.0;6.46;55.79;30-60 km;1.77;4.48
22229;Tolva;RIBARGORZA;Huesca;Aragón;132.0;59.04;55.97;30-60 km;2.44;4.76
17107;Molló;RIPOLLES;Girona;Cataluña/Catalunya;374.0;43.35;55.98;30-60 km;5.79;7.78
26125;Rincón de Soto;RIOJA BAJA;La Rioja;La Rioja;4024.0;19.73;56.05;30-60 km;4.78;3.18
44010;Albentosa;HOYA DE TERUEL;Teruel;Aragón;299.0;67.86;56.1;30-60 km;14.4;1.7
05134;Moraleja de Matacabras;AREVALO-MADRIGAL;Ávila;Castilla y León;53.0;14.93;56.21;30-60 km;4.0;1.92
41056;La Luisiana;LA CAMPIÑA;Sevilla;Andalucía;4626.0;42.98;56.28;30-60 km;0.33;0.85
37147;Garcibuey;LA SIERRA;Salamanca;Castilla y León;204.0;12.52;56.44;30-60 km;1.07;7.94
22059;Biescas;JACETANIA;Huesca;Aragón;1609.0;189.17;56.47;30-60 km;4.8;3.81
25904;Castell de Mur;PALLARS JUSSA;Lleida;Cataluña/Catalunya;170.0;62.52;56.52;30-60 km;2.42;0.59
50144;Longás;EGEA DE LOS CABALLEROS;Zaragoza;Aragón;45.0;49.22;56.67;30-60 km;2.86;25.0
27035;Negueira de Muñiz;MONTAÑA;Lugo;Galicia;240.0;72.47;56.73;30-60 km;2.29;7.62
16217;Tribaldos;MANCHA ALTA;Cuenca;Castilla-La Mancha;98.0;21.27;56.81;30-60 km;1.04;1.03
29088;Sierra de Yeguas;NORTE O ANTEQUERA;Málaga;Andalucía;3452.0;85.56;56.86;30-60 km;0.89;1.95
08190;Saldes;BERGUEDA;Barcelona;Cataluña/Catalunya;301.0;67.0;57.05;30-60 km;6.79;6.36
26080;Igea;RIOJA BAJA;La Rioja;La Rioja;649.0;54.21;57.15;30-60 km;3.78;2.85
16113;Iniesta;MANCHUELA;Cuenca;Castilla-La Mancha;4525.0;232.16;57.18;30-60 km;1.3;3.9
50291;Villar de los Navarros;DAROCA;Zaragoza;Aragón;157.0;49.5;57.41;30-60 km;27.45;20.77
02005;Alborea;MANCHUELA;Albacete;Castilla-La Mancha;676.0;71.84;57.45;30-60 km;3.08;0.9
37112;Cristóbal;LA SIERRA;Salamanca;Castilla y León;162.0;22.1;57.55;30-60 km;2.58;1.89
16106;Horcajo de Santiago;MANCHA ALTA;Cuenca;Castilla-La Mancha;3754.0;95.95;57.56;30-60 km;0.54;5.9
22164;Olvena;SOMONTANO;Huesca;Aragón;65.0;15.91;57.63;30-60 km;16.0;12.07
42191;Valdeavellano de Tera;TIERRAS ALTAS Y VALLE DEL TERA;Soria;Castilla y León;218.0;19.45;57.7;30-60 km;5.7;6.86
10150;Portaje;CORIA;Cáceres;Extremadura;380.0;100.7;57.73;30-60 km;2.49;2.43
47033;Canalejas de Peñafiel;SURESTE;Valladolid;Castilla y León;252.0;32.08;57.78;30-60 km;5.7;4.56
37248;Peralejos de Abajo;VITIGUDINO;Salamanca;Castilla y León;171.0;19.71;57.96;30-60 km;8.28;0.59
16240;Vellisca;ALCARRIA;Cuenca;Castilla-La Mancha;125.0;42.95;57.96;30-60 km;12.0;11.61
25172;Ponts;NOGUERA;Lleida;Cataluña/Catalunya;2703.0;31.28;58.03;30-60 km;0.96;2.81
16029;Barchín del Hoyo;SERRANIA MEDIA;Cuenca;Castilla-La Mancha;101.0;65.21;58.1;30-60 km;8.05;7.45
43902;Sant Jaume d'Enveja;MONTSIA;Tarragona;Cataluña/Catalunya;3667.0;59.92;58.38;30-60 km;2.04;3.24
47022;Bocos de Duero;SURESTE;Valladolid;Castilla y León;81.0;6.2;58.42;30-60 km;13.11;17.39
37355;Villanueva del Conde;LA SIERRA;Salamanca;Castilla y León;174.0;13.0;58.43;30-60 km;7.55;1.75
38049;Valle Gran Rey;ISLA DE LA GOMERA;Santa Cruz de Tenerife;Canarias;4854.0;32.22;58.44;30-60 km;3.55;4.54
42159;Rollamienta;TIERRAS ALTAS Y VALLE DEL TERA;Soria;Castilla y León;44.0;18.58;58.58;30-60 km;5.13;7.32
46262;La Yesa;ALTO TURIA;València/Valencia;Comunitat Valenciana;235.0;84.67;58.62;30-60 km;1.32;2.17
21069;Santa Olalla del Cala;SIERRA;Huelva;Andalucía;2061.0;203.16;58.86;30-60 km;1.5;1.33
19064;Canredondo;ALCARRIA ALTA;Guadalajara;Castilla-La Mancha;81.0;63.48;59.03;30-60 km;20.63;6.58
37286;San Martín del Castañar;LA SIERRA;Salamanca;Castilla y León;234.0;15.52;59.1;30-60 km;4.11;2.63
34228;Villanuño de Valdavia;SALDAÑA-VALDAVIA;Palencia;Castilla y León;93.0;31.03;59.16;30-60 km;2.22;1.09
09199;Mambrilla de Castrejón;LA RIBERA;Burgos;Castilla y León;107.0;16.03;59.2;30-60 km;4.0;2.88
40198;Sotillo;SEPULVEDA;Segovia;Castilla y León;30.0;20.32;59.23;30-60 km;16.0;3.45
42082;Estepa de San Juan;TIERRAS ALTAS Y VALLE DEL TERA;Soria;Castilla y León;13.0;10.45;59.23;30-60 km;50.0;44.44
22168;Palo;SOBRARBE;Huesca;Aragón;33.0;14.42;59.41;30-60 km;3.7;17.86
49238;Villabrázaro;BENAVENTE Y LOS VALLES;Zamora;Castilla y León;263.0;23.28;59.44;30-60 km;11.22;15.35
16155;El Peral;MANCHUELA;Cuenca;Castilla-La Mancha;648.0;85.79;59.47;30-60 km;3.6;2.37
50035;Artieda;EGEA DE LOS CABALLEROS;Zaragoza;Aragón;86.0;13.57;59.49;30-60 km;6.85;10.26
19118;Fuembellida;MOLINA DE ARAGON;Guadalajara;Castilla-La Mancha;14.0;26.03;59.5;30-60 km;62.5;7.69
44117;Gea de Albarracín;SERRANIA DE ALBARRACIN;Teruel;Aragón;467.0;57.49;59.62;30-60 km;0.53;23.54
43064;Gandesa;TERRA ALTA;Tarragona;Cataluña/Catalunya;3166.0;71.21;59.67;30-60 km;2.96;2.19
50060;Bulbuente;BORJA;Zaragoza;Aragón;240.0;25.43;59.73;30-60 km;7.37;3.0
10199;Valdehúncar;NAVALMORAL DE LA MATA;Cáceres;Extremadura;186.0;25.95;59.74;30-60 km;0.56;3.91
16270;Villarrubio;MANCHA ALTA;Cuenca;Castilla-La Mancha;213.0;28.18;59.8;30-60 km;2.04;6.5
09464;Villatuelda;LA RIBERA;Burgos;Castilla y León;53.0;15.28;60.0;>60 km;5.0;26.19
22187;La Puebla de Castro;RIBARGORZA;Huesca;Aragón;427.0;29.42;60.11;>60 km;5.11;9.21
50149;Luesma;DAROCA;Zaragoza;Aragón;41.0;29.39;60.16;>60 km;17.65;2.5
31254;Villafranca;RIBERA ALTA ARAGON;Navarra;Comunidad Foral de Navarra;3077.0;46.8;60.39;>60 km;2.32;5.85
08099;Guardiola de Berguedà;BERGUEDA;Barcelona;Cataluña/Catalunya;953.0;61.58;60.48;>60 km;4.74;2.58
08093;Gisclareny;BERGUEDA;Barcelona;Cataluña/Catalunya;30.0;36.62;60.68;>60 km;3.85;11.11
40127;Membibre de la Hoz;SEPULVEDA;Segovia;Castilla y León;43.0;15.67;60.7;>60 km;20.69;22.86
50242;Sediles;CALATAYUD;Zaragoza;Aragón;111.0;11.7;60.89;>60 km;13.68;2.78
44164;Nogueras;SERRANIA DE MONTALBAN;Teruel;Aragón;32.0;18.85;61.03;>60 km;12.0;14.29
39015;Camaleño;LIEBANA;Cantabria;Cantabria;969.0;161.84;61.15;>60 km;1.06;1.36
19096;Condemios de Arriba;SIERRA;Guadalajara;Castilla-La Mancha;113.0;43.08;61.22;>60 km;5.71;1.8
50154;Mainar;DAROCA;Zaragoza;Aragón;171.0;34.01;61.27;>60 km;7.28;5.56
50250;Talamantes;BORJA;Zaragoza;Aragón;82.0;46.92;61.51;>60 km;1.59;28.12
26161;Valdemadera;SIERRA RIOJA BAJA;La Rioja;La Rioja;12.0;13.92;61.69;>60 km;25.0;20.0
06008;Alconera;ALMENDRALEJO;Badajoz;Extremadura;756.0;32.76;61.69;>60 km;1.92;1.61
43904;L'Aldea;BAIX EBRE;Tarragona;Cataluña/Catalunya;4471.0;30.25;61.82;>60 km;0.56;7.48
16218;Uclés;MANCHA ALTA;Cuenca;Castilla-La Mancha;235.0;64.56;61.92;>60 km;1.35;3.98
34135;Pomar de Valdivia;AGUILAR;Palencia;Castilla y León;490.0;81.22;61.94;>60 km;2.59;3.16
22068;Borau;JACETANIA;Huesca;Aragón;85.0;41.72;62.01;>60 km;3.75;2.41
31169;Milagro;RIBERA ALTA ARAGON;Navarra;Comunidad Foral de Navarra;3639.0;28.56;62.1;>60 km;2.15;4.87
22250;Villanúa;JACETANIA;Huesca;Aragón;571.0;58.21;62.15;>60 km;17.23;8.97
50041;Bagüés;EGEA DE LOS CABALLEROS;Zaragoza;Aragón;17.0;30.72;62.17;>60 km;33.33;6.25
09396;Tubilla del Lago;LA RIBERA;Burgos;Castilla y León;171.0;23.19;62.18;>60 km;4.38;2.4
12034;Càlig;LITORAL NORTE;Castelló/Castellón;Comunitat Valenciana;2048.0;27.5;62.18;>60 km;2.93;2.3
09321;Roa;LA RIBERA;Burgos;Castilla y León;2244.0;48.89;62.3;>60 km;0.5;2.19
42028;Ausejo de la Sierra;TIERRAS ALTAS Y VALLE DEL TERA;Soria;Castilla y León;115.0;20.1;62.3;>60 km;1.11;26.37
41080;El Real de la Jara;LA SIERRA NORTE;Sevilla;Andalucía;1531.0;157.5;62.55;>60 km;0.4;1.19
19034;Anquela del Pedregal;MOLINA DE ARAGON;Guadalajara;Castilla-La Mancha;29.0;38.21;62.57;>60 km;13.04;11.54
37208;Moronta;VITIGUDINO;Salamanca;Castilla y León;76.0;27.73;62.58;>60 km;1.35;1.33
16212;Torrubia del Campo;MANCHA ALTA;Cuenca;Castilla-La Mancha;312.0;53.32;62.61;>60 km;9.34;11.03
44143;Manzanera;HOYA DE TERUEL;Teruel;Aragón;539.0;168.66;62.74;>60 km;1.54;2.28
44191;La Puebla de Híjar;BAJO ARAGON;Teruel;Aragón;934.0;60.8;62.76;>60 km;0.11;2.75
04061;Lúcar;ALTO ALMAZORA;Almería;Andalucía;825.0;100.64;63.03;>60 km;0.78;6.87
21068;Santa Bárbara de Casa;ANDEVALO OCCIDENTAL;Huelva;Andalucía;1128.0;146.96;63.06;>60 km;0.09;6.92
40047;Castro de Fuentidueña;SEPULVEDA;Segovia;Castilla y León;48.0;19.71;63.08;>60 km;62.07;2.13
17036;Campdevànol;RIPOLLES;Girona;Cataluña/Catalunya;3262.0;32.77;63.09;>60 km;0.66;1.15
40013;Aldeasoña;SEPULVEDA;Segovia;Castilla y León;67.0;18.61;63.21;>60 km;8.77;8.06
02082;Villatoya;MANCHUELA;Albacete;Castilla-La Mancha;113.0;18.67;63.24;>60 km;13.68;4.63
05199;San Bartolomé de Béjar;BARCO AVILA-PIEDRAHITA;Ávila;Castilla y León;49.0;16.5;63.3;>60 km;4.76;11.36
37177;El Maíllo;CIUDAD RODRIGO;Salamanca;Castilla y León;282.0;46.31;63.33;>60 km;1.88;4.06
22107;Fanlo;SOBRARBE;Huesca;Aragón;118.0;187.19;63.53;>60 km;6.19;14.56
46247;Tuéjar;ALTO TURIA;València/Valencia;Comunitat Valenciana;1233.0;121.9;63.56;>60 km;2.83;5.93
27005;Barreiros;COSTA;Lugo;Galicia;3030.0;72.75;63.72;>60 km;2.04;0.97
33074;Vegadeo;VEGADEO;Asturias;Principado de Asturias;3930.0;83.4;64.13;>60 km;1.24;0.41
46036;Alpuente;ALTO TURIA;València/Valencia;Comunitat Valenciana;700.0;138.31;64.17;>60 km;3.45;6.22
37212;Navacarros;LA SIERRA;Salamanca;Castilla y León;133.0;8.55;64.23;>60 km;23.47;9.92
22190;El Pueyo de Araguás;SOBRARBE;Huesca;Aragón;171.0;61.89;64.23;>60 km;8.44;2.4
17192;Setcases;RIPOLLES;Girona;Cataluña/Catalunya;191.0;49.1;64.37;>60 km;10.12;3.24
09151;Gumiel de Izán;LA RIBERA;Burgos;Castilla y León;584.0;75.45;64.49;>60 km;1.46;5.04
21036;La Granada de Río-Tinto;ANDEVALO ORIENTAL;Huelva;Andalucía;244.0;44.77;64.51;>60 km;2.98;0.83
31106;Fontellas;RIBERA BAJA;Navarra;Comunidad Foral de Navarra;1022.0;22.25;64.58;>60 km;1.63;2.3
16204;Tébar;MANCHUELA;Cuenca;Castilla-La Mancha;293.0;98.96;64.83;>60 km;4.29;0.34
19202;La Olmeda de Jadraque;SIERRA;Guadalajara;Castilla-La Mancha;19.0;11.7;64.98;>60 km;66.67;26.67
41054;Lora de Estepa;DE ESTEPA;Sevilla;Andalucía;888.0;18.08;65.03;>60 km;1.74;1.49
17145;Ribes de Freser;RIPOLLES;Girona;Cataluña/Catalunya;1847.0;41.74;65.24;>60 km;1.19;3.36
31064;Cadreita;RIBERA ALTA ARAGON;Navarra;Comunidad Foral de Navarra;2197.0;27.26;65.4;>60 km;2.61;7.43
19001;Abánades;ALCARRIA ALTA;Guadalajara;Castilla-La Mancha;60.0;36.06;65.6;>60 km;3.77;9.09
44129;Jatiel;BAJO ARAGON;Teruel;Aragón;49.0;10.85;66.03;>60 km;12.5;8.89
12045;Cinctorres;ALTO MAESTRAZGO;Castelló/Castellón;Comunitat Valenciana;442.0;35.08;66.04;>60 km;1.25;9.41
22230;Torla-Ordesa;SOBRARBE;Huesca;Aragón;335.0;185.42;66.08;>60 km;0.34;12.04
44210;Sarrión;HOYA DE TERUEL;Teruel;Aragón;1216.0;140.28;66.19;>60 km;5.38;1.84
16015;La Almarcha;MANCHA ALTA;Cuenca;Castilla-La Mancha;423.0;64.31;66.24;>60 km;10.4;2.17
37080;Cantagallo;LA SIERRA;Salamanca;Castilla y León;279.0;7.52;66.64;>60 km;2.69;4.49
31249;Valtierra;RIBERA BAJA;Navarra;Comunidad Foral de Navarra;2464.0;50.25;66.65;>60 km;2.78;1.03
17037;Campelles;RIPOLLES;Girona;Cataluña/Catalunya;165.0;18.78;66.98;>60 km;12.03;10.74
44240;Valbona;HOYA DE TERUEL;Teruel;Aragón;192.0;40.72;67.04;>60 km;5.75;4.35
16016;Almendros;MANCHA ALTA;Cuenca;Castilla-La Mancha;238.0;63.06;67.26;>60 km;4.0;1.71
16125;Minglanilla;MANCHUELA;Cuenca;Castilla-La Mancha;2322.0;109.52;67.26;>60 km;1.18;3.8
46241;Titaguas;ALTO TURIA;València/Valencia;Comunitat Valenciana;494.0;63.2;67.36;>60 km;2.4;5.11
31105;Fitero;RIBERA BAJA;Navarra;Comunidad Foral de Navarra;2222.0;43.2;67.41;>60 km;3.17;6.78
19244;Sacecorbo;ALCARRIA ALTA;Guadalajara;Castilla-La Mancha;97.0;72.39;67.6;>60 km;7.06;6.59
46095;Caudete de las Fuentes;REQUENA-UTIEL;València/Valencia;Comunitat Valenciana;720.0;34.59;67.68;>60 km;0.72;2.71
25139;Montellà i Martinet;CERDANYA;Lleida;Cataluña/Catalunya;620.0;55.2;67.74;>60 km;7.58;4.03
16130;Montalbo;MANCHA ALTA;Cuenca;Castilla-La Mancha;705.0;73.91;67.97;>60 km;7.03;5.22
10042;Campillo de Deleitosa;NAVALMORAL DE LA MATA;Cáceres;Extremadura;84.0;25.61;68.12;>60 km;25.81;7.69
42094;Garray;SORIA;Soria;Castilla y León;785.0;76.18;68.5;>60 km;1.9;4.67
50157;Malón;BORJA;Zaragoza;Aragón;442.0;5.66;68.58;>60 km;14.86;19.14
34185;Triollo;CERVERA;Palencia;Castilla y León;74.0;63.27;68.63;>60 km;10.94;4.23
50281;Vierlas;BORJA;Zaragoza;Aragón;90.0;2.67;68.72;>60 km;12.16;8.43
42042;Buitrago;CAMPO DE GOMARA;Soria;Castilla y León;74.0;5.14;68.89;>60 km;22.03;2.78
09152;Gumiel de Mercado;LA RIBERA;Burgos;Castilla y León;380.0;57.67;68.9;>60 km;20.65;1.6
50227;Romanos;DAROCA;Zaragoza;Aragón;145.0;19.53;68.97;>60 km;10.92;9.85
19061;Campisábalos;SIERRA;Guadalajara;Castilla-La Mancha;80.0;53.97;69.04;>60 km;26.92;21.21
31048;Barillas;RIBERA BAJA;Navarra;Comunidad Foral de Navarra;238.0;2.9;69.07;>60 km;7.76;0.85
12099;Sant Jordi/San Jorge;LITORAL NORTE;Castelló/Castellón;Comunitat Valenciana;1381.0;36.54;69.09;>60 km;13.69;29.92
44012;Alcalá de la Selva;MAESTRAZGO;Teruel;Aragón;378.0;104.97;69.11;>60 km;1.44;7.39
43078;Masdenverge;MONTSIA;Tarragona;Cataluña/Catalunya;1149.0;14.66;69.32;>60 km;4.03;3.61
50122;Grisel;BORJA;Zaragoza;Aragón;96.0;14.5;69.36;>60 km;23.88;15.66
22170;Panticosa;JACETANIA;Huesca;Aragón;909.0;96.06;69.42;>60 km;8.02;7.07
17201;Toses;RIPOLLES;Girona;Cataluña/Catalunya;191.0;57.91;69.55;>60 km;7.88;7.3
22078;Canfranc;JACETANIA;Huesca;Aragón;612.0;71.64;69.63;>60 km;12.59;2.17
44088;La Cuba;MAESTRAZGO;Teruel;Aragón;50.0;6.52;69.65;>60 km;2.44;19.05
50152;Maella;CASPE;Zaragoza;Aragón;2089.0;174.93;69.93;>60 km;2.74;1.31
40097;Grajera;SEPULVEDA;Segovia;Castilla y León;256.0;12.68;69.96;>60 km;9.87;4.49
44007;Alba;CUENCA DEL JILOCA;Teruel;Aragón;187.0;69.51;70.12;>60 km;3.37;1.63
44152;Monforte de Moyuela;SERRANIA DE MONTALBAN;Teruel;Aragón;75.0;47.66;70.14;>60 km;9.23;5.63
16174;Puebla del Salvador;MANCHUELA;Cuenca;Castilla-La Mancha;197.0;48.07;70.22;>60 km;1.09;6.49
17006;Alp;CERDANYA;Girona;Cataluña/Catalunya;1728.0;44.38;70.25;>60 km;5.52;5.05
17043;Queralbs;RIPOLLES;Girona;Cataluña/Catalunya;206.0;93.91;70.32;>60 km;2.69;7.85
19011;Alcolea del Pinar;ALCARRIA ALTA;Guadalajara;Castilla-La Mancha;336.0;113.26;70.65;>60 km;1.56;3.07
21045;Linares de la Sierra;SIERRA;Huelva;Andalucía;275.0;29.27;70.67;>60 km;2.29;2.61
44263;Villastar;HOYA DE TERUEL;Teruel;Aragón;551.0;39.04;70.71;>60 km;10.93;0.55
50140;Litago;BORJA;Zaragoza;Aragón;192.0;15.3;70.79;>60 km;14.46;1.05
12075;la Mata de Morella;ALTO MAESTRAZGO;Castelló/Castellón;Comunitat Valenciana;184.0;15.17;71.09;>60 km;4.32;8.88
31233;Tulebras;RIBERA BAJA;Navarra;Comunidad Foral de Navarra;155.0;3.81;71.3;>60 km;1.49;13.97
18082;Galera;HUESCAR;Granada;Andalucía;1116.0;118.2;71.36;>60 km;1.56;0.81
17061;Das;CERDANYA;Girona;Cataluña/Catalunya;270.0;14.91;71.48;>60 km;9.25;8.87
25190;Salàs de Pallars;PALLARS JUSSA;Lleida;Cataluña/Catalunya;349.0;21.19;71.48;>60 km;5.86;1.75
10116;Malpartida de Plasencia;PLASENCIA;Cáceres;Extremadura;4673.0;372.97;71.66;>60 km;0.76;0.78
25051;Bellver de Cerdanya;CERDANYA;Lleida;Cataluña/Catalunya;2260.0;97.94;71.91;>60 km;7.88;5.85
10065;Collado de la Vera;JARAIZ DE LA VERA;Cáceres;Extremadura;276.0;44.96;72.08;>60 km;14.21;27.19
50101;Escatrón;CASPE;Zaragoza;Aragón;1177.0;95.14;72.12;>60 km;9.16;5.09
31070;Castejón;RIBERA BAJA;Navarra;Comunidad Foral de Navarra;4473.0;18.06;72.44;>60 km;4.79;3.88
50188;Nombrevilla;DAROCA;Zaragoza;Aragón;39.0;17.56;72.45;>60 km;20.69;11.43
40154;Pajarejos;SEPULVEDA;Segovia;Castilla y León;24.0;8.25;72.58;>60 km;75.0;14.29
10173;Saucedilla;NAVALMORAL DE LA MATA;Cáceres;Extremadura;994.0;60.44;72.59;>60 km;1.28;14.38
42093;Fuentestrún;TIERRAS ALTAS Y VALLE DEL TERA;Soria;Castilla y León;52.0;9.18;72.65;>60 km;5.0;23.81
25185;Ribera d'Urgellet;ALT URGELL;Lleida;Cataluña/Catalunya;965.0;107.44;72.7;>60 km;2.6;1.9
40161;Carabias;SEPULVEDA;Segovia;Castilla y León;54.0;25.84;72.84;>60 km;2.04;8.0
05085;Gil García;BARCO AVILA-PIEDRAHITA;Ávila;Castilla y León;48.0;15.46;73.01;>60 km;16.67;14.29
42061;Cidones;SORIA;Soria;Castilla y León;314.0;71.14;73.34;>60 km;1.34;3.97
19139;Hombrados;MOLINA DE ARAGON;Guadalajara;Castilla-La Mancha;43.0;37.82;73.62;>60 km;34.48;10.26
31176;Murchante;RIBERA BAJA;Navarra;Comunidad Foral de Navarra;4239.0;13.21;73.65;>60 km;1.15;2.52
12101;San Rafael del Río;BAJO MAESTRAZGO;Castelló/Castellón;Comunitat Valenciana;530.0;21.17;73.89;>60 km;1.3;13.25
12112;Todolella;ALTO MAESTRAZGO;Castelló/Castellón;Comunitat Valenciana;147.0;34.04;74.26;>60 km;5.07;1.38
17069;Fontanals de Cerdanya;CERDANYA;Girona;Cataluña/Catalunya;531.0;28.66;74.38;>60 km;11.21;4.94
43062;Freginals;MONTSIA;Tarragona;Cataluña/Catalunya;424.0;17.41;74.44;>60 km;5.96;8.44
21033;Fuenteheridos;SIERRA;Huelva;Andalucía;814.0;10.94;74.5;>60 km;20.55;8.39
31068;Cascante;RIBERA BAJA;Navarra;Comunidad Foral de Navarra;4131.0;62.9;74.53;>60 km;3.77;4.27
44101;Ferreruela de Huerva;SERRANIA DE MONTALBAN;Teruel;Aragón;78.0;20.43;74.55;>60 km;17.46;5.41
17084;Isòvol;CERDANYA;Girona;Cataluña/Catalunya;330.0;10.72;74.61;>60 km;12.95;5.1
09155;Haza;LA RIBERA;Burgos;Castilla y León;34.0;82.24;74.64;>60 km;7.69;21.43
25179;Prullans;CERDANYA;Lleida;Cataluña/Catalunya;252.0;21.21;74.67;>60 km;9.82;2.44
12061;Forcall;ALTO MAESTRAZGO;Castelló/Castellón;Comunitat Valenciana;477.0;39.23;74.7;>60 km;0.22;5.07
46129;Fuenterrobles;REQUENA-UTIEL;València/Valencia;Comunitat Valenciana;695.0;49.44;74.91;>60 km;1.76;0.14
42034;Beratón;CAMPO DE GOMARA;Soria;Castilla y León;41.0;40.89;75.03;>60 km;31.03;7.89
21048;Los Marines;SIERRA;Huelva;Andalucía;424.0;10.0;75.07;>60 km;1.99;3.41
40170;Riaza;SEPULVEDA;Segovia;Castilla y León;2144.0;149.29;75.46;>60 km;1.72;0.42
22074;Campo;RIBARGORZA;Huesca;Aragón;483.0;22.88;75.87;>60 km;42.11;5.23
21024;Corteconcepción;SIERRA;Huelva;Andalucía;573.0;49.21;76.55;>60 km;5.16;0.35
50289;Villanueva de Jiloca;DAROCA;Zaragoza;Aragón;69.0;7.34;76.72;>60 km;23.91;21.05
12137;Villores;ALTO MAESTRAZGO;Castelló/Castellón;Comunitat Valenciana;53.0;5.31;77.08;>60 km;9.52;15.22
44024;Anadón;SERRANIA DE MONTALBAN;Teruel;Aragón;34.0;24.79;77.18;>60 km;18.52;6.25
42110;Matalebreras;CAMPO DE GOMARA;Soria;Castilla y León;81.0;41.6;77.32;>60 km;1.59;26.56
50253;Terrer;CALATAYUD;Zaragoza;Aragón;585.0;33.37;77.38;>60 km;9.28;10.38
50084;Clarés de Ribota;CALATAYUD;Zaragoza;Aragón;70.0;18.69;77.41;>60 km;4.62;2.94
44239;Valacloche;HOYA DE TERUEL;Teruel;Aragón;32.0;15.02;77.41;>60 km;14.29;33.33
44102;Fonfría;SERRANIA DE MONTALBAN;Teruel;Aragón;35.0;20.58;77.53;>60 km;3.57;20.69
17024;Bolvir;CERDANYA;Girona;Cataluña/Catalunya;497.0;10.56;77.56;>60 km;27.68;1.64
25088;Estamariu;ALT URGELL;Lleida;Cataluña/Catalunya;132.0;21.44;77.62;>60 km;8.4;2.33
42208;Villar del Campo;CAMPO DE GOMARA;Soria;Castilla y León;30.0;25.27;77.74;>60 km;18.18;15.38
44103;Formiche Alto;MAESTRAZGO;Teruel;Aragón;158.0;78.17;77.74;>60 km;2.65;1.94
22057;Bielsa;SOBRARBE;Huesca;Aragón;487.0;202.54;78.23;>60 km;1.05;1.25
12093;la Pobla de Benifassà;ALTO MAESTRAZGO;Castelló/Castellón;Comunitat Valenciana;240.0;136.27;78.52;>60 km;8.12;12.68
44084;Cortes de Aragón;SERRANIA DE MONTALBAN;Teruel;Aragón;65.0;24.43;78.6;>60 km;3.28;3.17
06096;Orellana de la Sierra;DON BENITO;Badajoz;Extremadura;261.0;16.68;78.66;>60 km;8.51;2.35
12068;Herbers;ALTO MAESTRAZGO;Castelló/Castellón;Comunitat Valenciana;69.0;27.14;79.07;>60 km;8.16;30.19
44142;Maicas;SERRANIA DE MONTALBAN;Teruel;Aragón;35.0;24.76;79.1;>60 km;14.81;12.9
35007;Betancuria;FUERTEVENTURA;Las Palmas;Canarias;812.0;103.65;79.13;>60 km;4.24;6.56
44054;Camarena de la Sierra;HOYA DE TERUEL;Teruel;Aragón;142.0;79.53;80.3;>60 km;2.65;22.41
09065;Campillo de Aranda;LA RIBERA;Burgos;Castilla y León;171.0;23.9;80.74;>60 km;4.32;1.18
44042;Blancas;CUENCA DEL JILOCA;Teruel;Aragón;134.0;73.77;81.12;>60 km;5.6;1.52
42006;Alconaba;CAMPO DE GOMARA;Soria;Castilla y León;199.0;52.41;81.56;>60 km;3.7;1.53
25202;Senterada;PALLARS JUSSA;Lleida;Cataluña/Catalunya;158.0;34.75;81.83;>60 km;7.91;5.33
44153;Monreal del Campo;CUENCA DEL JILOCA;Teruel;Aragón;2541.0;89.02;83.36;>60 km;3.66;0.75
09137;Fuentelcésped;LA RIBERA;Burgos;Castilla y León;273.0;22.41;83.56;>60 km;9.36;6.23
44179;Peñarroya de Tastavins;BAJO ARAGON;Teruel;Aragón;460.0;83.39;83.77;>60 km;2.51;2.22
44245;Valdeltormo;BAJO ARAGON;Teruel;Aragón;305.0;16.02;83.82;>60 km;5.02;4.1
17094;Llívia;CERDANYA;Girona;Cataluña/Catalunya;1560.0;13.03;83.94;>60 km;5.32;3.72
42095;Golmayo;SORIA;Soria;Castilla y León;3059.0;189.68;84.52;>60 km;10.75;7.56
25140;Montferrer i Castellbò;ALT URGELL;Lleida;Cataluña/Catalunya;1164.0;177.33;84.62;>60 km;0.65;7.68
42127;Nafría de Ucero;BURGO DE OSMA;Soria;Castilla y León;36.0;36.52;85.11;>60 km;6.45;9.09
19285;Torrubia;MOLINA DE ARAGON;Guadalajara;Castilla-La Mancha;26.0;28.16;85.22;>60 km;4.55;13.04
42134;Ólvega;CAMPO DE GOMARA;Soria;Castilla y León;3838.0;98.71;85.28;>60 km;1.16;4.63
42153;Rello;ALMAZAN;Soria;Castilla y León;20.0;24.37;85.58;>60 km;7.14;33.33
10081;Gargüera;PLASENCIA;Cáceres;Extremadura;182.0;51.64;85.59;>60 km;39.06;2.25
44050;Calamocha;CUENCA DEL JILOCA;Teruel;Aragón;4542.0;316.54;86.09;>60 km;3.57;1.54
44037;Beceite;BAJO ARAGON;Teruel;Aragón;562.0;96.99;86.14;>60 km;0.55;3.31
37272;Saelices el Chico;CIUDAD RODRIGO;Salamanca;Castilla y León;173.0;45.62;86.41;>60 km;8.16;8.81
25173;El Pont de Suert;ALTA RIBAGORÇA;Lleida;Cataluña/Catalunya;2380.0;148.64;86.71;>60 km;5.19;2.1
50239;Santed;DAROCA;Zaragoza;Aragón;71.0;17.8;86.73;>60 km;4.92;10.94
42189;Ucero;BURGO DE OSMA;Soria;Castilla y León;91.0;17.11;86.98;>60 km;21.15;44.44
44178;Las Parras de Castellote;BAJO ARAGON;Teruel;Aragón;57.0;42.16;87.43;>60 km;5.66;1.79
10124;Mohedas de Granadilla;HERVAS;Cáceres;Extremadura;850.0;58.78;87.62;>60 km;2.66;0.12
44232;Torrijo del Campo;CUENCA DEL JILOCA;Teruel;Aragón;502.0;44.03;87.98;>60 km;5.15;6.81
44028;Argente;HOYA DE TERUEL;Teruel;Aragón;201.0;62.56;88.24;>60 km;0.51;1.01
44246;Valderrobres;BAJO ARAGON;Teruel;Aragón;2545.0;124.16;88.38;>60 km;2.89;3.58
10130;Navaconcejo;PLASENCIA;Cáceres;Extremadura;2044.0;51.43;88.88;>60 km;1.6;0.44
06034;Casas de Reina;LLERENA;Badajoz;Extremadura;207.0;49.84;89.27;>60 km;5.76;2.48
44108;La Fresneda;BAJO ARAGON;Teruel;Aragón;459.0;39.51;89.27;>60 km;3.16;0.44
10215;Villasbuenas de Gata;CORIA;Cáceres;Extremadura;510.0;46.9;89.45;>60 km;13.78;31.44
42132;Noviercas;CAMPO DE GOMARA;Soria;Castilla y León;172.0;91.51;89.7;>60 km;6.67;7.5
22200;Sahún;RIBARGORZA;Huesca;Aragón;319.0;73.45;90.13;>60 km;2.72;5.63
22084;Castejón de Sos;RIBARGORZA;Huesca;Aragón;868.0;31.59;90.22;>60 km;5.05;9.73
44087;Crivillén;SERRANIA DE MONTALBAN;Teruel;Aragón;91.0;42.03;92.06;>60 km;27.94;4.6
25208;Soriguera;PALLARS SOBIRA;Lleida;Cataluña/Catalunya;444.0;106.26;92.12;>60 km;8.02;3.02
10211;Villanueva de la Sierra;CORIA;Cáceres;Extremadura;493.0;43.67;92.72;>60 km;8.55;4.89
44005;Aguilar del Alfambra;MAESTRAZGO;Teruel;Aragón;82.0;39.05;92.89;>60 km;20.63;7.89
42144;Quintana Redonda;SORIA;Soria;Castilla y León;512.0;183.78;93.55;>60 km;1.64;3.23
44194;Ráfales;BAJO ARAGON;Teruel;Aragón;149.0;35.64;94.7;>60 km;0.7;3.47
25227;La Torre de Cabdella;PALLARS JUSSA;Lleida;Cataluña/Catalunya;785.0;165.56;96.0;>60 km;2.41;2.61
42003;Adradas;ALMAZAN;Soria;Castilla y León;58.0;67.42;97.12;>60 km;25.0;5.45
50129;Jaraba;CALATAYUD;Zaragoza;Aragón;295.0;42.78;97.48;>60 km;0.71;4.61
44238;Utrillas;SERRANIA DE MONTALBAN;Teruel;Aragón;3102.0;39.82;97.79;>60 km;1.11;3.3
44038;Belmonte de San José;BAJO ARAGON;Teruel;Aragón;135.0;33.99;98.4;>60 km;8.85;9.76
44182;Perales del Alfambra;HOYA DE TERUEL;Teruel;Aragón;271.0;104.23;98.51;>60 km;13.57;7.97
44085;Cosa;SERRANIA DE MONTALBAN;Teruel;Aragón;62.0;54.8;98.97;>60 km;5.77;12.73
25209;Sort;PALLARS SOBIRA;Lleida;Cataluña/Catalunya;2213.0;105.36;99.26;>60 km;0.79;1.47
22054;Benasque;RIBARGORZA;Huesca;Aragón;2362.0;233.61;100.02;>60 km;3.8;5.49
44063;Cañizar del Olivar;SERRANIA DE MONTALBAN;Teruel;Aragón;111.0;22.3;100.1;>60 km;7.14;5.71
44107;Foz-Calanda;BAJO ARAGON;Teruel;Aragón;281.0;37.89;101.17;>60 km;13.87;3.69
25043;La Vall de Boí;ALTA RIBAGORÇA;Lleida;Cataluña/Catalunya;1116.0;221.19;103.03;>60 km;3.72;5.28
50246;Sisamón;CALATAYUD;Zaragoza;Aragón;47.0;41.53;106.08;>60 km;6.45;42.42
50065;Cabolafuente;CALATAYUD;Zaragoza;Aragón;50.0;39.22;106.37;>60 km;53.12;2.04
44062;Cañada Vellida;SERRANIA DE MONTALBAN;Teruel;Aragón;38.0;23.3;106.43;>60 km;5.71;2.7
25082;Espot;PALLARS SOBIRA;Lleida;Cataluña/Catalunya;379.0;97.56;110.73;>60 km;3.98;3.55
25123;Lladorre;PALLARS SOBIRA;Lleida;Cataluña/Catalunya;254.0;147.29;115.23;>60 km;7.49;4.1
25086;Esterri d'Àneu;PALLARS SOBIRA;Lleida;Cataluña/Catalunya;921.0;8.57;116.09;>60 km;10.05;10.7
25059;Bossòst;VAL D'ARAN;Lleida;Cataluña/Catalunya;1141.0;27.9;117.06;>60 km;0.9;1.88
38014;Fuencaliente de la Palma;ISLA DE LA PALMA;Santa Cruz de Tenerife;Canarias;1900.0;55.96;117.41;>60 km;2.75;8.2
25247;Vilamòs;VAL D'ARAN;Lleida;Cataluña/Catalunya;175.0;15.41;118.44;>60 km;3.14;6.71
25121;Les;VAL D'ARAN;Lleida;Cataluña/Catalunya;1013.0;23.35;120.75;>60 km;1.26;4.87
07902;Es Migjorn Gran;MENORCA;Illes Balears;Illes Balears;1690.0;31.72;121.6;>60 km;9.49;12.67
38030;Puntallana;ISLA DE LA PALMA;Santa Cruz de Tenerife;Canarias;2699.0;35.09;121.95;>60 km;2.25;5.88
25024;Alt Àneu;PALLARS SOBIRA;Lleida;Cataluña/Catalunya;455.0;218.19;123.43;>60 km;5.91;5.81
25063;Canejan;VAL D'ARAN;Lleida;Cataluña/Catalunya;101.0;48.35;126.6;>60 km;5.95;13.48
38033;San Andrés y Sauces;ISLA DE LA PALMA;Santa Cruz de Tenerife;Canarias;4296.0;42.92;126.77;>60 km;2.46;1.97
38007;Barlovento;ISLA DE LA PALMA;Santa Cruz de Tenerife;Canarias;2014.0;43.54;130.65;>60 km;3.56;4.84
38901;El Pinar de El Hierro;ISLA DE HIERRO;Santa Cruz de Tenerife;Canarias;2010.0;82.85;137.24;>60 km;6.08;3.82
38016;Garafía;ISLA DE LA PALMA;Santa Cruz de Tenerife;Canarias;1983.0;102.71;137.59;>60 km;11.5;9.38
38013;Frontera;ISLA DE HIERRO;Santa Cruz de Tenerife;Canarias;4528.0;81.41;139.13;>60 km;6.47;5.84
38029;Puntagorda;ISLA DE LA PALMA;Santa Cruz de Tenerife;Canarias;2355.0;30.84;139.78;>60 km;7.77;5.42
46192;Petrés;SAGUNTO;València/Valencia;Comunitat Valenciana;1142.0;1.88;2.92;<=30 km;4.44;12.85
08115;Martorelles;VALLES ORIENTAL;Barcelona;Cataluña/Catalunya;4987.0;3.67;2.99;<=30 km;0.6;3.4
29027;Benamocarra;VELEZ MALAGA;Málaga;Andalucía;3115.0;5.73;3.17;<=30 km;1.03;2.81
06046;Esparragalejo;MERIDA;Badajoz;Extremadura;1494.0;16.76;3.19;<=30 km;1.03;1.36
46146;Xeresa;GANDIA;València/Valencia;Comunitat Valenciana;2341.0;16.94;3.33;<=30 km;5.17;3.77
18111;Jun;DE LA VEGA;Granada;Andalucía;4145.0;3.69;3.43;<=30 km;3.78;5.52
46058;Benifairó de les Valls;SAGUNTO;València/Valencia;Comunitat Valenciana;2318.0;4.35;3.81;<=30 km;4.61;2.2
29092;Totalán;VELEZ MALAGA;Málaga;Andalucía;776.0;9.2;3.92;<=30 km;1.4;7.03
49178;Roales;CAMPOS-PAN;Zamora;Castilla y León;1022.0;10.74;3.97;<=30 km;6.93;3.55
48904;Sondika;GRAN BILBAO;Bizkaia;País Vasco/Euskadi;4587.0;6.84;4.05;<=30 km;1.33;0.7
46211;el Real de Gandia;GANDIA;València/Valencia;Comunitat Valenciana;2670.0;6.08;4.18;<=30 km;6.51;4.66
46122;Faura;SAGUNTO;València/Valencia;Comunitat Valenciana;3671.0;1.64;4.53;<=30 km;0.45;3.03
46187;Palma de Gandía;GANDIA;València/Valencia;Comunitat Valenciana;1816.0;13.92;4.71;<=30 km;7.58;9.4
08061;Castellgalí;BAGES;Barcelona;Cataluña/Catalunya;2347.0;17.25;4.81;<=30 km;6.14;7.71
12901;les Alqueries/Alquerías del Niño Perdido;LA PLANA;Castelló/Castellón;Comunitat Valenciana;4563.0;13.0;4.86;<=30 km;1.77;0.53
48912;Alonsotegi;GRAN BILBAO;Bizkaia;País Vasco/Euskadi;3020.0;20.2;4.95;<=30 km;1.41;2.58
13064;Poblete;CAMPO DE CALATRAVA;Ciudad Real;Castilla-La Mancha;2940.0;27.92;5.05;<=30 km;7.31;6.56
08290;Ullastrell;VALLES OCCIDENTAL;Barcelona;Cataluña/Catalunya;2176.0;7.48;5.05;<=30 km;1.3;3.82
43042;Castellvell del Camp;BAIX CAMP;Tarragona;Cataluña/Catalunya;2995.0;5.18;5.08;<=30 km;0.17;4.25
29062;Iznate;VELEZ MALAGA;Málaga;Andalucía;947.0;7.46;5.21;<=30 km;5.68;3.84
46034;Almoines;GANDIA;València/Valencia;Comunitat Valenciana;2643.0;2.12;5.32;<=30 km;6.26;4.55
46103;Quartell;SAGUNTO;València/Valencia;Comunitat Valenciana;1657.0;3.18;5.46;<=30 km;5.06;1.04
46134;Gilet;SAGUNTO;València/Valencia;Comunitat Valenciana;3887.0;11.29;5.48;<=30 km;6.87;11.03
03080;Jacarilla;MERIDIONAL;Alacant/Alicante;Comunitat Valenciana;2122.0;12.21;5.48;<=30 km;2.22;4.53
47066;Fuensaldaña;CENTRO;Valladolid;Castilla y León;2137.0;25.09;5.52;<=30 km;21.71;7.06
17142;Quart;GIRONES;Girona;Cataluña/Catalunya;4099.0;38.27;5.57;<=30 km;5.93;6.3
08158;El Papiol;BAIX LLOBREGAT;Barcelona;Cataluña/Catalunya;4363.0;8.88;5.57;<=30 km;3.14;3.1
17215;Vilablareix;GIRONES;Girona;Cataluña/Catalunya;3772.0;6.17;5.67;<=30 km;15.63;16.96
49227;Valcabado;CAMPOS-PAN;Zamora;Castilla y León;415.0;10.08;5.72;<=30 km;12.46;4.53
22019;Alerre;HOYA DE HUESCA;Huesca;Aragón;225.0;8.94;5.77;<=30 km;3.48;8.17
46113;Daimús;GANDIA;València/Valencia;Comunitat Valenciana;3419.0;3.14;5.78;<=30 km;4.76;4.33
46055;Beniarjó;GANDIA;València/Valencia;Comunitat Valenciana;1907.0;2.77;5.91;<=30 km;1.95;7.13
05030;Berrocalejo de Aragona;AVILA;Ávila;Castilla y León;56.0;9.0;5.92;<=30 km;13.95;14.29
46052;Benavites;SAGUNTO;València/Valencia;Comunitat Valenciana;661.0;4.27;6.06;<=30 km;9.93;1.23
31101;Ezcabarte;NORD OCCIDENTAL;Navarra;Comunidad Foral de Navarra;1870.0;34.14;6.2;<=30 km;0.28;3.37
28002;Ajalvir;CAMPIÑA;Madrid;Comunidad de Madrid;4863.0;19.78;6.21;<=30 km;2.57;4.0
09073;Cardeñadijo;ARLANZON;Burgos;Castilla y León;1430.0;9.2;6.3;<=30 km;7.69;1.13
22228;Tierz;HOYA DE HUESCA;Huesca;Aragón;825.0;6.54;6.32;<=30 km;5.54;3.12
46065;Beniparrell;HUERTA DE VALENCIA;València/Valencia;Comunitat Valenciana;2091.0;3.62;6.37;<=30 km;4.82;3.31
46140;Guardamar de la Safor;GANDIA;València/Valencia;Comunitat Valenciana;607.0;1.09;6.44;<=30 km;11.41;10.97
28150;Torrejón de Velasco;SUR OCCIDENTAL;Madrid;Comunidad de Madrid;4893.0;52.16;6.44;<=30 km;6.89;6.51
46048;Bellreguard;GANDIA;València/Valencia;Comunitat Valenciana;4943.0;2.84;6.46;<=30 km;1.82;6.71
22195;Quicena;HOYA DE HUESCA;Huesca;Aragón;346.0;9.67;6.55;<=30 km;2.83;18.9
46023;Alfauir;GANDIA;València/Valencia;Comunitat Valenciana;489.0;6.22;6.6;<=30 km;6.14;4.71
17073;Fornells de la Selva;GIRONES;Girona;Cataluña/Catalunya;2781.0;11.82;6.63;<=30 km;1.93;3.0
29076;Ojén;CENTRO-SUR O GUADALORCE;Málaga;Andalucía;4682.0;85.6;6.7;<=30 km;12.75;16.38
08032;Caldes d'Estrac;MARESME;Barcelona;Cataluña/Catalunya;3259.0;0.8;6.71;<=30 km;8.32;5.23
46061;Beniflá;GANDIA;València/Valencia;Comunitat Valenciana;502.0;0.63;6.75;<=30 km;1.76;8.42
43103;Perafort;TARRAGONES;Tarragona;Cataluña/Catalunya;1308.0;9.66;6.76;<=30 km;0.79;2.59
03109;Rafal;MERIDIONAL;Alacant/Alicante;Comunitat Valenciana;4900.0;1.56;6.77;<=30 km;4.05;6.59
40216;Valverde del Majano;CUELLAR;Segovia;Castilla y León;1126.0;30.98;6.77;<=30 km;1.46;1.26
09301;Quintanilla Vivar;ARLANZON;Burgos;Castilla y León;885.0;13.37;6.84;<=30 km;8.59;1.49
48905;Zamudio;GRAN BILBAO;Bizkaia;País Vasco/Euskadi;3314.0;18.15;6.85;<=30 km;1.27;1.13
08058;Castellet i la Gornal;ALT PENEDÉS;Barcelona;Cataluña/Catalunya;2674.0;47.28;6.86;<=30 km;9.12;9.05
17169;Sant Julià de Ramis;GIRONES;Girona;Cataluña/Catalunya;3644.0;18.8;6.86;<=30 km;4.36;0.89
46208;Rafelcofer;GANDIA;València/Valencia;Comunitat Valenciana;1374.0;2.03;6.86;<=30 km;0.52;0.66
22156;Monflorite-Lascasas;HOYA DE HUESCA;Huesca;Aragón;490.0;28.97;6.89;<=30 km;7.2;13.43
45050;Ciruelos;LA MANCHA;Toledo;Castilla-La Mancha;679.0;22.84;6.93;<=30 km;15.79;10.23
46010;Albalat dels Tarongers;SAGUNTO;València/Valencia;Comunitat Valenciana;1516.0;21.36;6.96;<=30 km;10.15;14.5
37023;Aldeatejada;SALAMANCA;Salamanca;Castilla y León;2587.0;31.44;6.96;<=30 km;15.99;12.14
08182;El Pont de Vilomara i Rocafort;BAGES;Barcelona;Cataluña/Catalunya;4140.0;27.55;7.03;<=30 km;5.66;3.09
32002;Amoeiro;ORENSE;Ourense;Galicia;2399.0;39.81;7.04;<=30 km;3.0;2.83
47217;Villanubla;CENTRO;Valladolid;Castilla y León;2915.0;45.65;7.12;<=30 km;5.05;3.08
09434;Villagonzalo Pedernales;ARLANZON;Burgos;Castilla y León;1882.0;13.81;7.12;<=30 km;3.81;1.57
22047;Banastás;HOYA DE HUESCA;Huesca;Aragón;328.0;4.66;7.15;<=30 km;11.99;0.31
25189;Rosselló;SEGRIA;Lleida;Cataluña/Catalunya;3353.0;9.99;7.15;<=30 km;1.79;5.24
25228;Torrefarrera;SEGRIA;Lleida;Cataluña/Catalunya;4861.0;23.49;7.21;<=30 km;1.56;3.38
08098;Sant Salvador de Guardiola;BAGES;Barcelona;Cataluña/Catalunya;3476.0;37.23;7.24;<=30 km;2.37;7.18
45021;Borox;SAGRA-TOLEDO;Toledo;Castilla-La Mancha;4250.0;60.01;7.29;<=30 km;7.42;6.76
43109;La Pobla de Mafumet;TARRAGONES;Tarragona;Cataluña/Catalunya;4115.0;6.14;7.33;<=30 km;3.39;2.24
08153;Òrrius;MARESME;Barcelona;Cataluña/Catalunya;805.0;5.55;7.39;<=30 km;6.71;3.34
09439;Villalbilla de Burgos;ARLANZON;Burgos;Castilla y León;1514.0;14.44;7.5;<=30 km;3.41;4.13
17163;Sant Gregori;GIRONES;Girona;Cataluña/Catalunya;4243.0;49.16;7.52;<=30 km;7.27;5.76
32026;Coles;ORENSE;Ourense;Galicia;3172.0;38.23;7.53;<=30 km;2.49;1.5
09372;Sotragero;ARLANZON;Burgos;Castilla y León;301.0;5.49;7.57;<=30 km;7.84;4.15
08296;Vallromanes;VALLES ORIENTAL;Barcelona;Cataluña/Catalunya;2742.0;10.66;7.61;<=30 km;2.53;5.71
48053;Laukiz;MUNGUIA;Bizkaia;País Vasco/Euskadi;1245.0;8.1;7.63;<=30 km;3.86;0.65
46168;Miramar;GANDIA;València/Valencia;Comunitat Valenciana;3020.0;2.55;7.65;<=30 km;5.43;10.22
31109;Galar;CUENCA PAMPLONA;Navarra;Comunidad Foral de Navarra;2400.0;41.16;7.66;<=30 km;2.76;5.54
34079;Grijota;CAMPOS;Palencia;Castilla y León;2789.0;28.52;7.69;<=30 km;10.0;11.74
38052;Vilaflor de Chasna;SUR DE TENERIFE;Santa Cruz de Tenerife;Canarias;1871.0;56.26;7.73;<=30 km;8.75;4.58
46037;l'Alqueria de la Comtessa;GANDIA;València/Valencia;Comunitat Valenciana;1544.0;2.15;7.74;<=30 km;4.44;4.25
43178;Vinyols i els Arcs;BAIX CAMP;Tarragona;Cataluña/Catalunya;2400.0;10.94;7.8;<=30 km;11.09;9.44
37032;Arapiles;SALAMANCA;Salamanca;Castilla y León;739.0;25.26;7.87;<=30 km;3.88;10.46
24105;Onzonilla;ESLA-CAMPOS;León;Castilla y León;1942.0;21.78;7.88;<=30 km;1.2;4.58
26006;Alberite;RIOJA MEDIA;La Rioja;La Rioja;2674.0;20.22;7.88;<=30 km;3.49;6.2
19105;Chiloeches;CAMPIÑA;Guadalajara;Castilla-La Mancha;4067.0;45.33;7.9;<=30 km;8.24;7.11
18095;Güevéjar;DE LA VEGA;Granada;Andalucía;2660.0;9.74;8.01;<=30 km;4.6;0.08
46198;Potries;GANDIA;València/Valencia;Comunitat Valenciana;1104.0;3.07;8.02;<=30 km;5.03;3.66
43126;La Riera de Gaià;TARRAGONES;Tarragona;Cataluña/Catalunya;1807.0;8.79;8.09;<=30 km;2.12;4.03
17002;Aiguaviva;GIRONES;Girona;Cataluña/Catalunya;802.0;14.04;8.2;<=30 km;2.87;1.65
45052;Cobisa;SAGRA-TOLEDO;Toledo;Castilla-La Mancha;4500.0;14.79;8.21;<=30 km;2.53;2.81
46120;Estivella;SAGUNTO;València/Valencia;Comunitat Valenciana;1631.0;20.93;8.23;<=30 km;4.12;9.39
18157;Pinos Genil;DE LA VEGA;Granada;Andalucía;1638.0;13.98;8.25;<=30 km;4.76;7.91
34217;Villalobón;CAMPOS;Palencia;Castilla y León;1900.0;18.99;8.35;<=30 km;7.02;7.47
29019;Arenas;VELEZ MALAGA;Málaga;Andalucía;1259.0;26.55;8.37;<=30 km;0.34;6.6
48009;Arrankudiaga-Zollo;ARRATIA-NERVION;Bizkaia;País Vasco/Euskadi;1007.0;22.68;8.38;<=30 km;1.96;1.82
18184;Vélez de Benaudalla;LA COSTA;Granada;Andalucía;3054.0;79.05;8.38;<=30 km;1.85;4.48
43081;Maspujols;BAIX CAMP;Tarragona;Cataluña/Catalunya;889.0;3.61;8.43;<=30 km;3.38;7.63
28012;Anchuelo;CAMPIÑA;Madrid;Comunidad de Madrid;1392.0;21.59;8.47;<=30 km;6.84;2.43
28036;Casarrubuelos;SUR OCCIDENTAL;Madrid;Comunidad de Madrid;4211.0;5.34;8.51;<=30 km;6.26;6.91
46260;Vinalesa;HUERTA DE VALENCIA;València/Valencia;Comunitat Valenciana;3531.0;1.53;8.55;<=30 km;2.1;2.32
43144;La Secuita;TARRAGONES;Tarragona;Cataluña/Catalunya;1828.0;17.87;8.62;<=30 km;1.83;5.79
25053;Benavent de Segrià;SEGRIA;Lleida;Cataluña/Catalunya;1578.0;7.57;8.62;<=30 km;4.43;2.94
03116;Salinas;VINALOPO;Alacant/Alicante;Comunitat Valenciana;1775.0;61.71;8.63;<=30 km;3.6;8.1
46074;Bonrepòs i Mirambell;HUERTA DE VALENCIA;València/Valencia;Comunitat Valenciana;4048.0;1.06;8.64;<=30 km;3.7;7.09
24175;Valdefresno;TIERRAS DE LEON;León;Castilla y León;2335.0;102.5;8.7;<=30 km;1.42;5.75
41028;Castilleja de Guzmán;EL ALJARAFE;Sevilla;Andalucía;2863.0;2.04;8.73;<=30 km;1.2;0.1
46195;Piles;GANDIA;València/Valencia;Comunitat Valenciana;3195.0;3.91;8.79;<=30 km;2.01;16.52
45132;Pepino;TALAVERA;Toledo;Castilla-La Mancha;3259.0;45.41;8.83;<=30 km;5.26;6.5
43095;El Morell;TARRAGONES;Tarragona;Cataluña/Catalunya;3878.0;5.95;8.84;<=30 km;2.27;3.91
43007;L'Aleixar;BAIX CAMP;Tarragona;Cataluña/Catalunya;962.0;26.2;8.86;<=30 km;5.56;5.48
16040;Buenache de la Sierra;SERRANIA MEDIA;Cuenca;Castilla-La Mancha;109.0;57.64;8.91;<=30 km;16.67;3.81
46127;la Font d'en Carròs;GANDIA;València/Valencia;Comunitat Valenciana;3938.0;9.91;8.97;<=30 km;0.08;3.82
46033;Almiserà;GANDIA;València/Valencia;Comunitat Valenciana;285.0;7.47;8.97;<=30 km;2.33;7.95
18070;Dúdar;DE LA VEGA;Granada;Andalucía;373.0;8.36;8.98;<=30 km;13.12;3.04
46046;Barx;GANDIA;València/Valencia;Comunitat Valenciana;1498.0;16.11;9.01;<=30 km;10.17;10.64
45097;Mejorada;TALAVERA;Toledo;Castilla-La Mancha;1385.0;46.17;9.03;<=30 km;2.21;7.12
40901;Ortigosa del Monte;SEGOVIA;Segovia;Castilla y León;587.0;15.41;9.07;<=30 km;2.11;1.21
48081;Lezama;GRAN BILBAO;Bizkaia;País Vasco/Euskadi;2459.0;16.28;9.08;<=30 km;1.03;0.2
31076;Cizur;CUENCA PAMPLONA;Navarra;Comunidad Foral de Navarra;3940.0;52.48;9.08;<=30 km;1.04;1.29
04074;Pechina;CAMPO NIJAR Y BAJO ANDARAX;Almería;Andalucía;4463.0;46.02;9.08;<=30 km;3.11;7.72
19286;Tórtola de Henares;CAMPIÑA;Guadalajara;Castilla-La Mancha;1384.0;26.75;9.12;<=30 km;22.53;11.61
09332;Saldaña de Burgos;ARLANZON;Burgos;Castilla y León;201.0;8.14;9.15;<=30 km;11.83;6.35
31251;Viana;TIERRA ESTELLA;Navarra;Comunidad Foral de Navarra;4413.0;78.9;9.16;<=30 km;4.45;1.66
28147;Titulcia;VEGAS;Madrid;Comunidad de Madrid;1387.0;10.12;9.22;<=30 km;4.29;1.99
43031;Les Borges del Camp;BAIX CAMP;Tarragona;Cataluña/Catalunya;2260.0;8.35;9.24;<=30 km;1.15;7.41
31905;Beriáin;TIERRA ESTELLA;Navarra;Comunidad Foral de Navarra;4197.0;5.42;9.27;<=30 km;4.85;1.57
08145;Olèrdola;ALT PENEDÉS;Barcelona;Cataluña/Catalunya;3946.0;30.08;9.29;<=30 km;6.54;2.57
09086;Castrillo del Val;ARLANZON;Burgos;Castilla y León;823.0;22.53;9.33;<=30 km;2.78;1.11
17025;Bordils;GIRONES;Girona;Cataluña/Catalunya;1804.0;7.03;9.34;<=30 km;5.58;0.45
39019;Castañeda;COSTERA;Cantabria;Cantabria;3252.0;19.2;9.35;<=30 km;7.83;7.36
26059;Entrena;RIOJA MEDIA;La Rioja;La Rioja;1635.0;21.02;9.35;<=30 km;6.19;1.36
08178;Rajadell;BAGES;Barcelona;Cataluña/Catalunya;594.0;45.82;9.4;<=30 km;1.86;8.2
08053;Castellbell i el Vilar;BAGES;Barcelona;Cataluña/Catalunya;4138.0;28.55;9.4;<=30 km;7.06;7.4
37278;San Cristóbal de la Cuesta;SALAMANCA;Salamanca;Castilla y León;1143.0;9.95;9.43;<=30 km;1.38;11.08
43166;Vilallonga del Camp;TARRAGONES;Tarragona;Cataluña/Catalunya;2451.0;9.15;9.44;<=30 km;1.97;2.77
40101;Hontanares de Eresma;SEGOVIA;Segovia;Castilla y León;1662.0;6.13;9.46;<=30 km;6.98;10.65
29009;Almáchar;VELEZ MALAGA;Málaga;Andalucía;1927.0;14.39;9.47;<=30 km;2.28;4.56
08038;Callús;BAGES;Barcelona;Cataluña/Catalunya;2145.0;12.43;9.49;<=30 km;0.14;2.24
25251;Vilanova de Segrià;SEGRIA;Lleida;Cataluña/Catalunya;1065.0;8.49;9.52;<=30 km;5.82;6.5
19230;Quer;CAMPIÑA;Guadalajara;Castilla-La Mancha;1045.0;14.31;9.58;<=30 km;18.38;13.46
40906;San Cristóbal de Segovia;SEGOVIA;Segovia;Castilla y León;3153.0;6.34;9.6;<=30 km;2.68;1.64
29026;Benamargosa;VELEZ MALAGA;Málaga;Andalucía;1552.0;12.11;9.64;<=30 km;2.61;1.11
22248;Vicién;HOYA DE HUESCA;Huesca;Aragón;137.0;13.76;9.68;<=30 km;5.17;12.3
08306;Vilalba Sasserra;VALLES ORIENTAL;Barcelona;Cataluña/Catalunya;780.0;5.87;9.69;<=30 km;10.17;2.9
09326;Rubena;ARLANZON;Burgos;Castilla y León;217.0;9.76;9.73;<=30 km;5.46;12.44
09458;Villariezo;ARLANZON;Burgos;Castilla y León;719.0;10.23;9.74;<=30 km;7.14;4.2
05061;La Colilla;AVILA;Ávila;Castilla y León;375.0;10.8;9.75;<=30 km;3.65;9.97
43033;Botarell;BAIX CAMP;Tarragona;Cataluña/Catalunya;1174.0;11.98;9.76;<=30 km;2.24;7.31
09072;Carcedo de Burgos;ARLANZON;Burgos;Castilla y León;484.0;25.66;9.76;<=30 km;9.0;8.04
34098;Magaz de Pisuerga;EL CERRATO;Palencia;Castilla y León;1031.0;27.83;9.8;<=30 km;3.12;0.68
03074;Granja de Rocamora;MERIDIONAL;Alacant/Alicante;Comunitat Valenciana;2739.0;7.17;9.81;<=30 km;4.82;4.98
18124;Lújar;LA COSTA;Granada;Andalucía;487.0;36.83;9.83;<=30 km;3.03;2.31
09221;Modúbar de la Emparedada;ARLANZON;Burgos;Castilla y León;769.0;11.74;9.84;<=30 km;14.8;0.13
31188;Olaibar;NORD OCCIDENTAL;Navarra;Comunidad Foral de Navarra;407.0;15.98;9.87;<=30 km;7.16;4.63
28137;Los Santos de la Humosa;CAMPIÑA;Madrid;Comunidad de Madrid;2785.0;34.82;9.87;<=30 km;7.36;2.05
40112;La Lastrilla;SEGOVIA;Segovia;Castilla y León;4697.0;9.44;9.88;<=30 km;10.95;12.21
26105;Navarrete;RIOJA MEDIA;La Rioja;La Rioja;3038.0;28.51;9.9;<=30 km;1.49;1.4
19117;Fontanar;CAMPIÑA;Guadalajara;Castilla-La Mancha;2637.0;15.47;9.94;<=30 km;6.73;4.52
37207;Moriscos;SALAMANCA;Salamanca;Castilla y León;566.0;12.13;9.96;<=30 km;26.82;16.22
26064;Fuenmayor;RIOJA MEDIA;La Rioja;La Rioja;3278.0;34.21;9.97;<=30 km;2.67;2.73
47155;Santovenia de Pisuerga;CENTRO;Valladolid;Castilla y León;4703.0;14.13;10.01;<=30 km;5.94;2.15
25012;Alcoletge;SEGRIA;Lleida;Cataluña/Catalunya;3594.0;16.58;10.03;<=30 km;2.14;2.92
45023;Burguillos de Toledo;SAGRA-TOLEDO;Toledo;Castilla-La Mancha;3743.0;28.41;10.05;<=30 km;6.47;10.41
03012;Algorfa;MERIDIONAL;Alacant/Alicante;Comunitat Valenciana;3684.0;18.47;10.09;<=30 km;19.66;8.48
08066;Castellví de Rosanes;BAIX LLOBREGAT;Barcelona;Cataluña/Catalunya;2106.0;16.46;10.1;<=30 km;7.02;5.51
01033;Lapuebla de Labarca;RIOJA ALAVESA;Araba/Álava;País Vasco/Euskadi;859.0;6.05;10.13;<=30 km;0.12;0.12
46245;Torres Torres;SAGUNTO;València/Valencia;Comunitat Valenciana;750.0;11.78;10.13;<=30 km;5.0;11.61
01008;Arratzua-Ubarrundia;LLANADA ALAVESA;Araba/Álava;País Vasco/Euskadi;1047.0;57.49;10.17;<=30 km;3.56;2.95
25078;Corbins;SEGRIA;Lleida;Cataluña/Catalunya;1502.0;21.31;10.22;<=30 km;4.75;0.2
32065;Punxín;ORENSE;Ourense;Galicia;755.0;17.14;10.23;<=30 km;0.72;7.24
43122;Renau;TARRAGONES;Tarragona;Cataluña/Catalunya;158.0;8.33;10.31;<=30 km;1.31;1.94
08242;Marganell;BAGES;Barcelona;Cataluña/Catalunya;308.0;13.39;10.39;<=30 km;5.04;13.65
46009;Albalat dels Sorells;HUERTA DE VALENCIA;València/Valencia;Comunitat Valenciana;4249.0;4.63;10.44;<=30 km;4.21;3.38
37092;Castellanos de Moriscos;SALAMANCA;Salamanca;Castilla y León;3051.0;13.83;10.54;<=30 km;7.42;8.62
49127;Morales del Vino;DUERO BAJO;Zamora;Castilla y León;3085.0;23.68;10.55;<=30 km;4.23;1.82
43088;Montbrió del Camp;BAIX CAMP;Tarragona;Cataluña/Catalunya;3128.0;10.55;10.56;<=30 km;5.55;4.79
40119;Martín Miguel;CUELLAR;Segovia;Castilla y León;263.0;15.3;10.57;<=30 km;2.22;14.35
37185;Castellanos de Villiquera;SALAMANCA;Salamanca;Castilla y León;703.0;28.87;10.6;<=30 km;3.16;7.66
37087;Carrascal de Barregas;SALAMANCA;Salamanca;Castilla y León;1439.0;76.68;10.6;<=30 km;9.01;11.12
08179;Rellinars;VALLES OCCIDENTAL;Barcelona;Cataluña/Catalunya;920.0;17.91;10.63;<=30 km;16.2;5.99
08084;Fonollosa;BAGES;Barcelona;Cataluña/Catalunya;1585.0;52.31;10.63;<=30 km;3.89;6.02
45002;Alameda de la Sagra;SAGRA-TOLEDO;Toledo;Castilla-La Mancha;4239.0;32.97;10.63;<=30 km;5.47;12.83
08905;La Palma de Cervelló;BAIX LLOBREGAT;Barcelona;Cataluña/Catalunya;3044.0;5.41;10.66;<=30 km;1.11;0.96
17150;Riudellots de la Selva;SELVA;Girona;Cataluña/Catalunya;2142.0;13.36;10.68;<=30 km;0.83;3.18
12902;Sant Joan de Moró;LLANOS CENTRALES;Castelló/Castellón;Comunitat Valenciana;3644.0;28.68;10.71;<=30 km;6.71;10.19
20002;Aduna;TOLOSA;Gipuzkoa;País Vasco/Euskadi;499.0;6.95;10.72;<=30 km;2.77;3.53
12074;la Llosa;LA PLANA;Castelló/Castellón;Comunitat Valenciana;1042.0;10.0;10.75;<=30 km;4.57;6.0
28110;Perales de Tajuña;VEGAS;Madrid;Comunidad de Madrid;3207.0;49.28;10.76;<=30 km;8.05;4.84
46024;Alfara de la Baronia;SAGUNTO;València/Valencia;Comunitat Valenciana;614.0;11.72;10.76;<=30 km;9.46;4.07
03070;Formentera del Segura;MERIDIONAL;Alacant/Alicante;Comunitat Valenciana;4749.0;4.33;10.78;<=30 km;4.99;9.5
43134;El Rourell;ALT CAMP;Tarragona;Cataluña/Catalunya;403.0;2.32;10.84;<=30 km;4.69;0.25
43003;L'Albiol;BAIX CAMP;Tarragona;Cataluña/Catalunya;537.0;20.38;10.89;<=30 km;10.99;4.27
09377;Tardajos;ARLANZON;Burgos;Castilla y León;864.0;12.71;10.9;<=30 km;2.3;8.0
12016;Artana;LA PLANA;Castelló/Castellón;Comunitat Valenciana;1971.0;36.35;10.91;<=30 km;0.61;0.05
26005;Albelda de Iregua;RIOJA MEDIA;La Rioja;La Rioja;3855.0;23.02;10.95;<=30 km;0.64;10.65
17050;Cervià de Ter;GIRONES;Girona;Cataluña/Catalunya;997.0;10.15;10.97;<=30 km;2.64;2.47
18037;Calicasas;DE LA VEGA;Granada;Andalucía;658.0;11.24;10.98;<=30 km;5.75;2.17
43164;Vespella de Gaià;TARRAGONES;Tarragona;Cataluña/Catalunya;506.0;18.14;11.05;<=30 km;11.71;10.48
01901;Iruña Oka/Iruña de Oca;LLANADA ALAVESA;Araba/Álava;País Vasco/Euskadi;3625.0;53.19;11.07;<=30 km;4.05;4.53
22011;Albero Alto;HOYA DE HUESCA;Huesca;Aragón;128.0;19.29;11.08;<=30 km;12.38;8.47
28017;Batres;SUR OCCIDENTAL;Madrid;Comunidad de Madrid;1943.0;21.34;11.09;<=30 km;11.11;6.76
19300;Valdeaveruelo;CAMPIÑA;Guadalajara;Castilla-La Mancha;1290.0;17.24;11.11;<=30 km;7.72;12.76
08294;Vallgorguina;VALLES ORIENTAL;Barcelona;Cataluña/Catalunya;3198.0;22.44;11.12;<=30 km;6.94;4.78
37230;Parada de Arriba;SALAMANCA;Salamanca;Castilla y León;272.0;17.82;11.12;<=30 km;2.41;6.67
30042;Villanueva del Río Segura;RIO SEGURA;Murcia;Región de Murcia;3944.0;13.13;11.13;<=30 km;18.49;20.69
28140;Serranillos del Valle;SUR OCCIDENTAL;Madrid;Comunidad de Madrid;4634.0;13.28;11.13;<=30 km;8.93;4.63
46153;Llocnou de Sant Jeroni;GANDIA;València/Valencia;Comunitat Valenciana;586.0;6.47;11.13;<=30 km;2.77;5.21
09058;Buniel;ARLANZON;Burgos;Castilla y León;612.0;13.27;11.14;<=30 km;11.42;1.16
49010;Arcenillas;DUERO BAJO;Zamora;Castilla y León;448.0;12.1;11.14;<=30 km;5.93;4.43
07021;Estellencs;MALLORCA;Illes Balears;Illes Balears;374.0;13.48;11.22;<=30 km;2.52;14.72
04041;Enix;CAMPO DALIAS;Almería;Andalucía;598.0;66.78;11.23;<=30 km;29.19;10.74
19161;Lupiana;CAMPIÑA;Guadalajara;Castilla-La Mancha;325.0;30.89;11.32;<=30 km;7.2;21.27
08148;Olivella;GARRAF;Barcelona;Cataluña/Catalunya;4419.0;38.94;11.34;<=30 km;10.67;7.08
03025;Benferri;MERIDIONAL;Alacant/Alicante;Comunitat Valenciana;2053.0;12.37;11.41;<=30 km;0.93;4.85
09287;Quintanaortuño;ARLANZON;Burgos;Castilla y León;284.0;5.57;11.42;<=30 km;2.62;3.65
26051;Clavijo;RIOJA MEDIA;La Rioja;La Rioja;296.0;19.64;11.47;<=30 km;6.59;1.72
06009;Aljucén;MERIDA;Badajoz;Extremadura;255.0;19.09;11.48;<=30 km;2.04;2.0
46255;Vilallonga/Villalonga;GANDIA;València/Valencia;Comunitat Valenciana;4713.0;43.32;11.5;<=30 km;3.49;5.84
43024;Bellvei;BAIX PENEDES;Tarragona;Cataluña/Catalunya;2417.0;8.28;11.52;<=30 km;5.16;4.95
48092;Bedia;DURANGUESADO;Bizkaia;País Vasco/Euskadi;1117.0;16.39;11.52;<=30 km;3.36;3.81
28166;Valverde de Alcalá;CAMPIÑA;Madrid;Comunidad de Madrid;553.0;13.74;11.53;<=30 km;19.91;6.76
46030;Algímia d'Alfara;SAGUNTO;València/Valencia;Comunitat Valenciana;1104.0;14.46;11.58;<=30 km;5.89;2.32
01021;Elburgo/Burgelu;LLANADA ALAVESA;Araba/Álava;País Vasco/Euskadi;642.0;32.08;11.61;<=30 km;5.14;1.26
45083;Layos;SAGRA-TOLEDO;Toledo;Castilla-La Mancha;906.0;18.22;11.61;<=30 km;18.25;11.85
03003;Agres;MONTAÑA;Alacant/Alicante;Comunitat Valenciana;610.0;25.85;11.63;<=30 km;5.26;5.17
40031;Bernuy de Porreros;SEGOVIA;Segovia;Castilla y León;1247.0;9.27;11.64;<=30 km;3.68;58.25
05121;Martiherrero;AVILA;Ávila;Castilla y León;361.0;22.79;11.65;<=30 km;5.99;7.44
03010;Alfafara;MONTAÑA;Alacant/Alicante;Comunitat Valenciana;413.0;19.78;11.69;<=30 km;0.25;1.23
03129;Tibi;VINALOPO;Alacant/Alicante;Comunitat Valenciana;1803.0;70.4;11.71;<=30 km;8.12;6.62
16122;Mariana;SERRANIA MEDIA;Cuenca;Castilla-La Mancha;314.0;39.95;11.72;<=30 km;3.75;3.29
04038;Dalías;CAMPO DALIAS;Almería;Andalucía;4169.0;140.62;11.74;<=30 km;1.76;1.63
29033;Canillas de Aceituno;VELEZ MALAGA;Málaga;Andalucía;1777.0;42.03;11.84;<=30 km;5.19;4.28
48056;Lemoiz;MUNGUIA;Bizkaia;País Vasco/Euskadi;1337.0;18.9;11.85;<=30 km;4.51;3.08
17130;La Pera;BAIX EMPORDA;Girona;Cataluña/Catalunya;450.0;12.0;11.87;<=30 km;0.22;0.45
19015;Aldeanueva de Guadalajara;CAMPIÑA;Guadalajara;Castilla-La Mancha;106.0;16.05;11.95;<=30 km;17.86;7.07
03037;Benimantell;MONTAÑA;Alacant/Alicante;Comunitat Valenciana;548.0;37.95;11.95;<=30 km;2.24;9.38
26096;Medrano;RIOJA MEDIA;La Rioja;La Rioja;355.0;7.45;11.96;<=30 km;6.23;4.11
09362;Sarracín;ARLANZON;Burgos;Castilla y León;261.0;9.6;11.97;<=30 km;4.9;1.56
28093;Navacerrada;GUADARRAMA;Madrid;Comunidad de Madrid;3290.0;27.52;12.05;<=30 km;10.61;2.17
28165;Valdilecha;CAMPIÑA;Madrid;Comunidad de Madrid;3213.0;42.55;12.06;<=30 km;8.42;4.35
37069;Calvarrasa de Abajo;SALAMANCA;Salamanca;Castilla y León;1201.0;28.19;12.26;<=30 km;1.48;2.74
05093;Herradón de Pinares;VALLE BAJO ALBERCHE;Ávila;Castilla y León;495.0;48.38;12.27;<=30 km;7.65;13.53
48061;Maruri-Jatabe;MUNGUIA;Bizkaia;País Vasco/Euskadi;1073.0;15.94;12.27;<=30 km;1.02;8.17
34088;Husillos;CAMPOS;Palencia;Castilla y León;393.0;16.34;12.3;<=30 km;14.38;9.78
12094;la Pobla Tornesa;LLANOS CENTRALES;Castelló/Castellón;Comunitat Valenciana;1325.0;25.93;12.33;<=30 km;2.57;6.94
45123;Ontígola;LA MANCHA;Toledo;Castilla-La Mancha;4992.0;41.31;12.33;<=30 km;10.84;5.25
29061;Istán;CENTRO-SUR O GUADALORCE;Málaga;Andalucía;1622.0;99.44;12.34;<=30 km;4.25;6.71
39001;Alfoz de Lloredo;COSTERA;Cantabria;Cantabria;2499.0;46.71;12.34;<=30 km;1.2;2.54
46057;Benicolet;VALLES DE ALBAIDA;València/Valencia;Comunitat Valenciana;605.0;11.34;12.36;<=30 km;0.86;3.07
08139;Mura;BAGES;Barcelona;Cataluña/Catalunya;232.0;48.07;12.36;<=30 km;3.59;0.43
19143;Horche;CAMPIÑA;Guadalajara;Castilla-La Mancha;2934.0;44.4;12.37;<=30 km;6.46;8.59
07053;Santa Eugènia;MALLORCA;Illes Balears;Illes Balears;1899.0;20.36;12.37;<=30 km;3.17;10.15
05232;La Serrada;AVILA;Ávila;Castilla y León;135.0;7.25;12.4;<=30 km;20.72;0.75
08127;Monistrol de Montserrat;BAGES;Barcelona;Cataluña/Catalunya;3198.0;11.95;12.44;<=30 km;7.55;0.63
46136;Godelleta;HOYA DE BUÑOL;València/Valencia;Comunitat Valenciana;4182.0;37.46;12.45;<=30 km;7.28;12.6
43080;La Masó;ALT CAMP;Tarragona;Cataluña/Catalunya;288.0;3.47;12.45;<=30 km;2.54;1.77
25174;La Portella;SEGRIA;Lleida;Cataluña/Catalunya;735.0;12.39;12.46;<=30 km;3.41;1.1
08062;Castellnou de Bages;BAGES;Barcelona;Cataluña/Catalunya;1430.0;29.23;12.5;<=30 km;7.66;0.7
28087;Los Molinos;GUADARRAMA;Madrid;Comunidad de Madrid;4731.0;19.17;12.51;<=30 km;5.43;3.68
47133;Renedo de Esgueva;CENTRO;Valladolid;Castilla y León;3972.0;28.87;12.52;<=30 km;2.95;2.5
32079;Taboadela;ORENSE;Ourense;Galicia;1488.0;25.26;12.55;<=30 km;0.62;2.48
03132;la Torre de les Maçanes/Torremanzanas;MONTAÑA;Alacant/Alicante;Comunitat Valenciana;744.0;36.5;12.55;<=30 km;4.13;9.25
04024;Benahadux;CAMPO NIJAR Y BAJO ANDARAX;Almería;Andalucía;4808.0;16.6;12.55;<=30 km;3.88;6.23
08223;Sant Llorenç Savall;VALLES OCCIDENTAL;Barcelona;Cataluña/Catalunya;2586.0;41.36;12.57;<=30 km;6.03;2.86
28136;Santorcaz;CAMPIÑA;Madrid;Comunidad de Madrid;999.0;28.22;12.65;<=30 km;8.82;8.0
31131;Iza/Itza;CUENCA PAMPLONA;Navarra;Comunidad Foral de Navarra;1380.0;51.46;12.69;<=30 km;7.84;6.73
43160;Vallmoll;ALT CAMP;Tarragona;Cataluña/Catalunya;1951.0;16.6;12.71;<=30 km;3.16;8.81
29073;Monda;CENTRO-SUR O GUADALORCE;Málaga;Andalucía;2981.0;57.65;12.74;<=30 km;9.47;7.93
43111;La Pobla de Montornès;TARRAGONES;Tarragona;Cataluña/Catalunya;3329.0;12.33;12.75;<=30 km;6.05;11.0
29039;Casabermeja;NORTE O ANTEQUERA;Málaga;Andalucía;4065.0;67.59;12.75;<=30 km;5.85;9.51
43020;Banyeres del Penedès;BAIX PENEDES;Tarragona;Cataluña/Catalunya;3347.0;12.28;12.77;<=30 km;4.86;2.04
26078;Hornos de Moncalvillo;RIOJA MEDIA;La Rioja;La Rioja;98.0;7.4;12.78;<=30 km;4.35;2.08
45088;Magán;SAGRA-TOLEDO;Toledo;Castilla-La Mancha;4114.0;29.22;12.78;<=30 km;14.5;5.65
40094;Garcillán;CUELLAR;Segovia;Castilla y León;515.0;22.4;12.9;<=30 km;13.78;0.59
46028;Algar de Palància;SAGUNTO;València/Valencia;Comunitat Valenciana;542.0;13.29;12.93;<=30 km;6.17;8.62
03017;l'Alqueria d'Asnar;MONTAÑA;Alacant/Alicante;Comunitat Valenciana;519.0;1.08;12.95;<=30 km;1.43;4.22
12053;Chilches/Xilxes;LA PLANA;Castelló/Castellón;Comunitat Valenciana;3094.0;13.53;12.98;<=30 km;4.68;10.7
13062;Picón;CAMPO DE CALATRAVA;Ciudad Real;Castilla-La Mancha;690.0;59.54;12.99;<=30 km;1.07;4.39
37209;Mozárbez;SALAMANCA;Salamanca;Castilla y León;510.0;44.87;12.99;<=30 km;2.84;0.59
31085;Etxauri;CUENCA PAMPLONA;Navarra;Comunidad Foral de Navarra;662.0;14.1;13.01;<=30 km;1.9;2.64
46014;Albuixech;HUERTA DE VALENCIA;València/Valencia;Comunitat Valenciana;4419.0;4.36;13.05;<=30 km;5.17;5.49
03046;Busot;CENTRAL;Alacant/Alicante;Comunitat Valenciana;3629.0;33.65;13.05;<=30 km;9.64;13.16
08146;Olesa de Bonesvalls;ALT PENEDÉS;Barcelona;Cataluña/Catalunya;2093.0;30.96;13.09;<=30 km;7.61;8.84
17233;Vilobí d'Onyar;SELVA;Girona;Cataluña/Catalunya;3315.0;32.78;13.1;<=30 km;3.57;0.15
08042;Cànoves i Samalús;VALLES ORIENTAL;Barcelona;Cataluña/Catalunya;3315.0;28.77;13.11;<=30 km;7.48;2.98
03098;Orxeta;CENTRAL;Alacant/Alicante;Comunitat Valenciana;879.0;24.08;13.16;<=30 km;6.64;11.69
28057;Fresno de Torote;CAMPIÑA;Madrid;Comunidad de Madrid;2548.0;31.75;13.18;<=30 km;10.77;5.46
03061;Daya Nueva;MERIDIONAL;Alacant/Alicante;Comunitat Valenciana;1832.0;7.13;13.19;<=30 km;2.27;4.27
03073;Gorga;MONTAÑA;Alacant/Alicante;Comunitat Valenciana;284.0;9.11;13.19;<=30 km;1.16;8.81
50288;Villanueva de Gállego;ZARAGOZA;Zaragoza;Aragón;4814.0;75.99;13.21;<=30 km;1.37;1.88
19331;Yunquera de Henares;CAMPIÑA;Guadalajara;Castilla-La Mancha;4566.0;31.03;13.22;<=30 km;10.85;4.63
03075;el Castell de Guadalest;MONTAÑA;Alacant/Alicante;Comunitat Valenciana;282.0;15.97;13.24;<=30 km;16.27;16.05
09023;Arcos;ARLANZON;Burgos;Castilla y León;1835.0;31.42;13.27;<=30 km;7.84;1.05
28048;Corpa;CAMPIÑA;Madrid;Comunidad de Madrid;792.0;25.94;13.29;<=30 km;6.46;6.74
41063;Los Molares;LA CAMPIÑA;Sevilla;Andalucía;3636.0;42.88;13.31;<=30 km;2.98;2.05
03904;San Isidro;MERIDIONAL;Alacant/Alicante;Comunitat Valenciana;2312.0;11.7;13.32;<=30 km;11.02;7.74
04043;Felix;CAMPO DALIAS;Almería;Andalucía;770.0;81.2;13.32;<=30 km;3.43;15.96
26124;Ribafrecha;RIOJA MEDIA;La Rioja;La Rioja;1065.0;34.55;13.33;<=30 km;4.99;5.55
43128;Riudecols;BAIX CAMP;Tarragona;Cataluña/Catalunya;1232.0;19.53;13.34;<=30 km;3.29;0.57
05173;Ojos-Albos;AVILA;Ávila;Castilla y León;96.0;43.11;13.34;<=30 km;30.16;17.07
08034;Calders;BAGES;Barcelona;Cataluña/Catalunya;1114.0;33.13;13.34;<=30 km;12.37;4.8
08025;El Bruc;ANOIA;Barcelona;Cataluña/Catalunya;2288.0;47.5;13.36;<=30 km;7.4;5.1
45128;Pantoja;SAGRA-TOLEDO;Toledo;Castilla-La Mancha;3523.0;28.04;13.47;<=30 km;5.25;3.37
28162;Valdeolmos-Alalpardo;CAMPIÑA;Madrid;Comunidad de Madrid;4568.0;25.85;13.49;<=30 km;6.68;6.01
46163;Massalfassar;SAGUNTO;València/Valencia;Comunitat Valenciana;2653.0;2.54;13.5;<=30 km;3.79;3.07
43098;Nulles;ALT CAMP;Tarragona;Cataluña/Catalunya;552.0;10.72;13.51;<=30 km;8.18;6.98
43083;El Milà;ALT CAMP;Tarragona;Cataluña/Catalunya;197.0;4.18;13.51;<=30 km;4.37;3.14
25231;Torrelameu;NOGUERA;Lleida;Cataluña/Catalunya;766.0;10.68;13.55;<=30 km;2.29;0.92
40077;Espirdo;SEGOVIA;Segovia;Castilla y León;1607.0;26.0;13.58;<=30 km;11.61;10.67
46067;Benissanó;CAMPOS DE LIRIA;València/Valencia;Comunitat Valenciana;2427.0;2.25;13.59;<=30 km;4.95;3.98
45045;Cazalegas;TALAVERA;Toledo;Castilla-La Mancha;2098.0;29.52;13.59;<=30 km;7.48;13.16
01018;Zigoitia;ESTRIBACIONES GORBEA;Araba/Álava;País Vasco/Euskadi;1844.0;102.01;13.6;<=30 km;2.8;2.33
08059;Castellfollit del Boix;BAGES;Barcelona;Cataluña/Catalunya;459.0;59.56;13.61;<=30 km;0.45;2.46
18170;Rubite;LA COSTA;Granada;Andalucía;426.0;28.48;13.63;<=30 km;0.52;10.94
03086;Millena;MONTAÑA;Alacant/Alicante;Comunitat Valenciana;249.0;9.78;13.64;<=30 km;5.68;2.89
19088;Ciruelas;ALCARRIA ALTA;Guadalajara;Castilla-La Mancha;139.0;21.66;13.69;<=30 km;12.5;18.8
43127;Riudecanyes;BAIX CAMP;Tarragona;Cataluña/Catalunya;1345.0;17.08;13.69;<=30 km;5.57;12.65
04078;Rioja;CAMPO NIJAR Y BAJO ANDARAX;Almería;Andalucía;1589.0;36.38;13.71;<=30 km;9.09;6.79
08065;Castellví de la Marca;ALT PENEDÉS;Barcelona;Cataluña/Catalunya;1716.0;28.74;13.74;<=30 km;4.11;7.45
04904;Balanegra;CAMPO DALIAS;Almería;Andalucía;3016.0;31.57;13.74;<=30 km;0.89;1.93
40072;Encinillas;SEGOVIA;Segovia;Castilla y León;352.0;8.27;13.75;<=30 km;16.85;10.34
08134;Figaró-Montmany;VALLES ORIENTAL;Barcelona;Cataluña/Catalunya;1188.0;14.98;13.76;<=30 km;1.62;5.41
22015;Alcalá del Obispo;HOYA DE HUESCA;Huesca;Aragón;372.0;48.07;13.77;<=30 km;3.69;10.39
09276;La Puebla de Arganzón;BUREBA-EBRO;Burgos;Castilla y León;557.0;18.84;13.78;<=30 km;3.64;8.58
16031;Beamud;SERRANIA MEDIA;Cuenca;Castilla-La Mancha;48.0;23.37;13.79;<=30 km;8.57;26.32
29016;Árchez;VELEZ MALAGA;Málaga;Andalucía;411.0;4.79;13.8;<=30 km;1.79;3.27
29011;Almogía;CENTRO-SUR O GUADALORCE;Málaga;Andalucía;4132.0;162.83;13.83;<=30 km;2.36;7.07
08206;Sant Cugat Sesgarrigues;ALT PENEDÉS;Barcelona;Cataluña/Catalunya;1031.0;6.31;13.84;<=30 km;1.52;2.69
09297;Las Quintanillas;ARLANZON;Burgos;Castilla y León;388.0;24.77;13.84;<=30 km;0.8;2.37
28146;Tielmes;VEGAS;Madrid;Comunidad de Madrid;2810.0;26.58;13.85;<=30 km;6.8;1.04
09288;Quintanapalla;ARLANZON;Burgos;Castilla y León;120.0;15.86;13.86;<=30 km;5.41;2.56
08193;Sant Iscle de Vallalta;MARESME;Barcelona;Cataluña/Catalunya;1458.0;17.97;13.86;<=30 km;9.52;1.39
48086;Sopuerta;ENCARTACIONES;Bizkaia;País Vasco/Euskadi;2765.0;42.52;13.87;<=30 km;2.69;4.81
24065;Chozas de Abajo;EL PARAMO;León;Castilla y León;2678.0;100.42;13.88;<=30 km;1.25;3.16
31246;Uterga;CUENCA PAMPLONA;Navarra;Comunidad Foral de Navarra;171.0;8.62;13.89;<=30 km;3.66;0.59
09315;Revillarruz;ARLANZON;Burgos;Castilla y León;634.0;16.97;13.89;<=30 km;7.84;12.41
06132;Torremayor;MERIDA;Badajoz;Extremadura;1004.0;21.04;13.9;<=30 km;1.23;1.93
28116;Pozuelo del Rey;CAMPIÑA;Madrid;Comunidad de Madrid;1292.0;30.91;13.9;<=30 km;6.25;8.57
17901;Cruïlles, Monells i Sant Sadurní de l'Heura;BAIX EMPORDA;Girona;Cataluña/Catalunya;1329.0;100.27;13.96;<=30 km;4.16;0.15
17166;Sant Jordi Desvalls;GIRONES;Girona;Cataluña/Catalunya;871.0;11.96;13.97;<=30 km;8.89;9.42
43140;Santa Oliva;BAIX PENEDES;Tarragona;Cataluña/Catalunya;3672.0;9.49;14.0;<=30 km;3.67;6.43
25210;Soses;SEGRIA;Lleida;Cataluña/Catalunya;1881.0;30.19;14.01;<=30 km;0.96;5.61
12128;Vilafamés;LLANOS CENTRALES;Castelló/Castellón;Comunitat Valenciana;1938.0;70.6;14.04;<=30 km;0.38;5.33
08154;Pacs del Penedès;ALT PENEDÉS;Barcelona;Cataluña/Catalunya;935.0;6.11;14.08;<=30 km;0.77;2.19
37073;Calzada de Valdunciel;SALAMANCA;Salamanca;Castilla y León;700.0;20.04;14.22;<=30 km;3.25;0.29
28119;Quijorna;SUR OCCIDENTAL;Madrid;Comunidad de Madrid;4001.0;25.62;14.26;<=30 km;7.03;11.36
48035;Fruiz;MUNGUIA;Bizkaia;País Vasco/Euskadi;576.0;5.62;14.27;<=30 km;0.55;5.11
50209;Pinseque;ZARAGOZA;Zaragoza;Aragón;4551.0;16.11;14.31;<=30 km;7.06;8.77
28156;Valdeavero;CAMPIÑA;Madrid;Comunidad de Madrid;1823.0;18.71;14.31;<=30 km;10.6;9.16
28157;Valdelaguna;VEGAS;Madrid;Comunidad de Madrid;1094.0;42.05;14.33;<=30 km;13.62;6.63
45154;San Román de los Montes;TALAVERA;Toledo;Castilla-La Mancha;2112.0;44.84;14.36;<=30 km;5.24;7.26
31228;Tiebas-Muruarte de Reta;CUENCA PAMPLONA;Navarra;Comunidad Foral de Navarra;660.0;21.34;14.36;<=30 km;8.03;2.17
09304;Rabé de las Calzadas;ARLANZON;Burgos;Castilla y León;250.0;10.1;14.36;<=30 km;11.54;7.76
08013;Avinyonet del Penedès;ALT PENEDÉS;Barcelona;Cataluña/Catalunya;1744.0;29.32;14.39;<=30 km;1.92;2.53
47023;Boecillo;CENTRO;Valladolid;Castilla y León;4357.0;24.11;14.39;<=30 km;1.56;3.27
26143;Sojuela;RIOJA MEDIA;La Rioja;La Rioja;659.0;15.14;14.42;<=30 km;57.09;41.72
46212;Real;HOYA DE BUÑOL;València/Valencia;Comunitat Valenciana;2435.0;18.32;14.44;<=30 km;4.55;8.22
03045;Bolulla;CENTRAL;Alacant/Alicante;Comunitat Valenciana;486.0;13.58;14.45;<=30 km;1.91;14.08
03036;Benillup;MONTAÑA;Alacant/Alicante;Comunitat Valenciana;109.0;3.38;14.45;<=30 km;7.45;7.92
43074;Llorenç del Penedès;BAIX PENEDES;Tarragona;Cataluña/Catalunya;2431.0;4.69;14.47;<=30 km;2.32;2.1
37322;Terradillos;ALBA DE TORMES;Salamanca;Castilla y León;3220.0;33.16;14.47;<=30 km;1.47;4.01
20014;Asteasu;TOLOSA;Gipuzkoa;País Vasco/Euskadi;1575.0;16.75;14.47;<=30 km;1.04;1.68
33039;Muros de Nalón;GRADO;Asturias;Principado de Asturias;1942.0;8.28;14.52;<=30 km;4.06;1.09
09109;Condado de Treviño;BUREBA-EBRO;Burgos;Castilla y León;1489.0;260.15;14.55;<=30 km;4.73;5.16
26002;Agoncillo;RIOJA MEDIA;La Rioja;La Rioja;1314.0;34.87;14.56;<=30 km;4.34;13.96
40173;Roda de Eresma;CUELLAR;Segovia;Castilla y León;253.0;9.96;14.57;<=30 km;8.65;25.87
07007;Banyalbufar;MALLORCA;Illes Balears;Illes Balears;577.0;18.12;14.6;<=30 km;7.75;6.46
01001;Alegría-Dulantzi;LLANADA ALAVESA;Araba/Álava;País Vasco/Euskadi;2971.0;19.93;14.63;<=30 km;1.32;1.57
46176;Montroi/Montroy;HOYA DE BUÑOL;València/Valencia;Comunitat Valenciana;3477.0;31.4;14.66;<=30 km;8.75;13.29
39048;Penagos;COSTERA;Cantabria;Cantabria;2254.0;31.65;14.66;<=30 km;2.85;3.97
43009;Alforja;BAIX CAMP;Tarragona;Cataluña/Catalunya;2019.0;38.45;14.74;<=30 km;3.08;9.55
19297;Valdarachas;CAMPIÑA;Guadalajara;Castilla-La Mancha;55.0;9.69;14.74;<=30 km;22.86;27.91
50066;Cadrete;ZARAGOZA;Zaragoza;Aragón;4639.0;11.9;14.74;<=30 km;11.39;7.04
20031;Elduain;TOLOSA;Gipuzkoa;País Vasco/Euskadi;250.0;25.05;14.75;<=30 km;2.09;2.46
43050;Creixell;TARRAGONES;Tarragona;Cataluña/Catalunya;4190.0;10.44;14.79;<=30 km;10.95;7.11
13031;Carrión de Calatrava;CAMPO DE CALATRAVA;Ciudad Real;Castilla-La Mancha;3233.0;94.27;14.79;<=30 km;0.19;4.76
43137;Sant Jaume dels Domenys;BAIX PENEDES;Tarragona;Cataluña/Catalunya;2803.0;24.4;14.8;<=30 km;4.51;5.14
45197;Villasequilla;LA MANCHA;Toledo;Castilla-La Mancha;2621.0;76.9;14.84;<=30 km;3.89;1.08
17172;Sant Martí de Llémena;GIRONES;Girona;Cataluña/Catalunya;706.0;43.18;14.84;<=30 km;5.91;6.49
31147;Legarda;CUENCA PAMPLONA;Navarra;Comunidad Foral de Navarra;146.0;8.29;14.88;<=30 km;9.73;17.74
17153;Rupià;BAIX EMPORDA;Girona;Cataluña/Catalunya;330.0;5.34;14.92;<=30 km;10.04;11.49
13066;Pozuelo de Calatrava;CAMPO DE CALATRAVA;Ciudad Real;Castilla-La Mancha;3894.0;99.86;14.94;<=30 km;5.23;7.48
47027;Cabezón de Pisuerga;CENTRO;Valladolid;Castilla y León;3895.0;45.39;14.95;<=30 km;1.46;3.95
07016;Consell;MALLORCA;Illes Balears;Illes Balears;4399.0;13.77;15.0;<=30 km;5.86;3.68
46026;Alfarb;HOYA DE BUÑOL;València/Valencia;Comunitat Valenciana;1676.0;20.58;15.0;<=30 km;2.09;7.16
31234;Ucar;CUENCA PAMPLONA;Navarra;Comunidad Foral de Navarra;190.0;11.84;15.01;<=30 km;4.52;2.7
45051;Cobeja;SAGRA-TOLEDO;Toledo;Castilla-La Mancha;2668.0;17.65;15.02;<=30 km;9.34;10.61
08027;Les Cabanyes;ALT PENEDÉS;Barcelona;Cataluña/Catalunya;1012.0;1.15;15.02;<=30 km;4.15;0.7
05222;Santa Cruz de Pinares;VALLE BAJO ALBERCHE;Ávila;Castilla y León;170.0;41.36;15.04;<=30 km;14.89;4.94
22021;Almudévar;HOYA DE HUESCA;Huesca;Aragón;2437.0;201.52;15.07;<=30 km;0.75;1.04
08069;Collbató;BAIX LLOBREGAT;Barcelona;Cataluña/Catalunya;4849.0;18.12;15.07;<=30 km;4.42;4.17
01058;Legutio;ESTRIBACIONES GORBEA;Araba/Álava;País Vasco/Euskadi;2086.0;45.82;15.08;<=30 km;6.63;4.67
31007;Adiós;CUENCA PAMPLONA;Navarra;Comunidad Foral de Navarra;191.0;7.72;15.11;<=30 km;7.05;14.37
18068;Dílar;DE LA VEGA;Granada;Andalucía;2319.0;79.22;15.16;<=30 km;5.17;8.52
17057;Corçà;BAIX EMPORDA;Girona;Cataluña/Catalunya;1282.0;16.17;15.18;<=30 km;1.76;0.55
46228;Serra;SAGUNTO;València/Valencia;Comunitat Valenciana;3725.0;57.39;15.21;<=30 km;7.6;12.0
40223;Vegas de Matute;SEGOVIA;Segovia;Castilla y León;339.0;21.91;15.29;<=30 km;20.38;8.31
39062;Ribamontán al Monte;COSTERA;Cantabria;Cantabria;2538.0;42.27;15.3;<=30 km;5.54;6.55
03114;la Romana;VINALOPO;Alacant/Alicante;Comunitat Valenciana;2672.0;43.23;15.31;<=30 km;6.99;5.11
40207;Trescasas;SEGOVIA;Segovia;Castilla y León;1105.0;32.67;15.36;<=30 km;1.9;3.08
26103;Nalda;RIOJA MEDIA;La Rioja;La Rioja;1307.0;24.58;15.38;<=30 km;14.07;15.97
17903;Sant Julià del Llor i Bonmatí;SELVA;Girona;Cataluña/Catalunya;1373.0;9.71;15.4;<=30 km;3.06;4.49
26088;Leza de Río Leza;RIOJA MEDIA;La Rioja;La Rioja;43.0;11.12;15.42;<=30 km;27.27;2.38
31056;Biurrun-Olcoz;CUENCA PAMPLONA;Navarra;Comunidad Foral de Navarra;236.0;15.68;15.45;<=30 km;11.27;3.96
49125;Moraleja del Vino;DUERO BAJO;Zamora;Castilla y León;1806.0;19.5;15.46;<=30 km;2.05;3.79
20046;Irura;TOLOSA;Gipuzkoa;País Vasco/Euskadi;1895.0;2.99;15.47;<=30 km;0.81;0.96
45181;Velada;TALAVERA;Toledo;Castilla-La Mancha;2907.0;144.82;15.49;<=30 km;1.4;0.07
45025;Cabañas de la Sagra;SAGRA-TOLEDO;Toledo;Castilla-La Mancha;2137.0;16.39;15.58;<=30 km;9.28;9.31
08203;Sant Cebrià de Vallalta;MARESME;Barcelona;Cataluña/Catalunya;3828.0;15.81;15.6;<=30 km;6.76;7.23
28170;Villaconejos;VEGAS;Madrid;Comunidad de Madrid;3508.0;33.27;15.6;<=30 km;3.0;1.27
39026;Corvera de Toranzo;PAS-IGUÑA;Cantabria;Cantabria;2139.0;50.0;15.61;<=30 km;0.64;4.14
03022;Benasau;MONTAÑA;Alacant/Alicante;Comunitat Valenciana;171.0;9.05;15.62;<=30 km;8.97;0.59
08094;La Granada;ALT PENEDÉS;Barcelona;Cataluña/Catalunya;2263.0;6.44;15.62;<=30 km;3.62;2.54
48094;Igorre;ARRATIA-NERVION;Bizkaia;País Vasco/Euskadi;4330.0;17.07;15.64;<=30 km;1.34;0.37
39078;Santiurde de Toranzo;PAS-IGUÑA;Cantabria;Cantabria;1739.0;36.3;15.68;<=30 km;4.44;2.6
45093;Marrupe;TALAVERA;Toledo;Castilla-La Mancha;162.0;10.5;15.69;<=30 km;0.65;5.19
50903;Villamayor de Gállego;ZARAGOZA;Zaragoza;Aragón;2854.0;89.37;15.69;<=30 km;2.67;3.11
47044;Castronuevo de Esgueva;CENTRO;Valladolid;Castilla y León;393.0;29.2;15.7;<=30 km;1.88;3.69
09904;Valle de las Navas;ARLANZON;Burgos;Castilla y León;543.0;111.75;15.71;<=30 km;3.11;2.45
20010;Anoeta;TOLOSA;Gipuzkoa;País Vasco/Euskadi;2087.0;4.13;15.78;<=30 km;2.56;0.05
17028;Brunyola i Sant Martí Sapresa;SELVA;Girona;Cataluña/Catalunya;395.0;37.12;15.79;<=30 km;5.69;1.28
50203;Pastriz;ZARAGOZA;Zaragoza;Aragón;1305.0;16.52;15.81;<=30 km;0.08;0.85
45189;Villamiel de Toledo;TORRIJOS;Toledo;Castilla-La Mancha;1069.0;41.64;15.84;<=30 km;14.99;7.22
30006;Aledo;SUROESTE Y VALLE GUADALENTIN;Murcia;Región de Murcia;1108.0;49.52;15.86;<=30 km;5.97;2.31
08234;Sant Pere de Vilamajor;VALLES ORIENTAL;Barcelona;Cataluña/Catalunya;4941.0;34.59;15.89;<=30 km;6.86;5.78
18906;Los Guájares;LA COSTA;Granada;Andalucía;1125.0;89.25;15.92;<=30 km;4.47;4.75
31172;Monreal/Elo;PIRINEOS;Navarra;Comunidad Foral de Navarra;512.0;22.6;15.94;<=30 km;3.0;6.67
19225;Pozo de Guadalajara;CAMPIÑA;Guadalajara;Castilla-La Mancha;1699.0;11.8;15.99;<=30 km;9.69;22.05
25048;Bell-lloc d'Urgell;PLA D'URGELL;Lleida;Cataluña/Catalunya;2359.0;35.22;16.02;<=30 km;1.75;1.29
29002;Alcaucín;VELEZ MALAGA;Málaga;Andalucía;2653.0;45.16;16.03;<=30 km;5.67;12.13
46068;Benissoda;VALLES DE ALBAIDA;València/Valencia;Comunitat Valenciana;485.0;4.04;16.06;<=30 km;5.5;9.98
03007;Alcosser;MONTAÑA;Alacant/Alicante;Comunitat Valenciana;259.0;4.39;16.08;<=30 km;6.11;6.58
45196;Villaseca de la Sagra;SAGRA-TOLEDO;Toledo;Castilla-La Mancha;1859.0;31.63;16.16;<=30 km;3.63;0.05
43091;Mont-ral;ALT CAMP;Tarragona;Cataluña/Catalunya;184.0;34.67;16.19;<=30 km;1.2;8.88
29052;Faraján;SERRANIA DE RONDA;Málaga;Andalucía;284.0;20.41;16.2;<=30 km;0.81;13.6
47193;Viana de Cega;CENTRO;Valladolid;Castilla y León;2292.0;17.98;16.23;<=30 km;5.99;6.11
25182;Puigverd de Lleida;SEGRIA;Lleida;Cataluña/Catalunya;1418.0;12.6;16.3;<=30 km;1.54;2.46
26057;Daroca de Rioja;RIOJA MEDIA;La Rioja;La Rioja;66.0;11.29;16.33;<=30 km;31.91;6.45
24218;Villanueva de las Manzanas;ESLA-CAMPOS;León;Castilla y León;502.0;31.9;16.34;<=30 km;2.06;1.41
45012;Almonacid de Toledo;LA MANCHA;Toledo;Castilla-La Mancha;931.0;95.52;16.39;<=30 km;7.66;10.44
19274;Torija;ALCARRIA ALTA;Guadalajara;Castilla-La Mancha;1764.0;35.05;16.41;<=30 km;10.74;11.86
08018;Balsareny;BAGES;Barcelona;Cataluña/Catalunya;3328.0;36.84;16.52;<=30 km;2.28;1.53
03016;Almudaina;MONTAÑA;Alacant/Alicante;Comunitat Valenciana;118.0;8.82;16.53;<=30 km;12.5;0.85
45032;Camarenilla;TORRIJOS;Toledo;Castilla-La Mancha;606.0;24.3;16.55;<=30 km;5.76;3.06
45026;Cabañas de Yepes;LA MANCHA;Toledo;Castilla-La Mancha;306.0;17.96;16.56;<=30 km;25.42;1.66
43119;Puigpelat;ALT CAMP;Tarragona;Cataluña/Catalunya;1205.0;9.58;16.57;<=30 km;3.91;0.75
03008;Alcoleja;MONTAÑA;Alacant/Alicante;Comunitat Valenciana;186.0;14.57;16.57;<=30 km;0.56;2.76
37338;Valdunciel;SALAMANCA;Salamanca;Castilla y León;110.0;33.24;16.58;<=30 km;3.0;6.8
46123;Favara;RIBERAS DEL JUCAR;València/Valencia;Comunitat Valenciana;2701.0;9.46;16.58;<=30 km;2.93;5.38
24061;Cuadros;TIERRAS DE LEON;León;Castilla y León;2090.0;109.75;16.64;<=30 km;1.93;1.6
12106;Soneja;PALANCIA;Castelló/Castellón;Comunitat Valenciana;1513.0;28.99;16.66;<=30 km;2.78;2.3
19126;Galápagos;CAMPIÑA;Guadalajara;Castilla-La Mancha;2748.0;33.88;16.66;<=30 km;6.75;6.55
08239;Sant Quirze Safaja;VALLES ORIENTAL;Barcelona;Cataluña/Catalunya;669.0;25.99;16.67;<=30 km;3.61;1.36
45028;Calera y Chozas;TALAVERA;Toledo;Castilla-La Mancha;4773.0;219.03;16.67;<=30 km;0.02;2.84
43167;Vilanova d'Escornalbou;BAIX CAMP;Tarragona;Cataluña/Catalunya;610.0;17.3;16.69;<=30 km;6.01;4.81
31180;Muruzábal;CUENCA PAMPLONA;Navarra;Comunidad Foral de Navarra;275.0;5.94;16.7;<=30 km;6.28;8.27
31243;Urroz-Villa;PIRINEOS;Navarra;Comunidad Foral de Navarra;404.0;11.25;16.72;<=30 km;6.95;1.0
30014;Campos del Río;CENTRO;Murcia;Región de Murcia;2151.0;47.0;16.73;<=30 km;0.78;4.37
08229;Sant Mateu de Bages;BAGES;Barcelona;Cataluña/Catalunya;637.0;102.68;16.75;<=30 km;2.33;3.75
08128;Monistrol de Calders;BAGES;Barcelona;Cataluña/Catalunya;761.0;22.05;16.75;<=30 km;5.76;6.28
47191;Velliza;CENTRO;Valladolid;Castilla y León;121.0;22.64;16.82;<=30 km;9.26;2.54
17218;Vilademuls;PLA DE L'ESTANY;Girona;Cataluña/Catalunya;866.0;62.53;16.83;<=30 km;1.46;3.71
08304;Vilobí del Penedès;ALT PENEDÉS;Barcelona;Cataluña/Catalunya;1150.0;9.43;16.85;<=30 km;1.99;1.95
37027;Almenara de Tormes;LEDESMA;Salamanca;Castilla y León;305.0;19.3;16.85;<=30 km;13.78;5.54
08227;Sant Martí Sarroca;ALT PENEDÉS;Barcelona;Cataluña/Catalunya;3391.0;35.38;16.86;<=30 km;1.7;3.2
17055;Colomers;BAIX EMPORDA;Girona;Cataluña/Catalunya;205.0;4.29;16.86;<=30 km;6.82;9.04
34221;Villamediana;EL CERRATO;Palencia;Castilla y León;183.0;58.1;16.9;<=30 km;4.0;0.55
18099;Huétor de Santillán;DE LA VEGA;Granada;Andalucía;1938.0;93.2;16.93;<=30 km;0.8;2.16
45147;Rielves;TORRIJOS;Toledo;Castilla-La Mancha;859.0;32.64;16.93;<=30 km;3.64;11.85
09108;Cogollos;ARLANZA;Burgos;Castilla y León;677.0;31.23;16.94;<=30 km;8.62;14.36
31237;Unciti;PIRINEOS;Navarra;Comunidad Foral de Navarra;233.0;37.29;16.99;<=30 km;7.08;2.64
43015;Arbolí;BAIX CAMP;Tarragona;Cataluña/Catalunya;129.0;20.73;17.0;<=30 km;8.62;2.38
31238;Unzué/Untzue;NAVARRA MEDIA;Navarra;Comunidad Foral de Navarra;165.0;18.87;17.01;<=30 km;16.79;3.12
24076;Garrafe de Torío;TIERRAS DE LEON;León;Castilla y León;1640.0;125.3;17.03;<=30 km;7.73;3.21
26019;Arrúbal;RIOJA MEDIA;La Rioja;La Rioja;565.0;7.62;17.07;<=30 km;10.04;5.21
18109;Jete;LA COSTA;Granada;Andalucía;995.0;13.9;17.08;<=30 km;8.36;1.02
08063;Castellolí;ANOIA;Barcelona;Cataluña/Catalunya;658.0;25.43;17.16;<=30 km;7.05;0.77
12049;Costur;LLANOS CENTRALES;Castelló/Castellón;Comunitat Valenciana;535.0;21.94;17.18;<=30 km;3.91;0.75
39090;Udías;COSTERA;Cantabria;Cantabria;946.0;19.92;17.19;<=30 km;0.54;1.72
22905;Lupiñén-Ortilla;HOYA DE HUESCA;Huesca;Aragón;349.0;110.09;17.22;<=30 km;2.05;0.29
06043;Don Álvaro;MERIDA;Badajoz;Extremadura;815.0;32.11;17.23;<=30 km;2.08;3.95
26083;Lagunilla del Jubera;RIOJA MEDIA;La Rioja;La Rioja;390.0;34.27;17.23;<=30 km;13.65;17.12
43034;Bràfim;ALT CAMP;Tarragona;Cataluña/Catalunya;696.0;6.36;17.24;<=30 km;3.27;0.14
43089;Montferri;ALT CAMP;Tarragona;Cataluña/Catalunya;473.0;19.39;17.28;<=30 km;3.66;19.14
39011;Bareyo;COSTERA;Cantabria;Cantabria;2133.0;32.27;17.33;<=30 km;7.96;0.19
08002;Aguilar de Segarra;BAGES;Barcelona;Cataluña/Catalunya;291.0;43.37;17.33;<=30 km;3.25;1.75
03027;Beniardà;MONTAÑA;Alacant/Alicante;Comunitat Valenciana;235.0;15.75;17.35;<=30 km;7.87;22.4
19041;Armuña de Tajuña;CAMPIÑA;Guadalajara;Castilla-La Mancha;264.0;20.68;17.4;<=30 km;6.19;10.0
43030;Bonastre;BAIX PENEDES;Tarragona;Cataluña/Catalunya;760.0;25.07;17.42;<=30 km;5.82;4.54
48010;Arrieta;MUNGUIA;Bizkaia;País Vasco/Euskadi;579.0;14.61;17.43;<=30 km;1.41;0.7
48012;Bakio;MUNGUIA;Bizkaia;País Vasco/Euskadi;2821.0;16.58;17.45;<=30 km;4.91;1.66
03072;Gaianes;MONTAÑA;Alacant/Alicante;Comunitat Valenciana;553.0;9.58;17.46;<=30 km;7.22;9.5
28035;Carabaña;VEGAS;Madrid;Comunidad de Madrid;2352.0;47.64;17.46;<=30 km;12.44;9.8
40203;Torrecaballeros;SEGOVIA;Segovia;Castilla y León;1496.0;42.23;17.51;<=30 km;4.99;7.7
03004;Aigües;CENTRAL;Alacant/Alicante;Comunitat Valenciana;1189.0;18.48;17.55;<=30 km;12.07;13.35
01027;Iruraiz-Gauna;LLANADA ALAVESA;Araba/Álava;País Vasco/Euskadi;553.0;47.09;17.57;<=30 km;2.32;4.54
17137;Porqueres;PLA DE L'ESTANY;Girona;Cataluña/Catalunya;4804.0;33.9;17.57;<=30 km;2.31;2.19
18079;Fuente Vaqueros;DE LA VEGA;Granada;Andalucía;4625.0;16.06;17.58;<=30 km;0.64;4.76
28178;Villanueva de Perales;SUR OCCIDENTAL;Madrid;Comunidad de Madrid;1674.0;31.46;17.61;<=30 km;3.36;4.69
17126;Parlavà;BAIX EMPORDA;Girona;Cataluña/Catalunya;427.0;6.25;17.64;<=30 km;4.82;3.39
39068;Ruiloba;COSTERA;Cantabria;Cantabria;760.0;15.2;17.72;<=30 km;1.23;2.56
31098;Esteribar;PIRINEOS;Navarra;Comunidad Foral de Navarra;2877.0;149.07;17.74;<=30 km;7.31;3.12
09177;Ibeas de Juarros;ARLANZON;Burgos;Castilla y León;1445.0;130.17;17.75;<=30 km;2.35;0.49
24205;Villadangos del Páramo;EL PARAMO;León;Castilla y León;1235.0;44.95;17.79;<=30 km;10.97;1.73
37130;Forfoleda;SALAMANCA;Salamanca;Castilla y León;204.0;38.09;17.79;<=30 km;2.59;3.03
43002;Albinyana;BAIX PENEDES;Tarragona;Cataluña/Catalunya;2677.0;19.57;17.83;<=30 km;5.61;6.91
19242;Romanones;CAMPIÑA;Guadalajara;Castilla-La Mancha;118.0;28.85;17.85;<=30 km;4.0;13.46
45003;Albarreal de Tajo;TORRIJOS;Toledo;Castilla-La Mancha;762.0;41.46;17.86;<=30 km;2.31;7.63
29006;Algatocín;SERRANIA DE RONDA;Málaga;Andalucía;834.0;19.72;17.89;<=30 km;6.04;1.09
08207;Sant Esteve de Palautordera;VALLES ORIENTAL;Barcelona;Cataluña/Catalunya;3080.0;10.7;17.92;<=30 km;9.02;2.77
28179;Villar del Olmo;CAMPIÑA;Madrid;Comunidad de Madrid;2277.0;27.78;17.94;<=30 km;12.4;2.99
47115;Peñaflor de Hornija;CENTRO;Valladolid;Castilla y León;350.0;66.2;17.96;<=30 km;10.74;6.06
38012;Fasnia;SUR DE TENERIFE;Santa Cruz de Tenerife;Canarias;3066.0;45.24;17.97;<=30 km;1.41;9.23
28094;Navalafuente;LOZOYA SOMOSIERRA;Madrid;Comunidad de Madrid;1672.0;12.18;17.98;<=30 km;12.6;6.29
29058;Guaro;CENTRO-SUR O GUADALORCE;Málaga;Andalucía;2469.0;22.4;17.99;<=30 km;6.6;6.15
45078;Huerta de Valdecarábanos;LA MANCHA;Toledo;Castilla-La Mancha;1771.0;82.94;18.02;<=30 km;0.12;5.23
48023;Artea;ARRATIA-NERVION;Bizkaia;País Vasco/Euskadi;748.0;12.34;18.06;<=30 km;0.95;0.81
12056;Chóvar;PALANCIA;Castelló/Castellón;Comunitat Valenciana;312.0;18.32;18.09;<=30 km;1.68;3.31
28169;Venturada;LOZOYA SOMOSIERRA;Madrid;Comunidad de Madrid;2559.0;10.22;18.11;<=30 km;14.7;7.21
08162;Els Hostalets de Pierola;ANOIA;Barcelona;Cataluña/Catalunya;3231.0;33.57;18.13;<=30 km;4.57;5.45
39004;Arenas de Iguña;PAS-IGUÑA;Cantabria;Cantabria;1756.0;86.16;18.18;<=30 km;1.61;3.11
20021;Belauntza;TOLOSA;Gipuzkoa;País Vasco/Euskadi;288.0;3.43;18.21;<=30 km;5.86;13.83
08224;Sant Martí de Centelles;OSONA;Barcelona;Cataluña/Catalunya;1259.0;25.99;18.22;<=30 km;4.86;6.16
47218;Villanueva de Duero;SUR;Valladolid;Castilla y León;1258.0;37.27;18.24;<=30 km;4.87;2.53
09133;Fresno de Rodilla;ARLANZON;Burgos;Castilla y León;49.0;12.14;18.25;<=30 km;2.22;6.52
24201;Vegas del Condado;TIERRAS DE LEON;León;Castilla y León;1154.0;122.92;18.28;<=30 km;2.86;0.44
19074;Caspueñas;CAMPIÑA;Guadalajara;Castilla-La Mancha;133.0;14.78;18.29;<=30 km;39.76;14.66
07047;Sencelles;MALLORCA;Illes Balears;Illes Balears;3900.0;53.15;18.3;<=30 km;10.86;10.11
25010;Alcanó;SEGRIA;Lleida;Cataluña/Catalunya;239.0;21.25;18.32;<=30 km;0.43;2.58
20022;Berastegi;TOLOSA;Gipuzkoa;País Vasco/Euskadi;1111.0;45.87;18.33;<=30 km;1.67;1.09
49155;Piedrahita de Castro;CAMPOS-PAN;Zamora;Castilla y León;106.0;20.98;18.4;<=30 km;14.12;9.28
40041;Cantimpalos;CUELLAR;Segovia;Castilla y León;1427.0;26.28;18.4;<=30 km;1.89;6.02
40122;Marugán;CUELLAR;Segovia;Castilla y León;763.0;28.97;18.43;<=30 km;15.72;6.86
04094;Turrillas;CAMPO TABERNAS;Almería;Andalucía;268.0;39.14;18.45;<=30 km;11.59;3.08
45104;Montearagón;TALAVERA;Toledo;Castilla-La Mancha;588.0;11.96;18.45;<=30 km;3.16;12.64
03112;Relleu;CENTRAL;Alacant/Alicante;Comunitat Valenciana;1288.0;76.83;18.46;<=30 km;2.27;9.8
29079;Periana;VELEZ MALAGA;Málaga;Andalucía;3350.0;58.72;18.48;<=30 km;2.97;6.05
29043;Colmenar;NORTE O ANTEQUERA;Málaga;Andalucía;3545.0;65.92;18.48;<=30 km;1.71;2.75
19308;Valfermoso de Tajuña;CAMPIÑA;Guadalajara;Castilla-La Mancha;75.0;29.43;18.51;<=30 km;8.47;17.19
49258;Villanueva de Campeán;DUERO BAJO;Zamora;Castilla y León;117.0;12.05;18.52;<=30 km;0.87;0.86
08174;Puigdàlber;ALT PENEDÉS;Barcelona;Cataluña/Catalunya;629.0;0.65;18.53;<=30 km;6.37;14.16
09030;Los Ausines;ARLANZON;Burgos;Castilla y León;165.0;41.65;18.56;<=30 km;1.55;25.95
31904;Irurtzun;NORD OCCIDENTAL;Navarra;Comunidad Foral de Navarra;2316.0;3.74;18.6;<=30 km;3.94;0.87
43010;Alió;ALT CAMP;Tarragona;Cataluña/Catalunya;504.0;7.3;18.64;<=30 km;12.21;5.44
05115;Maello;AVILA;Ávila;Castilla y León;700.0;65.32;18.65;<=30 km;6.71;10.06
28122;Ribatejada;CAMPIÑA;Madrid;Comunidad de Madrid;900.0;32.15;18.65;<=30 km;22.24;4.29
47057;Cubillas de Santa Marta;CENTRO;Valladolid;Castilla y León;404.0;23.54;18.67;<=30 km;14.66;14.77
17016;Bàscara;ALT EMPORDA;Girona;Cataluña/Catalunya;1057.0;17.14;18.68;<=30 km;1.5;4.14
48079;Errigoiti;GUERNIKA-BERMEO;Bizkaia;País Vasco/Euskadi;511.0;16.51;18.74;<=30 km;0.41;4.5
46090;Castelló de Rugat;VALLES DE ALBAIDA;València/Valencia;Comunitat Valenciana;2352.0;19.03;18.83;<=30 km;1.8;1.55
03057;Confrides;MONTAÑA;Alacant/Alicante;Comunitat Valenciana;296.0;40.01;18.88;<=30 km;30.29;9.23
17187;Saus, Camallera i Llampaies;ALT EMPORDA;Girona;Cataluña/Catalunya;898.0;11.52;18.88;<=30 km;2.0;3.82
28111;Pezuela de las Torres;CAMPIÑA;Madrid;Comunidad de Madrid;989.0;41.67;18.9;<=30 km;12.91;6.69
39064;Riotuerto;COSTERA;Cantabria;Cantabria;1675.0;30.38;18.91;<=30 km;2.24;1.82
31229;Tirapu;CUENCA PAMPLONA;Navarra;Comunidad Foral de Navarra;51.0;5.64;18.92;<=30 km;11.9;8.51
46182;Olocau;CAMPOS DE LIRIA;València/Valencia;Comunitat Valenciana;2425.0;37.35;18.95;<=30 km;14.84;19.58
31206;Puente la Reina/Gares;CUENCA PAMPLONA;Navarra;Comunidad Foral de Navarra;2930.0;39.68;18.98;<=30 km;2.71;0.34
26134;Santa Coloma;RIOJA ALTA;La Rioja;La Rioja;103.0;20.22;19.02;<=30 km;10.23;6.19
48075;Orozko;ARRATIA-NERVION;Bizkaia;País Vasco/Euskadi;2666.0;102.19;19.05;<=30 km;0.26;0.3
29090;Tolox;CENTRO-SUR O GUADALORCE;Málaga;Andalucía;2374.0;94.6;19.06;<=30 km;5.76;7.76
05130;Mironcillo;AVILA;Ávila;Castilla y León;112.0;15.23;19.09;<=30 km;10.53;6.67
04051;Huécija;ALTO ANDARAX;Almería;Andalucía;537.0;19.0;19.1;<=30 km;1.03;9.37
30004;Albudeite;CENTRO;Murcia;Región de Murcia;1400.0;17.08;19.12;<=30 km;1.98;0.86
16074;La Cierva;SERRANIA MEDIA;Cuenca;Castilla-La Mancha;39.0;71.66;19.15;<=30 km;13.33;14.71
01063;Zuia;ESTRIBACIONES GORBEA;Araba/Álava;País Vasco/Euskadi;2372.0;122.48;19.17;<=30 km;0.22;2.33
04011;Alhama de Almería;ALTO ANDARAX;Almería;Andalucía;3878.0;26.22;19.2;<=30 km;3.26;3.88
08039;Campins;VALLES ORIENTAL;Barcelona;Cataluña/Catalunya;606.0;7.38;19.21;<=30 km;4.85;12.22
45188;Villaluenga de la Sagra;SAGRA-TOLEDO;Toledo;Castilla-La Mancha;4171.0;27.0;19.22;<=30 km;7.03;3.4
01011;Baños de Ebro/Mañueta;RIOJA ALAVESA;Araba/Álava;País Vasco/Euskadi;291.0;9.5;19.27;<=30 km;0.35;1.39
12108;Suera/Sueras;PALANCIA;Castelló/Castellón;Comunitat Valenciana;573.0;22.23;19.34;<=30 km;6.54;3.43
43028;La Bisbal del Penedès;BAIX PENEDES;Tarragona;Cataluña/Catalunya;4168.0;32.6;19.37;<=30 km;10.57;8.83
08273;Subirats;ALT PENEDÉS;Barcelona;Cataluña/Catalunya;3281.0;56.03;19.4;<=30 km;4.1;4.19
39066;Ruente;TUDANCA-CABUERNIGA;Cantabria;Cantabria;1072.0;66.09;19.43;<=30 km;0.78;3.68
03081;Xaló;MARQUESADO;Alacant/Alicante;Comunitat Valenciana;3042.0;34.61;19.47;<=30 km;7.79;5.19
28183;Zarzalejo;GUADARRAMA;Madrid;Comunidad de Madrid;1874.0;20.18;19.49;<=30 km;10.25;4.93
46093;Catadau;HOYA DE BUÑOL;València/Valencia;Comunitat Valenciana;2967.0;35.47;19.5;<=30 km;0.57;4.25
28168;El Vellón;LOZOYA SOMOSIERRA;Madrid;Comunidad de Madrid;2166.0;33.49;19.5;<=30 km;7.26;3.98
02035;La Gineta;CENTRO;Albacete;Castilla-La Mancha;2635.0;137.05;19.54;<=30 km;4.33;3.17
47174;Trigueros del Valle;CENTRO;Valladolid;Castilla y León;314.0;37.79;19.58;<=30 km;3.69;1.62
17007;Amer;SELVA;Girona;Cataluña/Catalunya;2415.0;40.11;19.61;<=30 km;5.63;1.34
16030;Bascuñana de San Pedro;SERRANIA MEDIA;Cuenca;Castilla-La Mancha;24.0;19.61;19.61;<=30 km;5.26;20.0
31192;Olóriz/Oloritz;NAVARRA MEDIA;Navarra;Comunidad Foral de Navarra;215.0;40.7;19.62;<=30 km;2.94;2.38
28019;Belmonte de Tajo;VEGAS;Madrid;Comunidad de Madrid;1917.0;24.07;19.64;<=30 km;7.62;9.48
03077;el Fondó de les Neus/Hondón de las Nieves;VINALOPO;Alacant/Alicante;Comunitat Valenciana;2696.0;68.88;19.66;<=30 km;6.47;2.35
45043;Castillo de Bayuela;TALAVERA;Toledo;Castilla-La Mancha;921.0;37.31;19.69;<=30 km;0.11;0.33
28101;Olmeda de las Fuentes;CAMPIÑA;Madrid;Comunidad de Madrid;408.0;16.52;19.7;<=30 km;3.18;14.29
47146;San Miguel del Pino;SUR;Valladolid;Castilla y León;367.0;7.45;19.73;<=30 km;3.24;4.86
28028;Bustarviejo;LOZOYA SOMOSIERRA;Madrid;Comunidad de Madrid;2829.0;56.13;19.77;<=30 km;8.65;4.74
08143;Òdena;ANOIA;Barcelona;Cataluña/Catalunya;3710.0;52.27;19.78;<=30 km;2.02;0.79
08164;El Pla del Penedès;ALT PENEDÉS;Barcelona;Cataluña/Catalunya;1352.0;9.53;19.81;<=30 km;3.73;3.52
28174;Villamanta;SUR OCCIDENTAL;Madrid;Comunidad de Madrid;2823.0;63.24;19.85;<=30 km;5.68;6.81
43079;Masllorenç;BAIX PENEDES;Tarragona;Cataluña/Catalunya;573.0;6.59;19.87;<=30 km;2.01;12.8
17222;Vilaür;ALT EMPORDA;Girona;Cataluña/Catalunya;170.0;5.7;19.88;<=30 km;10.2;4.94
45086;Lucillos;TALAVERA;Toledo;Castilla-La Mancha;629.0;40.54;19.94;<=30 km;3.14;6.43
28102;Orusco de Tajuña;VEGAS;Madrid;Comunidad de Madrid;1511.0;21.36;19.96;<=30 km;7.4;17.04
06119;San Pedro de Mérida;MERIDA;Badajoz;Extremadura;861.0;22.76;19.98;<=30 km;1.79;1.06
08012;Avinyó;BAGES;Barcelona;Cataluña/Catalunya;2313.0;63.82;19.99;<=30 km;1.6;1.18
43132;Rodonyà;ALT CAMP;Tarragona;Cataluña/Catalunya;521.0;8.35;20.01;<=30 km;5.62;2.76
09406;Valdorros;ARLANZA;Burgos;Castilla y León;375.0;16.63;20.03;<=30 km;2.7;9.65
12033;Cabanes;LA PLANA;Castelló/Castellón;Comunitat Valenciana;3313.0;131.68;20.08;<=30 km;4.78;9.45
20050;Leaburu;TOLOSA;Gipuzkoa;País Vasco/Euskadi;389.0;3.49;20.08;<=30 km;0.8;2.37
37019;Aldearrodrigo;LEDESMA;Salamanca;Castilla y León;150.0;8.42;20.1;<=30 km;4.26;2.04
31118;Goñi;CUENCA PAMPLONA;Navarra;Comunidad Foral de Navarra;172.0;42.27;20.1;<=30 km;1.23;4.24
01046;Erriberagoitia/Ribera Alta;VALLES ALAVESES;Araba/Álava;País Vasco/Euskadi;845.0;119.72;20.11;<=30 km;5.9;2.3
13083;Torralba de Calatrava;CAMPO DE CALATRAVA;Ciudad Real;Castilla-La Mancha;3075.0;101.51;20.15;<=30 km;1.05;2.84
39043;Meruelo;COSTERA;Cantabria;Cantabria;2311.0;16.35;20.15;<=30 km;9.69;6.3
24133;Rioseco de Tapia;TIERRAS DE LEON;León;Castilla y León;399.0;72.23;20.16;<=30 km;1.85;3.37
28095;Navalagamella;SUR OCCIDENTAL;Madrid;Comunidad de Madrid;3111.0;75.73;20.17;<=30 km;4.58;14.37
05184;Peguerinos;VALLE BAJO ALBERCHE;Ávila;Castilla y León;294.0;85.93;20.17;<=30 km;0.37;7.69
28145;Talamanca de Jarama;CAMPIÑA;Madrid;Comunidad de Madrid;4533.0;38.48;20.19;<=30 km;10.68;9.94
28029;Cabanillas de la Sierra;LOZOYA SOMOSIERRA;Madrid;Comunidad de Madrid;941.0;13.81;20.24;<=30 km;17.56;12.43
47184;Valoria la Buena;CENTRO;Valladolid;Castilla y León;745.0;43.3;20.33;<=30 km;4.79;9.88
41003;Albaida del Aljarafe;EL ALJARAFE;Sevilla;Andalucía;3223.0;10.93;20.35;<=30 km;0.88;0.06
09026;Arlanzón;ARLANZON;Burgos;Castilla y León;424.0;77.69;20.39;<=30 km;2.7;1.19
48067;Muxika;GUERNIKA-BERMEO;Bizkaia;País Vasco/Euskadi;1545.0;49.84;20.41;<=30 km;1.37;4.75
09448;Villangómez;ARLANZA;Burgos;Castilla y León;232.0;38.32;20.44;<=30 km;3.69;3.11
22239;Tramaced;HOYA DE HUESCA;Huesca;Aragón;106.0;15.42;20.51;<=30 km;1.01;6.0
04081;Santa Fe de Mondújar;CAMPO NIJAR Y BAJO ANDARAX;Almería;Andalucía;494.0;34.84;20.53;<=30 km;10.42;3.56
12124;Vall d'Alba;LLANOS CENTRALES;Castelló/Castellón;Comunitat Valenciana;3103.0;52.96;20.57;<=30 km;4.47;5.44
46012;Alborache;HOYA DE BUÑOL;València/Valencia;Comunitat Valenciana;1471.0;27.34;20.58;<=30 km;13.84;14.65
19123;Fuentelviejo;CAMPIÑA;Guadalajara;Castilla-La Mancha;56.0;12.87;20.58;<=30 km;25.58;3.7
31025;Arakil;NORD OCCIDENTAL;Navarra;Comunidad Foral de Navarra;999.0;53.74;20.63;<=30 km;1.79;3.42
17174;Sant Miquel de Campmajor;PLA DE L'ESTANY;Girona;Cataluña/Catalunya;254.0;33.8;20.66;<=30 km;6.58;4.53
48093;Areatza;ARRATIA-NERVION;Bizkaia;País Vasco/Euskadi;1287.0;9.11;20.67;<=30 km;4.87;1.26
50123;Grisén;ZARAGOZA;Zaragoza;Aragón;632.0;4.89;20.68;<=30 km;1.34;4.46
31018;Añorbe;CUENCA PAMPLONA;Navarra;Comunidad Foral de Navarra;627.0;24.08;20.69;<=30 km;8.1;2.12
45047;Cedillo del Condado;SAGRA-TOLEDO;Toledo;Castilla-La Mancha;4337.0;26.51;20.73;<=30 km;9.17;7.75
43115;Pradell de la Teixeta;PRIORAT;Tarragona;Cataluña/Catalunya;178.0;21.99;20.74;<=30 km;3.14;8.54
40104;Ituero y Lama;SEGOVIA;Segovia;Castilla y León;448.0;13.18;20.83;<=30 km;9.97;12.85
20034;Eskoriatza;ALTO DEBA;Gipuzkoa;País Vasco/Euskadi;4241.0;40.22;20.84;<=30 km;1.08;2.66
18043;Carataunas;LAS ALPUJARRAS;Granada;Andalucía;227.0;4.66;20.85;<=30 km;12.36;13.5
01020;Kuartango;VALLES ALAVESES;Araba/Álava;País Vasco/Euskadi;408.0;84.25;20.86;<=30 km;3.94;3.03
18048;Cijuela;DE LA VEGA;Granada;Andalucía;3714.0;17.91;20.9;<=30 km;7.06;6.97
36031;Mondariz-Balneario;MIÑO;Pontevedra;Galicia;711.0;2.32;20.92;<=30 km;9.22;5.33
08014;Aiguafreda;VALLES ORIENTAL;Barcelona;Cataluña/Catalunya;2576.0;7.95;20.93;<=30 km;2.2;0.78
08097;Gualba;VALLES ORIENTAL;Barcelona;Cataluña/Catalunya;1738.0;23.17;20.94;<=30 km;7.02;9.65
12123;Vallat;LA PLANA;Castelló/Castellón;Comunitat Valenciana;71.0;5.01;20.98;<=30 km;16.33;24.56
31129;Ituren;NORD OCCIDENTAL;Navarra;Comunidad Foral de Navarra;526.0;15.5;20.99;<=30 km;0.79;3.54
03100;Parcent;MARQUESADO;Alacant/Alicante;Comunitat Valenciana;1021.0;11.78;21.02;<=30 km;8.26;3.87
25205;Sidamon;PLA D'URGELL;Lleida;Cataluña/Catalunya;767.0;8.13;21.03;<=30 km;3.0;1.59
39031;Hazas de Cesto;COSTERA;Cantabria;Cantabria;1867.0;21.86;21.03;<=30 km;6.68;13.56
26135;Santa Engracia del Jubera;RIOJA MEDIA;La Rioja;La Rioja;192.0;86.0;21.04;<=30 km;12.99;10.34
39098;Villacarriedo;PAS-IGUÑA;Cantabria;Cantabria;1685.0;50.93;21.05;<=30 km;1.31;3.69
45115;Noblejas;LA MANCHA;Toledo;Castilla-La Mancha;3952.0;69.62;21.07;<=30 km;6.74;6.21
43090;El Montmell;BAIX PENEDES;Tarragona;Cataluña/Catalunya;1917.0;72.75;21.08;<=30 km;20.39;10.81
29083;Riogordo;NORTE O ANTEQUERA;Málaga;Andalucía;2778.0;39.97;21.08;<=30 km;1.22;1.61
50262;Torres de Berrellén;ZARAGOZA;Zaragoza;Aragón;1506.0;53.79;21.12;<=30 km;0.97;3.15
08064;Castellterçol;VALLES ORIENTAL;Barcelona;Cataluña/Catalunya;2773.0;31.95;21.15;<=30 km;8.85;5.36
08085;Font-rubí;ALT PENEDÉS;Barcelona;Cataluña/Catalunya;1446.0;37.18;21.19;<=30 km;6.35;0.42
18120;Lentegí;LA COSTA;Granada;Andalucía;350.0;23.74;21.21;<=30 km;2.74;3.86
45133;Polán;SAGRA-TOLEDO;Toledo;Castilla-La Mancha;3932.0;158.45;21.25;<=30 km;3.17;0.61
18094;Güéjar Sierra;DE LA VEGA;Granada;Andalucía;2926.0;238.76;21.26;<=30 km;2.0;0.69
50062;El Burgo de Ebro;ZARAGOZA;Zaragoza;Aragón;2704.0;24.78;21.27;<=30 km;4.36;6.54
43170;Vila-rodona;ALT CAMP;Tarragona;Cataluña/Catalunya;1374.0;33.1;21.3;<=30 km;3.67;5.77
11902;San José del Valle;CAMPIÑA DE CADIZ;Cádiz;Andalucía;4472.0;223.56;21.34;<=30 km;0.68;0.9
16023;Chillarón de Cuenca;SERRANIA MEDIA;Cuenca;Castilla-La Mancha;864.0;39.14;21.35;<=30 km;15.95;23.78
03029;Benigembla;MARQUESADO;Alacant/Alicante;Comunitat Valenciana;559.0;18.47;21.35;<=30 km;8.78;15.73
26066;Galilea;RIOJA MEDIA;La Rioja;La Rioja;407.0;9.74;21.36;<=30 km;15.96;5.71
19304;Valdenuño Fernández;CAMPIÑA;Guadalajara;Castilla-La Mancha;332.0;24.75;21.36;<=30 km;18.18;11.04
43116;Prades;BAIX CAMP;Tarragona;Cataluña/Catalunya;665.0;32.61;21.38;<=30 km;2.21;10.47
46210;Ráfol de Salem;VALLES DE ALBAIDA;València/Valencia;Comunitat Valenciana;464.0;4.33;21.4;<=30 km;2.05;3.34
01006;Armiñón;VALLES ALAVESES;Araba/Álava;País Vasco/Euskadi;247.0;12.96;21.43;<=30 km;5.48;6.93
38015;Garachico;NORTE DE TENERIFE;Santa Cruz de Tenerife;Canarias;4924.0;29.02;21.46;<=30 km;1.58;0.59
17195;La Tallada d'Empordà;BAIX EMPORDA;Girona;Cataluña/Catalunya;478.0;16.89;21.46;<=30 km;1.53;2.58
09449;Villanueva de Argaño;ARLANZON;Burgos;Castilla y León;122.0;7.92;21.49;<=30 km;5.56;7.02
29021;Atajate;SERRANIA DE RONDA;Málaga;Andalucía;187.0;10.9;21.53;<=30 km;5.92;4.47
45180;Valmojado;SAGRA-TOLEDO;Toledo;Castilla-La Mancha;4771.0;26.21;21.58;<=30 km;5.03;7.7
43049;Cornudella de Montsant;PRIORAT;Tarragona;Cataluña/Catalunya;1023.0;63.08;21.6;<=30 km;0.1;6.01
29053;Frigiliana;VELEZ MALAGA;Málaga;Andalucía;3310.0;40.49;21.66;<=30 km;3.63;3.5
20027;Zestoa;UROLA COSTA;Gipuzkoa;País Vasco/Euskadi;3838.0;43.66;21.66;<=30 km;1.18;1.83
28175;Villamantilla;SUR OCCIDENTAL;Madrid;Comunidad de Madrid;1624.0;23.92;21.7;<=30 km;6.62;7.27
08165;La Pobla de Claramunt;ANOIA;Barcelona;Cataluña/Catalunya;2353.0;18.61;21.71;<=30 km;1.38;6.62
45015;Arcicóllar;TORRIJOS;Toledo;Castilla-La Mancha;1082.0;30.53;21.71;<=30 km;16.28;12.24
04088;Tabernas;CAMPO TABERNAS;Almería;Andalucía;4097.0;280.17;21.75;<=30 km;4.94;5.4
17183;Sant Aniol de Finestres;GARROTXA;Girona;Cataluña/Catalunya;372.0;48.72;21.78;<=30 km;0.57;5.38
34127;Perales;CAMPOS;Palencia;Castilla y León;118.0;27.45;21.78;<=30 km;1.11;29.67
19263;Taragudo;ALCARRIA ALTA;Guadalajara;Castilla-La Mancha;48.0;6.41;21.8;<=30 km;2.27;6.67
25015;Algerri;NOGUERA;Lleida;Cataluña/Catalunya;424.0;54.49;21.83;<=30 km;6.02;0.24
45035;Cardiel de los Montes;TALAVERA;Toledo;Castilla-La Mancha;390.0;24.3;21.84;<=30 km;11.11;2.63
17190;Serinyà;PLA DE L'ESTANY;Girona;Cataluña/Catalunya;1198.0;17.29;21.88;<=30 km;3.16;4.81
45127;Palomeque;SAGRA-TOLEDO;Toledo;Castilla-La Mancha;1182.0;22.27;21.95;<=30 km;19.18;9.34
01016;Bernedo;MONTAÑA ALAVESA;Araba/Álava;País Vasco/Euskadi;546.0;130.38;21.95;<=30 km;5.28;1.49
22037;Arguis;HOYA DE HUESCA;Huesca;Aragón;165.0;62.77;21.95;<=30 km;18.6;7.84
20004;Albiztur;TOLOSA;Gipuzkoa;País Vasco/Euskadi;324.0;13.0;21.98;<=30 km;2.27;2.53
04055;Instinción;ALTO ANDARAX;Almería;Andalucía;498.0;33.46;22.03;<=30 km;7.69;7.79
22025;Altorricón;LA LITERA;Huesca;Aragón;1472.0;32.45;22.06;<=30 km;2.27;2.15
08185;Rubió;ANOIA;Barcelona;Cataluña/Catalunya;237.0;48.15;22.08;<=30 km;1.72;0.42
48021;Busturia;GUERNIKA-BERMEO;Bizkaia;País Vasco/Euskadi;1656.0;20.21;22.08;<=30 km;0.73;0.42
45077;Huecas;TORRIJOS;Toledo;Castilla-La Mancha;875.0;27.41;22.1;<=30 km;13.18;13.2
18072;Escúzar;ALHAMA;Granada;Andalucía;845.0;46.36;22.2;<=30 km;2.15;4.84
07018;Deià;MALLORCA;Illes Balears;Illes Balears;717.0;15.22;22.21;<=30 km;8.71;6.38
19325;Viñuelas;CAMPIÑA;Guadalajara;Castilla-La Mancha;183.0;15.45;22.23;<=30 km;32.85;0.55
03110;el Ràfol d'Almúnia;MARQUESADO;Alacant/Alicante;Comunitat Valenciana;703.0;4.89;22.23;<=30 km;4.04;4.93
08288;Torrelles de Foix;ALT PENEDÉS;Barcelona;Cataluña/Catalunya;2657.0;37.14;22.23;<=30 km;8.68;7.18
46151;Llocnou d'En Fenollet;LA COSTERA DE JATIVA;València/Valencia;Comunitat Valenciana;924.0;1.53;22.24;<=30 km;2.13;1.32
08081;Fogars de Montclús;VALLES ORIENTAL;Barcelona;Cataluña/Catalunya;502.0;40.39;22.25;<=30 km;0.21;7.49
31124;Ibargoiti;PIRINEOS;Navarra;Comunidad Foral de Navarra;270.0;54.31;22.26;<=30 km;4.74;1.89
46008;Albalat de la Ribera;RIBERAS DEL JUCAR;València/Valencia;Comunitat Valenciana;3446.0;14.36;22.29;<=30 km;1.17;2.32
39006;Arnuero;COSTERA;Cantabria;Cantabria;2279.0;24.62;22.31;<=30 km;1.71;6.3
28135;Santa María de la Alameda;GUADARRAMA;Madrid;Comunidad de Madrid;1517.0;75.7;22.33;<=30 km;21.49;5.64
19160;Loranca de Tajuña;CAMPIÑA;Guadalajara;Castilla-La Mancha;1608.0;36.37;22.35;<=30 km;16.43;15.19
31221;Doneztebe/Santesteban;NORD OCCIDENTAL;Navarra;Comunidad Foral de Navarra;1860.0;8.68;22.42;<=30 km;5.61;1.86
26157;Tricio;RIOJA ALTA;La Rioja;La Rioja;374.0;6.34;22.43;<=30 km;0.56;3.89
09351;Santa María del Invierno;BUREBA-EBRO;Burgos;Castilla y León;67.0;16.17;22.43;<=30 km;6.45;1.52
18115;Láchar;DE LA VEGA;Granada;Andalucía;3826.0;13.11;22.45;<=30 km;5.84;7.77
01047;Ribera Baja/Erriberabeitia;VALLES ALAVESES;Araba/Álava;País Vasco/Euskadi;1439.0;25.29;22.45;<=30 km;3.42;1.27
45018;Barcience;TORRIJOS;Toledo;Castilla-La Mancha;1049.0;18.96;22.48;<=30 km;9.81;11.6
12058;Espadilla;LA PLANA;Castelló/Castellón;Comunitat Valenciana;89.0;11.97;22.49;<=30 km;16.67;5.95
03078;Hondón de los Frailes;VINALOPO;Alacant/Alicante;Comunitat Valenciana;1310.0;12.55;22.49;<=30 km;14.75;0.85
03115;Sagra;MARQUESADO;Alacant/Alicante;Comunitat Valenciana;441.0;5.63;22.51;<=30 km;9.77;3.28
19290;Trijueque;ALCARRIA ALTA;Guadalajara;Castilla-La Mancha;1626.0;35.6;22.52;<=30 km;13.23;22.53
46119;l'Énova;LA COSTERA DE JATIVA;València/Valencia;Comunitat Valenciana;924.0;7.68;22.57;<=30 km;1.0;1.32
25105;Granyena de les Garrigues;GARRIGUES;Lleida;Cataluña/Catalunya;163.0;20.33;22.62;<=30 km;6.94;5.84
20054;Lizartza;TOLOSA;Gipuzkoa;País Vasco/Euskadi;667.0;12.33;22.64;<=30 km;3.82;6.72
02012;Balazote;CENTRO;Albacete;Castilla-La Mancha;2379.0;65.11;22.67;<=30 km;0.13;0.68
19167;Malaguilla;CAMPIÑA;Guadalajara;Castilla-La Mancha;207.0;28.48;22.67;<=30 km;12.18;18.29
17148;Riudarenes;SELVA;Girona;Cataluña/Catalunya;2445.0;47.78;22.67;<=30 km;4.68;7.1
08137;Montseny;VALLES ORIENTAL;Barcelona;Cataluña/Catalunya;380.0;26.65;22.71;<=30 km;12.77;4.97
31149;Leitza;NORD OCCIDENTAL;Navarra;Comunidad Foral de Navarra;3011.0;58.45;22.71;<=30 km;3.86;0.03
01037;Arraia-Maeztu;MONTAÑA ALAVESA;Araba/Álava;País Vasco/Euskadi;822.0;123.02;22.8;<=30 km;11.58;2.75
45069;Gerindote;TORRIJOS;Toledo;Castilla-La Mancha;2767.0;44.21;22.83;<=30 km;4.63;15.53
18116;Lanjarón;LAS ALPUJARRAS;Granada;Andalucía;3660.0;60.33;22.83;<=30 km;3.64;1.33
08170;Els Prats de Rei;ANOIA;Barcelona;Cataluña/Catalunya;553.0;26.1;22.87;<=30 km;1.1;0.36
50056;Botorrita;ZARAGOZA;Zaragoza;Aragón;579.0;19.81;22.91;<=30 km;3.61;12.21
18143;Nigüelas;VALLE DE LECRIN;Granada;Andalucía;1239.0;30.9;22.92;<=30 km;1.35;3.42
17070;Fontanilles;BAIX EMPORDA;Girona;Cataluña/Catalunya;168.0;9.43;22.93;<=30 km;13.77;7.01
50193;Nuez de Ebro;ZARAGOZA;Zaragoza;Aragón;907.0;7.86;22.95;<=30 km;6.41;3.07
07017;Costitx;MALLORCA;Illes Balears;Illes Balears;1516.0;15.45;22.96;<=30 km;8.5;9.93
01054;Urkabustaiz;ESTRIBACIONES GORBEA;Araba/Álava;País Vasco/Euskadi;1462.0;60.8;22.97;<=30 km;5.84;3.39
22081;Casbas de Huesca;HOYA DE HUESCA;Huesca;Aragón;292.0;132.77;22.97;<=30 km;7.81;0.69
26053;Corera;RIOJA MEDIA;La Rioja;La Rioja;273.0;8.19;22.99;<=30 km;3.97;4.2
46902;Gátova;PALANCIA;València/Valencia;Comunitat Valenciana;429.0;30.43;23.02;<=30 km;6.89;2.39
04054;Íllar;ALTO ANDARAX;Almería;Andalucía;460.0;19.17;23.02;<=30 km;11.79;5.5
19239;Robledillo de Mohernando;CAMPIÑA;Guadalajara;Castilla-La Mancha;183.0;29.63;23.04;<=30 km;19.81;44.09
28158;Valdemanco;LOZOYA SOMOSIERRA;Madrid;Comunidad de Madrid;1052.0;17.79;23.08;<=30 km;9.17;3.95
17136;Pontós;ALT EMPORDA;Girona;Cataluña/Catalunya;290.0;13.57;23.15;<=30 km;6.88;9.85
18119;Lecrín;VALLE DE LECRIN;Granada;Andalucía;2268.0;40.46;23.16;<=30 km;4.47;3.23
26147;Terroba;SIERRA RIOJA MEDIA;La Rioja;La Rioja;39.0;8.83;23.17;<=30 km;23.33;5.41
03040;Benimeli;MARQUESADO;Alacant/Alicante;Comunitat Valenciana;453.0;3.46;23.24;<=30 km;1.22;9.16
14059;San Sebastián de los Ballesteros;LAS COLONIAS;Córdoba;Andalucía;854.0;10.5;23.24;<=30 km;1.84;3.02
46161;Marines;CAMPOS DE LIRIA;València/Valencia;Comunitat Valenciana;1921.0;35.68;23.28;<=30 km;3.61;1.43
48026;Dima;ARRATIA-NERVION;Bizkaia;País Vasco/Euskadi;1505.0;62.36;23.29;<=30 km;1.73;2.24
18908;Villamena;VALLE DE LECRIN;Granada;Andalucía;1005.0;20.17;23.3;<=30 km;1.37;4.36
08055;Castellcir;VALLES ORIENTAL;Barcelona;Cataluña/Catalunya;784.0;34.13;23.33;<=30 km;3.43;4.12
19151;Humanes;CAMPIÑA;Guadalajara;Castilla-La Mancha;1784.0;47.98;23.34;<=30 km;6.05;13.13
21063;San Bartolomé de la Torre;ANDEVALO OCCIDENTAL;Huelva;Andalucía;4036.0;56.75;23.35;<=30 km;4.54;4.94
09374;Susinos del Páramo;ARLANZON;Burgos;Castilla y León;118.0;11.45;23.36;<=30 km;9.71;4.42
08261;Santa Susanna;MARESME;Barcelona;Cataluña/Catalunya;4023.0;12.68;23.39;<=30 km;7.96;10.22
04010;Alhabia;RIO NACIMIENTO;Almería;Andalucía;725.0;16.38;23.46;<=30 km;4.17;7.41
28011;Ambite;VEGAS;Madrid;Comunidad de Madrid;697.0;25.8;23.46;<=30 km;10.15;5.29
17204;Ullà;BAIX EMPORDA;Girona;Cataluña/Catalunya;1219.0;7.37;23.49;<=30 km;2.46;4.46
07028;Lloret de Vistalegre;MALLORCA;Illes Balears;Illes Balears;1619.0;17.54;23.51;<=30 km;13.65;10.51
31029;Los Arcos;TIERRA ESTELLA;Navarra;Comunidad Foral de Navarra;1191.0;57.63;23.53;<=30 km;1.34;5.21
45024;Burujón;TORRIJOS;Toledo;Castilla-La Mancha;1332.0;35.43;23.53;<=30 km;0.61;1.22
01044;Peñacerrada-Urizaharra;MONTAÑA ALAVESA;Araba/Álava;País Vasco/Euskadi;302.0;62.11;23.56;<=30 km;16.34;1.0
20005;Alegia;TOLOSA;Gipuzkoa;País Vasco/Euskadi;1812.0;7.68;23.59;<=30 km;2.09;2.84
08026;El Brull;OSONA;Barcelona;Cataluña/Catalunya;293.0;41.35;23.63;<=30 km;7.0;6.55
28163;Valdepiélagos;CAMPIÑA;Madrid;Comunidad de Madrid;619.0;17.67;23.64;<=30 km;6.62;1.14
26015;Arenzana de Abajo;RIOJA ALTA;La Rioja;La Rioja;263.0;8.38;23.71;<=30 km;7.96;7.79
46191;Pedralba;CAMPOS DE LIRIA;València/Valencia;Comunitat Valenciana;3124.0;59.04;23.73;<=30 km;2.7;9.54
07038;Montuïri;MALLORCA;Illes Balears;Illes Balears;3216.0;41.36;23.75;<=30 km;7.67;4.18
05158;Navalmoral;VALLE BAJO ALBERCHE;Ávila;Castilla y León;412.0;43.34;23.79;<=30 km;1.19;21.18
50017;Alfajarín;ZARAGOZA;Zaragoza;Aragón;2415.0;138.32;23.82;<=30 km;2.68;1.73
02029;Chinchilla de Monte-Aragón;CENTRO;Albacete;Castilla-La Mancha;4626.0;678.97;23.84;<=30 km;3.87;6.49
03091;Murla;MARQUESADO;Alacant/Alicante;Comunitat Valenciana;585.0;5.82;23.86;<=30 km;11.36;6.56
17146;Riells i Viabrea;SELVA;Girona;Cataluña/Catalunya;4499.0;27.19;23.87;<=30 km;6.65;5.41
03006;Alcalalí;MARQUESADO;Alacant/Alicante;Comunitat Valenciana;1406.0;14.41;23.89;<=30 km;2.93;5.24
05220;San Pedro del Arroyo;AREVALO-MADRIGAL;Ávila;Castilla y León;501.0;18.55;23.9;<=30 km;3.97;12.58
36044;Pontecesures;LITORAL;Pontevedra;Galicia;3088.0;6.72;23.91;<=30 km;1.45;0.23
12131;Villamalur;PALANCIA;Castelló/Castellón;Comunitat Valenciana;97.0;19.48;23.95;<=30 km;46.03;5.43
31182;Nazar;TIERRA ESTELLA;Navarra;Comunidad Foral de Navarra;43.0;9.41;23.96;<=30 km;5.88;19.44
18901;La Taha;LAS ALPUJARRAS;Granada;Andalucía;759.0;25.57;23.97;<=30 km;9.49;6.15
17027;Breda;SELVA;Girona;Cataluña/Catalunya;3930.0;5.03;23.98;<=30 km;2.76;2.45
45085;Lominchar;SAGRA-TOLEDO;Toledo;Castilla-La Mancha;2815.0;22.25;24.0;<=30 km;7.76;11.4
04071;Padules;ALTO ANDARAX;Almería;Andalucía;440.0;26.47;24.02;<=30 km;4.06;0.92
09275;Presencio;ARLANZA;Burgos;Castilla y León;207.0;35.33;24.04;<=30 km;6.15;8.95
04014;Almócita;ALTO ANDARAX;Almería;Andalucía;210.0;30.8;24.05;<=30 km;11.93;6.6
09248;Palazuelos de la Sierra;ARLANZON;Burgos;Castilla y León;93.0;15.73;24.08;<=30 km;6.1;6.9
17075;Garrigàs;ALT EMPORDA;Girona;Cataluña/Catalunya;472.0;19.82;24.09;<=30 km;5.69;1.72
01062;Zambrana;VALLES ALAVESES;Araba/Álava;País Vasco/Euskadi;442.0;39.54;24.09;<=30 km;8.0;2.31
43108;El Pla de Santa Maria;ALT CAMP;Tarragona;Cataluña/Catalunya;2389.0;35.35;24.14;<=30 km;1.52;2.09
29013;Alozaina;CENTRO-SUR O GUADALORCE;Málaga;Andalucía;2130.0;33.84;24.15;<=30 km;3.72;1.91
19155;Irueste;ALCARRIA ALTA;Guadalajara;Castilla-La Mancha;86.0;14.24;24.16;<=30 km;12.33;4.88
08236;Sant Quintí de Mediona;ALT PENEDÉS;Barcelona;Cataluña/Catalunya;2504.0;13.89;24.21;<=30 km;8.63;5.79
31019;Aoiz/Agoitz;PIRINEOS;Navarra;Comunidad Foral de Navarra;3007.0;13.54;24.24;<=30 km;6.36;7.74
48910;Iurreta;DURANGUESADO;Bizkaia;País Vasco/Euskadi;3873.0;18.85;24.27;<=30 km;1.45;4.79
19142;Hontoba;CAMPIÑA;Guadalajara;Castilla-La Mancha;439.0;32.12;24.27;<=30 km;26.42;16.14
39030;Guriezo;COSTERA;Cantabria;Cantabria;2458.0;79.45;24.29;<=30 km;2.68;1.99
01053;San Millán/Donemiliaga;LLANADA ALAVESA;Araba/Álava;País Vasco/Euskadi;720.0;85.33;24.3;<=30 km;0.99;0.56
28151;Torrelaguna;LOZOYA SOMOSIERRA;Madrid;Comunidad de Madrid;4991.0;43.06;24.34;<=30 km;3.66;1.92
03137;la Vall de Laguar;MARQUESADO;Alacant/Alicante;Comunitat Valenciana;903.0;23.07;24.36;<=30 km;2.8;7.12
18040;Cáñar;LAS ALPUJARRAS;Granada;Andalucía;389.0;26.33;24.42;<=30 km;13.12;0.26
28056;Fresnedillas de la Oliva;GUADARRAMA;Madrid;Comunidad de Madrid;1837.0;28.33;24.42;<=30 km;12.1;5.45
29063;Jimera de Líbar;SERRANIA DE RONDA;Málaga;Andalucía;398.0;27.18;24.45;<=30 km;3.19;2.58
31114;Garínoain;NAVARRA MEDIA;Navarra;Comunidad Foral de Navarra;526.0;10.51;24.53;<=30 km;5.01;4.57
17004;Albons;BAIX EMPORDA;Girona;Cataluña/Catalunya;830.0;11.37;24.53;<=30 km;4.31;4.01
46069;Benissuera;VALLES DE ALBAIDA;València/Valencia;Comunitat Valenciana;185.0;2.12;24.56;<=30 km;1.67;1.09
17119;Palau de Santa Eulàlia;ALT EMPORDA;Girona;Cataluña/Catalunya;136.0;8.69;24.58;<=30 km;16.84;22.52
37047;Beleña;ALBA DE TORMES;Salamanca;Castilla y León;251.0;26.64;24.61;<=30 km;1.79;10.57
48024;Zeanuri;ARRATIA-NERVION;Bizkaia;País Vasco/Euskadi;1250.0;67.17;24.62;<=30 km;0.48;0.16
08232;Sant Pere de Riudebitlles;ALT PENEDÉS;Barcelona;Cataluña/Catalunya;2497.0;5.35;24.64;<=30 km;3.12;3.57
08082;Fogars de la Selva;SELVA;Barcelona;Cataluña/Catalunya;1680.0;32.36;24.69;<=30 km;4.98;9.09
17217;Viladamat;ALT EMPORDA;Girona;Cataluña/Catalunya;492.0;11.44;24.73;<=30 km;1.07;4.46
46063;Benimodo;RIBERAS DEL JUCAR;València/Valencia;Comunitat Valenciana;2316.0;12.53;24.73;<=30 km;0.54;2.8
05022;El Barraco;VALLE BAJO ALBERCHE;Ávila;Castilla y León;2027.0;153.85;24.74;<=30 km;4.45;2.74
03117;Sanet y Negrals;MARQUESADO;Alacant/Alicante;Comunitat Valenciana;722.0;3.95;24.75;<=30 km;8.33;2.85
28030;La Cabrera;LOZOYA SOMOSIERRA;Madrid;Comunidad de Madrid;2922.0;22.14;24.76;<=30 km;6.47;5.03
46158;Macastre;HOYA DE BUÑOL;València/Valencia;Comunitat Valenciana;1475.0;37.66;24.83;<=30 km;7.9;10.24
12113;Toga;LA PLANA;Castelló/Castellón;Comunitat Valenciana;108.0;13.53;24.88;<=30 km;1.0;6.93
18192;Zafarraya;ALHAMA;Granada;Andalucía;2189.0;70.59;24.88;<=30 km;1.9;4.44
08258;Santa Maria d'Oló;BAGES;Barcelona;Cataluña/Catalunya;1077.0;66.18;24.88;<=30 km;4.0;1.13
04060;Lucainena de las Torres;CAMPO TABERNAS;Almería;Andalucía;714.0;123.12;24.91;<=30 km;6.96;22.26
12029;Benlloc;LLANOS CENTRALES;Castelló/Castellón;Comunitat Valenciana;1115.0;43.56;24.91;<=30 km;3.76;3.72
03051;el Camp de Mirra/Campo de Mirra;VINALOPO;Alacant/Alicante;Comunitat Valenciana;445.0;21.82;24.95;<=30 km;0.23;3.73
25240;Vallfogona de Balaguer;NOGUERA;Lleida;Cataluña/Catalunya;2000.0;27.15;24.97;<=30 km;1.49;4.6
46138;Guadasséquies;VALLES DE ALBAIDA;València/Valencia;Comunitat Valenciana;468.0;3.26;24.97;<=30 km;3.38;1.96
03125;Senija;MARQUESADO;Alacant/Alicante;Comunitat Valenciana;696.0;4.79;25.0;<=30 km;4.13;15.04
17018;Bellcaire d'Empordà;BAIX EMPORDA;Girona;Cataluña/Catalunya;737.0;12.71;25.03;<=30 km;4.17;5.44
37118;Éjeme;ALBA DE TORMES;Salamanca;Castilla y León;144.0;17.47;25.07;<=30 km;2.38;11.63
17175;Sant Miquel de Fluvià;ALT EMPORDA;Girona;Cataluña/Catalunya;839.0;3.57;25.16;<=30 km;1.21;11.13
18185;Ventas de Huelma;ALHAMA;Granada;Andalucía;674.0;42.41;25.18;<=30 km;9.18;1.2
46160;Manuel;LA COSTERA DE JATIVA;València/Valencia;Comunitat Valenciana;2524.0;6.05;25.2;<=30 km;0.53;2.94
43059;Figuerola del Camp;ALT CAMP;Tarragona;Cataluña/Catalunya;345.0;22.5;25.21;<=30 km;6.67;2.68
31092;Erro;PIRINEOS;Navarra;Comunidad Foral de Navarra;811.0;143.69;25.23;<=30 km;0.13;2.66
47043;Castromonte;CENTRO;Valladolid;Castilla y León;326.0;87.0;25.32;<=30 km;1.62;3.82
17133;Les Planes d'Hostoles;GARROTXA;Girona;Cataluña/Catalunya;1746.0;37.65;25.33;<=30 km;3.07;2.05
39047;Noja;COSTERA;Cantabria;Cantabria;2700.0;9.06;25.34;<=30 km;4.37;1.89
28034;Canencia;LOZOYA SOMOSIERRA;Madrid;Comunidad de Madrid;469.0;54.19;25.44;<=30 km;8.98;1.74
19298;Valdearenas;ALCARRIA ALTA;Guadalajara;Castilla-La Mancha;91.0;15.43;25.45;<=30 km;3.8;10.98
45068;Garciotum;TORRIJOS;Toledo;Castilla-La Mancha;215.0;22.72;25.47;<=30 km;10.16;4.37
14047;Obejo;LA SIERRA;Córdoba;Andalucía;2085.0;214.61;25.47;<=30 km;1.76;2.96
08028;Cabrera d'Anoia;ANOIA;Barcelona;Cataluña/Catalunya;1709.0;17.14;25.48;<=30 km;10.54;12.36
28042;Colmenar del Arroyo;SUR OCCIDENTAL;Madrid;Comunidad de Madrid;2015.0;49.32;25.52;<=30 km;11.28;7.47
46197;Polinyà de Xúquer;RIBERAS DEL JUCAR;València/Valencia;Comunitat Valenciana;2551.0;9.18;25.55;<=30 km;1.46;2.24
03026;Beniarbeig;MARQUESADO;Alacant/Alicante;Comunitat Valenciana;2384.0;7.41;25.61;<=30 km;12.3;7.05
08017;Balenyà;OSONA;Barcelona;Cataluña/Catalunya;4036.0;17.31;25.62;<=30 km;3.09;3.49
46222;Sant Joanet;RIBERAS DEL JUCAR;València/Valencia;Comunitat Valenciana;526.0;1.86;25.62;<=30 km;6.79;1.35
03097;Orba;MARQUESADO;Alacant/Alicante;Comunitat Valenciana;2387.0;17.74;25.63;<=30 km;5.78;6.9
05230;Santo Tomé de Zabarcos;AREVALO-MADRIGAL;Ávila;Castilla y León;71.0;8.41;25.68;<=30 km;6.15;2.9
38034;San Juan de la Rambla;NORTE DE TENERIFE;Santa Cruz de Tenerife;Canarias;4904.0;20.6;25.76;<=30 km;1.15;1.03
02052;Motilleja;MANCHUELA;Albacete;Castilla-La Mancha;668.0;23.81;25.79;<=30 km;10.4;10.41
17083;Hostalric;SELVA;Girona;Cataluña/Catalunya;4446.0;3.46;25.82;<=30 km;4.66;2.63
48041;Gautegiz Arteaga;GUERNIKA-BERMEO;Bizkaia;País Vasco/Euskadi;878.0;13.53;25.84;<=30 km;1.67;2.81
15027;Coirós;SEPTENTRIONAL;A Coruña;Galicia;1931.0;33.72;25.84;<=30 km;2.69;3.1
22218;Senés de Alcubierre;HOYA DE HUESCA;Huesca;Aragón;52.0;20.53;25.85;<=30 km;9.76;15.56
01017;Campezo/Kanpezu;MONTAÑA ALAVESA;Araba/Álava;País Vasco/Euskadi;1085.0;85.3;25.9;<=30 km;3.94;0.37
08286;La Torre de Claramunt;ANOIA;Barcelona;Cataluña/Catalunya;4122.0;14.99;25.94;<=30 km;3.66;7.01
20905;Orendain;TOLOSA;Gipuzkoa;País Vasco/Euskadi;245.0;6.33;25.96;<=30 km;5.5;6.52
19323;Villaseca de Uceda;CAMPIÑA;Guadalajara;Castilla-La Mancha;57.0;13.27;25.97;<=30 km;11.11;42.5
04046;Fondón;ALTO ANDARAX;Almería;Andalucía;1133.0;91.09;26.01;<=30 km;5.85;9.79
17111;Navata;ALT EMPORDA;Girona;Cataluña/Catalunya;1469.0;18.52;26.03;<=30 km;9.22;2.44
48059;Mañaria;DURANGUESADO;Bizkaia;País Vasco/Euskadi;531.0;17.57;26.14;<=30 km;0.39;1.92
07034;Mancor de la Vall;MALLORCA;Illes Balears;Illes Balears;1702.0;20.0;26.16;<=30 km;7.84;8.48
17098;Maià de Montcal;GARROTXA;Girona;Cataluña/Catalunya;491.0;17.32;26.18;<=30 km;13.56;4.69
47173;Traspinedo;SURESTE;Valladolid;Castilla y León;1240.0;26.29;26.23;<=30 km;5.51;7.92
18067;Diezma;GUADIX;Granada;Andalucía;810.0;42.06;26.24;<=30 km;2.78;4.38
19124;Fuentenovilla;CAMPIÑA;Guadalajara;Castilla-La Mancha;583.0;37.2;26.24;<=30 km;7.6;3.0
46904;Benicull de Xúquer;RIBERAS DEL JUCAR;València/Valencia;Comunitat Valenciana;1144.0;3.5;26.27;<=30 km;12.42;4.47
08269;Seva;OSONA;Barcelona;Cataluña/Catalunya;3798.0;30.6;26.35;<=30 km;6.45;2.76
25135;Miralcamp;PLA D'URGELL;Lleida;Cataluña/Catalunya;1390.0;14.92;26.42;<=30 km;1.41;1.76
31187;Oiz;NORD OCCIDENTAL;Navarra;Comunidad Foral de Navarra;133.0;8.1;26.43;<=30 km;9.09;0.76
48039;Garai;DURANGUESADO;Bizkaia;País Vasco/Euskadi;342.0;7.14;26.47;<=30 km;2.81;3.95
20052;Legorreta;TOLOSA;Gipuzkoa;País Vasco/Euskadi;1449.0;8.62;26.49;<=30 km;0.7;0.62
18106;Játar;ALHAMA;Granada;Andalucía;612.0;9.86;26.53;<=30 km;1.67;0.49
31204;Piedramillera;TIERRA ESTELLA;Navarra;Comunidad Foral de Navarra;45.0;13.25;26.57;<=30 km;5.41;15.38
13091;Villamayor de Calatrava;CAMPO DE CALATRAVA;Ciudad Real;Castilla-La Mancha;619.0;144.73;26.6;<=30 km;1.66;1.14
08031;Calaf;ANOIA;Barcelona;Cataluña/Catalunya;3618.0;9.28;26.62;<=30 km;1.41;0.58
45056;Chozas de Canales;SAGRA-TOLEDO;Toledo;Castilla-La Mancha;4887.0;32.67;26.64;<=30 km;15.14;12.73
17019;Besalú;GARROTXA;Girona;Cataluña/Catalunya;2583.0;4.72;26.67;<=30 km;1.42;3.24
02075;Valdeganga;MANCHUELA;Albacete;Castilla-La Mancha;1961.0;70.62;26.72;<=30 km;0.21;0.72
12118;Torrechiva;PALANCIA;Castelló/Castellón;Comunitat Valenciana;127.0;11.85;26.82;<=30 km;25.68;36.56
09250;Pampliega;PISUERGA;Burgos;Castilla y León;291.0;24.38;26.85;<=30 km;1.77;1.39
03030;Benidoleig;MARQUESADO;Alacant/Alicante;Comunitat Valenciana;1219.0;7.49;26.87;<=30 km;5.05;4.55
07025;Fornalutx;MALLORCA;Illes Balears;Illes Balears;715.0;19.6;26.93;<=30 km;0.59;4.84
28003;Alameda del Valle;LOZOYA SOMOSIERRA;Madrid;Comunidad de Madrid;255.0;25.73;26.93;<=30 km;26.15;3.66
47090;Mojados;SURESTE;Valladolid;Castilla y León;3393.0;46.2;27.03;<=30 km;1.81;2.48
25122;Linyola;PLA D'URGELL;Lleida;Cataluña/Catalunya;2749.0;28.87;27.09;<=30 km;2.41;0.92
17026;Borrassà;ALT EMPORDA;Girona;Cataluña/Catalunya;773.0;9.54;27.13;<=30 km;7.12;2.79
39009;Bárcena de Cicero;COSTERA;Cantabria;Cantabria;4741.0;36.22;27.13;<=30 km;5.09;7.77
29096;Villanueva del Rosario;NORTE O ANTEQUERA;Málaga;Andalucía;3401.0;43.93;27.2;<=30 km;0.03;0.8
09375;Tamarón;PISUERGA;Burgos;Castilla y León;55.0;15.65;27.2;<=30 km;7.89;34.15
31081;Donamaria;NORD OCCIDENTAL;Navarra;Comunidad Foral de Navarra;452.0;23.46;27.23;<=30 km;4.64;0.22
45011;Almendral de la Cañada;TALAVERA;Toledo;Castilla-La Mancha;345.0;33.6;27.26;<=30 km;7.21;5.5
31038;Artajona;NAVARRA MEDIA;Navarra;Comunidad Foral de Navarra;1774.0;67.1;27.26;<=30 km;4.31;1.9
34009;Amayuelas de Arriba;CAMPOS;Palencia;Castilla y León;38.0;10.17;27.28;<=30 km;2.86;5.56
05212;San Juan del Molinillo;GREDOS;Ávila;Castilla y León;234.0;35.78;27.34;<=30 km;3.52;13.59
16115;Laguna del Marquesado;SERRANIA ALTA;Cuenca;Castilla-La Mancha;59.0;37.9;27.37;<=30 km;20.0;9.26
31167;Mendigorria;NAVARRA MEDIA;Navarra;Comunidad Foral de Navarra;1218.0;39.41;27.38;<=30 km;5.2;9.53
20904;Baliarrain;TOLOSA;Gipuzkoa;País Vasco/Euskadi;154.0;2.7;27.39;<=30 km;11.68;0.65
26114;Pedroso;SIERRA RIOJA ALTA;La Rioja;La Rioja;90.0;19.28;27.41;<=30 km;9.21;8.43
39005;Argoños;COSTERA;Cantabria;Cantabria;1872.0;5.55;27.45;<=30 km;6.44;2.07
08175;Puig-reig;BERGUEDA;Barcelona;Cataluña/Catalunya;4489.0;46.03;27.46;<=30 km;4.76;4.66
28051;Chapinería;SUR OCCIDENTAL;Madrid;Comunidad de Madrid;2642.0;25.54;27.52;<=30 km;11.34;5.93
19098;Copernal;ALCARRIA ALTA;Guadalajara;Castilla-La Mancha;46.0;10.09;27.53;<=30 km;29.17;48.39
17198;Torroella de Fluvià;ALT EMPORDA;Girona;Cataluña/Catalunya;772.0;17.05;27.68;<=30 km;0.41;6.34
48048;Ibarrangelu;GUERNIKA-BERMEO;Bizkaia;País Vasco/Euskadi;680.0;15.48;27.72;<=30 km;5.35;1.49
22149;Loarre;HOYA DE HUESCA;Huesca;Aragón;351.0;74.43;27.72;<=30 km;4.23;1.74
17124;Pals;BAIX EMPORDA;Girona;Cataluña/Catalunya;2556.0;25.97;27.72;<=30 km;2.23;1.59
09386;Torrecilla del Monte;ARLANZA;Burgos;Castilla y León;79.0;14.92;27.74;<=30 km;12.31;8.22
45031;Camarena;TORRIJOS;Toledo;Castilla-La Mancha;4634.0;66.18;27.74;<=30 km;13.3;9.22
08122;Mediona;ALT PENEDÉS;Barcelona;Cataluña/Catalunya;2637.0;48.15;27.81;<=30 km;3.78;9.01
22245;Velilla de Cinca;BAJO CINCA;Huesca;Aragón;507.0;16.56;27.81;<=30 km;3.67;5.62
08070;Collsuspina;OSONA;Barcelona;Cataluña/Catalunya;389.0;15.19;27.84;<=30 km;14.16;0.52
45144;El Real de San Vicente;TALAVERA;Toledo;Castilla-La Mancha;981.0;53.75;27.86;<=30 km;1.16;2.62
17159;Sant Feliu de Buixalleu;SELVA;Girona;Cataluña/Catalunya;878.0;62.4;27.86;<=30 km;0.5;8.66
26081;Jalón de Cameros;SIERRA RIOJA MEDIA;La Rioja;La Rioja;23.0;8.42;27.88;<=30 km;5.56;21.05
45120;Nuño Gómez;TORRIJOS;Toledo;Castilla-La Mancha;171.0;16.89;27.88;<=30 km;4.58;24.82
22099;Esplús;LA LITERA;Huesca;Aragón;664.0;73.09;27.9;<=30 km;19.96;2.31
16904;Fuentenava de Jábaga;SERRANIA MEDIA;Cuenca;Castilla-La Mancha;610.0;133.06;27.92;<=30 km;0.38;15.75
31103;Ezprogui;NAVARRA MEDIA;Navarra;Comunidad Foral de Navarra;51.0;46.37;27.93;<=30 km;2.38;18.6
28125;Robledo de Chavela;GUADARRAMA;Madrid;Comunidad de Madrid;4725.0;94.18;27.93;<=30 km;7.69;5.49
26012;Almarza de Cameros;SIERRA RIOJA MEDIA;La Rioja;La Rioja;40.0;28.08;27.95;<=30 km;28.57;11.11
19192;Mondéjar;CAMPIÑA;Guadalajara;Castilla-La Mancha;2900.0;48.44;27.98;<=30 km;4.1;5.65
19173;Matarrubia;SIERRA;Guadalajara;Castilla-La Mancha;79.0;28.19;27.98;<=30 km;6.56;21.54
09410;Valle de Mena;MERINDADES;Burgos;Castilla y León;4140.0;262.48;28.0;<=30 km;6.63;3.84
17101;Massanes;SELVA;Girona;Cataluña/Catalunya;843.0;25.99;28.01;<=30 km;10.0;4.98
46076;Bugarra;CAMPOS DE LIRIA;València/Valencia;Comunitat Valenciana;781.0;40.35;28.03;<=30 km;1.82;7.28
28153;Torremocha de Jarama;LOZOYA SOMOSIERRA;Madrid;Comunidad de Madrid;1132.0;18.87;28.03;<=30 km;10.67;4.91
50211;Plasencia de Jalón;LA ALMUNIA DE DOÑA GODINA;Zaragoza;Aragón;382.0;34.76;28.06;<=30 km;1.98;23.62
08071;Copons;ANOIA;Barcelona;Cataluña/Catalunya;351.0;18.75;28.09;<=30 km;5.23;9.01
19070;Casa de Uceda;CAMPIÑA;Guadalajara;Castilla-La Mancha;111.0;21.36;28.15;<=30 km;5.38;13.27
45183;Las Ventas de Retamosa;SAGRA-TOLEDO;Toledo;Castilla-La Mancha;4160.0;18.89;28.15;<=30 km;12.73;12.92
49147;Peleagonzalo;DUERO BAJO;Zamora;Castilla y León;294.0;13.29;28.16;<=30 km;7.45;7.3
07060;Sineu;MALLORCA;Illes Balears;Illes Balears;4469.0;48.01;28.17;<=30 km;9.51;8.42
46246;Tous;RIBERAS DEL JUCAR;València/Valencia;Comunitat Valenciana;1357.0;127.55;28.19;<=30 km;2.39;5.69
45118;Novés;TORRIJOS;Toledo;Castilla-La Mancha;3463.0;41.68;28.23;<=30 km;14.89;8.93
48074;Urduña/Orduña;ARRATIA-NERVION;Bizkaia;País Vasco/Euskadi;4203.0;33.37;28.25;<=30 km;0.45;0.1
46157;la Llosa de Ranes;LA COSTERA DE JATIVA;València/Valencia;Comunitat Valenciana;3736.0;7.13;28.3;<=30 km;2.85;1.33
28008;Aldea del Fresno;SUR OCCIDENTAL;Madrid;Comunidad de Madrid;3422.0;51.66;28.35;<=30 km;14.34;10.92
20047;Itsasondo;GOIERRI;Gipuzkoa;País Vasco/Euskadi;670.0;8.93;28.39;<=30 km;2.65;1.82
26020;Ausejo;RIOJA MEDIA;La Rioja;La Rioja;808.0;56.54;28.41;<=30 km;3.45;3.59
34017;Astudillo;CAMPOS;Palencia;Castilla y León;1039.0;122.89;28.44;<=30 km;1.69;1.76
50181;Muel;LA ALMUNIA DE DOÑA GODINA;Zaragoza;Aragón;1474.0;79.15;28.45;<=30 km;7.73;2.65
50131;Jaulín;ZARAGOZA;Zaragoza;Aragón;292.0;46.05;28.52;<=30 km;16.03;6.18
12081;Navajas;PALANCIA;Castelló/Castellón;Comunitat Valenciana;846.0;7.89;28.53;<=30 km;5.34;12.8
33067;Sobrescobio;MIERES;Asturias;Principado de Asturias;845.0;69.72;28.54;<=30 km;1.34;1.93
08212;Sant Feliu Sasserra;BAGES;Barcelona;Cataluña/Catalunya;629.0;23.12;28.56;<=30 km;2.83;1.94
48033;Ereño;GUERNIKA-BERMEO;Bizkaia;País Vasco/Euskadi;272.0;10.52;28.59;<=30 km;10.04;3.42
07049;Sant Joan;MALLORCA;Illes Balears;Illes Balears;2228.0;38.76;28.61;<=30 km;4.9;1.97
21053;Niebla;CONDADO CAMPIÑA;Huelva;Andalucía;4284.0;224.12;28.62;<=30 km;1.34;3.03
01061;Zalduondo;LLANADA ALAVESA;Araba/Álava;País Vasco/Euskadi;194.0;11.88;28.63;<=30 km;3.23;1.04
01902;Lantarón;VALLES ALAVESES;Araba/Álava;País Vasco/Euskadi;926.0;67.4;28.67;<=30 km;4.93;1.2
28112;Pinilla del Valle;LOZOYA SOMOSIERRA;Madrid;Comunidad de Madrid;200.0;25.42;28.7;<=30 km;4.81;2.04
22178;Pertusa;HOYA DE HUESCA;Huesca;Aragón;136.0;29.38;28.75;<=30 km;17.27;5.43
17184;Santa Pau;GARROTXA;Girona;Cataluña/Catalunya;1611.0;48.82;28.82;<=30 km;0.76;1.64
19112;Escopete;CAMPIÑA;Guadalajara;Castilla-La Mancha;79.0;18.99;28.83;<=30 km;28.0;23.44
17011;L'Armentera;ALT EMPORDA;Girona;Cataluña/Catalunya;1070.0;5.88;28.92;<=30 km;6.51;7.21
01028;Labastida/Bastida;RIOJA ALAVESA;Araba/Álava;País Vasco/Euskadi;1565.0;38.08;28.93;<=30 km;6.02;2.15
29040;Casarabonela;CENTRO-SUR O GUADALORCE;Málaga;Andalucía;2758.0;113.22;28.94;<=30 km;0.88;8.93
07058;Selva;MALLORCA;Illes Balears;Illes Balears;4294.0;49.02;28.94;<=30 km;3.64;4.07
28021;El Berrueco;LOZOYA SOMOSIERRA;Madrid;Comunidad de Madrid;816.0;28.4;28.95;<=30 km;7.42;2.51
17220;Viladrau;OSONA;Girona;Cataluña/Catalunya;1172.0;50.96;28.99;<=30 km;7.41;6.35
16905;Arcas;SERRANIA MEDIA;Cuenca;Castilla-La Mancha;2264.0;81.47;29.02;<=30 km;12.13;21.26
17052;Siurana;ALT EMPORDA;Girona;Cataluña/Catalunya;180.0;10.5;29.04;<=30 km;10.49;0.56
12001;Atzeneta del Maestrat;LLANOS CENTRALES;Castelló/Castellón;Comunitat Valenciana;1309.0;71.2;29.06;<=30 km;1.65;1.32
39036;Liendo;COSTERA;Cantabria;Cantabria;1226.0;26.4;29.07;<=30 km;1.84;0.82
50204;Pedrola;ZARAGOZA;Zaragoza;Aragón;3766.0;113.68;29.17;<=30 km;1.8;5.43
12132;Vilanova d'Alcolea;LLANOS CENTRALES;Castelló/Castellón;Comunitat Valenciana;585.0;68.47;29.2;<=30 km;0.52;1.21
28173;Villamanrique de Tajo;VEGAS;Madrid;Comunidad de Madrid;825.0;29.58;29.27;<=30 km;9.01;8.27
45040;El Casar de Escalona;TORRIJOS;Toledo;Castilla-La Mancha;2128.0;39.54;29.29;<=30 km;2.75;18.82
17182;Santa Llogaia d'Àlguema;ALT EMPORDA;Girona;Cataluña/Catalunya;397.0;1.95;29.29;<=30 km;4.13;5.03
46162;Massalavés;RIBERAS DEL JUCAR;València/Valencia;Comunitat Valenciana;1811.0;7.48;29.29;<=30 km;3.62;10.97
08104;La Llacuna;ANOIA;Barcelona;Cataluña/Catalunya;982.0;52.45;29.34;<=30 km;6.26;7.09
19053;Brihuega;ALCARRIA ALTA;Guadalajara;Castilla-La Mancha;2816.0;296.18;29.35;<=30 km;2.83;14.15
40208;Turégano;CUELLAR;Segovia;Castilla y León;1017.0;70.73;29.36;<=30 km;1.94;1.9
43036;Cabra del Camp;ALT CAMP;Tarragona;Cataluña/Catalunya;1321.0;26.92;29.39;<=30 km;7.8;7.4
39070;San Miguel de Aguayo;REINOSA;Cantabria;Cantabria;168.0;36.18;29.46;<=30 km;0.68;13.51
34046;Cardeñosa de Volpejera;CAMPOS;Palencia;Castilla y León;60.0;13.69;29.47;<=30 km;30.23;7.14
19121;Fuentelencina;CAMPIÑA;Guadalajara;Castilla-La Mancha;319.0;44.27;29.55;<=30 km;5.28;6.69
39102;Voto;COSTERA;Cantabria;Cantabria;2945.0;77.76;29.56;<=30 km;1.6;5.59
31146;Leache/Leatxe;TIERRA ESTELLA;Navarra;Comunidad Foral de Navarra;40.0;14.63;29.57;<=30 km;3.23;25.0
48909;Nabarniz;GUERNIKA-BERMEO;Bizkaia;País Vasco/Euskadi;274.0;11.75;29.67;<=30 km;4.71;2.62
12012;Altura;PALANCIA;Castelló/Castellón;Comunitat Valenciana;3790.0;129.5;29.7;<=30 km;4.25;3.61
19193;Montarrón;SIERRA;Guadalajara;Castilla-La Mancha;32.0;11.16;29.71;<=30 km;7.69;14.29
22141;Lascellas-Ponzano;SOMONTANO;Huesca;Aragón;139.0;27.35;29.85;<=30 km;5.56;4.51
09310;Reinoso;BUREBA-EBRO;Burgos;Castilla y León;18.0;8.5;29.85;<=30 km;36.36;20.0
18033;Busquístar;LAS ALPUJARRAS;Granada;Andalucía;308.0;18.02;29.86;<=30 km;2.51;7.69
34063;Cordovilla la Real;EL CERRATO;Palencia;Castilla y León;129.0;38.79;29.87;<=30 km;5.38;31.63
28062;Garganta de los Montes;LOZOYA SOMOSIERRA;Madrid;Comunidad de Madrid;416.0;40.33;29.9;<=30 km;18.1;1.22
05163;Navaluenga;VALLE BAJO ALBERCHE;Ávila;Castilla y León;2172.0;73.51;29.92;<=30 km;13.68;1.73
28901;Lozoyuela-Navas-Sieteiglesias;LOZOYA SOMOSIERRA;Madrid;Comunidad de Madrid;1483.0;51.44;29.96;<=30 km;11.14;5.4
25253;El Vilosell;GARRIGAS;Lleida;Cataluña/Catalunya;194.0;18.88;29.98;<=30 km;14.29;1.04
