Mun_Code;Municipality;Population_2024;Distance_to_50k_city_km;Distance_class;Var_2011_2017_pct;Var_2018_2021_pct;Var_2021_2024_pct;Municipality_size;Comarca;Province;CCAA
45080;Illán de Vacas;2,0;25,16;<=30 km;0,0;-40,0;-33,33;<1,000 (very small rural);TALAVERA;Toledo;Castilla-La Mancha
26173;Villarroya;4,0;48,92;30-60 km;-44,44;0,0;-20,0;<1,000 (very small rural);RIOJA BAJA;La Rioja;La Rioja
26154;Torremontalbo;7,0;19,73;<=30 km;-14,29;10,0;-36,36;<1,000 (very small rural);RIOJA ALTA;La Rioja;La Rioja
19031;Angón;7,0;54,44;30-60 km;-35,0;-20,0;-12,5;<1,000 (very small rural);SIERRA;Guadalajara;Castilla-La Mancha
42157;La Riba de Escalote;8,0;85,32;>60 km;-38,89;22,22;-27,27;<1,000 (very small rural);ALMAZAN;Soria;Castilla y León
19310;Valtablado del Río;8,0;66,19;>60 km;-30,77;0,0;0,0;<1,000 (very small rural);ALCARRIA BAJA;Guadalajara;Castilla-La Mancha
19284;Torremochuela;8,0;62,31;>60 km;-8,33;-27,27;0,0;<1,000 (very small rural);MOLINA DE ARAGON;Guadalajara;Castilla-La Mancha
19079;Castilnuevo;8,0;66,99;>60 km;-18,18;-33,33;33,33;<1,000 (very small rural);MOLINA DE ARAGON;Guadalajara;Castilla-La Mancha
42206;Villanueva de Gormaz;8,0;92,23;>60 km;-22,22;0,0;0,0;<1,000 (very small rural);BURGO DE OSMA;Soria;Castilla y León
26153;Torre en Cameros;8,0;24,95;<=30 km;-16,67;0,0;-20,0;<1,000 (very small rural);SIERRA RIOJA MEDIA;La Rioja;La Rioja
26104;Navajún;8,0;62,56;>60 km;-33,33;-33,33;-20,0;<1,000 (very small rural);SIERRA RIOJA BAJA;La Rioja;La Rioja
42196;Valdeprado;8,0;62,16;>60 km;-50,0;-33,33;33,33;<1,000 (very small rural);TIERRAS ALTAS Y VALLE DEL TERA;Soria;Castilla y León
42108;Maján;9,0;111,5;>60 km;-7,14;-30,77;0,0;<1,000 (very small rural);ALMAZAN;Soria;Castilla y León
09446;Villamedianilla;9,0;39,84;30-60 km;-7,69;-16,67;-10,0;<1,000 (very small rural);PISUERGA;Burgos;Castilla y León
19231;Rebollosa de Jadraque;10,0;57,21;30-60 km;-40,0;-16,67;0,0;<1,000 (very small rural);SIERRA;Guadalajara;Castilla-La Mancha
42148;Quiñonería;10,0;95,01;>60 km;-40,0;0,0;25,0;<1,000 (very small rural);CAMPO DE GOMARA;Soria;Castilla y León
26045;Cellorigo;10,0;36,05;30-60 km;-7,69;-16,67;0,0;<1,000 (very small rural);RIOJA ALTA;La Rioja;La Rioja
09184;Jaramillo Quemado;10,0;39,22;30-60 km;40,0;25,0;0,0;<1,000 (very small rural);DEMANDA;Burgos;Castilla y León
19270;Tordelrábano;11,0;72,91;>60 km;-30,0;-23,08;10,0;<1,000 (very small rural);SIERRA;Guadalajara;Castilla-La Mancha
19219;Pinilla de Molina;11,0;52,88;30-60 km;-48,0;-9,09;10,0;<1,000 (very small rural);MOLINA DE ARAGON;Guadalajara;Castilla-La Mancha
42098;Herrera de Soria;11,0;84,86;>60 km;-35,71;0,0;22,22;<1,000 (very small rural);PINARES;Soria;Castilla y León
42140;Portillo de Soria;12,0;96,82;>60 km;-11,11;0,0;-14,29;<1,000 (very small rural);CAMPO DE GOMARA;Soria;Castilla y León
19116;Estriégana;12,0;71,96;>60 km;-5,56;-23,08;20,0;<1,000 (very small rural);SIERRA;Guadalajara;Castilla-La Mancha
26077;Hornillos de Cameros;12,0;28,17;<=30 km;40,0;22,22;-45,45;<1,000 (very small rural);SIERRA RIOJA MEDIA;La Rioja;La Rioja
26161;Valdemadera;12,0;61,69;>60 km;-11,11;25,0;20,0;<1,000 (very small rural);SIERRA RIOJA BAJA;La Rioja;La Rioja
44018;Almohaja;12,0;65,14;>60 km;-37,93;-12,5;-14,29;<1,000 (very small rural);SERRANIA DE ALBARRACIN;Teruel;Aragón
19198;Negredo;13,0;50,75;30-60 km;-43,48;0,0;-23,53;<1,000 (very small rural);SIERRA;Guadalajara;Castilla-La Mancha
42082;Estepa de San Juan;13,0;59,23;30-60 km;-36,36;50,0;44,44;<1,000 (very small rural);TIERRAS ALTAS Y VALLE DEL TERA;Soria;Castilla y León
19049;Bañuelos;13,0;76,21;>60 km;-36,0;-7,14;0,0;<1,000 (very small rural);SIERRA;Guadalajara;Castilla-La Mancha
42106;La Losilla;13,0;67,41;>60 km;-7,14;-14,29;8,33;<1,000 (very small rural);CAMPO DE GOMARA;Soria;Castilla y León
42193;Valdelagua del Cerro;13,0;69,77;>60 km;5,56;-40,0;8,33;<1,000 (very small rural);TIERRAS ALTAS Y VALLE DEL TERA;Soria;Castilla y León
44203;Salcedillo;13,0;81,12;>60 km;112,5;-35,29;18,18;<1,000 (very small rural);SERRANIA DE MONTALBAN;Teruel;Aragón
19118;Fuembellida;14,0;59,5;30-60 km;-50,0;62,5;7,69;<1,000 (very small rural);MOLINA DE ARAGON;Guadalajara;Castilla-La Mancha
19104;Chequilla;14,0;46,32;30-60 km;-5,56;0,0;-17,65;<1,000 (very small rural);MOLINA DE ARAGON;Guadalajara;Castilla-La Mancha
05034;Blasconuño de Matacabras;14,0;60,31;>60 km;-26,32;-12,5;0,0;<1,000 (very small rural);AREVALO-MADRIGAL;Ávila;Castilla y León
19048;Baños de Tajo;14,0;57,0;30-60 km;-20,0;23,53;-33,33;<1,000 (very small rural);MOLINA DE ARAGON;Guadalajara;Castilla-La Mancha
16020;Arandilla del Arroyo;14,0;47,37;30-60 km;-43,48;-30,0;100,0;<1,000 (very small rural);ALCARRIA;Cuenca;Castilla-La Mancha
26181;Zarzosa;14,0;33,32;30-60 km;-6,67;-7,14;7,69;<1,000 (very small rural);SIERRA RIOJA BAJA;La Rioja;La Rioja
42052;Caracena;14,0;83,3;>60 km;-35,0;-6,67;0,0;<1,000 (very small rural);BURGO DE OSMA;Soria;Castilla y León
19010;Alcolea de las Peñas;14,0;71,75;>60 km;-36,84;33,33;-12,5;<1,000 (very small rural);SIERRA;Guadalajara;Castilla-La Mancha
19095;Condemios de Abajo;14,0;63,99;>60 km;-34,78;-28,57;40,0;<1,000 (very small rural);SIERRA;Guadalajara;Castilla-La Mancha
42202;Velilla de los Ajos;15,0;108,53;>60 km;-38,24;-9,52;-21,05;<1,000 (very small rural);CAMPO DE GOMARA;Soria;Castilla y León
42062;Cigudosa;15,0;67,7;>60 km;-51,22;11,11;-25,0;<1,000 (very small rural);TIERRAS ALTAS Y VALLE DEL TERA;Soria;Castilla y León
31071;Castillonuevo;15,0;50,43;30-60 km;0,0;5,88;-16,67;<1,000 (very small rural);PIRINEOS;Navarra;Comunidad Foral de Navarra
19199;Ocentejo;15,0;67,43;>60 km;-24,0;-5,56;-11,76;<1,000 (very small rural);ALCARRIA ALTA;Guadalajara;Castilla-La Mancha
19191;Monasterio;15,0;40,04;30-60 km;-16,67;0,0;7,14;<1,000 (very small rural);SIERRA;Guadalajara;Castilla-La Mancha
19019;Alique;15,0;44,72;30-60 km;-25,0;-6,25;0,0;<1,000 (very small rural);ALCARRIA BAJA;Guadalajara;Castilla-La Mancha
16275;Vindel;16,0;53,45;30-60 km;-44,44;10,0;45,45;<1,000 (very small rural);ALCARRIA;Cuenca;Castilla-La Mancha
16025;Arrancacepas;16,0;32,34;30-60 km;-15,15;-23,08;-20,0;<1,000 (very small rural);ALCARRIA;Cuenca;Castilla-La Mancha
19250;Santiuste;16,0;58,48;30-60 km;0,0;-16,67;6,67;<1,000 (very small rural);SIERRA;Guadalajara;Castilla-La Mancha
19038;Arbeteta;16,0;62,32;>60 km;-50,98;-23,08;-20,0;<1,000 (very small rural);ALCARRIA BAJA;Guadalajara;Castilla-La Mancha
26086;Ledesma de la Cogolla;16,0;26,24;<=30 km;-31,82;20,0;-11,11;<1,000 (very small rural);RIOJA ALTA;La Rioja;La Rioja
34033;Boada de Campos;16,0;26,02;<=30 km;-15,0;5,88;-11,11;<1,000 (very small rural);CAMPOS;Palencia;Castilla y León
26067;Gallinero de Cameros;16,0;35,15;30-60 km;-11,54;5,56;-15,79;<1,000 (very small rural);SIERRA RIOJA MEDIA;La Rioja;La Rioja
19097;Congostrina;17,0;48,19;30-60 km;-50,0;-25,0;41,67;<1,000 (very small rural);SIERRA;Guadalajara;Castilla-La Mancha
19134;Herrería;17,0;76,61;>60 km;-12,5;36,84;-34,62;<1,000 (very small rural);MOLINA DE ARAGON;Guadalajara;Castilla-La Mancha
44003;Aguatón;17,0;82,43;>60 km;-5,0;-5,56;0,0;<1,000 (very small rural);CUENCA DEL JILOCA;Teruel;Aragón
50041;Bagüés;17,0;62,17;>60 km;-47,62;33,33;6,25;<1,000 (very small rural);EGEA DE LOS CABALLEROS;Zaragoza;Aragón
40224;Ventosilla y Tejadilla;17,0;50,92;30-60 km;-44,44;-15,0;0,0;<1,000 (very small rural);SEGOVIA;Segovia;Castilla y León
26048;Cidamón;17,0;33,55;30-60 km;-33,33;0,0;-29,17;<1,000 (very small rural);RIOJA ALTA;La Rioja;La Rioja
09317;Rezmondo;17,0;48,64;30-60 km;25,0;10,53;-19,05;<1,000 (very small rural);PISUERGA;Burgos;Castilla y León
40006;Aldealcorvo;18,0;49,83;30-60 km;0,0;-13,64;-5,26;<1,000 (very small rural);SEPULVEDA;Segovia;Castilla y León
09046;Bascuñana;18,0;48,45;30-60 km;-34,15;-16,0;-14,29;<1,000 (very small rural);RIOJA ALTA;Burgos;Castilla y León
34137;Pozo de Urama;18,0;41,19;30-60 km;-16,67;-12,5;-14,29;<1,000 (very small rural);CAMPOS;Palencia;Castilla y León
42139;Pinilla del Campo;18,0;88,88;>60 km;20,0;0,0;-10,0;<1,000 (very small rural);CAMPO DE GOMARA;Soria;Castilla y León
42011;Aldealpozo;18,0;78,28;>60 km;-40,0;-5,56;5,88;<1,000 (very small rural);CAMPO DE GOMARA;Soria;Castilla y León
19309;Valhermoso;18,0;63,62;>60 km;-25,64;0,0;-28,0;<1,000 (very small rural);MOLINA DE ARAGON;Guadalajara;Castilla-La Mancha
09247;Palacios de Riopisuerga;18,0;46,9;30-60 km;-23,53;-8,33;-18,18;<1,000 (very small rural);PISUERGA;Burgos;Castilla y León
42053;Carrascosa de Abajo;18,0;87,25;>60 km;-17,86;-21,74;0,0;<1,000 (very small rural);BURGO DE OSMA;Soria;Castilla y León
40021;Arevalillo de Cega;18,0;38,02;30-60 km;-25,0;-19,05;5,88;<1,000 (very small rural);SEGOVIA;Segovia;Castilla y León
09310;Reinoso;18,0;29,85;<=30 km;-14,29;36,36;20,0;<1,000 (very small rural);BUREBA-EBRO;Burgos;Castilla y León
19153;Iniéstola;18,0;78,32;>60 km;-4,35;4,76;-18,18;<1,000 (very small rural);ALCARRIA ALTA;Guadalajara;Castilla-La Mancha
42118;Momblona;18,0;113,52;>60 km;-11,54;-26,09;5,88;<1,000 (very small rural);ALMAZAN;Soria;Castilla y León
16265;Villarejo de la Peñuela;18,0;37,19;30-60 km;-23,08;9,52;-21,74;<1,000 (very small rural);ALCARRIA;Cuenca;Castilla-La Mancha
16143;Olmedilla de Eliz;19,0;37,77;30-60 km;-20,0;0,0;26,67;<1,000 (very small rural);ALCARRIA;Cuenca;Castilla-La Mancha
19076;Castellar de la Muela;19,0;72,04;>60 km;-21,05;23,08;-40,62;<1,000 (very small rural);MOLINA DE ARAGON;Guadalajara;Castilla-La Mancha
19289;Traíd;19,0;54,23;30-60 km;-25,71;0,0;-29,63;<1,000 (very small rural);MOLINA DE ARAGON;Guadalajara;Castilla-La Mancha
47002;Aguasal;19,0;42,41;30-60 km;-20,0;-26,09;11,76;<1,000 (very small rural);SURESTE;Valladolid;Castilla y León
42084;Fresno de Caracena;19,0;91,51;>60 km;-25,93;11,11;-5,0;<1,000 (very small rural);BURGO DE OSMA;Soria;Castilla y León
50042;Balconchán;19,0;81,57;>60 km;6,67;11,76;0,0;<1,000 (very small rural);DAROCA;Zaragoza;Aragón
19202;La Olmeda de Jadraque;19,0;64,98;>60 km;-61,11;66,67;26,67;<1,000 (very small rural);SIERRA;Guadalajara;Castilla-La Mancha
42054;Carrascosa de la Sierra;19,0;63,98;>60 km;-10,0;0,0;11,76;<1,000 (very small rural);TIERRAS ALTAS Y VALLE DEL TERA;Soria;Castilla y León
42198;Valtajeros;19,0;60,99;>60 km;-3,85;-12,0;-13,64;<1,000 (very small rural);TIERRAS ALTAS Y VALLE DEL TERA;Soria;Castilla y León
16276;Yémeda;19,0;54,28;30-60 km;-40,0;-22,73;11,76;<1,000 (very small rural);SERRANIA BAJA;Cuenca;Castilla-La Mancha
26115;Pinillos;19,0;32,47;30-60 km;0,0;33,33;-5,0;<1,000 (very small rural);SIERRA RIOJA MEDIA;La Rioja;La Rioja
19087;Cincovillas;19,0;68,93;>60 km;-12,0;-13,04;-5,0;<1,000 (very small rural);SIERRA;Guadalajara;Castilla-La Mancha
19091;Cogollor;19,0;43,26;30-60 km;-12,12;-30,0;-9,52;<1,000 (very small rural);ALCARRIA ALTA;Guadalajara;Castilla-La Mancha
05063;Collado del Mirón;20,0;52,92;30-60 km;-22,22;-9,38;-31,03;<1,000 (very small rural);BARCO AVILA-PIEDRAHITA;Ávila;Castilla y León
16234;Valsalobre;20,0;47,96;30-60 km;-55,17;-25,0;-4,76;<1,000 (very small rural);SERRANIA ALTA;Cuenca;Castilla-La Mancha
19052;La Bodera;20,0;58,9;30-60 km;-31,43;-19,23;-4,76;<1,000 (very small rural);SIERRA;Guadalajara;Castilla-La Mancha
40158;Perosillo;20,0;54,33;30-60 km;-33,33;0,0;33,33;<1,000 (very small rural);CUELLAR;Segovia;Castilla y León
16140;Olmeda de la Cuesta;20,0;42,05;30-60 km;-25,64;0,0;-4,76;<1,000 (very small rural);ALCARRIA;Cuenca;Castilla-La Mancha
42153;Rello;20,0;85,58;>60 km;-31,82;7,14;33,33;<1,000 (very small rural);ALMAZAN;Soria;Castilla y León
19073;Casas de San Galindo;20,0;31,41;30-60 km;-25,0;5,56;5,26;<1,000 (very small rural);ALCARRIA ALTA;Guadalajara;Castilla-La Mancha
42010;Aldealices;20,0;63,12;>60 km;20,0;-14,71;-31,03;<1,000 (very small rural);TIERRAS ALTAS Y VALLE DEL TERA;Soria;Castilla y León
42065;Cirujales del Río;20,0;67,02;>60 km;-21,43;-9,09;0,0;<1,000 (very small rural);CAMPO DE GOMARA;Soria;Castilla y León
42079;Escobosa de Almazán;20,0;108,25;>60 km;-28,12;-9,09;0,0;<1,000 (very small rural);ALMAZAN;Soria;Castilla y León
05206;San Esteban de los Patos;20,0;8,73;<=30 km;-5,71;-23,33;-13,04;<1,000 (very small rural);AVILA;Ávila;Castilla y León
19267;Terzaga;20,0;55,53;30-60 km;4,55;-9,09;0,0;<1,000 (very small rural);MOLINA DE ARAGON;Guadalajara;Castilla-La Mancha
34161;San Cristóbal de Boedo;20,0;58,85;30-60 km;-11,54;0,0;-13,04;<1,000 (very small rural);BOEDO-OJEDA;Palencia;Castilla y León
44224;Torre de las Arcas;20,0;94,61;>60 km;-20,0;-10,71;-20,0;<1,000 (very small rural);SERRANIA DE MONTALBAN;Teruel;Aragón
19288;Tortuero;21,0;38,78;30-60 km;-15,0;-5,56;23,53;<1,000 (very small rural);SIERRA;Guadalajara;Castilla-La Mancha
19136;Hijes;21,0;70,29;>60 km;-32,14;-5,26;16,67;<1,000 (very small rural);SIERRA;Guadalajara;Castilla-La Mancha
42016;Aliud;21,0;91,47;>60 km;-34,62;22,22;-4,55;<1,000 (very small rural);CAMPO DE GOMARA;Soria;Castilla y León
16071;Castillo-Albaráñez;21,0;34,91;30-60 km;-21,43;-4,76;5,0;<1,000 (very small rural);ALCARRIA;Cuenca;Castilla-La Mancha
31211;Orreaga/Roncesvalles;21,0;35,7;30-60 km;-12,5;-9,52;10,53;<1,000 (very small rural);PIRINEOS;Navarra;Comunidad Foral de Navarra
26030;Bezares;21,0;20,92;<=30 km;5,26;31,58;-16,0;<1,000 (very small rural);RIOJA ALTA;La Rioja;La Rioja
42059;Centenera de Andaluz;21,0;103,79;>60 km;-15,38;0,0;0,0;<1,000 (very small rural);ALMAZAN;Soria;Castilla y León
42083;Frechilla de Almazán;21,0;101,93;>60 km;-7,41;-16,67;5,0;<1,000 (very small rural);ALMAZAN;Soria;Castilla y León
09202;Manciles;21,0;24,48;<=30 km;-14,29;0,0;-4,55;<1,000 (very small rural);PISUERGA;Burgos;Castilla y León
40229;Villaverde de Montejo;21,0;79,55;>60 km;-28,57;14,81;-32,26;<1,000 (very small rural);SEPULVEDA;Segovia;Castilla y León
42051;Carabantes;22,0;90,09;>60 km;-20,83;-6,25;46,67;<1,000 (very small rural);CAMPO DE GOMARA;Soria;Castilla y León
19210;Paredes de Sigüenza;22,0;76,53;>60 km;-47,37;26,32;-8,33;<1,000 (very small rural);SIERRA;Guadalajara;Castilla-La Mancha
47008;Almenara de Adaja;22,0;51,15;30-60 km;-13,79;9,52;-4,35;<1,000 (very small rural);SURESTE;Valladolid;Castilla y León
09368;Sordillos;22,0;35,87;30-60 km;-18,52;21,74;-21,43;<1,000 (very small rural);PISUERGA;Burgos;Castilla y León
42156;Reznos;22,0;91,28;>60 km;-11,76;3,33;-29,03;<1,000 (very small rural);CAMPO DE GOMARA;Soria;Castilla y León
37368;Villasdardo;22,0;41,46;30-60 km;-19,05;4,35;-8,33;<1,000 (very small rural);LEDESMA;Salamanca;Castilla y León
26035;Cabezón de Cameros;22,0;31,0;30-60 km;-27,27;-5,0;15,79;<1,000 (very small rural);SIERRA RIOJA MEDIA;La Rioja;La Rioja
34179;Tabanera de Valdavia;22,0;71,59;>60 km;-25,71;-4,0;-8,33;<1,000 (very small rural);SALDAÑA-VALDAVIA;Palencia;Castilla y León
34024;Baquerín de Campos;22,0;17,0;<=30 km;-15,38;-7,14;-15,38;<1,000 (very small rural);CAMPOS;Palencia;Castilla y León
50021;Almochuel;22,0;54,08;30-60 km;-18,92;-17,24;-8,33;<1,000 (very small rural);ZARAGOZA;Zaragoza;Aragón
12037;Castell de Cabres;22,0;75,06;>60 km;0,0;15,79;0,0;<1,000 (very small rural);ALTO MAESTRAZGO;Castelló/Castellón;Comunitat Valenciana
19277;Torrecuadrada de Molina;22,0;60,41;>60 km;-4,76;-5,26;22,22;<1,000 (very small rural);MOLINA DE ARAGON;Guadalajara;Castilla-La Mancha
09430;Villaespasa;22,0;35,52;30-60 km;22,22;12,5;-18,52;<1,000 (very small rural);DEMANDA;Burgos;Castilla y León
19281;Torremocha de Jadraque;23,0;47,32;30-60 km;-36,11;-13,04;15,0;<1,000 (very small rural);SIERRA;Guadalajara;Castilla-La Mancha
09068;Cantabrana;23,0;46,33;30-60 km;-3,45;-7,41;-8,0;<1,000 (very small rural);BUREBA-EBRO;Burgos;Castilla y León
37104;Cilleros de la Bastida;23,0;53,93;30-60 km;-28,21;-16,0;9,52;<1,000 (very small rural);LA SIERRA;Salamanca;Castilla y León
26081;Jalón de Cameros;23,0;27,88;<=30 km;-25,0;5,56;21,05;<1,000 (very small rural);SIERRA RIOJA MEDIA;La Rioja;La Rioja
47151;San Salvador;23,0;25,51;<=30 km;-16,22;-17,24;-4,17;<1,000 (very small rural);CENTRO;Valladolid;Castilla y León
09381;Tinieblas de la Sierra;23,0;32,37;30-60 km;-10,0;-17,65;-17,86;<1,000 (very small rural);DEMANDA;Burgos;Castilla y León
42176;Tajahuerce;23,0;82,82;>60 km;-9,38;-14,29;-4,17;<1,000 (very small rural);CAMPO DE GOMARA;Soria;Castilla y León
05018;Avellaneda;23,0;66,47;>60 km;-3,33;0,0;-11,54;<1,000 (very small rural);BARCO AVILA-PIEDRAHITA;Ávila;Castilla y León
44032;Bádenas;24,0;66,62;>60 km;-14,29;-10,0;33,33;<1,000 (very small rural);SERRANIA DE MONTALBAN;Teruel;Aragón
16030;Bascuñana de San Pedro;24,0;19,61;<=30 km;-12,0;5,26;20,0;<1,000 (very small rural);SERRANIA MEDIA;Cuenca;Castilla-La Mancha
09230;Navas de Bureba;24,0;46,93;30-60 km;-20,93;-11,43;-22,58;<1,000 (very small rural);BUREBA-EBRO;Burgos;Castilla y León
42213;Villaseca de Arciel;24,0;97,18;>60 km;-7,89;-29,41;0,0;<1,000 (very small rural);CAMPO DE GOMARA;Soria;Castilla y León
09422;La Vid de Bureba;24,0;44,18;30-60 km;-39,29;11,76;26,32;<1,000 (very small rural);BUREBA-EBRO;Burgos;Castilla y León
50215;Pozuel de Ariza;24,0;106,64;>60 km;9,52;-19,05;41,18;<1,000 (very small rural);CALATAYUD;Zaragoza;Aragón
44250;Veguillas de la Sierra;24,0;49,95;30-60 km;-24,0;5,0;14,29;<1,000 (very small rural);SERRANIA DE ALBARRACIN;Teruel;Aragón
09076;Carrias;24,0;34,85;30-60 km;-3,85;0,0;-4,0;<1,000 (very small rural);BUREBA-EBRO;Burgos;Castilla y León
44208;Santa Cruz de Nogueras;24,0;63,81;>60 km;-5,0;-18,92;-20,0;<1,000 (very small rural);SERRANIA DE MONTALBAN;Teruel;Aragón
19081;Cendejas de la Torre;24,0;46,89;30-60 km;-36,59;0,0;0,0;<1,000 (very small rural);SIERRA;Guadalajara;Castilla-La Mancha
26126;Robres del Castillo;24,0;26,79;<=30 km;0,0;-10,34;-7,69;<1,000 (very small rural);SIERRA RIOJA BAJA;La Rioja;La Rioja
19050;Barriopedro;24,0;38,65;30-60 km;-26,09;6,25;41,18;<1,000 (very small rural);ALCARRIA ALTA;Guadalajara;Castilla-La Mancha
42015;Alentisque;24,0;110,44;>60 km;-5,71;-21,21;-7,69;<1,000 (very small rural);ALMAZAN;Soria;Castilla y León
40051;Castroserracín;24,0;63,67;>60 km;-19,35;0,0;-46,67;<1,000 (very small rural);SEPULVEDA;Segovia;Castilla y León
50214;Pomer;24,0;76,31;>60 km;-25,0;13,64;-4,0;<1,000 (very small rural);CALATAYUD;Zaragoza;Aragón
44133;Lanzuela;24,0;67,24;>60 km;0,0;4,17;-4,0;<1,000 (very small rural);SERRANIA DE MONTALBAN;Teruel;Aragón
40154;Pajarejos;24,0;72,58;>60 km;-50,0;75,0;14,29;<1,000 (very small rural);SEPULVEDA;Segovia;Castilla y León
34241;Villodre;24,0;36,56;30-60 km;-15,0;0,0;41,18;<1,000 (very small rural);CAMPOS;Palencia;Castilla y León
42070;Cubilla;24,0;90,16;>60 km;-27,66;-22,86;-11,11;<1,000 (very small rural);PINARES;Soria;Castilla y León
40015;Aldehuela del Codonal;24,0;35,38;30-60 km;-15,62;-4,0;0,0;<1,000 (very small rural);CUELLAR;Segovia;Castilla y León
19306;Valderrebollo;25,0;41,64;30-60 km;-59,26;13,64;0,0;<1,000 (very small rural);ALCARRIA ALTA;Guadalajara;Castilla-La Mancha
22106;Fago;25,0;63,86;>60 km;-10,0;-8,7;19,05;<1,000 (very small rural);JACETANIA;Huesca;Aragón
26113;Pazuengos;25,0;42,68;30-60 km;-2,86;-16,13;-3,85;<1,000 (very small rural);SIERRA RIOJA ALTA;La Rioja;La Rioja
16079;Cueva del Hierro;25,0;41,1;30-60 km;-17,07;20,69;-28,57;<1,000 (very small rural);SERRANIA ALTA;Cuenca;Castilla-La Mancha
40037;Calabazas de Fuentidueña;25,0;62,37;>60 km;-14,63;-10,0;-7,41;<1,000 (very small rural);SEPULVEDA;Segovia;Castilla y León
40144;Navares de las Cuevas;25,0;67,18;>60 km;17,39;-12,0;13,64;<1,000 (very small rural);SEPULVEDA;Segovia;Castilla y León
16013;Algarra;25,0;50,92;30-60 km;8,0;-4,0;4,17;<1,000 (very small rural);SERRANIA BAJA;Cuenca;Castilla-La Mancha
42100;Hinojosa del Campo;25,0;85,75;>60 km;6,45;-9,68;-10,71;<1,000 (very small rural);CAMPO DE GOMARA;Soria;Castilla y León
19129;Gascueña de Bornova;25,0;57,32;30-60 km;-52,24;6,9;-19,35;<1,000 (very small rural);SIERRA;Guadalajara;Castilla-La Mancha
42031;Barcones;25,0;78,35;>60 km;-31,25;-8,7;19,05;<1,000 (very small rural);ALMAZAN;Soria;Castilla y León
44020;Alpeñés;26,0;98,29;>60 km;-11,54;-9,09;30,0;<1,000 (very small rural);SERRANIA DE MONTALBAN;Teruel;Aragón
09052;Berzosa de Bureba;26,0;45,45;30-60 km;-28,57;-6,9;-3,7;<1,000 (very small rural);BUREBA-EBRO;Burgos;Castilla y León
37045;La Bastida;26,0;52,03;30-60 km;-3,57;23,08;-18,75;<1,000 (very small rural);LA SIERRA;Salamanca;Castilla y León
44200;Rubielos de la Cérida;26,0;91,01;>60 km;-11,63;-2,63;-29,73;<1,000 (very small rural);CUENCA DEL JILOCA;Teruel;Aragón
19285;Torrubia;26,0;85,22;>60 km;-12,0;4,55;13,04;<1,000 (very small rural);MOLINA DE ARAGON;Guadalajara;Castilla-La Mancha
09407;Valmala;26,0;35,93;30-60 km;-9,09;-17,24;8,33;<1,000 (very small rural);DEMANDA;Burgos;Castilla y León
40005;Alconada de Maderuelo;26,0;83,23;>60 km;-19,44;-18,52;18,18;<1,000 (very small rural);SEPULVEDA;Segovia;Castilla y León
05119;Manjabálago y Ortigosa de Rioalmar;26,0;36,1;30-60 km;-34,88;-22,22;23,81;<1,000 (very small rural);AVILA;Ávila;Castilla y León
19259;Somolinos;26,0;69,39;>60 km;5,56;-14,29;-13,33;<1,000 (very small rural);SIERRA;Guadalajara;Castilla-La Mancha
42097;Gormaz;26,0;97,48;>60 km;28,57;0,0;23,81;<1,000 (very small rural);SORIA;Soria;Castilla y León
44204;Saldón;26,0;50,15;30-60 km;-10,34;-3,85;4,0;<1,000 (very small rural);SERRANIA DE ALBARRACIN;Teruel;Aragón
42185;Torreblacos;26,0;94,74;>60 km;-10,34;4,0;0,0;<1,000 (very small rural);SORIA;Soria;Castilla y León
42037;Bliecos;26,0;104,94;>60 km;-16,28;-17,14;-10,34;<1,000 (very small rural);CAMPO DE GOMARA;Soria;Castilla y León
31203;Petilla de Aragón;26,0;60,26;>60 km;54,55;-3,23;-13,33;<1,000 (very small rural);NAVARRA MEDIA;Navarra;Comunidad Foral de Navarra
47137;Roturas;26,0;51,15;30-60 km;-8,82;-9,38;-10,34;<1,000 (very small rural);SURESTE;Valladolid;Castilla y León
08216;Sant Jaume de Frontanyà;26,0;54,97;30-60 km;57,89;-6,67;-7,14;<1,000 (very small rural);BERGUEDA;Barcelona;Cataluña/Catalunya
09423;Vileña;27,0;41,63;30-60 km;-15,15;-10,34;3,85;<1,000 (very small rural);BUREBA-EBRO;Burgos;Castilla y León
42050;Cañamaque;27,0;111,45;>60 km;3,12;0,0;-15,62;<1,000 (very small rural);CAMPO DE GOMARA;Soria;Castilla y León
05106;Hoyos de Miguel Muñoz;27,0;46,67;30-60 km;-27,91;-10,34;3,85;<1,000 (very small rural);GREDOS;Ávila;Castilla y León
09382;Tobar;27,0;25,99;<=30 km;-16,67;-8,33;22,73;<1,000 (very small rural);PISUERGA;Burgos;Castilla y León
19175;Mazarete;27,0;87,36;>60 km;-25,49;-16,22;-12,9;<1,000 (very small rural);MOLINA DE ARAGON;Guadalajara;Castilla-La Mancha
19178;Megina;27,0;48,99;30-60 km;-41,82;16,67;-22,86;<1,000 (very small rural);MOLINA DE ARAGON;Guadalajara;Castilla-La Mancha
40168;Riaguas de San Bartolomé;27,0;81,68;>60 km;-5,26;-7,14;3,85;<1,000 (very small rural);SEPULVEDA;Segovia;Castilla y León
44036;Bea;27,0;74,84;>60 km;-6,25;0,0;-12,9;<1,000 (very small rural);SERRANIA DE MONTALBAN;Teruel;Aragón
09143;Galbarros;27,0;26,72;<=30 km;0,0;3,45;-10,0;<1,000 (very small rural);BUREBA-EBRO;Burgos;Castilla y León
44268;La Zoma;27,0;99,34;>60 km;-18,18;93,75;-12,9;<1,000 (very small rural);SERRANIA DE MONTALBAN;Teruel;Aragón
09077;Cascajares de Bureba;27,0;48,61;30-60 km;-15,0;-12,12;-6,9;<1,000 (very small rural);BUREBA-EBRO;Burgos;Castilla y León
09450;Villanueva de Carazo;27,0;50,32;30-60 km;-6,67;-20,0;12,5;<1,000 (very small rural);DEMANDA;Burgos;Castilla y León
09078;Cascajares de la Sierra;27,0;39,71;30-60 km;-11,9;-13,51;-15,62;<1,000 (very small rural);DEMANDA;Burgos;Castilla y León
19089;Ciruelos del Pinar;27,0;90,15;>60 km;-18,92;-28,12;17,39;<1,000 (very small rural);MOLINA DE ARAGON;Guadalajara;Castilla-La Mancha
16011;Alcohujate;27,0;54,24;30-60 km;-26,09;-3,33;-6,9;<1,000 (very small rural);ALCARRIA;Cuenca;Castilla-La Mancha
42201;Velilla de la Sierra;27,0;74,13;>60 km;-20,69;12,0;-3,57;<1,000 (very small rural);CAMPO DE GOMARA;Soria;Castilla y León
16132;Mota de Altarejos;27,0;45,5;30-60 km;-14,29;-11,11;-15,62;<1,000 (very small rural);MANCHA ALTA;Cuenca;Castilla-La Mancha
40172;Riofrío de Riaza;27,0;69,2;>60 km;0,0;-10,53;-20,59;<1,000 (very small rural);SEPULVEDA;Segovia;Castilla y León
09365;La Sequera de Haza;27,0;77,68;>60 km;-26,09;-19,35;8,0;<1,000 (very small rural);LA RIBERA;Burgos;Castilla y León
26172;Villarejo;27,0;37,48;30-60 km;-12,12;25,93;-20,59;<1,000 (very small rural);RIOJA ALTA;La Rioja;La Rioja
50142;Lobera de Onsella;27,0;61,47;>60 km;-44,44;-10,71;8,0;<1,000 (very small rural);EGEA DE LOS CABALLEROS;Zaragoza;Aragón
19278;Torrecuadradilla;28,0;58,32;30-60 km;-28,57;12,0;0,0;<1,000 (very small rural);ALCARRIA ALTA;Guadalajara;Castilla-La Mancha
47168;Torrecilla de la Torre;28,0;23,3;<=30 km;-23,08;9,09;-22,22;<1,000 (very small rural);CENTRO;Valladolid;Castilla y León
44243;Valdecuenca;28,0;51,05;30-60 km;-30,19;-17,14;-3,45;<1,000 (very small rural);SERRANIA DE ALBARRACIN;Teruel;Aragón
19294;Ujados;28,0;66,59;>60 km;13,33;7,14;-6,67;<1,000 (very small rural);SIERRA;Guadalajara;Castilla-La Mancha
09201;Mamolar;28,0;55,02;30-60 km;-17,65;-6,9;3,7;<1,000 (very small rural);DEMANDA;Burgos;Castilla y León
42012;Aldealseñor;28,0;65,39;>60 km;-34,04;6,67;-12,5;<1,000 (very small rural);CAMPO DE GOMARA;Soria;Castilla y León
09360;San Vicente del Valle;28,0;42,36;30-60 km;-32,5;8,0;3,7;<1,000 (very small rural);DEMANDA;Burgos;Castilla y León
09083;Castil de Peones;28,0;27,76;<=30 km;12,5;-21,88;12,0;<1,000 (very small rural);BUREBA-EBRO;Burgos;Castilla y León
05148;Narros del Puerto;28,0;32,64;30-60 km;-47,73;31,82;-3,45;<1,000 (very small rural);AVILA;Ávila;Castilla y León
19003;Adobes;28,0;58,39;30-60 km;-26,92;3,23;-12,5;<1,000 (very small rural);MOLINA DE ARAGON;Guadalajara;Castilla-La Mancha
09001;Abajas;28,0;30,75;30-60 km;-6,9;7,41;-3,45;<1,000 (very small rural);BUREBA-EBRO;Burgos;Castilla y León
50168;Mianos;28,0;63,27;>60 km;-21,95;-12,5;0,0;<1,000 (very small rural);EGEA DE LOS CABALLEROS;Zaragoza;Aragón
34230;Villarmentero de Campos;28,0;34,46;30-60 km;109,09;12,5;55,56;<1,000 (very small rural);CAMPOS;Palencia;Castilla y León
40056;Cobos de Fuentidueña;28,0;57,37;30-60 km;-12,82;0,0;-17,65;<1,000 (very small rural);SEPULVEDA;Segovia;Castilla y León
42041;Buberos;28,0;93,25;>60 km;-10,81;-12,12;-3,45;<1,000 (very small rural);CAMPO DE GOMARA;Soria;Castilla y León
50260;Torrelapaja;29,0;85,58;>60 km;-20,93;9,38;-17,14;<1,000 (very small rural);CALATAYUD;Zaragoza;Aragón
50096;Embid de Ariza;29,0;93,45;>60 km;-26,42;-11,11;-9,38;<1,000 (very small rural);CALATAYUD;Zaragoza;Aragón
19901;Semillas;29,0;45,14;30-60 km;2,38;-10,0;-19,44;<1,000 (very small rural);SIERRA;Guadalajara;Castilla-La Mancha
19322;Villaseca de Henares;29,0;47,95;30-60 km;-27,5;-7,41;16,0;<1,000 (very small rural);ALCARRIA ALTA;Guadalajara;Castilla-La Mancha
34149;Requena de Campos;29,0;40,43;30-60 km;-18,52;4,76;31,82;<1,000 (very small rural);CAMPOS;Palencia;Castilla y León
09178;Ibrillos;29,0;51,1;30-60 km;-30,77;-17,78;-21,62;<1,000 (very small rural);BUREBA-EBRO;Burgos;Castilla y León
31196;Orbara;29,0;37,05;30-60 km;-20,83;-11,11;-9,38;<1,000 (very small rural);PIRINEOS;Navarra;Comunidad Foral de Navarra
40212;Valdevacas de Montejo;29,0;82,7;>60 km;-8,57;-6,67;3,57;<1,000 (very small rural);SEPULVEDA;Segovia;Castilla y León
46226;Sempere;29,0;23,38;<=30 km;-14,58;-25,71;11,54;<1,000 (very small rural);VALLES DE ALBAIDA;València/Valencia;Comunitat Valenciana
19034;Anquela del Pedregal;29,0;62,57;>60 km;-12,5;13,04;11,54;<1,000 (very small rural);MOLINA DE ARAGON;Guadalajara;Castilla-La Mancha
50221;Purujosa;29,0;69,92;>60 km;-13,95;-27,78;11,54;<1,000 (very small rural);LA ALMUNIA DE DOÑA GODINA;Zaragoza;Aragón
31004;Abaurrepea/Abaurrea Baja;29,0;37,73;30-60 km;-15,0;-12,12;0,0;<1,000 (very small rural);PIRINEOS;Navarra;Comunidad Foral de Navarra
05154;Navadijos;29,0;46,15;30-60 km;-32,14;-5,88;-9,38;<1,000 (very small rural);GREDOS;Ávila;Castilla y León
09102;Cillaperlata;30,0;53,58;30-60 km;-18,6;6,06;-14,29;<1,000 (very small rural);BUREBA-EBRO;Burgos;Castilla y León
42208;Villar del Campo;30,0;77,74;>60 km;-8,33;18,18;15,38;<1,000 (very small rural);CAMPO DE GOMARA;Soria;Castilla y León
50212;Pleitas;30,0;22,97;<=30 km;-22,64;-8,33;-9,09;<1,000 (very small rural);ZARAGOZA;Zaragoza;Aragón
05104;Hoyos del Collado;30,0;55,15;30-60 km;-2,7;-8,82;-3,23;<1,000 (very small rural);GREDOS;Ávila;Castilla y León
44023;Allueva;30,0;78,63;>60 km;34,78;-24,14;36,36;<1,000 (very small rural);SERRANIA DE MONTALBAN;Teruel;Aragón
42060;Cerbón;30,0;63,62;>60 km;-15,0;0,0;0,0;<1,000 (very small rural);TIERRAS ALTAS Y VALLE DEL TERA;Soria;Castilla y León
42013;Aldehuela de Periáñez;30,0;73,49;>60 km;-27,45;-8,33;-9,09;<1,000 (very small rural);CAMPO DE GOMARA;Soria;Castilla y León
50128;Isuerre;30,0;60,97;>60 km;-13,89;6,45;-9,09;<1,000 (very small rural);EGEA DE LOS CABALLEROS;Zaragoza;Aragón
42038;Borjabad;30,0;100,4;>60 km;-14,63;-2,94;-9,09;<1,000 (very small rural);ALMAZAN;Soria;Castilla y León
37163;La Hoya;30,0;63,17;>60 km;-14,58;-21,62;3,45;<1,000 (very small rural);LA SIERRA;Salamanca;Castilla y León
05214;San Lorenzo de Tormes;30,0;66,87;>60 km;-37,93;-10,81;-9,09;<1,000 (very small rural);BARCO AVILA-PIEDRAHITA;Ávila;Castilla y León
42216;Vizmanos;30,0;48,84;30-60 km;0,0;-3,7;15,38;<1,000 (very small rural);TIERRAS ALTAS Y VALLE DEL TERA;Soria;Castilla y León
16062;Casas de Garcimolina;30,0;54,5;30-60 km;-15,15;7,41;3,45;<1,000 (very small rural);SERRANIA BAJA;Cuenca;Castilla-La Mancha
40198;Sotillo;30,0;59,23;30-60 km;-7,14;16,0;3,45;<1,000 (very small rural);SEPULVEDA;Segovia;Castilla y León
34031;Belmonte de Campos;30,0;34,62;30-60 km;-8,57;-21,21;15,38;<1,000 (very small rural);CAMPOS;Palencia;Castilla y León
08093;Gisclareny;30,0;60,68;>60 km;-12,9;3,85;11,11;<1,000 (very small rural);BERGUEDA;Barcelona;Cataluña/Catalunya
16259;Villar del Infantado;31,0;49,44;30-60 km;-4,55;-4,26;-31,11;<1,000 (very small rural);ALCARRIA;Cuenca;Castilla-La Mancha
40048;Castrojimeno;31,0;61,52;>60 km;-10,81;-11,11;-3,12;<1,000 (very small rural);SEPULVEDA;Segovia;Castilla y León
05120;Marlín;31,0;16,2;<=30 km;-13,16;3,23;-3,12;<1,000 (very small rural);AVILA;Ávila;Castilla y León
44218;Tormón;31,0;55,76;30-60 km;-5,56;-19,35;24,0;<1,000 (very small rural);SERRANIA DE ALBARRACIN;Teruel;Aragón
50273;Valdehorna;31,0;80,05;>60 km;-16,67;-3,33;6,9;<1,000 (very small rural);DAROCA;Zaragoza;Aragón
37165;Iruelos;31,0;58,58;30-60 km;-8,11;-8,82;0,0;<1,000 (very small rural);VITIGUDINO;Salamanca;Castilla y León
37150;Gejuelo del Barro;31,0;37,97;30-60 km;-13,64;-10,53;-8,82;<1,000 (very small rural);LEDESMA;Salamanca;Castilla y León
47064;Fontihoyuelo;31,0;45,28;30-60 km;-8,11;5,88;-13,89;<1,000 (very small rural);TIERRA DE CAMPOS;Valladolid;Castilla y León
26121;Rabanera;31,0;31,0;30-60 km;-58,82;0,0;-3,12;<1,000 (very small rural);SIERRA RIOJA MEDIA;La Rioja;La Rioja
37004;Ahigal de Villarino;31,0;62,1;>60 km;-10,26;-29,41;29,17;<1,000 (very small rural);VITIGUDINO;Salamanca;Castilla y León
09280;Quintanabureba;31,0;36,62;30-60 km;-24,32;25,0;3,33;<1,000 (very small rural);BUREBA-EBRO;Burgos;Castilla y León
09482;Zarzosa de Río Pisuerga;31,0;51,84;30-60 km;-16,67;9,68;-8,82;<1,000 (very small rural);PISUERGA;Burgos;Castilla y León
44167;Obón;31,0;88,13;>60 km;15,79;-28,89;-3,12;<1,000 (very small rural);SERRANIA DE MONTALBAN;Teruel;Aragón
09036;Bañuelos de Bureba;31,0;37,69;30-60 km;2,94;-8,82;0,0;<1,000 (very small rural);BUREBA-EBRO;Burgos;Castilla y León
19296;Utande;31,0;31,97;30-60 km;-27,08;5,71;-16,22;<1,000 (very small rural);ALCARRIA ALTA;Guadalajara;Castilla-La Mancha
19307;Valdesotos;31,0;39,24;30-60 km;-13,33;-4,0;29,17;<1,000 (very small rural);SIERRA;Guadalajara;Castilla-La Mancha
19169;Mantiel;31,0;42,89;30-60 km;-41,43;-18,92;3,33;<1,000 (very small rural);ALCARRIA BAJA;Guadalajara;Castilla-La Mancha
24069;Escobar de Campos;31,0;49,81;30-60 km;-22,22;-21,43;-6,06;<1,000 (very small rural);SAHAGUN;León;Castilla y León
40019;Arahuetes;31,0;37,68;30-60 km;-6,82;-12,5;10,71;<1,000 (very small rural);SEGOVIA;Segovia;Castilla y León
19260;El Sotillo;31,0;52,89;30-60 km;-6,12;0,0;-24,39;<1,000 (very small rural);ALCARRIA ALTA;Guadalajara;Castilla-La Mancha
19318;Villanueva de Argecilla;32,0;36,49;30-60 km;-25,0;37,93;-20,0;<1,000 (very small rural);ALCARRIA ALTA;Guadalajara;Castilla-La Mancha
40068;Domingo García;32,0;31,12;30-60 km;-25,0;18,52;0,0;<1,000 (very small rural);CUELLAR;Segovia;Castilla y León
31034;Aribe;32,0;34,58;30-60 km;-14,58;-11,11;0,0;<1,000 (very small rural);PIRINEOS;Navarra;Comunidad Foral de Navarra
44150;Miravete de la Sierra;32,0;84,36;>60 km;-6,06;8,57;-15,79;<1,000 (very small rural);MAESTRAZGO;Teruel;Aragón
44164;Nogueras;32,0;61,03;>60 km;-22,22;12,0;14,29;<1,000 (very small rural);SERRANIA DE MONTALBAN;Teruel;Aragón
26131;San Millán de Yécora;32,0;47,7;30-60 km;-22,92;-2,86;-5,88;<1,000 (very small rural);RIOJA ALTA;La Rioja;La Rioja
19193;Montarrón;32,0;29,71;<=30 km;-30,56;7,69;14,29;<1,000 (very small rural);SIERRA;Guadalajara;Castilla-La Mancha
05088;Grandes y San Martín;32,0;29,44;<=30 km;-3,12;-16,13;23,08;<1,000 (very small rural);AVILA;Ávila;Castilla y León
44239;Valacloche;32,0;77,41;>60 km;-25,81;14,29;33,33;<1,000 (very small rural);HOYA DE TERUEL;Teruel;Aragón
16044;Campillos-Sierra;32,0;29,05;<=30 km;-42,86;-20,0;0,0;<1,000 (very small rural);SERRANIA BAJA;Cuenca;Castilla-La Mancha
19185;La Miñosa;32,0;63,67;>60 km;-26,19;21,43;-5,88;<1,000 (very small rural);SIERRA;Guadalajara;Castilla-La Mancha
09041;Barrio de Muñó;32,0;32,41;30-60 km;-5,71;-3,03;0,0;<1,000 (very small rural);PISUERGA;Burgos;Castilla y León
47209;Villalán de Campos;32,0;53,39;30-60 km;-20,41;0,0;-8,57;<1,000 (very small rural);TIERRA DE CAMPOS;Valladolid;Castilla y León
42086;Fuentecambrón;32,0;95,57;>60 km;-15,91;-11,11;0,0;<1,000 (very small rural);BURGO DE OSMA;Soria;Castilla y León
47196;Villabaruz de Campos;32,0;35,58;30-60 km;-22,22;-23,53;23,08;<1,000 (very small rural);TIERRA DE CAMPOS;Valladolid;Castilla y León
40049;Castroserna de Abajo;32,0;49,65;30-60 km;-21,67;-34,0;-3,03;<1,000 (very small rural);SEGOVIA;Segovia;Castilla y León
09388;Torrelara;32,0;24,84;<=30 km;-3,12;10,0;-3,03;<1,000 (very small rural);DEMANDA;Burgos;Castilla y León
19261;Sotodosos;33,0;72,5;>60 km;-28,0;-11,76;10,0;<1,000 (very small rural);ALCARRIA ALTA;Guadalajara;Castilla-La Mancha
22168;Palo;33,0;59,41;30-60 km;-10,34;3,7;17,86;<1,000 (very small rural);SOBRARBE;Huesca;Aragón
37259;Puebla de San Medel;33,0;51,39;30-60 km;4,76;-2,63;-10,81;<1,000 (very small rural);LA SIERRA;Salamanca;Castilla y León
19145;Hortezuela de Océn;33,0;73,62;>60 km;-31,43;-11,63;-13,16;<1,000 (very small rural);ALCARRIA ALTA;Guadalajara;Castilla-La Mancha
09269;Pinilla de los Moros;33,0;43,18;30-60 km;-33,33;11,11;-17,5;<1,000 (very small rural);DEMANDA;Burgos;Castilla y León
19221;Piqueras;33,0;55,47;30-60 km;-7,94;-12,5;-32,65;<1,000 (very small rural);MOLINA DE ARAGON;Guadalajara;Castilla-La Mancha
50048;Berrueco;33,0;90,21;>60 km;-26,67;6,06;-5,71;<1,000 (very small rural);DAROCA;Zaragoza;Aragón
19241;Romanillos de Atienza;33,0;75,07;>60 km;-6,52;-19,05;-2,94;<1,000 (very small rural);SIERRA;Guadalajara;Castilla-La Mancha
19109;Embid;33,0;88,63;>60 km;-26,42;-5,71;0,0;<1,000 (very small rural);MOLINA DE ARAGON;Guadalajara;Castilla-La Mancha
50087;Contamina;33,0;94,6;>60 km;-10,26;-10,81;0,0;<1,000 (very small rural);CALATAYUD;Zaragoza;Aragón
42217;Vozmediano;33,0;78,06;>60 km;-13,95;2,78;-10,81;<1,000 (very small rural);CAMPO DE GOMARA;Soria;Castilla y León
34202;Villabasta de Valdavia;33,0;63,71;>60 km;-14,29;0,0;3,12;<1,000 (very small rural);SALDAÑA-VALDAVIA;Palencia;Castilla y León
16070;Castillejo-Sierra;33,0;21,54;<=30 km;-17,14;-3,33;13,79;<1,000 (very small rural);SERRANIA MEDIA;Cuenca;Castilla-La Mancha
09327;Rublacedo de Abajo;33,0;25,24;<=30 km;-5,41;-19,44;13,79;<1,000 (very small rural);BUREBA-EBRO;Burgos;Castilla y León
19114;Esplegares;33,0;72,28;>60 km;-4,55;2,63;-15,38;<1,000 (very small rural);ALCARRIA ALTA;Guadalajara;Castilla-La Mancha
42175;Suellacabras;33,0;71,2;>60 km;-10,0;0,0;32,0;<1,000 (very small rural);TIERRAS ALTAS Y VALLE DEL TERA;Soria;Castilla y León
16199;Solera de Gabaldón;33,0;50,4;30-60 km;-9,68;17,39;22,22;<1,000 (very small rural);SERRANIA MEDIA;Cuenca;Castilla-La Mancha
05188;Poveda;33,0;38,66;30-60 km;-22,95;-15,56;-13,16;<1,000 (very small rural);AVILA;Ávila;Castilla y León
19042;Arroyo de las Fraguas;33,0;48,47;30-60 km;-41,46;0,0;50,0;<1,000 (very small rural);SIERRA;Guadalajara;Castilla-La Mancha
47028;Cabezón de Valderaduey;33,0;53,67;30-60 km;-2,63;13,89;-19,51;<1,000 (very small rural);TIERRA DE CAMPOS;Valladolid;Castilla y León
42172;Soliedra;33,0;111,79;>60 km;-5,56;-3,12;6,45;<1,000 (very small rural);ALMAZAN;Soria;Castilla y León
31043;Azuelo;33,0;17,94;<=30 km;-17,07;-15,62;22,22;<1,000 (very small rural);TIERRA ESTELLA;Navarra;Comunidad Foral de Navarra
42056;Castilfrío de la Sierra;34,0;60,9;>60 km;-9,38;29,63;-2,86;<1,000 (very small rural);TIERRAS ALTAS Y VALLE DEL TERA;Soria;Castilla y León
09155;Haza;34,0;74,64;>60 km;-3,57;7,69;21,43;<1,000 (very small rural);LA RIBERA;Burgos;Castilla y León
05145;Narrillos del Rebollar;34,0;26,49;<=30 km;-14,52;-24,0;-10,53;<1,000 (very small rural);AVILA;Ávila;Castilla y León
44217;Toril y Masegoso;34,0;42,5;30-60 km;-21,62;20,0;-5,56;<1,000 (very small rural);SERRANIA DE ALBARRACIN;Teruel;Aragón
19115;Establés;34,0;88,94;>60 km;-36,17;-3,33;17,24;<1,000 (very small rural);MOLINA DE ARAGON;Guadalajara;Castilla-La Mancha
44024;Anadón;34,0;77,18;>60 km;12,5;18,52;6,25;<1,000 (very small rural);SERRANIA DE MONTALBAN;Teruel;Aragón
19209;Pardos;34,0;82,17;>60 km;-26,32;-9,09;-15,0;<1,000 (very small rural);MOLINA DE ARAGON;Guadalajara;Castilla-La Mancha
37126;Espadaña;34,0;50,95;30-60 km;-12,2;11,76;-10,53;<1,000 (very small rural);VITIGUDINO;Salamanca;Castilla y León
12087;Palanques;34,0;80,15;>60 km;6,25;16,13;-5,56;<1,000 (very small rural);ALTO MAESTRAZGO;Castelló/Castellón;Comunitat Valenciana
19268;Tierzo;34,0;60,57;>60 km;-15,0;60,0;-29,17;<1,000 (very small rural);MOLINA DE ARAGON;Guadalajara;Castilla-La Mancha
37097;Castraz;34,0;60,72;>60 km;-18,37;-9,52;-10,53;<1,000 (very small rural);FUENTE DE SAN ESTEBAN;Salamanca;Castilla y León
16152;La Parra de las Vegas;35,0;42,09;30-60 km;-15,22;-2,94;6,06;<1,000 (very small rural);SERRANIA MEDIA;Cuenca;Castilla-La Mancha
09082;Castildelgado;35,0;49,8;30-60 km;-25,93;-8,33;6,06;<1,000 (very small rural);BUREBA-EBRO;Burgos;Castilla y León
05039;Brabos;35,0;26,07;<=30 km;-18,97;-4,55;-16,67;<1,000 (very small rural);AVILA;Ávila;Castilla y León
19254;Selas;35,0;82,32;>60 km;-21,21;-8,51;-18,6;<1,000 (very small rural);MOLINA DE ARAGON;Guadalajara;Castilla-La Mancha
26101;Muro en Cameros;35,0;27,88;<=30 km;-8,33;-10,26;0,0;<1,000 (very small rural);SIERRA RIOJA MEDIA;La Rioja;La Rioja
49160;Pobladura de Valderaduey;35,0;30,16;30-60 km;-22,0;5,41;-10,26;<1,000 (very small rural);CAMPOS-PAN;Zamora;Castilla y León
31119;Güesa/Gorza;35,0;47,86;30-60 km;-13,73;-15,0;2,94;<1,000 (very small rural);PIRINEOS;Navarra;Comunidad Foral de Navarra
44142;Maicas;35,0;79,1;>60 km;-20,51;14,81;12,9;<1,000 (very small rural);SERRANIA DE MONTALBAN;Teruel;Aragón
05244;Tormellas;35,0;68,31;>60 km;-33,33;-9,76;-5,41;<1,000 (very small rural);BARCO AVILA-PIEDRAHITA;Ávila;Castilla y León
26016;Arenzana de Arriba;35,0;21,6;<=30 km;-11,76;-6,67;25,0;<1,000 (very small rural);RIOJA ALTA;La Rioja;La Rioja
40055;Cilleruelo de San Mamés;35,0;77,18;>60 km;-19,05;-2,86;2,94;<1,000 (very small rural);SEPULVEDA;Segovia;Castilla y León
37329;Tremedal de Tormes;35,0;44,47;30-60 km;7,14;-13,95;-5,41;<1,000 (very small rural);LEDESMA;Salamanca;Castilla y León
44110;Fuenferrada;35,0;90,77;>60 km;-17,74;-4,76;-12,5;<1,000 (very small rural);SERRANIA DE MONTALBAN;Teruel;Aragón
44131;Josa;35,0;81,32;>60 km;-15,79;5,88;-2,78;<1,000 (very small rural);SERRANIA DE MONTALBAN;Teruel;Aragón
19188;Mochales;35,0;98,88;>60 km;-34,21;-12,5;-16,67;<1,000 (very small rural);MOLINA DE ARAGON;Guadalajara;Castilla-La Mancha
37249;Peralejos de Arriba;35,0;53,51;30-60 km;-14,29;-5,13;-5,41;<1,000 (very small rural);VITIGUDINO;Salamanca;Castilla y León
44102;Fonfría;35,0;77,53;>60 km;0,0;3,57;20,69;<1,000 (very small rural);SERRANIA DE MONTALBAN;Teruel;Aragón
05200;San Bartolomé de Corneja;35,0;58,35;30-60 km;-25,0;-6,98;-12,5;<1,000 (very small rural);BARCO AVILA-PIEDRAHITA;Ávila;Castilla y León
05046;Canales;35,0;43,09;30-60 km;-2,0;-18,75;-10,26;<1,000 (very small rural);AREVALO-MADRIGAL;Ávila;Castilla y León
19283;Torremocha del Pinar;35,0;75,63;>60 km;-23,53;-5,0;-7,89;<1,000 (very small rural);MOLINA DE ARAGON;Guadalajara;Castilla-La Mancha
09378;Tejada;35,0;45,57;30-60 km;-23,68;17,24;2,94;<1,000 (very small rural);ARLANZA;Burgos;Castilla y León
43057;La Febró;36,0;17,39;<=30 km;-17,65;-2,38;-12,2;<1,000 (very small rural);BAIX CAMP;Tarragona;Cataluña/Catalunya
40201;Tolocirio;36,0;46,52;30-60 km;-10,17;-10,0;-20,0;<1,000 (very small rural);CUELLAR;Segovia;Castilla y León
40029;Bercimuel;36,0;74,83;>60 km;-46,0;-20,0;80,0;<1,000 (very small rural);SEPULVEDA;Segovia;Castilla y León
26029;Bergasillas Bajera;36,0;33,4;30-60 km;8,57;-12,82;5,88;<1,000 (very small rural);RIOJA BAJA;La Rioja;La Rioja
44231;Torrijas;36,0;68,08;>60 km;-38,1;0,0;-5,26;<1,000 (very small rural);HOYA DE TERUEL;Teruel;Aragón
47018;Berceruelo;36,0;21,39;<=30 km;-7,5;-2,56;-5,26;<1,000 (very small rural);CENTRO;Valladolid;Castilla y León
09062;Cabezón de la Sierra;36,0;59,09;30-60 km;1,72;-24,53;-10,0;<1,000 (very small rural);DEMANDA;Burgos;Castilla y León
19203;El Ordial;36,0;52,64;30-60 km;-21,62;37,04;-2,7;<1,000 (very small rural);SIERRA;Guadalajara;Castilla-La Mancha
49114;Matilla la Seca;36,0;26,52;<=30 km;-27,59;-4,88;-7,69;<1,000 (very small rural);CAMPOS-PAN;Zamora;Castilla y León
42127;Nafría de Ucero;36,0;85,11;>60 km;-34,0;6,45;9,09;<1,000 (very small rural);BURGO DE OSMA;Soria;Castilla y León
05070;Donvidas;36,0;48,73;30-60 km;-20,0;-9,09;20,0;<1,000 (very small rural);AREVALO-MADRIGAL;Ávila;Castilla y León
42151;Rebollar;36,0;62,26;>60 km;-11,36;7,89;-12,2;<1,000 (very small rural);TIERRAS ALTAS Y VALLE DEL TERA;Soria;Castilla y León
05261;Villar de Corneja;36,0;57,44;30-60 km;-22,92;-5,13;-2,7;<1,000 (very small rural);BARCO AVILA-PIEDRAHITA;Ávila;Castilla y León
19249;San Andrés del Rey;37,0;30,69;30-60 km;-15,79;11,43;-5,13;<1,000 (very small rural);ALCARRIA ALTA;Guadalajara;Castilla-La Mancha
50210;Los Pintanos;37,0;58,86;30-60 km;-17,78;2,7;-2,63;<1,000 (very small rural);EGEA DE LOS CABALLEROS;Zaragoza;Aragón
09071;Carcedo de Bureba;37,0;28,93;<=30 km;-19,61;2,27;-17,78;<1,000 (very small rural);BUREBA-EBRO;Burgos;Castilla y León
09424;Viloria de Rioja;37,0;48,18;30-60 km;-10,0;-9,52;-2,63;<1,000 (very small rural);BUREBA-EBRO;Burgos;Castilla y León
44249;El Vallecillo;37,0;35,93;30-60 km;-19,67;-18,75;-5,13;<1,000 (very small rural);SERRANIA DE ALBARRACIN;Teruel;Aragón
34224;Villamuera de la Cueza;37,0;31,2;30-60 km;-17,86;-20,0;2,78;<1,000 (very small rural);CAMPOS;Palencia;Castilla y León
50080;Cerveruela;37,0;56,57;30-60 km;-17,39;5,71;0,0;<1,000 (very small rural);DAROCA;Zaragoza;Aragón
42192;Valdegeña;37,0;75,06;>60 km;-4,55;-9,52;-2,63;<1,000 (very small rural);TIERRAS ALTAS Y VALLE DEL TERA;Soria;Castilla y León
42219;Yelo;37,0;83,56;>60 km;-15,69;23,68;-21,28;<1,000 (very small rural);ARCOS DE JALON;Soria;Castilla y León
05246;Tórtoles;38,0;54,04;30-60 km;-17,33;-21,67;-19,15;<1,000 (very small rural);AVILA;Ávila;Castilla y León
34009;Amayuelas de Arriba;38,0;27,28;<=30 km;-5,26;2,86;5,56;<1,000 (very small rural);CAMPOS;Palencia;Castilla y León
50047;Berdejo;38,0;86,77;>60 km;-28,17;-14,89;-5,0;<1,000 (very small rural);CALATAYUD;Zaragoza;Aragón
47106;Olmos de Peñafiel;38,0;62,65;>60 km;-16,67;-7,02;-28,3;<1,000 (very small rural);SURESTE;Valladolid;Castilla y León
16038;Buciegas;38,0;42,73;30-60 km;-16,67;-20,0;18,75;<1,000 (very small rural);ALCARRIA;Cuenca;Castilla-La Mancha
19182;La Mierla;38,0;33,71;30-60 km;-4,76;0,0;-5,0;<1,000 (very small rural);SIERRA;Guadalajara;Castilla-La Mancha
03130;Tollos;38,0;24,76;<=30 km;2,04;-33,93;2,7;<1,000 (very small rural);MONTAÑA;Alacant/Alicante;Comunitat Valenciana
47095;Moraleja de las Panaderas;38,0;42,75;30-60 km;-4,65;14,63;-19,15;<1,000 (very small rural);SUR;Valladolid;Castilla y León
31133;Izalzu/Itzaltzu;38,0;51,76;30-60 km;-2,04;-13,64;0,0;<1,000 (very small rural);PIRINEOS;Navarra;Comunidad Foral de Navarra
26032;Brieva de Cameros;38,0;42,15;30-60 km;-11,67;-9,8;-17,39;<1,000 (very small rural);SIERRA RIOJA ALTA;La Rioja;La Rioja
19243;Rueda de la Sierra;38,0;81,74;>60 km;-14,29;0,0;-5,0;<1,000 (very small rural);MOLINA DE ARAGON;Guadalajara;Castilla-La Mancha
19197;Las Navas de Jadraque;38,0;52,02;30-60 km;0,0;10,71;22,58;<1,000 (very small rural);SIERRA;Guadalajara;Castilla-La Mancha
42036;Blacos;38,0;92,61;>60 km;-16,67;-6,82;-7,32;<1,000 (very small rural);SORIA;Soria;Castilla y León
34001;Abarca de Campos;38,0;24,77;<=30 km;10,26;7,14;-15,56;<1,000 (very small rural);CAMPOS;Palencia;Castilla y León
16083;Fresneda de Altarejos;38,0;40,41;30-60 km;-19,05;-24,49;2,7;<1,000 (very small rural);SERRANIA MEDIA;Cuenca;Castilla-La Mancha
44062;Cañada Vellida;38,0;106,43;>60 km;-12,5;5,71;2,7;<1,000 (very small rural);SERRANIA DE MONTALBAN;Teruel;Aragón
09354;Santa Olalla de Bureba;38,0;24,0;<=30 km;8,57;0,0;8,57;<1,000 (very small rural);BUREBA-EBRO;Burgos;Castilla y León
44212;Seno;38,0;95,81;>60 km;-13,04;12,82;-13,64;<1,000 (very small rural);BAJO ARAGON;Teruel;Aragón
42063;Cihuela;39,0;94,12;>60 km;-30,0;-6,0;-17,02;<1,000 (very small rural);CAMPO DE GOMARA;Soria;Castilla y León
09070;Carazo;39,0;51,1;30-60 km;-26,09;-9,09;30,0;<1,000 (very small rural);DEMANDA;Burgos;Castilla y León
50188;Nombrevilla;39,0;72,45;>60 km;-18,42;20,69;11,43;<1,000 (very small rural);DAROCA;Zaragoza;Aragón
09265;Piérnigas;39,0;35,86;30-60 km;-11,36;-2,63;5,41;<1,000 (very small rural);BUREBA-EBRO;Burgos;Castilla y León
09417;Vallejera;39,0;40,68;30-60 km;-2,27;-4,76;-2,5;<1,000 (very small rural);PISUERGA;Burgos;Castilla y León
09144;La Gallega;39,0;61,46;>60 km;-32,88;-2,22;-11,36;<1,000 (very small rural);DEMANDA;Burgos;Castilla y León
34113;Olea de Boedo;39,0;69,92;>60 km;2,7;5,13;-4,88;<1,000 (very small rural);BOEDO-OJEDA;Palencia;Castilla y León
25071;Cava;39,0;68,46;>60 km;-14,75;0,0;-15,22;<1,000 (very small rural);ALT URGELL;Lleida;Cataluña/Catalunya
26147;Terroba;39,0;23,17;<=30 km;-17,95;23,33;5,41;<1,000 (very small rural);SIERRA RIOJA MEDIA;La Rioja;La Rioja
16192;San Martín de Boniches;39,0;52,07;30-60 km;-17,86;-2,17;-13,33;<1,000 (very small rural);SERRANIA BAJA;Cuenca;Castilla-La Mancha
16074;La Cierva;39,0;19,15;<=30 km;-32,69;13,33;14,71;<1,000 (very small rural);SERRANIA MEDIA;Cuenca;Castilla-La Mancha
44011;Alcaine;39,0;83,12;>60 km;-7,46;-26,98;-15,22;<1,000 (very small rural);SERRANIA DE MONTALBAN;Teruel;Aragón
05081;Garganta del Villar;39,0;46,08;30-60 km;-16,33;5,0;-7,14;<1,000 (very small rural);GREDOS;Ávila;Castilla y León
50186;Navardún;39,0;54,97;30-60 km;-14,58;-15,0;14,71;<1,000 (very small rural);EGEA DE LOS CABALLEROS;Zaragoza;Aragón
05181;Pascualcobo;39,0;49,59;30-60 km;10,26;-4,65;-4,88;<1,000 (very small rural);AVILA;Ávila;Castilla y León
44060;Cañada de Benatanduz;39,0;76,35;>60 km;2,44;-12,82;14,71;<1,000 (very small rural);MAESTRAZGO;Teruel;Aragón
44130;Jorcas;39,0;85,61;>60 km;-27,27;0,0;14,71;<1,000 (very small rural);MAESTRAZGO;Teruel;Aragón
42116;Miño de San Esteban;40,0;93,17;>60 km;-28,79;-10,42;-6,98;<1,000 (very small rural);BURGO DE OSMA;Soria;Castilla y León
50258;Torralbilla;40,0;61,7;>60 km;-1,72;-3,28;-32,2;<1,000 (very small rural);DAROCA;Zaragoza;Aragón
19271;Tordellego;40,0;62,37;>60 km;-11,29;0,0;-20,0;<1,000 (very small rural);MOLINA DE ARAGON;Guadalajara;Castilla-La Mancha
43061;Forès;40,0;39,28;30-60 km;-23,73;14,29;-16,67;<1,000 (very small rural);CONCA DE BARBERA;Tarragona;Cataluña/Catalunya
19240;Robledo de Corpes;40,0;55,98;30-60 km;-29,85;-11,11;0,0;<1,000 (very small rural);SIERRA;Guadalajara;Castilla-La Mancha
31146;Leache/Leatxe;40,0;29,57;<=30 km;-40,68;3,23;25,0;<1,000 (very small rural);TIERRA ESTELLA;Navarra;Comunidad Foral de Navarra
16161;Piqueras del Castillo;40,0;54,3;30-60 km;-32,1;-15,09;-11,11;<1,000 (very small rural);SERRANIA MEDIA;Cuenca;Castilla-La Mancha
26012;Almarza de Cameros;40,0;27,95;<=30 km;13,04;28,57;11,11;<1,000 (very small rural);SIERRA RIOJA MEDIA;La Rioja;La Rioja
26179;Viniegra de Arriba;40,0;52,5;30-60 km;-22,0;-11,9;8,11;<1,000 (very small rural);SIERRA RIOJA ALTA;La Rioja;La Rioja
34134;Polentinos;40,0;60,11;>60 km;-39,73;4,76;-9,09;<1,000 (very small rural);CERVERA;Palencia;Castilla y León
40071;Encinas;40,0;68,71;>60 km;-21,82;-6,98;0,0;<1,000 (very small rural);SEPULVEDA;Segovia;Castilla y León
37366;Villarmuerto;40,0;57,65;30-60 km;-6,67;-2,33;-4,76;<1,000 (very small rural);VITIGUDINO;Salamanca;Castilla y León
09236;Olmillos de Muñó;40,0;27,2;<=30 km;-13,95;-2,7;11,11;<1,000 (very small rural);ARLANZA;Burgos;Castilla y León
05208;San Esteban de Zapardiel;40,0;52,76;30-60 km;-34,48;25,0;-11,11;<1,000 (very small rural);AREVALO-MADRIGAL;Ávila;Castilla y León
09223;Monasterio de la Sierra;40,0;52,75;30-60 km;-8,7;-9,09;0,0;<1,000 (very small rural);DEMANDA;Burgos;Castilla y León
40002;Adrada de Pirón;40,0;20,02;<=30 km;-10,87;-11,36;2,56;<1,000 (very small rural);SEGOVIA;Segovia;Castilla y León
09478;Vizcaínos;40,0;43,31;30-60 km;-25,45;6,98;-13,04;<1,000 (very small rural);DEMANDA;Burgos;Castilla y León
05108;Junciana;40,0;61,84;>60 km;-35,38;0,0;0,0;<1,000 (very small rural);BARCO AVILA-PIEDRAHITA;Ávila;Castilla y León
40132;Moral de Hornuez;40,0;78,04;>60 km;-35,87;-12,96;-14,89;<1,000 (very small rural);SEPULVEDA;Segovia;Castilla y León
34096;Lomas;41,0;32,14;30-60 km;-7,02;-11,76;-8,89;<1,000 (very small rural);CAMPOS;Palencia;Castilla y León
19264;Taravilla;41,0;52,06;30-60 km;-28,57;0,0;24,24;<1,000 (very small rural);MOLINA DE ARAGON;Guadalajara;Castilla-La Mancha
16185;Saceda-Trasierra;41,0;52,46;30-60 km;-40,54;10,53;-2,38;<1,000 (very small rural);ALCARRIA;Cuenca;Castilla-La Mancha
19314;Viana de Jadraque;41,0;54,2;30-60 km;4,0;-6,25;-8,89;<1,000 (very small rural);SIERRA;Guadalajara;Castilla-La Mancha
09191;Jurisdicción de Lara;41,0;29,84;<=30 km;-18,75;-6,06;32,26;<1,000 (very small rural);DEMANDA;Burgos;Castilla y León
05234;Sigeres;41,0;28,62;<=30 km;-27,12;-4,65;0,0;<1,000 (very small rural);AVILA;Ávila;Castilla y León
22247;Viacamp y Litera;41,0;49,29;30-60 km;-27,08;13,89;0,0;<1,000 (very small rural);RIBARGORZA;Huesca;Aragón
19303;Valdelcubo;41,0;77,7;>60 km;-28,77;-20,41;5,13;<1,000 (very small rural);SIERRA;Guadalajara;Castilla-La Mancha
19237;Rillo de Gallo;41,0;75,64;>60 km;-24,59;6,82;-12,77;<1,000 (very small rural);MOLINA DE ARAGON;Guadalajara;Castilla-La Mancha
47070;Gatón de Campos;41,0;34,37;30-60 km;-15,0;-20,59;51,85;<1,000 (very small rural);TIERRA DE CAMPOS;Valladolid;Castilla y León
42034;Beratón;41,0;75,03;>60 km;-36,36;31,03;7,89;<1,000 (very small rural);CAMPO DE GOMARA;Soria;Castilla y León
26175;Villavelayo;41,0;55,88;30-60 km;-14,29;-18,75;5,13;<1,000 (very small rural);SIERRA RIOJA ALTA;La Rioja;La Rioja
16084;Fresneda de la Sierra;41,0;25,58;<=30 km;-7,02;2,08;-16,33;<1,000 (very small rural);SERRANIA MEDIA;Cuenca;Castilla-La Mancha
47081;Marzales;41,0;31,77;30-60 km;-15,79;-10,42;-4,65;<1,000 (very small rural);CENTRO;Valladolid;Castilla y León
50149;Luesma;41,0;60,16;>60 km;-33,33;17,65;2,5;<1,000 (very small rural);DAROCA;Zaragoza;Aragón
09120;Encío;41,0;39,0;30-60 km;-11,11;2,38;-4,65;<1,000 (very small rural);BUREBA-EBRO;Burgos;Castilla y León
50091;Las Cuerlas;41,0;91,54;>60 km;-29,03;7,69;-2,38;<1,000 (very small rural);DAROCA;Zaragoza;Aragón
09010;Alcocero de Mola;41,0;30,02;30-60 km;-8,11;-8,33;24,24;<1,000 (very small rural);BUREBA-EBRO;Burgos;Castilla y León
08080;Fígols;41,0;49,93;30-60 km;-19,23;9,52;-10,87;<1,000 (very small rural);BERGUEDA;Barcelona;Cataluña/Catalunya
47068;Fuente-Olmedo;42,0;47,39;30-60 km;-22,22;-2,86;23,53;<1,000 (very small rural);SURESTE;Valladolid;Castilla y León
34131;Población de Arroyo;42,0;45,97;30-60 km;-11,59;-8,2;-25,0;<1,000 (very small rural);CAMPOS;Palencia;Castilla y León
40009;Aldeanueva de la Serrezuela;42,0;70,02;>60 km;-15,52;-12,5;0,0;<1,000 (very small rural);SEPULVEDA;Segovia;Castilla y León
09408;Vallarta de Bureba;42,0;46,54;30-60 km;-16,33;7,14;-6,67;<1,000 (very small rural);BUREBA-EBRO;Burgos;Castilla y León
19256;Sienes;42,0;77,2;>60 km;-20,0;-7,55;-14,29;<1,000 (very small rural);SIERRA;Guadalajara;Castilla-La Mancha
08177;La Quar;42,0;43,45;30-60 km;-13,64;-15,0;-17,65;<1,000 (very small rural);BERGUEDA;Barcelona;Cataluña/Catalunya
16162;Portalrubio de Guadamejud;42,0;52,94;30-60 km;-50,94;29,63;20,0;<1,000 (very small rural);ALCARRIA;Cuenca;Castilla-La Mancha
42026;Arenillas;42,0;82,71;>60 km;-23,53;95,83;-10,64;<1,000 (very small rural);ALMAZAN;Soria;Castilla y León
09454;Villanueva de Teba;42,0;44,88;30-60 km;-8,33;-4,88;7,69;<1,000 (very small rural);BUREBA-EBRO;Burgos;Castilla y León
37309;La Sierpe;42,0;37,85;30-60 km;6,98;-6,82;2,44;<1,000 (very small rural);LA SIERRA;Salamanca;Castilla y León
16213;Torrubia del Castillo;42,0;65,49;>60 km;-9,09;-7,69;16,67;<1,000 (very small rural);MANCHA ALTA;Cuenca;Castilla-La Mancha
26055;Corporales;42,0;45,28;30-60 km;-8,89;-2,56;10,53;<1,000 (very small rural);RIOJA ALTA;La Rioja;La Rioja
05107;Hurtumpascual;42,0;38,92;30-60 km;-25,0;-16,67;-6,67;<1,000 (very small rural);AVILA;Ávila;Castilla y León
50220;Puendeluna;42,0;28,53;<=30 km;-25,81;11,36;-14,29;<1,000 (very small rural);EGEA DE LOS CABALLEROS;Zaragoza;Aragón
09123;Espinosa del Camino;42,0;33,45;30-60 km;25,0;4,55;-8,7;<1,000 (very small rural);BUREBA-EBRO;Burgos;Castilla y León
19147;Huérmeces del Cerro;42,0;56,16;30-60 km;-32,26;-2,38;2,44;<1,000 (very small rural);SIERRA;Guadalajara;Castilla-La Mancha
34170;Santibáñez de Ecla;42,0;69,52;>60 km;-26,58;-11,11;-12,5;<1,000 (very small rural);BOEDO-OJEDA;Palencia;Castilla y León
40127;Membibre de la Hoz;43,0;60,7;>60 km;-31,11;20,69;22,86;<1,000 (very small rural);SEPULVEDA;Segovia;Castilla y León
31225;Sorlada;43,0;25,62;<=30 km;-21,21;-10,53;-15,69;<1,000 (very small rural);TIERRA ESTELLA;Navarra;Comunidad Foral de Navarra
31151;Lerga;43,0;30,66;30-60 km;-6,67;-23,33;-6,52;<1,000 (very small rural);NAVARRA MEDIA;Navarra;Comunidad Foral de Navarra
31182;Nazar;43,0;23,96;<=30 km;-25,0;5,88;19,44;<1,000 (very small rural);TIERRA ESTELLA;Navarra;Comunidad Foral de Navarra
42046;Calatañazor;43,0;87,52;>60 km;-25,0;-3,92;-12,24;<1,000 (very small rural);SORIA;Soria;Castilla y León
16137;Narboneta;43,0;65,59;>60 km;-27,94;-2,33;2,38;<1,000 (very small rural);SERRANIA BAJA;Cuenca;Castilla-La Mancha
44156;Monteagudo del Castillo;43,0;81,63;>60 km;-22,73;2,0;-15,69;<1,000 (very small rural);MAESTRAZGO;Teruel;Aragón
40171;Ribota;43,0;80,22;>60 km;11,11;15,38;-4,44;<1,000 (very small rural);SEPULVEDA;Segovia;Castilla y León
09447;Villamiel de la Sierra;43,0;28,2;<=30 km;29,73;-4,35;-2,27;<1,000 (very small rural);ARLANZON;Burgos;Castilla y León
05164;Navaquesera;43,0;35,14;30-60 km;-40,0;37,5;95,45;<1,000 (very small rural);GREDOS;Ávila;Castilla y León
26088;Leza de Río Leza;43,0;15,42;<=30 km;-24,49;27,27;2,38;<1,000 (very small rural);RIOJA MEDIA;La Rioja;La Rioja
19139;Hombrados;43,0;73,62;>60 km;-10,81;34,48;10,26;<1,000 (very small rural);MOLINA DE ARAGON;Guadalajara;Castilla-La Mancha
09445;Villambistia;43,0;35,12;30-60 km;-2,13;-2,22;-2,27;<1,000 (very small rural);BUREBA-EBRO;Burgos;Castilla y León
37195;Molinillo;43,0;58,79;30-60 km;-20,75;-4,55;2,38;<1,000 (very small rural);LA SIERRA;Salamanca;Castilla y León
16169;El Pozuelo;43,0;49,12;30-60 km;-40,66;-21,57;7,5;<1,000 (very small rural);SERRANIA ALTA;Cuenca;Castilla-La Mancha
37036;San Miguel del Robledo;43,0;55,85;30-60 km;-16,67;-3,57;-20,37;<1,000 (very small rural);LA SIERRA;Salamanca;Castilla y León
44199;Rubiales;43,0;61,54;>60 km;-10,34;-16,0;2,38;<1,000 (very small rural);SERRANIA DE ALBARRACIN;Teruel;Aragón
42159;Rollamienta;44,0;58,58;30-60 km;-14,29;5,13;7,32;<1,000 (very small rural);TIERRAS ALTAS Y VALLE DEL TERA;Soria;Castilla y León
34015;Arconada;44,0;40,09;30-60 km;2,38;2,38;2,33;<1,000 (very small rural);CAMPOS;Palencia;Castilla y León
37218;Navamorales;44,0;55,88;30-60 km;-24,71;-16,07;-6,38;<1,000 (very small rural);LA SIERRA;Salamanca;Castilla y León
49083;Fuentesecas;44,0;29,58;<=30 km;-21,54;-13,73;0,0;<1,000 (very small rural);CAMPOS-PAN;Zamora;Castilla y León
16109;Huérguina;44,0;38,54;30-60 km;-5,56;1,92;-16,98;<1,000 (very small rural);SERRANIA BAJA;Cuenca;Castilla-La Mancha
03068;Famorca;44,0;21,8;<=30 km;-8,06;-15,09;-2,22;<1,000 (very small rural);MONTAÑA;Alacant/Alicante;Comunitat Valenciana
50198;Oseja;44,0;64,82;>60 km;1,85;-13,46;-2,22;<1,000 (very small rural);CALATAYUD;Zaragoza;Aragón
50138;Lechón;44,0;72,81;>60 km;6,25;-11,32;-6,38;<1,000 (very small rural);DAROCA;Zaragoza;Aragón
19008;Albendiego;44,0;65,02;>60 km;0,0;-2,17;-2,22;<1,000 (very small rural);SIERRA;Guadalajara;Castilla-La Mancha
26039;Canillas de Río Tuerto;44,0;32,11;30-60 km;-9,52;0,0;10,0;<1,000 (very small rural);RIOJA ALTA;La Rioja;La Rioja
19321;Villares de Jadraque;45,0;52,88;30-60 km;-23,53;2,13;-6,25;<1,000 (very small rural);SIERRA;Guadalajara;Castilla-La Mancha
47126;Puras;45,0;51,63;30-60 km;-9,09;-12,5;7,14;<1,000 (very small rural);SURESTE;Valladolid;Castilla y León
42121;Montenegro de Cameros;45,0;49,18;30-60 km;-29,89;-10,53;-11,76;<1,000 (very small rural);PINARES;Soria;Castilla y León
26149;Tobía;45,0;39,76;30-60 km;-26,39;4,26;-8,16;<1,000 (very small rural);SIERRA RIOJA ALTA;La Rioja;La Rioja
40105;Juarros de Riomoros;45,0;12,97;<=30 km;-20,29;6,98;-2,17;<1,000 (very small rural);CUELLAR;Segovia;Castilla y León
16128;Monreal del Llano;45,0;91,34;>60 km;-12,66;-22,39;-13,46;<1,000 (very small rural);MANCHA BAJA;Cuenca;Castilla-La Mancha
09119;Cuevas de San Clemente;45,0;26,13;<=30 km;-16,67;-6,67;7,14;<1,000 (very small rural);ARLANZON;Burgos;Castilla y León
19301;Valdeconcha;45,0;32,87;30-60 km;-21,57;-5,0;18,42;<1,000 (very small rural);CAMPIÑA;Guadalajara;Castilla-La Mancha
09416;Valle de Zamanzas;45,0;56,6;30-60 km;-17,39;0,0;-10,0;<1,000 (very small rural);MERINDADES;Burgos;Castilla y León
09100;Cerratón de Juarros;45,0;26,99;<=30 km;-5,56;-8,77;-13,46;<1,000 (very small rural);BUREBA-EBRO;Burgos;Castilla y León
05080;Gallegos de Sobrinos;45,0;42,36;30-60 km;-31,43;-16,28;25,0;<1,000 (very small rural);AVILA;Ávila;Castilla y León
47040;Castrobol;45,0;54,63;30-60 km;-12,0;-14,29;-16,67;<1,000 (very small rural);TIERRA DE CAMPOS;Valladolid;Castilla y León
31204;Piedramillera;45,0;26,57;<=30 km;-28,85;5,41;15,38;<1,000 (very small rural);TIERRA ESTELLA;Navarra;Comunidad Foral de Navarra
09055;Brazacorta;45,0;76,4;>60 km;-7,69;-7,27;-11,76;<1,000 (very small rural);LA RIBERA;Burgos;Castilla y León
49169;Quintanilla del Olmo;45,0;54,26;30-60 km;-15,38;10,53;7,14;<1,000 (very small rural);CAMPOS-PAN;Zamora;Castilla y León
49190;San Martín de Valderaduey;45,0;40,75;30-60 km;-29,63;-3,85;-10,0;<1,000 (very small rural);CAMPOS-PAN;Zamora;Castilla y León
50144;Longás;45,0;56,67;30-60 km;0,0;2,86;25,0;<1,000 (very small rural);EGEA DE LOS CABALLEROS;Zaragoza;Aragón
40084;Fuente el Olmo de Íscar;45,0;47,99;30-60 km;-15,38;-18,33;-8,16;<1,000 (very small rural);CUELLAR;Segovia;Castilla y León
05219;San Pascual;45,0;26,87;<=30 km;-12,5;-2,27;4,65;<1,000 (very small rural);AREVALO-MADRIGAL;Ávila;Castilla y León
19051;Berninches;45,0;31,73;30-60 km;-34,88;6,0;-15,09;<1,000 (very small rural);ALCARRIA BAJA;Guadalajara;Castilla-La Mancha
42184;Torlengua;45,0;104,32;>60 km;-31,4;-12,07;-11,76;<1,000 (very small rural);CAMPO DE GOMARA;Soria;Castilla y León
34184;Torremormojón;45,0;18,58;<=30 km;11,76;4,44;-4,26;<1,000 (very small rural);CAMPOS;Palencia;Castilla y León
09179;Iglesiarrubia;45,0;45,31;30-60 km;-16,33;4,88;4,65;<1,000 (very small rural);ARLANZA;Burgos;Castilla y León
44184;Plou;46,0;75,61;>60 km;0,0;11,63;-4,17;<1,000 (very small rural);SERRANIA DE MONTALBAN;Teruel;Aragón
09079;Castellanos de Castro;46,0;28,59;<=30 km;-1,92;-2,0;-6,12;<1,000 (very small rural);PISUERGA;Burgos;Castilla y León
49120;Molezuelas de la Carballeda;46,0;55,67;30-60 km;-14,63;-28,12;0,0;<1,000 (very small rural);SANABRIA;Zamora;Castilla y León
43146;Senan;46,0;36,71;30-60 km;-10,91;-10,64;9,52;<1,000 (very small rural);CONCA DE BARBERA;Tarragona;Cataluña/Catalunya
09021;Arauzo de Salce;46,0;62,92;>60 km;-14,49;-16,07;-2,13;<1,000 (very small rural);DEMANDA;Burgos;Castilla y León
09167;Hornillos del Camino;46,0;20,4;<=30 km;-4,92;-3,45;-17,86;<1,000 (very small rural);ARLANZON;Burgos;Castilla y León
09455;Villaquirán de la Puebla;46,0;34,2;30-60 km;-5,88;6,67;-4,17;<1,000 (very small rural);PISUERGA;Burgos;Castilla y León
19227;Prados Redondos;46,0;66,24;>60 km;-39,09;-6,56;-19,3;<1,000 (very small rural);MOLINA DE ARAGON;Guadalajara;Castilla-La Mancha
19098;Copernal;46,0;27,53;<=30 km;-36,59;29,17;48,39;<1,000 (very small rural);ALCARRIA ALTA;Guadalajara;Castilla-La Mancha
19208;Pálmaces de Jadraque;46,0;51,44;30-60 km;-42,86;7,32;4,55;<1,000 (very small rural);SIERRA;Guadalajara;Castilla-La Mancha
31046;Barbarin;46,0;29,46;<=30 km;-13,43;-17,24;-4,17;<1,000 (very small rural);TIERRA ESTELLA;Navarra;Comunidad Foral de Navarra
19016;Algar de Mesa;46,0;103,48;>60 km;-23,38;-10,17;-13,21;<1,000 (very small rural);MOLINA DE ARAGON;Guadalajara;Castilla-La Mancha
42142;Pozalmuro;46,0;81,88;>60 km;-25,0;-7,02;-13,21;<1,000 (very small rural);CAMPO DE GOMARA;Soria;Castilla y León
34229;Villaprovedo;46,0;60,6;>60 km;-4,23;-16,13;-11,54;<1,000 (very small rural);BOEDO-OJEDA;Palencia;Castilla y León
42182;Taroda;46,0;99,86;>60 km;-16,07;6,98;0,0;<1,000 (very small rural);ALMAZAN;Soria;Castilla y León
47132;Ramiro;46,0;47,79;30-60 km;13,95;4,26;-6,12;<1,000 (very small rural);SURESTE;Valladolid;Castilla y León
34068;Dehesa de Romanos;46,0;70,13;>60 km;5,13;33,33;-17,86;<1,000 (very small rural);BOEDO-OJEDA;Palencia;Castilla y León
34204;Villacidaler;46,0;42,89;30-60 km;-16,36;-6,25;2,22;<1,000 (very small rural);CAMPOS;Palencia;Castilla y León
12069;Higueras;46,0;33,1;30-60 km;44,9;-20,97;-6,12;<1,000 (very small rural);PALANCIA;Castelló/Castellón;Comunitat Valenciana
34112;Nogal de las Huertas;46,0;45,44;30-60 km;2,13;-15,22;17,95;<1,000 (very small rural);CAMPOS;Palencia;Castilla y León
42188;Trévago;47,0;72,67;>60 km;-27,27;-17,31;9,3;<1,000 (very small rural);TIERRAS ALTAS Y VALLE DEL TERA;Soria;Castilla y León
13095;Villar del Pozo;47,0;13,48;<=30 km;-9,18;-34,88;-16,07;<1,000 (very small rural);CAMPO DE CALATRAVA;Ciudad Real;Castilla-La Mancha
50054;Bordalba;47,0;100,55;>60 km;-20,55;-8,93;-7,84;<1,000 (very small rural);CALATAYUD;Zaragoza;Aragón
09283;Quintanaélez;47,0;47,82;30-60 km;-24,62;-6,52;9,3;<1,000 (very small rural);BUREBA-EBRO;Burgos;Castilla y León
34032;Berzosilla;47,0;56,0;30-60 km;-18,52;-4,88;20,51;<1,000 (very small rural);AGUILAR;Palencia;Castilla y León
09183;Jaramillo de la Fuente;47,0;39,67;30-60 km;-7,02;-14,29;11,9;<1,000 (very small rural);DEMANDA;Burgos;Castilla y León
19246;Saelices de la Sal;47,0;76,6;>60 km;-17,24;-11,36;20,51;<1,000 (very small rural);ALCARRIA ALTA;Guadalajara;Castilla-La Mancha
47128;Quintanilla del Molar;47,0;60,26;>60 km;-10,0;-6,56;-17,54;<1,000 (very small rural);TIERRA DE CAMPOS;Valladolid;Castilla y León
31033;Aria;47,0;35,05;30-60 km;-8,62;-7,55;-4,08;<1,000 (very small rural);PIRINEOS;Navarra;Comunidad Foral de Navarra
19157;Jirueque;47,0;42,74;30-60 km;-17,39;-7,27;-7,84;<1,000 (very small rural);SIERRA;Guadalajara;Castilla-La Mancha
05084;Gilbuena;47,0;61,06;>60 km;-17,65;-11,76;-21,67;<1,000 (very small rural);BARCO AVILA-PIEDRAHITA;Ávila;Castilla y León
31190;Olejua;47,0;31,37;30-60 km;-3,64;0,0;-7,84;<1,000 (very small rural);TIERRA ESTELLA;Navarra;Comunidad Foral de Navarra
16176;Rada de Haro;47,0;87,47;>60 km;-48,78;15,22;-11,32;<1,000 (very small rural);MANCHA BAJA;Cuenca;Castilla-La Mancha
40196;Sequera de Fresno;47,0;72,64;>60 km;-35,71;-5,88;46,88;<1,000 (very small rural);SEPULVEDA;Segovia;Castilla y León
09013;Altable;47,0;42,34;30-60 km;-7,02;-11,32;0,0;<1,000 (very small rural);BUREBA-EBRO;Burgos;Castilla y León
34190;Valderrábano;47,0;68,93;>60 km;0,0;-5,88;-2,08;<1,000 (very small rural);SALDAÑA-VALDAVIA;Palencia;Castilla y León
50246;Sisamón;47,0;106,08;>60 km;-23,26;6,45;42,42;<1,000 (very small rural);CALATAYUD;Zaragoza;Aragón
16031;Beamud;48,0;13,79;<=30 km;-44,78;8,57;26,32;<1,000 (very small rural);SERRANIA MEDIA;Cuenca;Castilla-La Mancha
42131;Nolay;48,0;104,96;>60 km;-9,52;3,57;-17,24;<1,000 (very small rural);ALMAZAN;Soria;Castilla y León
44256;Villanueva del Rebollar de la Sierra;48,0;87,05;>60 km;-17,31;-10,64;14,29;<1,000 (very small rural);SERRANIA DE MONTALBAN;Teruel;Aragón
09334;Salinillas de Bureba;48,0;33,56;30-60 km;-8,93;0,0;-5,88;<1,000 (very small rural);BUREBA-EBRO;Burgos;Castilla y León
44211;Segura de los Baños;48,0;83,29;>60 km;10,26;-2,56;26,32;<1,000 (very small rural);SERRANIA DE MONTALBAN;Teruel;Aragón
19251;Saúca;48,0;67,57;>60 km;16,67;1,89;-11,11;<1,000 (very small rural);SIERRA;Guadalajara;Castilla-La Mancha
40047;Castro de Fuentidueña;48,0;63,08;>60 km;-43,86;62,07;2,13;<1,000 (very small rural);SEPULVEDA;Segovia;Castilla y León
09066;Campolara;48,0;33,61;30-60 km;0,0;-8,2;-14,29;<1,000 (very small rural);DEMANDA;Burgos;Castilla y León
19263;Taragudo;48,0;21,8;<=30 km;2,13;2,27;6,67;<1,000 (very small rural);ALCARRIA ALTA;Guadalajara;Castilla-La Mancha
47080;Manzanillo;48,0;48,68;30-60 km;-25,37;-10,91;-2,04;<1,000 (very small rural);SURESTE;Valladolid;Castilla y León
05264;Viñegra de Moraña;48,0;31,65;30-60 km;-18,64;-13,79;-4,0;<1,000 (very small rural);AREVALO-MADRIGAL;Ávila;Castilla y León
05085;Gil García;48,0;73,01;>60 km;0,0;16,67;14,29;<1,000 (very small rural);BARCO AVILA-PIEDRAHITA;Ávila;Castilla y León
19195;Morenilla;48,0;67,57;>60 km;-12,77;31,58;-4,0;<1,000 (very small rural);MOLINA DE ARAGON;Guadalajara;Castilla-La Mancha
47149;San Pelayo;48,0;21,08;<=30 km;1,89;-5,88;0,0;<1,000 (very small rural);CENTRO;Valladolid;Castilla y León
09050;Berberana;48,0;30,87;30-60 km;-12,33;-1,82;-11,11;<1,000 (very small rural);MERINDADES;Burgos;Castilla y León
37042;Barceo;48,0;66,25;>60 km;-3,92;-4,35;9,09;<1,000 (very small rural);VITIGUDINO;Salamanca;Castilla y León
40157;Pelayos del Arroyo;48,0;24,8;<=30 km;-44,58;13,04;-7,69;<1,000 (very small rural);CUELLAR;Segovia;Castilla y León
34216;Villalcón;48,0;42,34;30-60 km;0,0;-7,58;-21,31;<1,000 (very small rural);CAMPOS;Palencia;Castilla y León
34208;Villaeles de Valdavia;48,0;65,81;>60 km;-22,39;-8,62;-9,43;<1,000 (very small rural);SALDAÑA-VALDAVIA;Palencia;Castilla y León
47042;Castromembibre;49,0;44,68;30-60 km;-17,14;-18,46;-7,55;<1,000 (very small rural);CENTRO;Valladolid;Castilla y León
09195;Llano de Bureba;49,0;35,9;30-60 km;-11,59;-11,67;-7,55;<1,000 (very small rural);BUREBA-EBRO;Burgos;Castilla y León
42204;Viana de Duero;49,0;104,68;>60 km;-20,9;1,89;-9,26;<1,000 (very small rural);ALMAZAN;Soria;Castilla y León
49263;Villar de Fallaves;49,0;55,19;30-60 km;-29,23;0,0;11,36;<1,000 (very small rural);CAMPOS-PAN;Zamora;Castilla y León
37056;La Bouza;49,0;96,14;>60 km;-31,58;3,77;-10,91;<1,000 (very small rural);CIUDAD RODRIGO;Salamanca;Castilla y León
40099;Honrubia de la Cuesta;49,0;77,03;>60 km;-22,67;-6,9;-9,26;<1,000 (very small rural);SEPULVEDA;Segovia;Castilla y León
16116;Lagunaseca;49,0;34,23;30-60 km;-31,19;-15,38;-10,91;<1,000 (very small rural);SERRANIA ALTA;Cuenca;Castilla-La Mancha
09104;Cilleruelo de Arriba;49,0;49,16;30-60 km;-23,33;-6,82;19,51;<1,000 (very small rural);ARLANZA;Burgos;Castilla y León
50270;Urriés;49,0;53,66;30-60 km;5,56;28,95;0,0;<1,000 (very small rural);EGEA DE LOS CABALLEROS;Zaragoza;Aragón
05143;Muñotello;49,0;35,37;30-60 km;-20,25;6,45;-25,76;<1,000 (very small rural);AVILA;Ávila;Castilla y León
05199;San Bartolomé de Béjar;49,0;63,3;>60 km;-16,33;4,76;11,36;<1,000 (very small rural);BARCO AVILA-PIEDRAHITA;Ávila;Castilla y León
44129;Jatiel;49,0;66,03;>60 km;-21,15;12,5;8,89;<1,000 (very small rural);BAJO ARAGON;Teruel;Aragón
09133;Fresno de Rodilla;49,0;18,25;<=30 km;-2,08;2,22;6,52;<1,000 (very small rural);ARLANZON;Burgos;Castilla y León
09239;Oquillas;49,0;57,93;30-60 km;-9,84;-12,73;2,08;<1,000 (very small rural);LA RIBERA;Burgos;Castilla y León
37380;Zarapicos;49,0;15,79;<=30 km;-5,17;0,0;-16,95;<1,000 (very small rural);LEDESMA;Salamanca;Castilla y León
42105;Liceras;49,0;83,6;>60 km;-8,62;-9,62;4,26;<1,000 (very small rural);BURGO DE OSMA;Soria;Castilla y León
34163;San Mamés de Campos;49,0;41,59;30-60 km;-23,19;-3,92;0,0;<1,000 (very small rural);CAMPOS;Palencia;Castilla y León
50016;Aldehuela de Liestos;49,0;95,13;>60 km;1,92;6,12;-5,77;<1,000 (very small rural);DAROCA;Zaragoza;Aragón
40186;Santa Marta del Cerro;49,0;53,29;30-60 km;-12,5;2,56;22,5;<1,000 (very small rural);SEGOVIA;Segovia;Castilla y León
09295;Quintanilla del Coco;50,0;42,64;30-60 km;-24,68;-12,28;0,0;<1,000 (very small rural);ARLANZA;Burgos;Castilla y León
34205;Villaconancio;50,0;31,83;30-60 km;-7,14;-4,76;-16,67;<1,000 (very small rural);EL CERRATO;Palencia;Castilla y León
19033;Anquela del Ducado;50,0;85,74;>60 km;-28,24;15,69;-15,25;<1,000 (very small rural);MOLINA DE ARAGON;Guadalajara;Castilla-La Mancha
05170;Navatejares;50,0;71,46;>60 km;-22,86;0,0;-9,09;<1,000 (very small rural);BARCO AVILA-PIEDRAHITA;Ávila;Castilla y León
42207;Villar del Ala;50,0;62,33;>60 km;-8,62;0,0;0,0;<1,000 (very small rural);TIERRAS ALTAS Y VALLE DEL TERA;Soria;Castilla y León
47001;Adalia;50,0;29,0;<=30 km;1,72;-10,34;-3,85;<1,000 (very small rural);CENTRO;Valladolid;Castilla y León
44088;La Cuba;50,0;69,65;>60 km;-30,77;2,44;19,05;<1,000 (very small rural);MAESTRAZGO;Teruel;Aragón
09007;Aguilar de Bureba;50,0;39,19;30-60 km;-4,76;-14,75;-3,85;<1,000 (very small rural);BUREBA-EBRO;Burgos;Castilla y León
40202;Torreadrada;50,0;67,83;>60 km;-34,69;-12,28;0,0;<1,000 (very small rural);SEPULVEDA;Segovia;Castilla y León
47125;Pozuelo de la Orden;50,0;43,54;30-60 km;-6,56;-18,18;11,11;<1,000 (very small rural);TIERRA DE CAMPOS;Valladolid;Castilla y León
19067;El Cardoso de la Sierra;50,0;58,08;30-60 km;-14,29;-12,5;-10,71;<1,000 (very small rural);SIERRA;Guadalajara;Castilla-La Mancha
43143;Savallà del Comtat;50,0;45,75;30-60 km;-18,84;-11,67;-5,66;<1,000 (very small rural);CONCA DE BARBERA;Tarragona;Cataluña/Catalunya
50065;Cabolafuente;50,0;106,37;>60 km;-26,09;53,12;2,04;<1,000 (very small rural);CALATAYUD;Zaragoza;Aragón
31162;Marañón;50,0;17,73;<=30 km;-10,53;-1,92;-1,96;<1,000 (very small rural);TIERRA ESTELLA;Navarra;Comunidad Foral de Navarra
42130;Nepas;50,0;104,77;>60 km;-18,57;-3,77;-1,96;<1,000 (very small rural);ALMAZAN;Soria;Castilla y León
05251;Vadillo de la Sierra;51,0;41,29;30-60 km;-35,96;-13,43;-12,07;<1,000 (very small rural);AVILA;Ávila;Castilla y León
46201;Puebla de San Miguel;51,0;75,3;>60 km;-27,91;-1,64;-15,0;<1,000 (very small rural);RINCON DE ADEMUZ;València/Valencia;Comunitat Valenciana
37281;Sanchón de la Sagrada;51,0;37,04;30-60 km;2,63;-2,56;34,21;<1,000 (very small rural);FUENTE DE SAN ESTEBAN;Salamanca;Castilla y León
31229;Tirapu;51,0;18,92;<=30 km;-15,09;11,9;8,51;<1,000 (very small rural);CUENCA PAMPLONA;Navarra;Comunidad Foral de Navarra
19047;Baides;51,0;52,47;30-60 km;-37,11;14,55;-19,05;<1,000 (very small rural);SIERRA;Guadalajara;Castilla-La Mancha
42023;Alpanseque;51,0;81,37;>60 km;-26,83;-14,29;-5,56;<1,000 (very small rural);ARCOS DE JALON;Soria;Castilla y León
49204;Santa María de Valverde;51,0;47,81;30-60 km;-28,75;-1,82;-5,56;<1,000 (very small rural);BENAVENTE Y LOS VALLES;Zamora;Castilla y León
26164;Ventrosa;51,0;45,59;30-60 km;-20,59;-6,78;-7,27;<1,000 (very small rural);SIERRA RIOJA ALTA;La Rioja;La Rioja
31103;Ezprogui;51,0;27,93;<=30 km;-13,73;2,38;18,6;<1,000 (very small rural);NAVARRA MEDIA;Navarra;Comunidad Foral de Navarra
31198;Oronz/Orontze;51,0;47,7;30-60 km;-5,88;2,08;4,08;<1,000 (very small rural);PIRINEOS;Navarra;Comunidad Foral de Navarra
47079;Llano de Olmedo;51,0;45,43;30-60 km;-17,33;-3,28;-13,56;<1,000 (very small rural);SURESTE;Valladolid;Castilla y León
40190;Santo Domingo de Pirón;51,0;21,37;<=30 km;5,17;-3,28;-13,56;<1,000 (very small rural);SEGOVIA;Segovia;Castilla y León
50295;Vistabella;51,0;55,68;30-60 km;0,0;4,08;0,0;<1,000 (very small rural);DAROCA;Zaragoza;Aragón
47215;Villamuriel de Campos;51,0;47,14;30-60 km;-18,84;-7,55;4,08;<1,000 (very small rural);TIERRA DE CAMPOS;Valladolid;Castilla y León
47208;Villagómez la Nueva;51,0;51,82;30-60 km;-5,8;-5,97;-19,05;<1,000 (very small rural);TIERRA DE CAMPOS;Valladolid;Castilla y León
40163;Puebla de Pedraza;51,0;39,72;30-60 km;-21,92;-6,52;18,6;<1,000 (very small rural);SEGOVIA;Segovia;Castilla y León
42048;Caltojar;51,0;91,78;>60 km;-25,32;0,0;-10,53;<1,000 (very small rural);ALMAZAN;Soria;Castilla y León
42092;Fuentes de Magaña;51,0;62,81;>60 km;-39,62;-11,48;-5,56;<1,000 (very small rural);TIERRAS ALTAS Y VALLE DEL TERA;Soria;Castilla y León
42093;Fuentestrún;52,0;72,65;>60 km;-24,53;5,0;23,81;<1,000 (very small rural);TIERRAS ALTAS Y VALLE DEL TERA;Soria;Castilla y León
22218;Senés de Alcubierre;52,0;25,85;<=30 km;-34,38;9,76;15,56;<1,000 (very small rural);HOYA DE HUESCA;Huesca;Aragón
09090;Castrillo Mota de Judíos;52,0;42,4;30-60 km;-18,46;-5,77;6,12;<1,000 (very small rural);PISUERGA;Burgos;Castilla y León
09433;Villagalijo;52,0;40,06;30-60 km;-13,51;-4,92;-10,34;<1,000 (very small rural);DEMANDA;Burgos;Castilla y León
09472;Villazopeque;52,0;33,13;30-60 km;-3,17;-10,34;0,0;<1,000 (very small rural);PISUERGA;Burgos;Castilla y León
34186;Valbuena de Pisuerga;52,0;34,0;30-60 km;-18,33;-2,13;13,04;<1,000 (very small rural);EL CERRATO;Palencia;Castilla y León
34168;Santa Cruz de Boedo;52,0;57,78;30-60 km;-14,52;-5,77;6,12;<1,000 (very small rural);BOEDO-OJEDA;Palencia;Castilla y León
19302;Valdegrudas;52,0;16,78;<=30 km;-18,67;-8,77;0,0;<1,000 (very small rural);CAMPIÑA;Guadalajara;Castilla-La Mancha
47014;Barruelo del Valle;52,0;25,65;<=30 km;8,77;-16,07;10,64;<1,000 (very small rural);CENTRO;Valladolid;Castilla y León
19334;Zarzuela de Jadraque;52,0;47,9;30-60 km;-20,41;51,35;-7,14;<1,000 (very small rural);SIERRA;Guadalajara;Castilla-La Mancha
19226;Prádena de Atienza;52,0;61,77;>60 km;2,33;-4,76;30,0;<1,000 (very small rural);SIERRA;Guadalajara;Castilla-La Mancha
40221;Valleruela de Sepúlveda;52,0;46,68;30-60 km;-16,13;-1,85;-1,89;<1,000 (very small rural);SEGOVIA;Segovia;Castilla y León
37257;Pozos de Hinojo;52,0;58,84;30-60 km;-9,26;15,22;-1,89;<1,000 (very small rural);VITIGUDINO;Salamanca;Castilla y León
12137;Villores;53,0;77,08;>60 km;-16,0;9,52;15,22;<1,000 (very small rural);ALTO MAESTRAZGO;Castelló/Castellón;Comunitat Valenciana
42044;Cabrejas del Campo;53,0;86,81;>60 km;-18,84;-14,29;10,42;<1,000 (very small rural);CAMPO DE GOMARA;Soria;Castilla y León
44258;Villar del Salz;53,0;68,18;>60 km;-26,25;10,0;-19,7;<1,000 (very small rural);SERRANIA DE ALBARRACIN;Teruel;Aragón
31035;Armañanzas;53,0;16,29;<=30 km;-3,23;-14,55;12,77;<1,000 (very small rural);TIERRA ESTELLA;Navarra;Comunidad Foral de Navarra
19234;Retiendas;53,0;38,1;30-60 km;-42,11;23,81;1,92;<1,000 (very small rural);SIERRA;Guadalajara;Castilla-La Mancha
09027;Arraya de Oca;53,0;24,7;<=30 km;-25,0;-6,12;15,22;<1,000 (very small rural);BUREBA-EBRO;Burgos;Castilla y León
09176;Hurones;53,0;8,92;<=30 km;-8,86;-8,06;-7,02;<1,000 (very small rural);ARLANZON;Burgos;Castilla y León
19154;Las Inviernas;53,0;49,55;30-60 km;-20,45;-3,17;-13,11;<1,000 (very small rural);ALCARRIA ALTA;Guadalajara;Castilla-La Mancha
05155;Navaescurial;53,0;56,6;30-60 km;-14,06;0,0;15,22;<1,000 (very small rural);BARCO AVILA-PIEDRAHITA;Ávila;Castilla y León
40118;Marazuela;53,0;18,16;<=30 km;-15,0;-1,89;1,92;<1,000 (very small rural);CUELLAR;Segovia;Castilla y León
40200;Tabanera la Luenga;53,0;22,57;<=30 km;-32,89;-7,84;12,77;<1,000 (very small rural);CUELLAR;Segovia;Castilla y León
47227;Villavellid;53,0;41,78;30-60 km;-15,28;-15,0;3,92;<1,000 (very small rural);TIERRA DE CAMPOS;Valladolid;Castilla y León
09392;Tosantos;53,0;36,9;30-60 km;5,66;-1,75;-5,36;<1,000 (very small rural);BUREBA-EBRO;Burgos;Castilla y León
09464;Villatuelda;53,0;60,0;>60 km;-30,19;5,0;26,19;<1,000 (very small rural);LA RIBERA;Burgos;Castilla y León
05134;Moraleja de Matacabras;53,0;56,21;30-60 km;0,0;4,0;1,92;<1,000 (very small rural);AREVALO-MADRIGAL;Ávila;Castilla y León
37196;Monforte de la Sierra;53,0;62,53;>60 km;-33,33;-12,86;-13,11;<1,000 (very small rural);LA SIERRA;Salamanca;Castilla y León
49165;Prado;53,0;55,61;30-60 km;-25,97;-12,73;10,42;<1,000 (very small rural);CAMPOS-PAN;Zamora;Castilla y León
39088;Tresviso;53,0;53,4;30-60 km;-5,41;-7,81;-10,17;<1,000 (very small rural);LIEBANA;Cantabria;Cantabria
19055;Bujalaro;53,0;41,39;30-60 km;-31,51;11,63;10,42;<1,000 (very small rural);ALCARRIA ALTA;Guadalajara;Castilla-La Mancha
40151;Ortigosa de Pestaño;53,0;28,04;<=30 km;-37,23;-14,81;15,22;<1,000 (very small rural);CUELLAR;Segovia;Castilla y León
34165;San Román de la Cuba;53,0;39,39;30-60 km;-24,44;-4,62;-14,52;<1,000 (very small rural);CAMPOS;Palencia;Castilla y León
09149;Grisaleña;53,0;43,37;30-60 km;-4,88;75,68;-18,46;<1,000 (very small rural);BUREBA-EBRO;Burgos;Castilla y León
40142;Navares de Ayuso;53,0;65,42;>60 km;-10,53;-1,89;1,92;<1,000 (very small rural);SEPULVEDA;Segovia;Castilla y León
34020;Ayuela;53,0;71,84;>60 km;-15,87;3,85;-1,85;<1,000 (very small rural);SALDAÑA-VALDAVIA;Palencia;Castilla y León
34025;Bárcena de Campos;53,0;56,21;30-60 km;16,98;-1,89;1,92;<1,000 (very small rural);CAMPOS;Palencia;Castilla y León
16250;Villanueva de Guadamejud;53,0;43,51;30-60 km;-37,04;-4,29;-20,9;<1,000 (very small rural);ALCARRIA;Cuenca;Castilla-La Mancha
16278;Zafrilla;53,0;30,96;30-60 km;-24,72;-10,94;-7,02;<1,000 (very small rural);SERRANIA ALTA;Cuenca;Castilla-La Mancha
16181;Rozalén del Monte;54,0;64,63;>60 km;-11,11;-10,45;-10,0;<1,000 (very small rural);MANCHA ALTA;Cuenca;Castilla-La Mancha
50120;Godojos;54,0;91,48;>60 km;18,18;-9,26;10,2;<1,000 (very small rural);CALATAYUD;Zaragoza;Aragón
19218;Pinilla de Jadraque;54,0;46,5;30-60 km;-14,52;-1,92;5,88;<1,000 (very small rural);SIERRA;Guadalajara;Castilla-La Mancha
31061;El Busto;54,0;19,66;<=30 km;-21,52;-7,02;1,89;<1,000 (very small rural);TIERRA ESTELLA;Navarra;Comunidad Foral de Navarra
44189;Pozondón;54,0;60,14;>60 km;-32,5;-2,08;14,89;<1,000 (very small rural);SERRANIA DE ALBARRACIN;Teruel;Aragón
22242;Valfarta;54,0;59,23;30-60 km;-26,67;-5,8;-16,92;<1,000 (very small rural);MONEGROS;Huesca;Aragón
09127;Fontioso;54,0;47,33;30-60 km;8,93;-3,85;8,0;<1,000 (very small rural);ARLANZA;Burgos;Castilla y León
19125;Gajanejos;54,0;32,27;30-60 km;-30,51;16,33;-5,26;<1,000 (very small rural);ALCARRIA ALTA;Guadalajara;Castilla-La Mancha
26100;Muro de Aguas;54,0;45,91;30-60 km;-21,21;13,56;-19,4;<1,000 (very small rural);SIERRA RIOJA BAJA;La Rioja;La Rioja
40161;Carabias;54,0;72,84;>60 km;-20,34;2,04;8,0;<1,000 (very small rural);SEPULVEDA;Segovia;Castilla y León
45111;Navalmoralejo;54,0;33,02;30-60 km;-4,48;-9,68;-3,57;<1,000 (very small rural);TALAVERA;Toledo;Castilla-La Mancha
05125;Mengamuñoz;54,0;36,0;30-60 km;-5,97;-3,28;-8,47;<1,000 (very small rural);AVILA;Ávila;Castilla y León
34156;Riberos de la Cueza;54,0;35,45;30-60 km;-14,29;3,85;0,0;<1,000 (very small rural);CAMPOS;Palencia;Castilla y León
19040;Armallones;54,0;65,23;>60 km;-34,67;7,84;-1,82;<1,000 (very small rural);ALCARRIA BAJA;Guadalajara;Castilla-La Mancha
09047;Belbimbre;54,0;34,8;30-60 km;-14,67;-14,93;-5,26;<1,000 (very small rural);PISUERGA;Burgos;Castilla y León
09249;Palazuelos de Muñó;54,0;30,68;30-60 km;-18,03;1,92;1,89;<1,000 (very small rural);PISUERGA;Burgos;Castilla y León
50268;Undués de Lerda;55,0;48,57;30-60 km;-20,27;1,82;-1,79;<1,000 (very small rural);EGEA DE LOS CABALLEROS;Zaragoza;Aragón
37264;Puerto Seguro;55,0;92,92;>60 km;-20,51;-1,69;-5,17;<1,000 (very small rural);CIUDAD RODRIGO;Salamanca;Castilla y León
22243;Valle de Bardají;55,0;80,96;>60 km;-30,0;88,24;-14,06;<1,000 (very small rural);RIBARGORZA;Huesca;Aragón
16081;Chumillas;55,0;48,96;30-60 km;-20,59;1,75;-5,17;<1,000 (very small rural);SERRANIA MEDIA;Cuenca;Castilla-La Mancha
37149;Garcirrey;55,0;39,56;30-60 km;-15,85;-9,38;-5,17;<1,000 (very small rural);FUENTE DE SAN ESTEBAN;Salamanca;Castilla y León
09375;Tamarón;55,0;27,2;<=30 km;-10,87;7,89;34,15;<1,000 (very small rural);PISUERGA;Burgos;Castilla y León
42124;Muriel de la Fuente;55,0;89,07;>60 km;-14,67;-10,0;1,85;<1,000 (very small rural);PINARES;Soria;Castilla y León
50108;Fombuena;55,0;62,37;>60 km;4,0;9,26;-6,78;<1,000 (very small rural);DAROCA;Zaragoza;Aragón
44046;Bueña;55,0;83,22;>60 km;-12,31;-17,46;5,77;<1,000 (very small rural);CUENCA DEL JILOCA;Teruel;Aragón
02077;Villa de Ves;55,0;61,63;>60 km;5,36;8,77;-11,29;<1,000 (very small rural);MANCHUELA;Albacete;Castilla-La Mancha
34039;Bustillo del Páramo de Carrión;55,0;42,86;30-60 km;-10,14;-1,64;-8,33;<1,000 (very small rural);SALDAÑA-VALDAVIA;Palencia;Castilla y León
34048;Castil de Vela;55,0;31,97;30-60 km;-11,11;-7,94;-5,17;<1,000 (very small rural);CAMPOS;Palencia;Castilla y León
09044;Barrios de Colina;55,0;19,92;<=30 km;-16,39;-3,77;7,84;<1,000 (very small rural);ARLANZON;Burgos;Castilla y León
26152;Torrecilla sobre Alesanco;55,0;32,35;30-60 km;-10,53;16,67;57,14;<1,000 (very small rural);RIOJA ALTA;La Rioja;La Rioja
19146;La Huerce;55,0;55,5;30-60 km;-29,51;18,18;5,77;<1,000 (very small rural);SIERRA;Guadalajara;Castilla-La Mancha
40016;Aldeonte;55,0;62,06;>60 km;-13,43;1,82;-1,79;<1,000 (very small rural);SEPULVEDA;Segovia;Castilla y León
09318;Riocavado de la Sierra;55,0;42,54;30-60 km;-1,67;-5,0;-3,51;<1,000 (very small rural);DEMANDA;Burgos;Castilla y León
34081;Guaza de Campos;55,0;32,3;30-60 km;-3,28;0,0;-5,17;<1,000 (very small rural);CAMPOS;Palencia;Castilla y León
09231;Nebreda;55,0;43,78;30-60 km;-15,0;-21,54;7,84;<1,000 (very small rural);ARLANZA;Burgos;Castilla y León
16160;Pineda de Gigüela;55,0;48,02;30-60 km;-24,69;3,39;-9,84;<1,000 (very small rural);ALCARRIA;Cuenca;Castilla-La Mancha
19297;Valdarachas;55,0;14,74;<=30 km;-11,9;22,86;27,91;<1,000 (very small rural);CAMPIÑA;Guadalajara;Castilla-La Mancha
05040;Bularros;55,0;17,98;<=30 km;-19,05;-3,08;-12,7;<1,000 (very small rural);AVILA;Ávila;Castilla y León
16104;Hontecillas;55,0;59,33;30-60 km;-37,04;16,98;-11,29;<1,000 (very small rural);MANCHUELA;Cuenca;Castilla-La Mancha
19187;Miralrío;55,0;34,25;30-60 km;-35,23;7,27;-6,78;<1,000 (very small rural);ALCARRIA ALTA;Guadalajara;Castilla-La Mancha
09206;Mazuela;56,0;24,82;<=30 km;-12,86;5,36;-5,08;<1,000 (very small rural);ARLANZA;Burgos;Castilla y León
37217;Navalmoral de Béjar;56,0;59,61;30-60 km;3,33;-3,33;-3,45;<1,000 (very small rural);LA SIERRA;Salamanca;Castilla y León
42187;Torrubia de Soria;56,0;94,92;>60 km;-1,45;-7,58;-8,2;<1,000 (very small rural);CAMPO DE GOMARA;Soria;Castilla y León
19123;Fuentelviejo;56,0;20,58;<=30 km;4,0;25,58;3,7;<1,000 (very small rural);CAMPIÑA;Guadalajara;Castilla-La Mancha
47029;Cabreros del Monte;56,0;46,81;30-60 km;-8,33;8,62;-11,11;<1,000 (very small rural);TIERRA DE CAMPOS;Valladolid;Castilla y León
44070;El Castellar;56,0;77,35;>60 km;-21,74;7,69;0,0;<1,000 (very small rural);MAESTRAZGO;Teruel;Aragón
44136;Lidón;56,0;94,82;>60 km;-5,36;-1,82;3,7;<1,000 (very small rural);HOYA DE TERUEL;Teruel;Aragón
40131;Monterrubio;56,0;18,23;<=30 km;-3,12;-1,64;-6,67;<1,000 (very small rural);SEGOVIA;Segovia;Castilla y León
19078;Castilforte;56,0;54,07;30-60 km;-23,29;7,14;-6,67;<1,000 (very small rural);ALCARRIA BAJA;Guadalajara;Castilla-La Mancha
42166;Santa Cruz de Yanguas;56,0;44,34;30-60 km;-13,7;6,9;-9,68;<1,000 (very small rural);TIERRAS ALTAS Y VALLE DEL TERA;Soria;Castilla y León
37233;Pastores;56,0;84,83;>60 km;-15,62;-8,93;9,8;<1,000 (very small rural);CIUDAD RODRIGO;Salamanca;Castilla y León
09273;Prádanos de Bureba;56,0;32,25;30-60 km;0,0;5,66;0,0;<1,000 (very small rural);BUREBA-EBRO;Burgos;Castilla y León
09444;Villamayor de Treviño;56,0;40,18;30-60 km;-19,32;-5,88;-12,5;<1,000 (very small rural);PISUERGA;Burgos;Castilla y León
09135;Fuentebureba;56,0;47,97;30-60 km;-13,04;-2,44;40,0;<1,000 (very small rural);BUREBA-EBRO;Burgos;Castilla y León
26044;Castroviejo;56,0;22,74;<=30 km;-17,91;-10,0;24,44;<1,000 (very small rural);SIERRA RIOJA ALTA;La Rioja;La Rioja
16225;Valdemorillo de la Sierra;56,0;26,86;<=30 km;-24,14;-15,15;0,0;<1,000 (very small rural);SERRANIA MEDIA;Cuenca;Castilla-La Mancha
05030;Berrocalejo de Aragona;56,0;5,92;<=30 km;-20,41;13,95;14,29;<1,000 (very small rural);AVILA;Ávila;Castilla y León
19004;Alaminos;56,0;46,21;30-60 km;0,0;-8,06;-1,75;<1,000 (very small rural);ALCARRIA ALTA;Guadalajara;Castilla-La Mancha
05196;Rivilla de Barajas;56,0;39,53;30-60 km;-22,37;3,08;-16,42;<1,000 (very small rural);AREVALO-MADRIGAL;Ávila;Castilla y León
09200;Mambrillas de Lara;56,0;30,9;30-60 km;-7,55;-11,54;21,74;<1,000 (very small rural);DEMANDA;Burgos;Castilla y León
05252;Valdecasa;56,0;31,18;30-60 km;-6,67;-3,23;-6,67;<1,000 (very small rural);AVILA;Ávila;Castilla y León
09226;Monterrubio de la Demanda;56,0;52,31;30-60 km;-10,0;-1,69;-3,45;<1,000 (very small rural);DEMANDA;Burgos;Castilla y León
16193;San Pedro Palmiches;56,0;42,93;30-60 km;-31,33;-9,09;12,0;<1,000 (very small rural);ALCARRIA;Cuenca;Castilla-La Mancha
50058;Bubierca;57,0;88,18;>60 km;-19,51;1,59;-10,94;<1,000 (very small rural);CALATAYUD;Zaragoza;Aragón
50282;La Vilueña;57,0;79,86;>60 km;-26,05;-7,79;-19,72;<1,000 (very small rural);CALATAYUD;Zaragoza;Aragón
37180;El Manzano;57,0;56,43;30-60 km;2,74;-9,72;-12,31;<1,000 (very small rural);VITIGUDINO;Salamanca;Castilla y León
19323;Villaseca de Uceda;57,0;25,97;<=30 km;-30,51;11,11;42,5;<1,000 (very small rural);CAMPIÑA;Guadalajara;Castilla-La Mancha
42177;Tajueco;57,0;103,42;>60 km;-19,32;-9,09;-5,0;<1,000 (very small rural);SORIA;Soria;Castilla y León
47170;Torre de Peñafiel;57,0;54,97;30-60 km;-12,77;7,14;26,67;<1,000 (very small rural);SURESTE;Valladolid;Castilla y León
19228;Puebla de Beleña;57,0;28,71;<=30 km;-17,86;-2,78;62,86;<1,000 (very small rural);SIERRA;Guadalajara;Castilla-La Mancha
44178;Las Parras de Castellote;57,0;87,43;>60 km;-20,78;5,66;1,79;<1,000 (very small rural);BAJO ARAGON;Teruel;Aragón
19201;Olmeda de Cobeta;57,0;73,06;>60 km;-22,22;-1,56;-9,52;<1,000 (very small rural);ALCARRIA ALTA;Guadalajara;Castilla-La Mancha
44002;Abejuela;57,0;54,96;30-60 km;-24,24;16,33;0,0;<1,000 (very small rural);HOYA DE TERUEL;Teruel;Aragón
37341;Valverde de Valdelacasa;57,0;53,46;30-60 km;-10,59;-10,81;-13,64;<1,000 (very small rural);LA SIERRA;Salamanca;Castilla y León
09485;Zuñeda;57,0;46,92;30-60 km;-1,69;-3,45;1,79;<1,000 (very small rural);BUREBA-EBRO;Burgos;Castilla y León
19165;Majaelrayo;57,0;56,86;30-60 km;-10,94;5,45;-1,72;<1,000 (very small rural);SIERRA;Guadalajara;Castilla-La Mancha
34124;Payo de Ojeda;57,0;77,02;>60 km;-13,51;-4,55;-9,52;<1,000 (very small rural);BOEDO-OJEDA;Palencia;Castilla y León
24178;Valdemora;57,0;46,06;30-60 km;-15,91;-4,11;-18,57;<1,000 (very small rural);ESLA-CAMPOS;León;Castilla y León
34146;Reinoso de Cerrato;57,0;15,09;<=30 km;-15,0;9,43;-1,72;<1,000 (very small rural);EL CERRATO;Palencia;Castilla y León
44125;Huesa del Común;57,0;73,84;>60 km;-27,17;8,96;-21,92;<1,000 (very small rural);SERRANIA DE MONTALBAN;Teruel;Aragón
19163;Luzón;58,0;87,05;>60 km;-18,18;-2,99;-10,77;<1,000 (very small rural);MOLINA DE ARAGON;Guadalajara;Castilla-La Mancha
19148;Huertahernando;58,0;72,99;>60 km;-15,38;9,43;0,0;<1,000 (very small rural);ALCARRIA ALTA;Guadalajara;Castilla-La Mancha
47211;Villalba de la Loma;58,0;55,58;30-60 km;3,85;-16,36;26,09;<1,000 (very small rural);TIERRA DE CAMPOS;Valladolid;Castilla y León
44234;Tramacastiel;58,0;62,08;>60 km;-24,72;4,69;-13,43;<1,000 (very small rural);HOYA DE TERUEL;Teruel;Aragón
50070;Calmarza;58,0;101,17;>60 km;-39,05;8,47;-9,38;<1,000 (very small rural);CALATAYUD;Zaragoza;Aragón
50195;Orcajo;58,0;80,17;>60 km;32,56;-1,69;0,0;<1,000 (very small rural);DAROCA;Zaragoza;Aragón
09398;Úrbel del Castillo;58,0;31,21;30-60 km;-23,47;-13,92;-14,71;<1,000 (very small rural);PARAMOS;Burgos;Castilla y León
34101;Marcilla de Campos;58,0;40,2;30-60 km;-21,74;9,76;28,89;<1,000 (very small rural);CAMPOS;Palencia;Castilla y León
22244;Valle de Lierp;58,0;81,11;>60 km;-27,27;0,0;26,09;<1,000 (very small rural);RIBARGORZA;Huesca;Aragón
34099;Manquillos;58,0;25,54;<=30 km;23,53;-25,61;-4,92;<1,000 (very small rural);CAMPOS;Palencia;Castilla y León
19329;Yélamos de Abajo;58,0;27,24;<=30 km;-8,57;-1,59;-6,45;<1,000 (very small rural);ALCARRIA ALTA;Guadalajara;Castilla-La Mancha
09088;Castrillo de Riopisuerga;58,0;52,96;30-60 km;-14,29;-8,06;1,75;<1,000 (very small rural);PISUERGA;Burgos;Castilla y León
05015;Arevalillo;58,0;49,14;30-60 km;-31,58;-10,67;-13,43;<1,000 (very small rural);AVILA;Ávila;Castilla y León
44089;Cubla;58,0;79,29;>60 km;-19,12;-3,7;11,54;<1,000 (very small rural);HOYA DE TERUEL;Teruel;Aragón
16009;Alcantud;58,0;45,94;30-60 km;-29,41;-14,29;20,83;<1,000 (very small rural);ALCARRIA;Cuenca;Castilla-La Mancha
31170;Mirafuentes;58,0;22,55;<=30 km;3,7;8,93;-4,92;<1,000 (very small rural);TIERRA ESTELLA;Navarra;Comunidad Foral de Navarra
09094;Cebrecos;58,0;40,54;30-60 km;-1,92;0,0;7,41;<1,000 (very small rural);ARLANZA;Burgos;Castilla y León
44157;Monterde de Albarracín;58,0;53,9;30-60 km;-3,12;-9,52;1,75;<1,000 (very small rural);SERRANIA DE ALBARRACIN;Teruel;Aragón
42003;Adradas;58,0;97,12;>60 km;-33,33;25,0;5,45;<1,000 (very small rural);ALMAZAN;Soria;Castilla y León
16115;Laguna del Marquesado;59,0;27,37;<=30 km;-33,82;20,0;9,26;<1,000 (very small rural);SERRANIA ALTA;Cuenca;Castilla-La Mancha
05133;Monsalupe;59,0;16,98;<=30 km;33,96;-17,81;-1,67;<1,000 (very small rural);AREVALO-MADRIGAL;Ávila;Castilla y León
12116;Torralba del Pinar;59,0;28,23;<=30 km;5,56;16,67;-6,35;<1,000 (very small rural);PALANCIA;Castelló/Castellón;Comunitat Valenciana
05144;Narrillos del Álamo;59,0;46,57;30-60 km;-18,75;-7,79;-16,9;<1,000 (very small rural);AVILA;Ávila;Castilla y León
19075;Castejón de Henares;59,0;46,11;30-60 km;-32,61;-3,17;-3,28;<1,000 (very small rural);ALCARRIA ALTA;Guadalajara;Castilla-La Mancha
50063;El Buste;59,0;60,68;>60 km;-18,07;-4,17;-14,49;<1,000 (very small rural);BORJA;Zaragoza;Aragón
31222;Sarriés/Sartze;59,0;44,85;30-60 km;-7,25;-1,61;-3,28;<1,000 (very small rural);PIRINEOS;Navarra;Comunidad Foral de Navarra
34116;Osornillo;59,0;47,67;30-60 km;-20,78;-1,75;5,36;<1,000 (very small rural);CAMPOS;Palencia;Castilla y León
37336;Valdemierque;59,0;16,4;<=30 km;1,64;-1,54;-7,81;<1,000 (very small rural);ALBA DE TORMES;Salamanca;Castilla y León
37058;Brincones;59,0;58,64;30-60 km;-19,44;-5,36;11,32;<1,000 (very small rural);VITIGUDINO;Salamanca;Castilla y León
09311;Retuerta;59,0;38,69;30-60 km;-16,67;11,86;-10,61;<1,000 (very small rural);ARLANZA;Burgos;Castilla y León
42008;Alcubilla de las Peñas;59,0;90,13;>60 km;-26,19;-13,56;15,69;<1,000 (very small rural);ARCOS DE JALON;Soria;Castilla y León
34109;Moratinos;59,0;51,35;30-60 km;-14,71;6,78;-6,35;<1,000 (very small rural);CAMPOS;Palencia;Castilla y León
12063;Fuente la Reina;59,0;43,28;30-60 km;-32,81;0,0;20,41;<1,000 (very small rural);PALANCIA;Castelló/Castellón;Comunitat Valenciana
42163;San Felices;59,0;70,73;>60 km;-14,71;7,27;0,0;<1,000 (very small rural);TIERRAS ALTAS Y VALLE DEL TERA;Soria;Castilla y León
16001;Abia de la Obispalía;59,0;38,09;30-60 km;-13,16;-10,94;3,51;<1,000 (very small rural);SERRANIA MEDIA;Cuenca;Castilla-La Mancha
19181;Miedes de Atienza;59,0;70,54;>60 km;-26,51;-10,0;9,26;<1,000 (very small rural);SIERRA;Guadalajara;Castilla-La Mancha
09006;Aguas Cándidas;59,0;45,1;30-60 km;-17,65;-1,75;5,36;<1,000 (very small rural);BUREBA-EBRO;Burgos;Castilla y León
47219;Villanueva de la Condesa;59,0;47,74;30-60 km;-24,68;0,0;1,72;<1,000 (very small rural);TIERRA DE CAMPOS;Valladolid;Castilla y León
40014;Aldehorno;59,0;74,69;>60 km;-3,33;-8,77;13,46;<1,000 (very small rural);SEPULVEDA;Segovia;Castilla y León
40008;Aldealengua de Santa María;59,0;86,47;>60 km;-21,69;8,93;-3,28;<1,000 (very small rural);SEPULVEDA;Segovia;Castilla y León
16231;Valhermoso de la Fuente;59,0;66,75;>60 km;9,3;-4,17;28,26;<1,000 (very small rural);MANCHUELA;Cuenca;Castilla-La Mancha
05103;Hoyorredondo;59,0;60,23;>60 km;-18,39;-10,45;-1,67;<1,000 (very small rural);BARCO AVILA-PIEDRAHITA;Ávila;Castilla y León
49228;Valdefinjas;59,0;30,29;30-60 km;-26,09;21,28;3,51;<1,000 (very small rural);DUERO BAJO;Zamora;Castilla y León
50274;Val de San Martín;59,0;83,32;>60 km;-18,75;-7,81;0,0;<1,000 (very small rural);DAROCA;Zaragoza;Aragón
05079;Gallegos de Altamiros;60,0;22,93;<=30 km;25,0;0,0;-4,76;<1,000 (very small rural);AVILA;Ávila;Castilla y León
19238;Riofrío del Llano;60,0;61,8;>60 km;-6,12;24,49;-1,64;<1,000 (very small rural);SIERRA;Guadalajara;Castilla-La Mancha
34046;Cardeñosa de Volpejera;60,0;29,47;<=30 km;-14,0;30,23;7,14;<1,000 (very small rural);CAMPOS;Palencia;Castilla y León
09244;Padrones de Bureba;60,0;40,35;30-60 km;-13,79;-10,0;33,33;<1,000 (very small rural);BUREBA-EBRO;Burgos;Castilla y León
05190;Pozanco;60,0;15,65;<=30 km;-19,35;0,0;22,45;<1,000 (very small rural);AREVALO-MADRIGAL;Ávila;Castilla y León
25045;Bausen;60,0;122,2;>60 km;13,56;3,12;-9,09;<1,000 (very small rural);VAL D'ARAN;Lleida;Cataluña/Catalunya
42033;Bayubas de Arriba;60,0;105,24;>60 km;-9,43;19,61;-1,64;<1,000 (very small rural);SORIA;Soria;Castilla y León
40211;Valdeprados;60,0;12,35;<=30 km;-16,85;0,0;-14,29;<1,000 (very small rural);SEGOVIA;Segovia;Castilla y León
37063;La Cabeza de Béjar;60,0;51,47;30-60 km;-25,77;-10,45;0,0;<1,000 (very small rural);LA SIERRA;Salamanca;Castilla y León
34189;Valdeolmillos;60,0;14,19;<=30 km;-7,25;-6,56;5,26;<1,000 (very small rural);EL CERRATO;Palencia;Castilla y León
42021;Almazul;60,0;102,13;>60 km;-32,04;-7,14;-7,69;<1,000 (very small rural);CAMPO DE GOMARA;Soria;Castilla y León
42212;Villasayas;60,0;92,2;>60 km;-22,83;-5,71;-9,09;<1,000 (very small rural);ARCOS DE JALON;Soria;Castilla y León
09429;Villaescusa la Sombría;60,0;23,26;<=30 km;-9,46;-3,39;5,26;<1,000 (very small rural);BUREBA-EBRO;Burgos;Castilla y León
44236;Tronchón;60,0;75,42;>60 km;-35,51;0,0;-7,69;<1,000 (very small rural);MAESTRAZGO;Teruel;Aragón
34234;Villasila de Valdavia;60,0;62,36;>60 km;-2,7;-9,86;-6,25;<1,000 (very small rural);SALDAÑA-VALDAVIA;Palencia;Castilla y León
49002;Abezames;60,0;34,26;30-60 km;-24,1;-3,33;3,45;<1,000 (very small rural);CAMPOS-PAN;Zamora;Castilla y León
42014;Las Aldehuelas;60,0;51,8;30-60 km;-29,35;-12,5;7,14;<1,000 (very small rural);TIERRAS ALTAS Y VALLE DEL TERA;Soria;Castilla y León
09323;Rojas;60,0;32,35;30-60 km;-15,19;-1,54;-6,25;<1,000 (very small rural);BUREBA-EBRO;Burgos;Castilla y León
04026;Benitagla;60,0;41,18;30-60 km;-21,43;-13,24;1,69;<1,000 (very small rural);CAMPO TABERNAS;Almería;Andalucía
19001;Abánades;60,0;65,6;>60 km;-26,67;3,77;9,09;<1,000 (very small rural);ALCARRIA ALTA;Guadalajara;Castilla-La Mancha
44183;Pitarque;61,0;83,84;>60 km;-10,64;-12,66;-11,59;<1,000 (very small rural);MAESTRAZGO;Teruel;Aragón
16093;Garaballa;61,0;69,02;>60 km;-22,92;-7,35;-3,17;<1,000 (very small rural);SERRANIA BAJA;Cuenca;Castilla-La Mancha
19229;Puebla de Valles;61,0;32,63;30-60 km;-24,71;-1,67;3,39;<1,000 (very small rural);SIERRA;Guadalajara;Castilla-La Mancha
42088;Fuentelmonge;61,0;108,34;>60 km;-13,75;-1,54;-4,69;<1,000 (very small rural);CAMPO DE GOMARA;Soria;Castilla y León
44197;Ródenas;61,0;61,27;>60 km;-12,68;0,0;0,0;<1,000 (very small rural);SERRANIA DE ALBARRACIN;Teruel;Aragón
26093;Mansilla de la Sierra;61,0;53,91;30-60 km;-4,29;-1,82;12,96;<1,000 (very small rural);SIERRA RIOJA ALTA;La Rioja;La Rioja
09340;San Millán de Lara;61,0;36,73;30-60 km;6,76;-12,66;-11,59;<1,000 (very small rural);DEMANDA;Burgos;Castilla y León
26094;Manzanares de Rioja;61,0;38,57;30-60 km;-16,83;-16,67;1,67;<1,000 (very small rural);RIOJA ALTA;La Rioja;La Rioja
16163;Portilla;61,0;12,47;<=30 km;-9,21;-9,38;5,17;<1,000 (very small rural);SERRANIA MEDIA;Cuenca;Castilla-La Mancha
34213;Villalaco;61,0;30,17;30-60 km;-19,18;-8,77;17,31;<1,000 (very small rural);CAMPOS;Palencia;Castilla y León
50019;Alforque;61,0;58,29;30-60 km;-34,48;0,0;-1,61;<1,000 (very small rural);CASPE;Zaragoza;Aragón
44159;Moscardón;61,0;39,71;30-60 km;-14,93;-3,64;15,09;<1,000 (very small rural);SERRANIA DE ALBARRACIN;Teruel;Aragón
09022;Arauzo de Torre;61,0;65,41;>60 km;-19,78;-2,74;-14,08;<1,000 (very small rural);DEMANDA;Burgos;Castilla y León
42135;Oncala;61,0;56,38;30-60 km;-26,0;-4,29;-8,96;<1,000 (very small rural);TIERRAS ALTAS Y VALLE DEL TERA;Soria;Castilla y León
47203;Villafrades de Campos;61,0;34,06;30-60 km;-27,66;-6,15;0,0;<1,000 (very small rural);TIERRA DE CAMPOS;Valladolid;Castilla y León
21027;Cumbres de Enmedio;61,0;89,26;>60 km;-20,0;-7,02;15,09;<1,000 (very small rural);SIERRA;Huelva;Andalucía
22253;Yésero;62,0;58,43;30-60 km;-18,84;0,0;3,33;<1,000 (very small rural);JACETANIA;Huesca;Aragón
47169;Torre de Esgueva;62,0;35,92;30-60 km;0,0;-7,04;-6,06;<1,000 (very small rural);CENTRO;Valladolid;Castilla y León
34094;Ledigos;62,0;48,58;30-60 km;-9,46;3,17;-4,62;<1,000 (very small rural);SALDAÑA-VALDAVIA;Palencia;Castilla y León
24042;Castilfalé;62,0;44,34;30-60 km;-19,05;0,0;-4,62;<1,000 (very small rural);ESLA-CAMPOS;León;Castilla y León
40150;Orejana;62,0;43,92;30-60 km;-13,33;10,0;-6,06;<1,000 (very small rural);SEGOVIA;Segovia;Castilla y León
42197;Valderrodilla;62,0;103,2;>60 km;-21,05;-5,63;-7,46;<1,000 (very small rural);SORIA;Soria;Castilla y León
34246;Villovieco;62,0;37,28;30-60 km;-17,24;-9,33;-8,82;<1,000 (very small rural);CAMPOS;Palencia;Castilla y León
42152;Recuerda;62,0;89,5;>60 km;-15,38;-18,39;-12,68;<1,000 (very small rural);BURGO DE OSMA;Soria;Castilla y León
37099;Cereceda de la Sierra;62,0;55,94;30-60 km;-44,54;1,52;-7,46;<1,000 (very small rural);LA SIERRA;Salamanca;Castilla y León
16147;Pajaroncillo;62,0;37,31;30-60 km;-12,79;-16,42;10,71;<1,000 (very small rural);SERRANIA BAJA;Cuenca;Castilla-La Mancha
16123;Masegosa;62,0;37,35;30-60 km;-40,65;-12,86;1,64;<1,000 (very small rural);SERRANIA ALTA;Cuenca;Castilla-La Mancha
50187;Nigüella;62,0;50,09;30-60 km;-12,66;-6,06;0,0;<1,000 (very small rural);LA ALMUNIA DE DOÑA GODINA;Zaragoza;Aragón
37159;Herguijuela del Campo;62,0;42,11;30-60 km;-24,77;-16,87;-10,14;<1,000 (very small rural);LA SIERRA;Salamanca;Castilla y León
05180;El Parral;62,0;32,54;30-60 km;-33,04;-15,28;1,64;<1,000 (very small rural);AVILA;Ávila;Castilla y León
44085;Cosa;62,0;98,97;>60 km;-8,33;5,77;12,73;<1,000 (very small rural);SERRANIA DE MONTALBAN;Teruel;Aragón
05067;Chamartín;62,0;26,47;<=30 km;-10,87;-13,92;-8,82;<1,000 (very small rural);AVILA;Ávila;Castilla y León
49266;Villárdiga;62,0;43,27;30-60 km;-23,3;2,67;-19,48;<1,000 (very small rural);CAMPOS-PAN;Zamora;Castilla y León
44128;Jarque de la Val;62,0;101,5;>60 km;-19,1;-14,29;3,33;<1,000 (very small rural);SERRANIA DE MONTALBAN;Teruel;Aragón
05171;Neila de San Miguel;62,0;59,2;30-60 km;-18,39;-5,8;-4,62;<1,000 (very small rural);BARCO AVILA-PIEDRAHITA;Ávila;Castilla y León
50007;Aladrén;62,0;51,74;30-60 km;-29,85;11,54;6,9;<1,000 (very small rural);DAROCA;Zaragoza;Aragón
37090;Las Casas del Conde;63,0;59,08;30-60 km;-13,85;4,92;-1,56;<1,000 (very small rural);LA SIERRA;Salamanca;Castilla y León
16197;Santa María del Val;63,0;31,84;30-60 km;-21,05;-8,82;1,61;<1,000 (very small rural);SERRANIA ALTA;Cuenca;Castilla-La Mancha
31184;Oco;63,0;30,79;30-60 km;5,48;-3,9;-14,86;<1,000 (very small rural);TIERRA ESTELLA;Navarra;Comunidad Foral de Navarra
44267;Vivel del Río Martín;63,0;88,37;>60 km;-21,98;-5,06;-16,0;<1,000 (very small rural);SERRANIA DE MONTALBAN;Teruel;Aragón
25087;Esterri de Cardós;63,0;106,9;>60 km;-12,99;-7,25;-1,56;<1,000 (very small rural);PALLARS SOBIRA;Lleida;Cataluña/Catalunya
44127;Jabaloyas;63,0;49,09;30-60 km;-24,44;-6,15;3,28;<1,000 (very small rural);SERRANIA DE ALBARRACIN;Teruel;Aragón
09476;Villoruebo;63,0;27,76;<=30 km;-18,18;-8,11;-7,35;<1,000 (very small rural);DEMANDA;Burgos;Castilla y León
19213;El Pedregal;63,0;73,96;>60 km;-7,14;-14,29;-4,55;<1,000 (very small rural);MOLINA DE ARAGON;Guadalajara;Castilla-La Mancha
09419;Valluércanes;63,0;46,76;30-60 km;-10,71;-11,84;-5,97;<1,000 (very small rural);BUREBA-EBRO;Burgos;Castilla y León
05113;Los Llanos de Tormes;63,0;68,15;>60 km;-15,66;-9,38;8,62;<1,000 (very small rural);BARCO AVILA-PIEDRAHITA;Ávila;Castilla y León
05053;Casasola;63,0;14,75;<=30 km;-14,29;-19,05;-7,35;<1,000 (very small rural);AVILA;Ávila;Castilla y León
34066;Cubillas de Cerrato;64,0;22,82;<=30 km;1,47;0,0;1,59;<1,000 (very small rural);EL CERRATO;Palencia;Castilla y León
49244;Villageriz;64,0;61,12;>60 km;-7,69;0,0;33,33;<1,000 (very small rural);BENAVENTE Y LOS VALLES;Zamora;Castilla y León
37021;Aldeaseca de Alba;64,0;24,95;<=30 km;-11,49;-1,35;-12,33;<1,000 (very small rural);ALBA DE TORMES;Salamanca;Castilla y León
25031;Arres;64,0;117,1;>60 km;-7,81;6,35;-4,48;<1,000 (very small rural);VAL D'ARAN;Lleida;Cataluña/Catalunya
09292;Quintanavides;64,0;25,74;<=30 km;-21,3;-6,33;-13,51;<1,000 (very small rural);BUREBA-EBRO;Burgos;Castilla y León
05090;Gutierre-Muñoz;64,0;33,92;30-60 km;-7,23;-8,97;-9,86;<1,000 (very small rural);AREVALO-MADRIGAL;Ávila;Castilla y León
09380;Terradillos de Esgueva;64,0;62,45;>60 km;-24,76;-8,75;-12,33;<1,000 (very small rural);LA RIBERA;Burgos;Castilla y León
26118;Pradillo;64,0;34,51;30-60 km;-10,61;-9,86;0,0;<1,000 (very small rural);SIERRA RIOJA MEDIA;La Rioja;La Rioja
37255;Pizarral;64,0;38,67;30-60 km;-31,17;14,89;18,52;<1,000 (very small rural);ALBA DE TORMES;Salamanca;Castilla y León
12127;Vallibona;64,0;68,76;>60 km;-23,76;-10,67;-4,48;<1,000 (very small rural);ALTO MAESTRAZGO;Castelló/Castellón;Comunitat Valenciana
19232;El Recuenco;64,0;54,32;30-60 km;-26,97;3,33;3,23;<1,000 (very small rural);ALCARRIA BAJA;Guadalajara;Castilla-La Mancha
42107;Magaña;64,0;67,24;>60 km;-17,53;-6,85;-5,88;<1,000 (very small rural);TIERRAS ALTAS Y VALLE DEL TERA;Soria;Castilla y León
26139;San Torcuato;64,0;33,67;30-60 km;-20,48;6,25;-5,88;<1,000 (very small rural);RIOJA ALTA;La Rioja;La Rioja
42089;Fuentelsaz de Soria;64,0;66,19;>60 km;-6,06;-3,08;1,59;<1,000 (very small rural);CAMPO DE GOMARA;Soria;Castilla y León
40111;Lastras del Pozo;64,0;13,46;<=30 km;-14,29;-17,91;16,36;<1,000 (very small rural);CUELLAR;Segovia;Castilla y León
47180;Valdearcos de la Vega;64,0;57,01;30-60 km;-39,83;-14,75;23,08;<1,000 (very small rural);SURESTE;Valladolid;Castilla y León
16247;Villalgordo del Marquesado;64,0;72,98;>60 km;-20,41;-3,95;-12,33;<1,000 (very small rural);MANCHA ALTA;Cuenca;Castilla-La Mancha
44084;Cortes de Aragón;65,0;78,6;>60 km;-25,0;3,28;3,17;<1,000 (very small rural);SERRANIA DE MONTALBAN;Teruel;Aragón
25060;Cabanabona;65,0;53,29;30-60 km;-27,68;-21,05;8,33;<1,000 (very small rural);NOGUERA;Lleida;Cataluña/Catalunya
37266;La Redonda;65,0;89,72;>60 km;-6,52;-16,46;-1,52;<1,000 (very small rural);VITIGUDINO;Salamanca;Castilla y León
37262;Puertas;65,0;51,92;30-60 km;1,18;-7,59;-10,96;<1,000 (very small rural);VITIGUDINO;Salamanca;Castilla y León
37116;Doñinos de Ledesma;65,0;30,81;30-60 km;-17,86;-13,7;3,17;<1,000 (very small rural);LEDESMA;Salamanca;Castilla y León
40126;Melque de Cercos;65,0;30,32;30-60 km;-18,18;-23,38;10,17;<1,000 (very small rural);CUELLAR;Segovia;Castilla y León
19335;Zorita de los Canes;65,0;42,37;30-60 km;-37,27;-10,0;3,17;<1,000 (very small rural);CAMPIÑA;Guadalajara;Castilla-La Mancha
40220;Valleruela de Pedraza;65,0;42,21;30-60 km;-12,05;0,0;-10,96;<1,000 (very small rural);SEGOVIA;Segovia;Castilla y León
22164;Olvena;65,0;57,63;30-60 km;-12,73;16,0;12,07;<1,000 (very small rural);SOMONTANO;Huesca;Aragón
19110;Escamilla;65,0;52,44;30-60 km;-34,83;-5,0;14,04;<1,000 (very small rural);ALCARRIA BAJA;Guadalajara;Castilla-La Mancha
09389;Torrepadre;65,0;41,48;30-60 km;-23,26;11,76;-14,47;<1,000 (very small rural);ARLANZA;Burgos;Castilla y León
42087;Fuentecantos;65,0;68,92;>60 km;-9,84;24,53;-1,52;<1,000 (very small rural);CAMPO DE GOMARA;Soria;Castilla y León
44064;Cascante del Río;65,0;73,34;>60 km;-28,43;-2,82;-5,8;<1,000 (very small rural);HOYA DE TERUEL;Teruel;Aragón
47026;Bustillo de Chaves;65,0;47,99;30-60 km;-17,24;-7,35;3,17;<1,000 (very small rural);TIERRA DE CAMPOS;Valladolid;Castilla y León
09130;Fresneña;66,0;45,46;30-60 km;-23,76;-9,21;-4,35;<1,000 (very small rural);BUREBA-EBRO;Burgos;Castilla y León
05209;San García de Ingelmos;66,0;41,12;30-60 km;-22,64;-11,25;-7,04;<1,000 (very small rural);AVILA;Ávila;Castilla y León
05126;Mesegar de Corneja;66,0;58,41;30-60 km;-20,0;-5,0;15,79;<1,000 (very small rural);BARCO AVILA-PIEDRAHITA;Ávila;Castilla y León
47198;Villacarralón;66,0;45,94;30-60 km;6,02;-12,2;-8,33;<1,000 (very small rural);TIERRA DE CAMPOS;Valladolid;Castilla y León
25222;Tiurana;66,0;55,66;30-60 km;-8,43;-1,35;-9,59;<1,000 (very small rural);NOGUERA;Lleida;Cataluña/Catalunya
26057;Daroca de Rioja;66,0;16,33;<=30 km;-21,05;31,91;6,45;<1,000 (very small rural);RIOJA MEDIA;La Rioja;La Rioja
50229;Ruesca;66,0;62,58;>60 km;-10,0;5,56;-13,16;<1,000 (very small rural);CALATAYUD;Zaragoza;Aragón
40018;Añe;66,0;18,12;<=30 km;-15,09;-13,92;-2,94;<1,000 (very small rural);CUELLAR;Segovia;Castilla y León
09039;Barbadillo del Pez;66,0;45,05;30-60 km;-15,0;-2,99;1,54;<1,000 (very small rural);DEMANDA;Burgos;Castilla y León
44048;Cabra de Mora;66,0;71,91;>60 km;-26,44;23,64;-2,94;<1,000 (very small rural);MAESTRAZGO;Teruel;Aragón
09192;Jurisdicción de San Zadornil;66,0;39,5;30-60 km;-33,33;12,73;6,45;<1,000 (very small rural);MERINDADES;Burgos;Castilla y León
44065;Castejón de Tornos;66,0;86,25;>60 km;-8,82;-16,13;26,92;<1,000 (very small rural);CUENCA DEL JILOCA;Teruel;Aragón
05086;Gimialcón;66,0;46,83;30-60 km;-17,02;-3,9;-10,81;<1,000 (very small rural);AREVALO-MADRIGAL;Ávila;Castilla y León
44190;Pozuel del Campo;66,0;76,45;>60 km;-28,57;-8,82;6,45;<1,000 (very small rural);CUENCA DEL JILOCA;Teruel;Aragón
05058;Cepeda la Mora;66,0;41,37;30-60 km;-13,98;-7,89;-5,71;<1,000 (very small rural);GREDOS;Ávila;Castilla y León
37280;Sanchón de la Ribera;67,0;62,18;>60 km;-9,68;-5,95;-15,19;<1,000 (very small rural);VITIGUDINO;Salamanca;Castilla y León
47225;Villasexmir;67,0;24,1;<=30 km;-15,05;-12,05;-8,22;<1,000 (very small rural);CENTRO;Valladolid;Castilla y León
09242;Padilla de Abajo;67,0;41,31;30-60 km;-6,25;-3,85;-10,67;<1,000 (very small rural);PISUERGA;Burgos;Castilla y León
42200;Velamazán;67,0;98,68;>60 km;-16,35;-16,28;-6,94;<1,000 (very small rural);ALMAZAN;Soria;Castilla y León
19020;Almadrones;67,0;44,98;30-60 km;-33,33;-5,17;21,82;<1,000 (very small rural);ALCARRIA ALTA;Guadalajara;Castilla-La Mancha
40013;Aldeasoña;67,0;63,21;>60 km;-21,92;8,77;8,06;<1,000 (very small rural);SEPULVEDA;Segovia;Castilla y León
34227;Villanueva del Rebollar;67,0;31,87;30-60 km;-17,39;-9,33;-1,47;<1,000 (very small rural);CAMPOS;Palencia;Castilla y León
09351;Santa María del Invierno;67,0;22,43;<=30 km;-1,59;6,45;1,52;<1,000 (very small rural);BUREBA-EBRO;Burgos;Castilla y León
37100;Cerezal de Peñahorcada;67,0;83,15;>60 km;-17,78;-15,79;4,69;<1,000 (very small rural);VITIGUDINO;Salamanca;Castilla y León
09308;Redecilla del Campo;67,0;47,93;30-60 km;-1,39;-7,35;6,35;<1,000 (very small rural);BUREBA-EBRO;Burgos;Castilla y León
37334;Valdelageve;67,0;70,15;>60 km;-23,71;-10,96;3,08;<1,000 (very small rural);LA SIERRA;Salamanca;Castilla y León
09298;Quintanilla San García;68,0;45,99;30-60 km;-27,83;-9,2;-13,92;<1,000 (very small rural);BUREBA-EBRO;Burgos;Castilla y León
37089;Casafranca;68,0;39,58;30-60 km;-4,11;-10,29;11,48;<1,000 (very small rural);ALBA DE TORMES;Salamanca;Castilla y León
16151;Paredes;68,0;55,78;30-60 km;-24,71;-1,72;19,3;<1,000 (very small rural);MANCHA ALTA;Cuenca;Castilla-La Mancha
19248;San Andrés del Congosto;68,0;40,41;30-60 km;-21,05;2,78;-8,11;<1,000 (very small rural);SIERRA;Guadalajara;Castilla-La Mancha
42068;Coscurita;68,0;106,98;>60 km;-21,36;-8,86;-5,56;<1,000 (very small rural);ALMAZAN;Soria;Castilla y León
31116;Genevilla;68,0;21,04;<=30 km;-8,43;-17,57;11,48;<1,000 (very small rural);TIERRA ESTELLA;Navarra;Comunidad Foral de Navarra
19162;Luzaga;68,0;71,39;>60 km;-25,56;-9,72;4,62;<1,000 (very small rural);ALCARRIA ALTA;Guadalajara;Castilla-La Mancha
50256;Torralba de los Frailes;68,0;94,54;>60 km;-6,38;-13,95;-8,11;<1,000 (very small rural);DAROCA;Zaragoza;Aragón
28001;La Acebeda;68,0;48,54;30-60 km;6,45;-15,38;23,64;<1,000 (very small rural);LOZOYA SOMOSIERRA;Madrid;Comunidad de Madrid
49230;Vallesa de la Guareña;68,0;36,83;30-60 km;-29,69;-12,36;-12,82;<1,000 (very small rural);DUERO BAJO;Zamora;Castilla y León
44041;Bezas;68,0;57,63;30-60 km;-24,39;-10,0;7,94;<1,000 (very small rural);SERRANIA DE ALBARRACIN;Teruel;Aragón
09011;Alfoz de Bricia;68,0;50,86;30-60 km;-20,62;-5,19;-6,85;<1,000 (very small rural);MERINDADES;Burgos;Castilla y León
19057;Bustares;68,0;55,72;30-60 km;0,0;0,0;-10,53;<1,000 (very small rural);SIERRA;Guadalajara;Castilla-La Mancha
40087;Fuentepiñel;68,0;56,64;30-60 km;-23,02;-15,62;-16,05;<1,000 (very small rural);SEPULVEDA;Segovia;Castilla y León
22246;Beranuy;69,0;83,36;>60 km;-25,96;-5,13;-6,76;<1,000 (very small rural);RIBARGORZA;Huesca;Aragón
22155;Monesma y Cajigar;69,0;66,59;>60 km;-23,0;-5,48;0,0;<1,000 (very small rural);RIBARGORZA;Huesca;Aragón
08021;Bellprat;69,0;37,53;30-60 km;-18,68;-1,35;-5,48;<1,000 (very small rural);ANOIA;Barcelona;Cataluña/Catalunya
37157;Herguijuela de Ciudad Rodrigo;69,0;91,52;>60 km;-20,41;-12,82;1,47;<1,000 (very small rural);CIUDAD RODRIGO;Salamanca;Castilla y León
50294;Villarroya del Campo;69,0;68,3;>60 km;-12,35;30,88;-22,47;<1,000 (very small rural);DAROCA;Zaragoza;Aragón
50289;Villanueva de Jiloca;69,0;76,72;>60 km;-33,33;23,91;21,05;<1,000 (very small rural);DAROCA;Zaragoza;Aragón
05174;Orbita;69,0;36,72;30-60 km;-21,65;-2,67;-5,48;<1,000 (very small rural);AREVALO-MADRIGAL;Ávila;Castilla y León
42073;Cueva de Ágreda;69,0;79,6;>60 km;-19,54;-6,94;2,99;<1,000 (very small rural);CAMPO DE GOMARA;Soria;Castilla y León
16091;Fuertescusa;69,0;31,49;30-60 km;-16,67;-18,57;21,05;<1,000 (very small rural);SERRANIA ALTA;Cuenca;Castilla-La Mancha
05025;Becedillas;69,0;55,06;30-60 km;-17,39;-14,44;-10,39;<1,000 (very small rural);BARCO AVILA-PIEDRAHITA;Ávila;Castilla y León
19252;Sayatón;69,0;38,26;30-60 km;-28,45;-20,99;7,81;<1,000 (very small rural);CAMPIÑA;Guadalajara;Castilla-La Mancha
12068;Herbers;69,0;79,07;>60 km;-18,64;8,16;30,19;<1,000 (very small rural);ALTO MAESTRAZGO;Castelló/Castellón;Comunitat Valenciana
08057;Castell de l'Areny;69,0;51,79;30-60 km;-1,43;0,0;-4,17;<1,000 (very small rural);BERGUEDA;Barcelona;Cataluña/Catalunya
44019;Alobras;69,0;50,51;30-60 km;-13,33;4,84;6,15;<1,000 (very small rural);SERRANIA DE ALBARRACIN;Teruel;Aragón
05229;Santo Domingo de las Posadas;69,0;14,96;<=30 km;-24,76;-4,0;-4,17;<1,000 (very small rural);AREVALO-MADRIGAL;Ávila;Castilla y León
50084;Clarés de Ribota;70,0;77,41;>60 km;-25,77;4,62;2,94;<1,000 (very small rural);CALATAYUD;Zaragoza;Aragón
28078;Madarcos;70,0;44,39;30-60 km;-17,86;21,28;22,81;<1,000 (very small rural);LOZOYA SOMOSIERRA;Madrid;Comunidad de Madrid
05210;San Juan de la Encinilla;70,0;23,76;<=30 km;-16,5;-13,95;-5,41;<1,000 (very small rural);AREVALO-MADRIGAL;Ávila;Castilla y León
47016;Benafarces;70,0;43,02;30-60 km;-32,38;0,0;2,94;<1,000 (very small rural);CENTRO;Valladolid;Castilla y León
19183;Milmarcos;70,0;98,92;>60 km;-29,82;-5,19;-4,11;<1,000 (very small rural);MOLINA DE ARAGON;Guadalajara;Castilla-La Mancha
16008;Alcalá de la Vega;70,0;45,3;30-60 km;-40,79;-5,56;-17,65;<1,000 (very small rural);SERRANIA BAJA;Cuenca;Castilla-La Mancha
05118;Mancera de Arriba;70,0;44,98;30-60 km;-23,53;-2,7;-2,78;<1,000 (very small rural);AVILA;Ávila;Castilla y León
16057;Carrascosa;70,0;45,34;30-60 km;-38,46;-10,67;4,48;<1,000 (very small rural);SERRANIA ALTA;Cuenca;Castilla-La Mancha
05217;San Miguel de Corneja;70,0;56,86;30-60 km;-25,32;-3,64;32,08;<1,000 (very small rural);BARCO AVILA-PIEDRAHITA;Ávila;Castilla y León
09101;Ciadoncha;70,0;29,62;<=30 km;10,96;0,0;-10,26;<1,000 (very small rural);ARLANZA;Burgos;Castilla y León
16107;Huélamo;70,0;17,2;<=30 km;-35,22;-20,41;-10,26;<1,000 (very small rural);SERRANIA ALTA;Cuenca;Castilla-La Mancha
39051;Pesquera;70,0;27,72;<=30 km;-23,6;20,59;-14,63;<1,000 (very small rural);REINOSA;Cantabria;Cantabria
37051;Berrocal de Salvatierra;70,0;35,98;30-60 km;-13,27;-2,35;-15,66;<1,000 (very small rural);ALBA DE TORMES;Salamanca;Castilla y León
37079;Canillas de Abajo;70,0;23,62;<=30 km;-9,3;3,9;-12,5;<1,000 (very small rural);SALAMANCA;Salamanca;Castilla y León
42027;Arévalo de la Sierra;70,0;57,03;30-60 km;-9,52;-9,88;-4,11;<1,000 (very small rural);TIERRAS ALTAS Y VALLE DEL TERA;Soria;Castilla y León
42064;Ciria;70,0;86,1;>60 km;-10,0;-11,63;-7,89;<1,000 (very small rural);CAMPO DE GOMARA;Soria;Castilla y León
09356;Santibáñez del Val;70,0;44,88;30-60 km;-33,85;20,0;29,63;<1,000 (very small rural);ARLANZA;Burgos;Castilla y León
31021;Aranarache/Aranaratxe;70,0;38,37;30-60 km;-11,9;-1,43;1,45;<1,000 (very small rural);TIERRA ESTELLA;Navarra;Comunidad Foral de Navarra
50245;Sigüés;70,0;55,25;30-60 km;-28,24;-10,23;-11,39;<1,000 (very small rural);EGEA DE LOS CABALLEROS;Zaragoza;Aragón
31099;Etayo;70,0;28,36;<=30 km;-23,08;0,0;7,69;<1,000 (very small rural);TIERRA ESTELLA;Navarra;Comunidad Foral de Navarra
37243;La Peña;70,0;71,12;>60 km;-22,48;-13,0;-19,54;<1,000 (very small rural);VITIGUDINO;Salamanca;Castilla y León
31079;Desojo;70,0;20,62;<=30 km;-22,55;-4,0;-2,78;<1,000 (very small rural);TIERRA ESTELLA;Navarra;Comunidad Foral de Navarra
34107;Micieces de Ojeda;71,0;74,43;>60 km;-13,04;-4,05;0,0;<1,000 (very small rural);BOEDO-OJEDA;Palencia;Castilla y León
50239;Santed;71,0;86,73;>60 km;-5,97;4,92;10,94;<1,000 (very small rural);DAROCA;Zaragoza;Aragón
19080;Cendejas de Enmedio;71,0;46,45;30-60 km;-28,85;-7,04;7,58;<1,000 (very small rural);SIERRA;Guadalajara;Castilla-La Mancha
09182;Itero del Castillo;71,0;43,59;30-60 km;-21,9;5,13;-13,41;<1,000 (very small rural);PISUERGA;Burgos;Castilla y León
44132;Lagueruela;71,0;75,31;>60 km;23,53;-15,38;7,58;<1,000 (very small rural);SERRANIA DE MONTALBAN;Teruel;Aragón
16906;Los Valdecolmenas;71,0;41,93;30-60 km;-29,36;-6,67;1,43;<1,000 (very small rural);ALCARRIA;Cuenca;Castilla-La Mancha
37378;Zamarra;71,0;82,4;>60 km;-13,79;-16,33;-13,41;<1,000 (very small rural);CIUDAD RODRIGO;Salamanca;Castilla y León
09159;Hontanas;71,0;30,55;30-60 km;4,29;4,35;-1,39;<1,000 (very small rural);PISUERGA;Burgos;Castilla y León
26169;Villanueva de Cameros;71,0;38,04;30-60 km;-30,39;1,39;-2,74;<1,000 (very small rural);SIERRA RIOJA MEDIA;La Rioja;La Rioja
05265;Vita;71,0;34,94;30-60 km;-8,42;-8,05;-11,25;<1,000 (very small rural);AVILA;Ávila;Castilla y León
40125;La Matilla;71,0;44,07;30-60 km;-7,55;-10,11;-11,25;<1,000 (very small rural);SEGOVIA;Segovia;Castilla y León
05230;Santo Tomé de Zabarcos;71,0;25,68;<=30 km;-30,21;6,15;2,9;<1,000 (very small rural);AREVALO-MADRIGAL;Ávila;Castilla y León
16165;Poyatos;71,0;25,01;<=30 km;-31,11;-3,33;22,41;<1,000 (very small rural);SERRANIA ALTA;Cuenca;Castilla-La Mancha
05198;Salvadiós;71,0;44,4;30-60 km;-12,79;-10,67;5,97;<1,000 (very small rural);AREVALO-MADRIGAL;Ávila;Castilla y León
12123;Vallat;71,0;20,98;<=30 km;-35,9;16,33;24,56;<1,000 (very small rural);LA PLANA;Castelló/Castellón;Comunitat Valenciana
42128;Narros;71,0;69,59;>60 km;0,0;-2,04;47,92;<1,000 (very small rural);CAMPO DE GOMARA;Soria;Castilla y León
19039;Argecilla;72,0;41,04;30-60 km;-19,75;7,69;2,86;<1,000 (very small rural);ALCARRIA ALTA;Guadalajara;Castilla-La Mancha
50069;Calcena;72,0;66,07;>60 km;7,14;4,0;-7,69;<1,000 (very small rural);LA ALMUNIA DE DOÑA GODINA;Zaragoza;Aragón
37242;Pelayos;72,0;34,45;30-60 km;-21,01;-5,88;-10,0;<1,000 (very small rural);ALBA DE TORMES;Salamanca;Castilla y León
37343;Vallejera de Riofrío;72,0;60,89;>60 km;0,0;-9,21;4,35;<1,000 (very small rural);LA SIERRA;Salamanca;Castilla y León
34045;Capillas;72,0;27,7;<=30 km;-15,38;-6,49;0,0;<1,000 (very small rural);CAMPOS;Palencia;Castilla y León
42075;Dévanos;72,0;74,43;>60 km;-12,37;-4,82;-8,86;<1,000 (very small rural);CAMPO DE GOMARA;Soria;Castilla y León
37277;Salvatierra de Tormes;72,0;42,12;30-60 km;28,33;1,33;-5,26;<1,000 (very small rural);ALBA DE TORMES;Salamanca;Castilla y León
49272;Villaveza de Valverde;72,0;47,06;30-60 km;-15,53;-14,63;2,86;<1,000 (very small rural);BENAVENTE Y LOS VALLES;Zamora;Castilla y León
05069;Donjimeno;72,0;37,87;30-60 km;-26,17;-8,86;0,0;<1,000 (very small rural);AREVALO-MADRIGAL;Ávila;Castilla y León
34125;Pedraza de Campos;72,0;12,65;<=30 km;-13,73;-15,91;-2,7;<1,000 (very small rural);CAMPOS;Palencia;Castilla y León
44105;Fórnoles;72,0;94,93;>60 km;-23,53;8,0;-11,11;<1,000 (very small rural);BAJO ARAGON;Teruel;Aragón
31197;Orísoain;72,0;24,43;<=30 km;-4,49;10,13;-17,24;<1,000 (very small rural);NAVARRA MEDIA;Navarra;Comunidad Foral de Navarra
05226;Santa María de los Caballeros;72,0;66,67;>60 km;-22,11;-9,59;9,09;<1,000 (very small rural);BARCO AVILA-PIEDRAHITA;Ávila;Castilla y León
09328;Rucandio;72,0;46,6;30-60 km;-8,64;-1,54;12,5;<1,000 (very small rural);BUREBA-EBRO;Burgos;Castilla y León
50224;Retascón;73,0;69,06;>60 km;-3,95;-12,16;12,31;<1,000 (very small rural);DAROCA;Zaragoza;Aragón
47152;Santa Eufemia del Arroyo;73,0;49,03;30-60 km;-18,87;-21,98;2,82;<1,000 (very small rural);TIERRA DE CAMPOS;Valladolid;Castilla y León
19066;Cañizar;73,0;17,34;<=30 km;-28,57;-1,72;28,07;<1,000 (very small rural);ALCARRIA ALTA;Guadalajara;Castilla-La Mancha
40062;Cubillo;73,0;31,37;30-60 km;5,88;-1,3;-3,95;<1,000 (very small rural);SEGOVIA;Segovia;Castilla y León
50155;Malanquilla;73,0;80,06;>60 km;-19,23;-5,0;-23,16;<1,000 (very small rural);CALATAYUD;Zaragoza;Aragón
28126;Robregordo;73,0;52,29;30-60 km;-33,33;47,92;2,82;<1,000 (very small rural);LOZOYA SOMOSIERRA;Madrid;Comunidad de Madrid
19177;Medranda;73,0;43,26;30-60 km;-20,0;-12,5;15,87;<1,000 (very small rural);SIERRA;Guadalajara;Castilla-La Mancha
12088;Pavías;73,0;30,44;30-60 km;6,78;16,13;1,39;<1,000 (very small rural);PALANCIA;Castelló/Castellón;Comunitat Valenciana
37114;Chagarcía Medianero;73,0;40,66;30-60 km;-16,49;-17,95;14,06;<1,000 (very small rural);ALBA DE TORMES;Salamanca;Castilla y León
37041;Barbalos;73,0;40,17;30-60 km;-9,41;-1,33;-1,35;<1,000 (very small rural);FUENTE DE SAN ESTEBAN;Salamanca;Castilla y León
44121;Gúdar;73,0;73,76;>60 km;-1,22;9,72;-7,59;<1,000 (very small rural);MAESTRAZGO;Teruel;Aragón
31121;Guirguillano;73,0;20,35;<=30 km;-25,49;2,56;-8,75;<1,000 (very small rural);CUENCA PAMPLONA;Navarra;Comunidad Foral de Navarra
05017;Aveinte;73,0;20,84;<=30 km;-14,43;-4,65;-10,98;<1,000 (very small rural);AREVALO-MADRIGAL;Ávila;Castilla y León
47034;Canillas de Esgueva;73,0;43,29;30-60 km;-21,05;8,33;-6,41;<1,000 (very small rural);CENTRO;Valladolid;Castilla y León
19217;Peralveche;73,0;58,64;30-60 km;-46,6;-18,37;82,5;<1,000 (very small rural);ALCARRIA BAJA;Guadalajara;Castilla-La Mancha
26167;Villalobar de Rioja;73,0;42,55;30-60 km;-2,82;2,99;5,8;<1,000 (very small rural);RIOJA ALTA;La Rioja;La Rioja
19002;Ablanque;73,0;79,71;>60 km;-36,73;0,0;21,67;<1,000 (very small rural);ALCARRIA ALTA;Guadalajara;Castilla-La Mancha
19059;Campillo de Dueñas;74,0;78,14;>60 km;-15,62;-5,06;-1,33;<1,000 (very small rural);MOLINA DE ARAGON;Guadalajara;Castilla-La Mancha
37005;La Alameda de Gardón;74,0;98,9;>60 km;-24,76;-11,84;10,45;<1,000 (very small rural);CIUDAD RODRIGO;Salamanca;Castilla y León
42042;Buitrago;74,0;68,89;>60 km;-1,67;22,03;2,78;<1,000 (very small rural);CAMPO DE GOMARA;Soria;Castilla y León
37213;Nava de Béjar;74,0;53,86;30-60 km;-13,51;-12,24;-13,95;<1,000 (very small rural);ALBA DE TORMES;Salamanca;Castilla y León
40218;Valle de Tabladillo;74,0;58,68;30-60 km;-17,24;-15,96;-6,33;<1,000 (very small rural);SEPULVEDA;Segovia;Castilla y León
05139;Muñogrande;74,0;30,13;30-60 km;-20,51;5,97;4,23;<1,000 (very small rural);AVILA;Ávila;Castilla y León
44180;Peracense;74,0;67,09;>60 km;-14,77;11,84;-12,94;<1,000 (very small rural);SERRANIA DE ALBARRACIN;Teruel;Aragón
37062;Cabezabellosa de la Calzada;74,0;18,73;<=30 km;-13,54;-2,6;-1,33;<1,000 (very small rural);SALAMANCA;Salamanca;Castilla y León
44052;Calomarde;74,0;40,11;30-60 km;-24,27;5,41;-5,13;<1,000 (very small rural);SERRANIA DE ALBARRACIN;Teruel;Aragón
34185;Triollo;74,0;68,63;>60 km;-16,44;10,94;4,23;<1,000 (very small rural);CERVERA;Palencia;Castilla y León
34180;Támara de Campos;74,0;27,49;<=30 km;-21,11;4,23;0,0;<1,000 (very small rural);CAMPOS;Palencia;Castilla y León
49044;Cazurra;74,0;14,54;<=30 km;0,0;-16,09;1,37;<1,000 (very small rural);DUERO BAJO;Zamora;Castilla y León
50197;Orés;74,0;50,11;30-60 km;-0,93;2,88;-30,84;<1,000 (very small rural);EGEA DE LOS CABALLEROS;Zaragoza;Aragón
44001;Ababuj;74,0;90,86;>60 km;-6,41;0,0;-2,63;<1,000 (very small rural);MAESTRAZGO;Teruel;Aragón
09440;Villalbilla de Gumiel;74,0;59,96;30-60 km;-20,37;-2,27;-13,95;<1,000 (very small rural);LA RIBERA;Burgos;Castilla y León
50279;Velilla de Jiloca;74,0;71,73;>60 km;1,01;-15,56;-2,63;<1,000 (very small rural);CALATAYUD;Zaragoza;Aragón
50259;Torrehermosa;74,0;110,74;>60 km;-19,75;0,0;17,46;<1,000 (very small rural);CALATAYUD;Zaragoza;Aragón
34082;Hérmedes de Cerrato;74,0;37,38;30-60 km;-20,59;0,0;-5,13;<1,000 (very small rural);EL CERRATO;Palencia;Castilla y León
40165;Rebollo;74,0;41,33;30-60 km;-18,69;-13,1;1,37;<1,000 (very small rural);SEGOVIA;Segovia;Castilla y León
50277;Valtorres;75,0;80,39;>60 km;-32,63;-7,35;19,05;<1,000 (very small rural);CALATAYUD;Zaragoza;Aragón
26176;Villaverde de Rioja;75,0;33,76;30-60 km;-23,61;3,51;27,12;<1,000 (very small rural);RIOJA ALTA;La Rioja;La Rioja
16156;La Peraleja;75,0;47,5;30-60 km;-33,1;-3,12;-19,35;<1,000 (very small rural);ALCARRIA;Cuenca;Castilla-La Mancha
16187;Salinas del Manzano;75,0;39,8;30-60 km;-6,59;-8,64;1,35;<1,000 (very small rural);SERRANIA BAJA;Cuenca;Castilla-La Mancha
05096;La Hija de Dios;75,0;31,69;30-60 km;5,19;2,56;-6,25;<1,000 (very small rural);AVILA;Ávila;Castilla y León
31063;Cabredo;75,0;19,15;<=30 km;-2,88;-12,37;-11,76;<1,000 (very small rural);TIERRA ESTELLA;Navarra;Comunidad Foral de Navarra
44152;Monforte de Moyuela;75,0;70,14;>60 km;0,0;9,23;5,63;<1,000 (very small rural);SERRANIA DE MONTALBAN;Teruel;Aragón
16146;Pajarón;75,0;31,3;30-60 km;-17,71;-4,94;-2,6;<1,000 (very small rural);SERRANIA BAJA;Cuenca;Castilla-La Mancha
16012;Alconchel de la Estrella;75,0;73,77;>60 km;-30,99;-4,44;-12,79;<1,000 (very small rural);MANCHA ALTA;Cuenca;Castilla-La Mancha
09467;Villaverde-Mogina;75,0;37,65;30-60 km;-4,88;-1,33;1,35;<1,000 (very small rural);PISUERGA;Burgos;Castilla y León
09418;Valles de Palenzuela;75,0;41,21;30-60 km;6,17;-2,41;-7,41;<1,000 (very small rural);PISUERGA;Burgos;Castilla y León
42211;Los Villares de Soria;75,0;65,87;>60 km;-14,0;-6,9;-7,41;<1,000 (very small rural);CAMPO DE GOMARA;Soria;Castilla y León
44213;Singra;75,0;77,9;>60 km;-14,13;0,0;-6,25;<1,000 (very small rural);CUENCA DEL JILOCA;Teruel;Aragón
37050;Berrocal de Huebra;75,0;39,36;30-60 km;-8,0;14,49;-5,06;<1,000 (very small rural);FUENTE DE SAN ESTEBAN;Salamanca;Castilla y León
42125;Muriel Viejo;75,0;84,95;>60 km;10,0;-4,65;-8,54;<1,000 (very small rural);PINARES;Soria;Castilla y León
26178;Viniegra de Abajo;75,0;52,1;30-60 km;-24,24;3,85;-7,41;<1,000 (very small rural);SIERRA RIOJA ALTA;La Rioja;La Rioja
40069;Donhierro;75,0;50,15;30-60 km;-22,69;-6,59;-11,76;<1,000 (very small rural);CUELLAR;Segovia;Castilla y León
47200;Villaco;75,0;37,0;30-60 km;-15,09;-9,64;0,0;<1,000 (very small rural);CENTRO;Valladolid;Castilla y León
19269;La Toba;75,0;43,31;30-60 km;-13,45;-16,67;-6,25;<1,000 (very small rural);SIERRA;Guadalajara;Castilla-La Mancha
31008;Aguilar de Codés;75,0;17,29;<=30 km;-30,77;-4,17;8,7;<1,000 (very small rural);TIERRA ESTELLA;Navarra;Comunidad Foral de Navarra
47021;Bocigas;75,0;47,24;30-60 km;-15,15;-4,76;-6,25;<1,000 (very small rural);SURESTE;Valladolid;Castilla y León
44244;Valdelinares;75,0;65,93;>60 km;-21,24;-5,75;-8,54;<1,000 (very small rural);MAESTRAZGO;Teruel;Aragón
34154;Revilla de Collazos;75,0;72,52;>60 km;-4,76;-1,25;-5,06;<1,000 (very small rural);BOEDO-OJEDA;Palencia;Castilla y León
40034;Caballar;75,0;29,89;<=30 km;-13,33;-10,59;-1,32;<1,000 (very small rural);SEGOVIA;Segovia;Castilla y León
19214;Peñalén;75,0;53,06;30-60 km;-26,0;-1,32;0,0;<1,000 (very small rural);ALCARRIA BAJA;Guadalajara;Castilla-La Mancha
19308;Valfermoso de Tajuña;75,0;18,51;<=30 km;-21,74;8,47;17,19;<1,000 (very small rural);CAMPIÑA;Guadalajara;Castilla-La Mancha
09225;Moncalvillo;76,0;60,12;>60 km;-12,0;-4,6;-8,43;<1,000 (very small rural);DEMANDA;Burgos;Castilla y León
34240;Villerías de Campos;76,0;24,5;<=30 km;-11,82;-11,34;-11,63;<1,000 (very small rural);CAMPOS;Palencia;Castilla y León
37315;La Tala;76,0;42,78;30-60 km;-11,32;-9,09;-5,0;<1,000 (very small rural);ALBA DE TORMES;Salamanca;Castilla y León
49236;Vidayanes;76,0;48,23;30-60 km;-2,08;-6,74;-8,43;<1,000 (very small rural);CAMPOS-PAN;Zamora;Castilla y León
44043;Blesa;76,0;67,6;>60 km;-26,52;-10,53;-10,59;<1,000 (very small rural);BAJO ARAGON;Teruel;Aragón
31095;Esparza de Salazar/Espartza Zaraitzu;76,0;46,03;30-60 km;-13,19;-2,63;2,7;<1,000 (very small rural);PIRINEOS;Navarra;Comunidad Foral de Navarra
37222;Negrilla de Palencia;76,0;18,07;<=30 km;-32,58;-10,0;-6,17;<1,000 (very small rural);SALAMANCA;Salamanca;Castilla y León
31175;Mues;76,0;23,48;<=30 km;-10,87;10,39;-10,59;<1,000 (very small rural);TIERRA ESTELLA;Navarra;Comunidad Foral de Navarra
37208;Moronta;76,0;62,58;>60 km;-24,24;1,35;1,33;<1,000 (very small rural);VITIGUDINO;Salamanca;Castilla y León
50033;Ardisa;76,0;30,1;30-60 km;-15,29;5,56;0,0;<1,000 (very small rural);EGEA DE LOS CABALLEROS;Zaragoza;Aragón
24074;Fuentes de Carbajal;76,0;46,79;30-60 km;-23,73;-14,74;-6,17;<1,000 (very small rural);ESLA-CAMPOS;León;Castilla y León
34192;Valde-Ucieza;76,0;46,15;30-60 km;-17,24;-15,62;-6,17;<1,000 (very small rural);CAMPOS;Palencia;Castilla y León
16910;Villar y Velasco;76,0;36,08;30-60 km;-17,76;-10,98;4,11;<1,000 (very small rural);ALCARRIA;Cuenca;Castilla-La Mancha
42024;Arancón;76,0;77,18;>60 km;-9,09;-1,18;-9,52;<1,000 (very small rural);CAMPO DE GOMARA;Soria;Castilla y León
31252;Vidángoz/Bidankoze;76,0;52,62;30-60 km;-5,0;-13,68;-7,32;<1,000 (very small rural);PIRINEOS;Navarra;Comunidad Foral de Navarra
44077;La Cerollera;77,0;91,96;>60 km;-4,85;-16,0;-8,33;<1,000 (very small rural);BAJO ARAGON;Teruel;Aragón
05162;Navalperal de Tormes;77,0;55,05;30-60 km;-21,05;-3,33;-11,49;<1,000 (very small rural);GREDOS;Ávila;Castilla y León
06032;El Carrascalejo;77,0;8,48;<=30 km;-22,22;34,33;-14,44;<1,000 (very small rural);MERIDA;Badajoz;Extremadura
09355;Santibáñez de Esgueva;77,0;58,59;30-60 km;-25,0;0,0;-9,41;<1,000 (very small rural);ARLANZA;Burgos;Castilla y León
22122;Hoz de Jaca;77,0;62,97;>60 km;8,57;-10,53;13,24;<1,000 (very small rural);JACETANIA;Huesca;Aragón
40080;Fresno de la Fuente;77,0;70,48;>60 km;-33,33;9,86;-1,28;<1,000 (very small rural);SEPULVEDA;Segovia;Castilla y León
19258;Solanillos del Extremo;77,0;42,92;30-60 km;-21,37;-9,38;-11,49;<1,000 (very small rural);ALCARRIA ALTA;Guadalajara;Castilla-La Mancha
12097;Sacañet;77,0;43,06;30-60 km;-28,74;-3,39;35,09;<1,000 (very small rural);PALANCIA;Castelló/Castellón;Comunitat Valenciana
05124;Medinilla;77,0;57,04;30-60 km;-26,09;5,05;-25,96;<1,000 (very small rural);BARCO AVILA-PIEDRAHITA;Ávila;Castilla y León
40215;Valtiendas;77,0;69,03;>60 km;-42,03;-1,25;-2,53;<1,000 (very small rural);SEPULVEDA;Segovia;Castilla y León
40061;Corral de Ayllón;77,0;81,03;>60 km;3,66;-8,97;8,45;<1,000 (very small rural);SEPULVEDA;Segovia;Castilla y León
09366;Solarana;77,0;43,16;30-60 km;-24,51;-5,19;5,48;<1,000 (very small rural);ARLANZA;Burgos;Castilla y León
44101;Ferreruela de Huerva;78,0;74,55;>60 km;-4,41;17,46;5,41;<1,000 (very small rural);SERRANIA DE MONTALBAN;Teruel;Aragón
37361;Villar de Samaniego;78,0;65,83;>60 km;-8,91;-2,25;-10,34;<1,000 (very small rural);VITIGUDINO;Salamanca;Castilla y León
25032;Arsèguel;78,0;72,97;>60 km;-18,0;0,0;-8,24;<1,000 (very small rural);ALT URGELL;Lleida;Cataluña/Catalunya
31245;Urzainqui/Urzainki;78,0;58,96;30-60 km;-6,59;0,0;-11,36;<1,000 (very small rural);PIRINEOS;Navarra;Comunidad Foral de Navarra
45194;Villarejo de Montalbán;78,0;32,72;30-60 km;28,12;0,0;6,85;<1,000 (very small rural);LA JARA;Toledo;Castilla-La Mancha
49097;Justel;78,0;45,87;30-60 km;-17,59;-12,5;11,43;<1,000 (very small rural);SANABRIA;Zamora;Castilla y León
42115;Miño de Medinaceli;78,0;79,95;>60 km;-15,22;-1,19;-6,02;<1,000 (very small rural);ARCOS DE JALON;Soria;Castilla y León
37155;Guijo de Ávila;78,0;49,11;30-60 km;-36,19;4,41;9,86;<1,000 (very small rural);ALBA DE TORMES;Salamanca;Castilla y León
31083;Echarri/Etxarri;78,0;14,94;<=30 km;19,4;1,3;0,0;<1,000 (very small rural);CUENCA PAMPLONA;Navarra;Comunidad Foral de Navarra
09190;Junta de Villalba de Losa;78,0;34,57;30-60 km;-29,46;1,16;-10,34;<1,000 (very small rural);MERINDADES;Burgos;Castilla y León
50015;Alconchel de Ariza;78,0;109,6;>60 km;-27,08;25,4;-1,27;<1,000 (very small rural);CALATAYUD;Zaragoza;Aragón
42090;Fuentepinilla;78,0;103,58;>60 km;-11,65;-6,82;-4,88;<1,000 (very small rural);SORIA;Soria;Castilla y León
49233;Vegalatrave;79,0;32,88;30-60 km;-20,97;-11,96;-2,47;<1,000 (very small rural);ALISTE;Zamora;Castilla y León
50075;Castejón de Alarba;79,0;81,92;>60 km;-6,19;-15,22;1,28;<1,000 (very small rural);CALATAYUD;Zaragoza;Aragón
40060;Condado de Castilnovo;79,0;51,92;30-60 km;6,12;-10,53;-7,06;<1,000 (very small rural);SEPULVEDA;Segovia;Castilla y León
09303;Rábanos;79,0;32,86;30-60 km;-14,43;-1,2;-3,66;<1,000 (very small rural);DEMANDA;Burgos;Castilla y León
09473;Villegas;79,0;30,82;30-60 km;-7,22;3,45;-12,22;<1,000 (very small rural);PISUERGA;Burgos;Castilla y León
47091;Monasterio de Vega;79,0;48,97;30-60 km;-14,85;1,28;0,0;<1,000 (very small rural);TIERRA DE CAMPOS;Valladolid;Castilla y León
05205;Sanchorreja;79,0;19,98;<=30 km;-14,74;-1,16;-7,06;<1,000 (very small rural);AVILA;Ávila;Castilla y León
34103;Mazuecos de Valdeginate;79,0;30,69;30-60 km;-13,64;-8,82;-15,05;<1,000 (very small rural);CAMPOS;Palencia;Castilla y León
09386;Torrecilla del Monte;79,0;27,74;<=30 km;-25,0;12,31;8,22;<1,000 (very small rural);ARLANZA;Burgos;Castilla y León
19112;Escopete;79,0;28,83;<=30 km;-32,91;28,0;23,44;<1,000 (very small rural);CAMPIÑA;Guadalajara;Castilla-La Mancha
19173;Matarrubia;79,0;27,98;<=30 km;-26,15;6,56;21,54;<1,000 (very small rural);SIERRA;Guadalajara;Castilla-La Mancha
49030;Bustillo del Oro;79,0;34,2;30-60 km;-11,65;-4,71;-2,47;<1,000 (very small rural);CAMPOS-PAN;Zamora;Castilla y León
49249;Villalonso;79,0;42,99;30-60 km;-1,22;-9,33;16,18;<1,000 (very small rural);CAMPOS-PAN;Zamora;Castilla y León
05059;Cillán;79,0;29,29;<=30 km;-9,24;-18,0;-3,66;<1,000 (very small rural);AVILA;Ávila;Castilla y León
44090;Cucalón;79,0;70,37;>60 km;-9,9;2,5;-3,66;<1,000 (very small rural);SERRANIA DE MONTALBAN;Teruel;Aragón
40007;Aldealengua de Pedraza;79,0;34,43;30-60 km;-18,37;5,26;-1,25;<1,000 (very small rural);SEGOVIA;Segovia;Castilla y León
26065;Galbárruli;79,0;33,54;30-60 km;-17,46;56,0;1,28;<1,000 (very small rural);RIOJA ALTA;La Rioja;La Rioja
49012;Argañín;80,0;35,14;30-60 km;-3,66;-5,26;11,11;<1,000 (very small rural);SAYAGO;Zamora;Castilla y León
44061;La Cañada de Verich;80,0;95,55;>60 km;-24,11;16,09;-20,79;<1,000 (very small rural);BAJO ARAGON;Teruel;Aragón
37178;Malpartida;80,0;43,4;30-60 km;-9,82;-4,0;-16,67;<1,000 (very small rural);PEÑARANDA DE BRACAMONTE;Salamanca;Castilla y León
50082;Cimballa;80,0;96,03;>60 km;-18,9;0,0;-13,98;<1,000 (very small rural);CALATAYUD;Zaragoza;Aragón
05136;Muñico;80,0;33,39;30-60 km;-11,57;-14,89;0,0;<1,000 (very small rural);AVILA;Ávila;Castilla y León
49059;Cuelgamures;80,0;26,84;<=30 km;-20,0;-3,49;-3,61;<1,000 (very small rural);DUERO BAJO;Zamora;Castilla y León
19061;Campisábalos;80,0;69,04;>60 km;-30,11;26,92;21,21;<1,000 (very small rural);SIERRA;Guadalajara;Castilla-La Mancha
40213;Valdevacas y Guijar;80,0;34,44;30-60 km;-19,49;5,49;-16,67;<1,000 (very small rural);SEGOVIA;Segovia;Castilla y León
19172;Masegoso de Tajuña;80,0;45,23;30-60 km;-32,94;-3,92;63,27;<1,000 (very small rural);ALCARRIA ALTA;Guadalajara;Castilla-La Mancha
44227;Torre los Negros;80,0;93,12;>60 km;-16,5;-6,82;-2,44;<1,000 (very small rural);SERRANIA DE MONTALBAN;Teruel;Aragón
50001;Abanto;80,0;88,02;>60 km;-24,62;-8,25;-10,11;<1,000 (very small rural);DAROCA;Zaragoza;Aragón
34110;Mudá;80,0;58,61;30-60 km;-13,86;-1,22;-1,23;<1,000 (very small rural);CERVERA;Palencia;Castilla y León
05213;San Juan del Olmo;81,0;35,36;30-60 km;-13,33;-19,05;-4,71;<1,000 (very small rural);AVILA;Ávila;Castilla y León
10161;Ruanes;81,0;38,09;30-60 km;6,45;32,31;-5,81;<1,000 (very small rural);TRUJILLO;Cáceres;Extremadura
47187;Vega de Ruiponce;81,0;51,75;30-60 km;-15,25;-9,57;-4,71;<1,000 (very small rural);TIERRA DE CAMPOS;Valladolid;Castilla y León
50040;Badules;81,0;64,11;>60 km;-13,0;-15,66;15,71;<1,000 (very small rural);DAROCA;Zaragoza;Aragón
34140;La Puebla de Valdavia;81,0;78,38;>60 km;-4,42;-12,38;-11,96;<1,000 (very small rural);SALDAÑA-VALDAVIA;Palencia;Castilla y León
02050;Montalvos;81,0;26,75;<=30 km;-18,4;-10,42;-5,81;<1,000 (very small rural);CENTRO;Albacete;Castilla-La Mancha
19064;Canredondo;81,0;59,03;30-60 km;-31,19;20,63;6,58;<1,000 (very small rural);ALCARRIA ALTA;Guadalajara;Castilla-La Mancha
40052;Cedillo de la Torre;81,0;74,18;>60 km;-24,81;-6,32;-8,99;<1,000 (very small rural);SEPULVEDA;Segovia;Castilla y León
44148;Mezquita de Jarque;81,0;105,6;>60 km;-12,82;-11,22;-6,9;<1,000 (very small rural);SERRANIA DE MONTALBAN;Teruel;Aragón
47022;Bocos de Duero;81,0;58,42;30-60 km;-4,76;13,11;17,39;<1,000 (very small rural);SURESTE;Valladolid;Castilla y León
09255;Partido de la Sierra en Tobalina;81,0;46,4;30-60 km;-1,08;-6,67;-3,57;<1,000 (very small rural);BUREBA-EBRO;Burgos;Castilla y León
50283;Villadoz;81,0;64,19;>60 km;7,14;2,27;-10,0;<1,000 (very small rural);DAROCA;Zaragoza;Aragón
42110;Matalebreras;81,0;77,32;>60 km;-39,77;1,59;26,56;<1,000 (very small rural);CAMPO DE GOMARA;Soria;Castilla y León
26109;Ochánduri;82,0;44,47;30-60 km;-30,0;-3,66;3,8;<1,000 (very small rural);RIOJA ALTA;La Rioja;La Rioja
26038;Canales de la Sierra;82,0;55,33;30-60 km;-8,42;-8,24;5,13;<1,000 (very small rural);SIERRA RIOJA ALTA;La Rioja;La Rioja
22045;Baldellou;82,0;31,38;30-60 km;-31,09;-7,79;15,49;<1,000 (very small rural);LA LITERA;Huesca;Aragón
37273;La Sagrada;82,0;41,34;30-60 km;-14,84;-10,1;-7,87;<1,000 (very small rural);FUENTE DE SAN ESTEBAN;Salamanca;Castilla y León
49055;Cotanes del Monte;82,0;47,51;30-60 km;-12,3;-9,43;-14,58;<1,000 (very small rural);CAMPOS-PAN;Zamora;Castilla y León
47199;Villacid de Campos;82,0;47,46;30-60 km;-22,22;9,46;1,23;<1,000 (very small rural);TIERRA DE CAMPOS;Valladolid;Castilla y León
16224;Valdemeca;82,0;21,49;<=30 km;-20,91;-17,05;12,33;<1,000 (very small rural);SERRANIA ALTA;Cuenca;Castilla-La Mancha
10038;Cachorrilla;82,0;61,55;>60 km;-18,1;21,79;-13,68;<1,000 (very small rural);CORIA;Cáceres;Extremadura
44005;Aguilar del Alfambra;82,0;92,89;>60 km;-7,14;20,63;7,89;<1,000 (very small rural);MAESTRAZGO;Teruel;Aragón
37182;Martinamor;82,0;19,54;<=30 km;-28,45;-3,57;1,23;<1,000 (very small rural);ALBA DE TORMES;Salamanca;Castilla y León
44111;Fuentes Calientes;82,0;101,45;>60 km;-6,72;-8,91;-10,87;<1,000 (very small rural);SERRANIA DE MONTALBAN;Teruel;Aragón
34006;Alba de Cerrato;82,0;26,03;<=30 km;-2,25;-3,49;-1,2;<1,000 (very small rural);EL CERRATO;Palencia;Castilla y León
05043;Cabezas del Pozo;82,0;46,33;30-60 km;-11,7;-19,05;20,59;<1,000 (very small rural);AREVALO-MADRIGAL;Ávila;Castilla y León
44223;Torre de Arcas;82,0;84,98;>60 km;-12,63;4,49;-11,83;<1,000 (very small rural);BAJO ARAGON;Teruel;Aragón
50250;Talamantes;82,0;61,51;>60 km;-8,77;1,59;28,12;<1,000 (very small rural);BORJA;Zaragoza;Aragón
50233;Samper del Salz;82,0;52,49;30-60 km;-5,88;-9,82;-18,81;<1,000 (very small rural);ZARAGOZA;Zaragoza;Aragón
31265;Zúñiga;82,0;28,49;<=30 km;-0,92;-30,36;5,13;<1,000 (very small rural);TIERRA ESTELLA;Navarra;Comunidad Foral de Navarra
22212;Santaliestra y San Quílez;83,0;68,52;>60 km;-10,31;-7,41;10,67;<1,000 (very small rural);RIBARGORZA;Huesca;Aragón
50265;Trasmoz;83,0;68,96;>60 km;13,16;-7,87;1,22;<1,000 (very small rural);BORJA;Zaragoza;Aragón
42190;Vadillo;83,0;82,78;>60 km;-29,2;-4,44;-3,49;<1,000 (very small rural);PINARES;Soria;Castilla y León
19122;Fuentelsaz;83,0;95,5;>60 km;-15,18;3,37;-9,78;<1,000 (very small rural);MOLINA DE ARAGON;Guadalajara;Castilla-La Mancha
28069;La Hiruela;83,0;51,25;30-60 km;-5,45;50,0;15,28;<1,000 (very small rural);LOZOYA SOMOSIERRA;Madrid;Comunidad de Madrid
34196;Valle de Cerrato;83,0;20,18;<=30 km;-10,89;0,0;-5,68;<1,000 (very small rural);EL CERRATO;Palencia;Castilla y León
42009;Aldealafuente;83,0;90,45;>60 km;-16,04;-1,15;-3,49;<1,000 (very small rural);CAMPO DE GOMARA;Soria;Castilla y León
37319;El Tejado;83,0;58,39;30-60 km;-24,83;-21,15;1,22;<1,000 (very small rural);LA SIERRA;Salamanca;Castilla y León
05153;Nava del Barco;83,0;69,79;>60 km;-17,09;-15,05;5,06;<1,000 (very small rural);BARCO AVILA-PIEDRAHITA;Ávila;Castilla y León
40178;San Cristóbal de la Vega;83,0;45,22;30-60 km;-16,03;-15,38;-5,68;<1,000 (very small rural);CUELLAR;Segovia;Castilla y León
34041;Calahorra de Boedo;83,0;62,16;>60 km;-12,96;-7,61;-2,35;<1,000 (very small rural);BOEDO-OJEDA;Palencia;Castilla y León
26025;Baños de Rioja;83,0;41,39;30-60 km;-1,09;-2,33;-1,19;<1,000 (very small rural);RIOJA ALTA;La Rioja;La Rioja
05052;Casas del Puerto;83,0;47,62;30-60 km;-11,61;-9,78;0,0;<1,000 (very small rural);BARCO AVILA-PIEDRAHITA;Ávila;Castilla y León
05266;Zapardiel de la Cañada;84,0;50,14;30-60 km;-17,65;-12,37;-1,18;<1,000 (very small rural);AVILA;Ávila;Castilla y León
24141;San Adrián del Valle;84,0;52,43;30-60 km;-20,45;-5,66;-16,0;<1,000 (very small rural);EL PARAMO;León;Castilla y León
19132;Henche;84,0;40,71;30-60 km;-9,91;-14,0;-2,33;<1,000 (very small rural);ALCARRIA ALTA;Guadalajara;Castilla-La Mancha
37137;Fuenteliante;84,0;76,21;>60 km;-13,33;-10,19;-13,4;<1,000 (very small rural);VITIGUDINO;Salamanca;Castilla y León
09033;Bahabón de Esgueva;84,0;54,13;30-60 km;-33,9;9,59;5,0;<1,000 (very small rural);ARLANZA;Burgos;Castilla y León
19200;El Olivar;84,0;35,34;30-60 km;-60,0;-8,0;21,74;<1,000 (very small rural);ALCARRIA BAJA;Guadalajara;Castilla-La Mancha
10027;Benquerencia;84,0;31,91;30-60 km;-11,24;2,6;6,33;<1,000 (very small rural);CACERES;Cáceres;Extremadura
19106;Chillarón del Rey;84,0;40,6;30-60 km;-25,0;-8,7;0,0;<1,000 (very small rural);ALCARRIA BAJA;Guadalajara;Castilla-La Mancha
16129;Montalbanejo;84,0;67,69;>60 km;-21,97;-6,6;-15,15;<1,000 (very small rural);MANCHA ALTA;Cuenca;Castilla-La Mancha
10042;Campillo de Deleitosa;84,0;68,12;>60 km;-8,11;25,81;7,69;<1,000 (very small rural);NAVALMORAL DE LA MATA;Cáceres;Extremadura
47162;Tamariz de Campos;84,0;37,64;30-60 km;-28,75;23,64;23,53;<1,000 (very small rural);TIERRA DE CAMPOS;Valladolid;Castilla y León
50010;Alberite de San Juan;84,0;46,48;30-60 km;-22,22;6,94;9,09;<1,000 (very small rural);BORJA;Zaragoza;Aragón
19255;Setiles;84,0;66,92;>60 km;-19,42;11,84;-1,18;<1,000 (very small rural);MOLINA DE ARAGON;Guadalajara;Castilla-La Mancha
50286;Villalba de Perejil;84,0;65,22;>60 km;-17,7;1,01;-16,0;<1,000 (very small rural);CALATAYUD;Zaragoza;Aragón
22223;Sopeira;84,0;79,47;>60 km;-18,64;-1,06;-9,68;<1,000 (very small rural);RIBARGORZA;Huesca;Aragón
47144;San Martín de Valvení;84,0;22,56;<=30 km;-20,56;-6,98;5,0;<1,000 (very small rural);CENTRO;Valladolid;Castilla y León
37332;Valdehijaderos;84,0;61,84;>60 km;-12,22;-7,59;15,07;<1,000 (very small rural);LA SIERRA;Salamanca;Castilla y León
05029;Bernuy-Zapardiel;84,0;42,3;30-60 km;-15,38;-16,67;-6,67;<1,000 (very small rural);AREVALO-MADRIGAL;Ávila;Castilla y León
08095;Granera;84,0;17,5;<=30 km;-2,5;6,25;-1,18;<1,000 (very small rural);VALLES ORIENTAL;Barcelona;Cataluña/Catalunya
08241;Sant Sadurní d'Osormort;84,0;35,68;30-60 km;-16,84;-3,8;10,53;<1,000 (very small rural);OSONA;Barcelona;Cataluña/Catalunya
40109;Languilla;84,0;87,84;>60 km;-14,13;-14,63;20,0;<1,000 (very small rural);SEPULVEDA;Segovia;Castilla y León
44066;Castel de Cabra;84,0;99,85;>60 km;-20,0;-8,65;-11,58;<1,000 (very small rural);SERRANIA DE MONTALBAN;Teruel;Aragón
16095;Graja de Campalbo;85,0;70,42;>60 km;-21,37;-2,15;-6,59;<1,000 (very small rural);SERRANIA BAJA;Cuenca;Castilla-La Mancha
26146;Soto en Cameros;85,0;20,36;<=30 km;-40,49;-3,45;1,19;<1,000 (very small rural);SIERRA RIOJA MEDIA;La Rioja;La Rioja
49183;Salce;85,0;44,49;30-60 km;-8,11;-13,59;-4,49;<1,000 (very small rural);SAYAGO;Zamora;Castilla y León
19043;Atanzón;85,0;14,19;<=30 km;-13,46;8,7;-15,0;<1,000 (very small rural);CAMPIÑA;Guadalajara;Castilla-La Mancha
09122;Espinosa de Cervera;85,0;53,96;30-60 km;0,0;-5,26;-5,56;<1,000 (very small rural);DEMANDA;Burgos;Castilla y León
50902;Marracos;85,0;29,62;<=30 km;-19,09;6,98;-7,61;<1,000 (very small rural);EGEA DE LOS CABALLEROS;Zaragoza;Aragón
37071;La Calzada de Béjar;85,0;61,86;>60 km;-13,86;5,81;-6,59;<1,000 (very small rural);LA SIERRA;Salamanca;Castilla y León
26004;Ajamil de Cameros;85,0;33,91;30-60 km;-17,5;8,06;26,87;<1,000 (very small rural);SIERRA RIOJA MEDIA;La Rioja;La Rioja
37197;Monleón;85,0;44,55;30-60 km;-9,71;5,49;-11,46;<1,000 (very small rural);LA SIERRA;Salamanca;Castilla y León
02036;Golosalvo;85,0;38,2;30-60 km;-9,09;-10,0;-14,14;<1,000 (very small rural);MANCHUELA;Albacete;Castilla-La Mancha
26106;Nestares;85,0;23,54;<=30 km;14,81;0,0;-1,16;<1,000 (very small rural);SIERRA RIOJA MEDIA;La Rioja;La Rioja
40188;Santiuste de Pedraza;85,0;32,81;30-60 km;-26,12;-9,57;0,0;<1,000 (very small rural);SEGOVIA;Segovia;Castilla y León
22068;Borau;85,0;62,01;>60 km;-4,71;3,75;2,41;<1,000 (very small rural);JACETANIA;Huesca;Aragón
19186;Mirabueno;85,0;50,43;30-60 km;-18,1;-6,02;8,97;<1,000 (very small rural);ALCARRIA ALTA;Guadalajara;Castilla-La Mancha
19119;Fuencemillán;85,0;31,84;30-60 km;-29,5;-2,27;-1,16;<1,000 (very small rural);SIERRA;Guadalajara;Castilla-La Mancha
40033;Brieva;86,0;17,99;<=30 km;25,64;9,3;-8,51;<1,000 (very small rural);SEGOVIA;Segovia;Castilla y León
16022;Arcos de la Sierra;86,0;17,37;<=30 km;-19,05;-14,12;17,81;<1,000 (very small rural);SERRANIA MEDIA;Cuenca;Castilla-La Mancha
09335;San Adrián de Juarros;86,0;19,7;<=30 km;39,39;6,82;-8,51;<1,000 (very small rural);ARLANZON;Burgos;Castilla y León
50035;Artieda;86,0;59,49;30-60 km;-18,48;6,85;10,26;<1,000 (very small rural);EGEA DE LOS CABALLEROS;Zaragoza;Aragón
26107;Nieva de Cameros;86,0;32,92;30-60 km;-6,8;-3,26;-3,37;<1,000 (very small rural);SIERRA RIOJA MEDIA;La Rioja;La Rioja
47206;Villafuerte;86,0;35,22;30-60 km;-27,73;4,88;0,0;<1,000 (very small rural);CENTRO;Valladolid;Castilla y León
49038;Casaseca de Campeán;86,0;16,28;<=30 km;-22,31;-0,96;-16,5;<1,000 (very small rural);DUERO BAJO;Zamora;Castilla y León
42205;Villaciervos;86,0;79,1;>60 km;-12,62;-20,0;19,44;<1,000 (very small rural);SORIA;Soria;Castilla y León
19155;Irueste;86,0;24,16;<=30 km;19,35;12,33;4,88;<1,000 (very small rural);ALCARRIA ALTA;Guadalajara;Castilla-La Mancha
37325;El Tornadizo;86,0;49,45;30-60 km;-20,51;-6,12;-6,52;<1,000 (very small rural);LA SIERRA;Salamanca;Castilla y León
05243;Tolbaños;86,0;11,55;<=30 km;-14,41;-10,59;13,16;<1,000 (very small rural);AVILA;Ávila;Castilla y León
05253;Vega de Santa María;86,0;19,53;<=30 km;-14,71;-16,47;21,13;<1,000 (very small rural);AREVALO-MADRIGAL;Ávila;Castilla y León
22067;Bonansa;86,0;87,23;>60 km;-22,55;4,65;-4,44;<1,000 (very small rural);RIBARGORZA;Huesca;Aragón
26060;Estollo;86,0;36,44;30-60 km;-8,65;-9,68;2,38;<1,000 (very small rural);RIOJA ALTA;La Rioja;La Rioja
26183;Zorraquín;86,0;51,07;30-60 km;3,45;-1,1;-4,44;<1,000 (very small rural);SIERRA RIOJA ALTA;La Rioja;La Rioja
31001;Abáigar;86,0;32,77;30-60 km;-14,56;-3,45;2,38;<1,000 (very small rural);TIERRA ESTELLA;Navarra;Comunidad Foral de Navarra
44116;Gargallo;87,0;98,84;>60 km;-19,2;10,11;-11,22;<1,000 (very small rural);SERRANIA DE MONTALBAN;Teruel;Aragón
22087;Castigaleu;87,0;63,97;>60 km;-24,35;-6,98;8,75;<1,000 (very small rural);RIBARGORZA;Huesca;Aragón
47135;Robladillo;87,0;12,21;<=30 km;-9,62;-8,25;-2,25;<1,000 (very small rural);CENTRO;Valladolid;Castilla y León
16237;Valverdejo;87,0;64,73;>60 km;-15,38;-6,86;-8,42;<1,000 (very small rural);MANCHUELA;Cuenca;Castilla-La Mancha
44124;La Hoz de la Vieja;87,0;84,14;>60 km;-3,37;7,06;-4,4;<1,000 (very small rural);SERRANIA DE MONTALBAN;Teruel;Aragón
09110;Contreras;87,0;42,0;30-60 km;-21,0;1,25;7,41;<1,000 (very small rural);DEMANDA;Burgos;Castilla y León
25143;Montornès de Segarra;88,0;50,68;30-60 km;-1,02;-7,14;-3,3;<1,000 (very small rural);SEGARRA;Lleida;Cataluña/Catalunya
05045;Cabizuela;88,0;29,93;<=30 km;-18,97;-2,44;10,0;<1,000 (very small rural);AREVALO-MADRIGAL;Ávila;Castilla y León
05078;Fuentes de Año;88,0;46,06;30-60 km;-24,48;-8,57;-8,33;<1,000 (very small rural);AREVALO-MADRIGAL;Ávila;Castilla y León
22139;Laperdiguera;88,0;34,69;30-60 km;-10,78;1,1;-4,35;<1,000 (very small rural);SOMONTANO;Huesca;Aragón
26095;Matute;88,0;34,16;30-60 km;-34,51;4,3;-9,28;<1,000 (very small rural);SIERRA RIOJA ALTA;La Rioja;La Rioja
50076;Castejón de las Armas;88,0;85,76;>60 km;-28,1;-8,89;7,32;<1,000 (very small rural);CALATAYUD;Zaragoza;Aragón
37191;El Milano;88,0;79,25;>60 km;-10,29;-13,91;-11,11;<1,000 (very small rural);VITIGUDINO;Salamanca;Castilla y León
16108;Huelves;88,0;53,57;30-60 km;-29,87;64,71;4,76;<1,000 (very small rural);MANCHA ALTA;Cuenca;Castilla-La Mancha
05142;Muñosancho;88,0;43,57;30-60 km;-17,74;-5,21;-3,3;<1,000 (very small rural);AREVALO-MADRIGAL;Ávila;Castilla y León
47119;Piñel de Arriba;88,0;46,25;30-60 km;-21,26;1,1;-4,35;<1,000 (very small rural);SURESTE;Valladolid;Castilla y León
37206;Moríñigo;88,0;23,88;<=30 km;-1,85;-4,0;-8,33;<1,000 (very small rural);SALAMANCA;Salamanca;Castilla y León
37003;Ahigal de los Aceiteros;88,0;91,57;>60 km;-14,29;-5,0;-22,81;<1,000 (very small rural);VITIGUDINO;Salamanca;Castilla y León
43158;Vallclara;89,0;26,96;<=30 km;-17,6;-7,14;-2,2;<1,000 (very small rural);CONCA DE BARBERA;Tarragona;Cataluña/Catalunya
49079;Fuente Encalada;89,0;62,26;>60 km;-5,88;-6,36;-13,59;<1,000 (very small rural);BENAVENTE Y LOS VALLES;Zamora;Castilla y León
25061;Cabó;89,0;75,71;>60 km;-1,06;-3,09;-5,32;<1,000 (very small rural);ALT URGELL;Lleida;Cataluña/Catalunya
49099;Losacio;89,0;29,8;<=30 km;-19,26;-8,16;-1,11;<1,000 (very small rural);ALISTE;Zamora;Castilla y León
19330;Yélamos de Arriba;89,0;28,14;<=30 km;-30,83;0,0;15,58;<1,000 (very small rural);ALCARRIA ALTA;Guadalajara;Castilla-La Mancha
09117;La Cueva de Roa;89,0;63,37;>60 km;-18,69;24,71;-16,04;<1,000 (very small rural);LA RIBERA;Burgos;Castilla y León
44181;Peralejos;89,0;89,9;>60 km;3,57;-3,41;4,71;<1,000 (very small rural);HOYA DE TERUEL;Teruel;Aragón
09257;Pedrosa del Páramo;89,0;25,89;<=30 km;0,97;-10,64;5,95;<1,000 (very small rural);PISUERGA;Burgos;Castilla y León
25145;Nalec;89,0;44,26;30-60 km;2,02;-5,38;1,14;<1,000 (very small rural);URGELL;Lleida;Cataluña/Catalunya
37030;Añover de Tormes;89,0;27,79;<=30 km;-6,93;-2,15;-2,2;<1,000 (very small rural);LEDESMA;Salamanca;Castilla y León
37034;El Arco;89,0;20,49;<=30 km;-15,53;8,14;-4,3;<1,000 (very small rural);LEDESMA;Salamanca;Castilla y León
49259;Villanueva de las Peras;89,0;47,63;30-60 km;-30,25;1,3;14,1;<1,000 (very small rural);BENAVENTE Y LOS VALLES;Zamora;Castilla y León
50036;Asín;89,0;54,04;30-60 km;-7,27;1,04;-8,25;<1,000 (very small rural);EGEA DE LOS CABALLEROS;Zaragoza;Aragón
31219;Sansol;89,0;18,49;<=30 km;-8,93;-2,0;-9,18;<1,000 (very small rural);TIERRA ESTELLA;Navarra;Comunidad Foral de Navarra
12058;Espadilla;89,0;22,49;<=30 km;-19,78;16,67;5,95;<1,000 (very small rural);LA PLANA;Castelló/Castellón;Comunitat Valenciana
16219;Uña;89,0;2,21;<=30 km;-22,69;0,0;0,0;<1,000 (very small rural);SERRANIA MEDIA;Cuenca;Castilla-La Mancha
50281;Vierlas;90,0;68,72;>60 km;-24,74;12,16;8,43;<1,000 (very small rural);BORJA;Zaragoza;Aragón
09428;Villaescusa de Roa;90,0;52,62;30-60 km;-20,59;-7,62;-7,22;<1,000 (very small rural);LA RIBERA;Burgos;Castilla y León
16277;Zafra de Záncara;90,0;58,14;30-60 km;-14,67;-14,52;-15,09;<1,000 (very small rural);MANCHA ALTA;Cuenca;Castilla-La Mancha
31112;Garaioa;90,0;34,95;30-60 km;-15,24;7,87;-6,25;<1,000 (very small rural);PIRINEOS;Navarra;Comunidad Foral de Navarra
22043;Baélls;90,0;37,62;30-60 km;-9,65;-9,62;-4,26;<1,000 (very small rural);LA LITERA;Huesca;Aragón
22049;Barbués;90,0;16,2;<=30 km;-15,62;18,18;-1,1;<1,000 (very small rural);HOYA DE HUESCA;Huesca;Aragón
26114;Pedroso;90,0;27,41;<=30 km;-18,95;9,21;8,43;<1,000 (very small rural);SIERRA RIOJA ALTA;La Rioja;La Rioja
19272;Tordesilos;90,0;62,02;>60 km;-13,22;-2,08;-4,26;<1,000 (very small rural);MOLINA DE ARAGON;Guadalajara;Castilla-La Mancha
34093;La Vid de Ojeda;90,0;67,57;>60 km;-15,52;-10,2;2,27;<1,000 (very small rural);BOEDO-OJEDA;Palencia;Castilla y León
09095;Celada del Camino;90,0;23,18;<=30 km;-9,9;-11,3;-11,76;<1,000 (very small rural);ARLANZON;Burgos;Castilla y León
05116;Malpartida de Corneja;91,0;56,62;30-60 km;-22,46;-11,76;1,11;<1,000 (very small rural);BARCO AVILA-PIEDRAHITA;Ávila;Castilla y León
47185;Valverde de Campos;91,0;28,03;<=30 km;-13,33;-12,0;3,41;<1,000 (very small rural);TIERRA DE CAMPOS;Valladolid;Castilla y León
16058;Carrascosa de Haro;91,0;83,16;>60 km;-13,53;-9,01;-9,9;<1,000 (very small rural);MANCHA BAJA;Cuenca;Castilla-La Mancha
34051;Castrillo de Onielo;91,0;26,52;<=30 km;-14,29;2,97;-12,5;<1,000 (very small rural);EL CERRATO;Palencia;Castilla y León
47188;Vega de Valdetronco;91,0;28,96;<=30 km;-18,05;-11,11;-5,21;<1,000 (very small rural);CENTRO;Valladolid;Castilla y León
19311;Valverde de los Arroyos;91,0;55,12;30-60 km;-9,57;12,2;-1,09;<1,000 (very small rural);SIERRA;Guadalajara;Castilla-La Mancha
47049;Cervillego de la Cruz;91,0;55,63;30-60 km;-2,08;-11,7;9,64;<1,000 (very small rural);SUR;Valladolid;Castilla y León
37013;Aldeacipreste;91,0;66,99;>60 km;-18,49;-13,79;-9,0;<1,000 (very small rural);LA SIERRA;Salamanca;Castilla y León
19332;La Yunta;91,0;85,17;>60 km;-16,24;5,81;0,0;<1,000 (very small rural);MOLINA DE ARAGON;Guadalajara;Castilla-La Mancha
19298;Valdearenas;91,0;25,45;<=30 km;-16,5;3,8;10,98;<1,000 (very small rural);ALCARRIA ALTA;Guadalajara;Castilla-La Mancha
09441;Villaldemiro;91,0;27,59;<=30 km;-4,0;39,44;-8,08;<1,000 (very small rural);PISUERGA;Burgos;Castilla y León
44087;Crivillén;91,0;92,06;>60 km;-22,83;27,94;4,6;<1,000 (very small rural);SERRANIA DE MONTALBAN;Teruel;Aragón
12076;Matet;91,0;28,04;<=30 km;-22,52;-13,1;24,66;<1,000 (very small rural);PALANCIA;Castelló/Castellón;Comunitat Valenciana
50052;Bisimbre;91,0;44,82;30-60 km;-8,33;-10,31;4,6;<1,000 (very small rural);BORJA;Zaragoza;Aragón
49232;Vega de Villalobos;91,0;57,86;30-60 km;-2,54;-14,02;-1,09;<1,000 (very small rural);CAMPOS-PAN;Zamora;Castilla y León
42189;Ucero;91,0;86,98;>60 km;-32,91;21,15;44,44;<1,000 (very small rural);BURGO DE OSMA;Soria;Castilla y León
09139;Fuentemolinos;91,0;72,46;>60 km;-6,36;-7,48;-8,08;<1,000 (very small rural);LA RIBERA;Burgos;Castilla y León
25097;Fulleda;91,0;35,47;30-60 km;-18,1;20,24;-9,9;<1,000 (very small rural);GARRIGUES;Lleida;Cataluña/Catalunya
09306;Rebolledo de la Torre;92,0;57,46;30-60 km;-15,83;-15,18;-3,16;<1,000 (very small rural);PARAMOS;Burgos;Castilla y León
40143;Navares de Enmedio;92,0;66,99;>60 km;-20,69;1,1;0,0;<1,000 (very small rural);SEPULVEDA;Segovia;Castilla y León
34167;Santa Cecilia del Alcor;92,0;10,46;<=30 km;-12,95;-10,83;-14,02;<1,000 (very small rural);CAMPOS;Palencia;Castilla y León
05267;Zapardiel de la Ribera;92,0;55,89;30-60 km;-8,87;-13,04;-8,0;<1,000 (very small rural);GREDOS;Ávila;Castilla y León
49088;Gamones;92,0;31,38;30-60 km;-2,0;-3,12;-1,08;<1,000 (very small rural);SAYAGO;Zamora;Castilla y León
37292;San Pelayo de Guareña;92,0;23,65;<=30 km;-4,95;7,87;-4,17;<1,000 (very small rural);LEDESMA;Salamanca;Castilla y León
50184;Murero;92,0;74,92;>60 km;-19,59;-9,35;-5,15;<1,000 (very small rural);DAROCA;Zaragoza;Aragón
09243;Padilla de Arriba;92,0;43,05;30-60 km;-17,98;11,69;6,98;<1,000 (very small rural);PISUERGA;Burgos;Castilla y León
05259;Villanueva del Aceral;92,0;46,07;30-60 km;-17,09;-13,93;-12,38;<1,000 (very small rural);AREVALO-MADRIGAL;Ávila;Castilla y León
08045;Capolat;92,0;41,25;30-60 km;16,47;-12,5;9,52;<1,000 (very small rural);BERGUEDA;Barcelona;Cataluña/Catalunya
10139;Pedroso de Acim;92,0;53,65;30-60 km;-14,41;-9,41;19,48;<1,000 (very small rural);CORIA;Cáceres;Extremadura
22235;Torres de Alcanadre;92,0;33,09;30-60 km;-14,68;-1,09;1,1;<1,000 (very small rural);HOYA DE HUESCA;Huesca;Aragón
09307;Redecilla del Camino;93,0;50,45;30-60 km;-18,25;-9,57;-10,58;<1,000 (very small rural);BUREBA-EBRO;Burgos;Castilla y León
34228;Villanuño de Valdavia;93,0;59,16;30-60 km;-8,65;2,22;1,09;<1,000 (very small rural);SALDAÑA-VALDAVIA;Palencia;Castilla y León
26062;Foncea;93,0;39,29;30-60 km;-8,82;2,08;-5,1;<1,000 (very small rural);RIOJA ALTA;La Rioja;La Rioja
09248;Palazuelos de la Sierra;93,0;24,08;<=30 km;15,71;6,1;6,9;<1,000 (very small rural);ARLANZON;Burgos;Castilla y León
50050;Bijuesca;93,0;84,74;>60 km;-13,91;-8,16;3,33;<1,000 (very small rural);CALATAYUD;Zaragoza;Aragón
31111;Gallués/Galoze;93,0;44,97;30-60 km;-1,89;1,05;-3,12;<1,000 (very small rural);PIRINEOS;Navarra;Comunidad Foral de Navarra
44252;Villahermosa del Campo;93,0;67,82;>60 km;-7,84;-6,38;5,68;<1,000 (very small rural);SERRANIA DE MONTALBAN;Teruel;Aragón
47012;Bahabón;93,0;46,74;30-60 km;-35,26;-9,26;-5,1;<1,000 (very small rural);SURESTE;Valladolid;Castilla y León
47019;Berrueces;93,0;41,36;30-60 km;-21,19;7,37;-8,82;<1,000 (very small rural);TIERRA DE CAMPOS;Valladolid;Castilla y León
28118;Puebla de la Sierra;93,0;45,14;30-60 km;-40,2;25,0;24,0;<1,000 (very small rural);LOZOYA SOMOSIERRA;Madrid;Comunidad de Madrid
50009;Alarba;93,0;77,87;>60 km;-10,0;-15,79;-16,96;<1,000 (very small rural);CALATAYUD;Zaragoza;Aragón
40093;Gallegos;93,0;37,82;30-60 km;-7,07;5,32;-6,06;<1,000 (very small rural);SEGOVIA;Segovia;Castilla y León
34175;La Serna;93,0;48,8;30-60 km;-17,8;-6,0;-1,06;<1,000 (very small rural);SALDAÑA-VALDAVIA;Palencia;Castilla y León
10083;Garvín;94,0;50,33;30-60 km;-9,26;-2,04;-2,08;<1,000 (very small rural);NAVALMORAL DE LA MATA;Cáceres;Extremadura
22131;Jasa;94,0;66,12;>60 km;-16,81;2,17;0,0;<1,000 (very small rural);JACETANIA;Huesca;Aragón
37223;Olmedo de Camaces;94,0;76,42;>60 km;-20,9;3,0;-8,74;<1,000 (very small rural);VITIGUDINO;Salamanca;Castilla y León
09314;Revilla del Campo;94,0;20,73;<=30 km;-19,47;12,77;-11,32;<1,000 (very small rural);ARLANZON;Burgos;Castilla y León
19235;Riba de Saelices;94,0;80,54;>60 km;-23,08;21,84;-11,32;<1,000 (very small rural);ALCARRIA ALTA;Guadalajara;Castilla-La Mancha
22095;Chía;94,0;84,58;>60 km;-14,71;-3,49;13,25;<1,000 (very small rural);RIBARGORZA;Huesca;Aragón
47143;San Llorente;94,0;51,42;30-60 km;-25,0;-5,98;-14,55;<1,000 (very small rural);SURESTE;Valladolid;Castilla y León
42195;Valdenebro;94,0;105,18;>60 km;-2,56;-11,93;-2,08;<1,000 (very small rural);SORIA;Soria;Castilla y León
09266;Pineda de la Sierra;94,0;35,48;30-60 km;-0,96;-3,88;-5,05;<1,000 (very small rural);DEMANDA;Burgos;Castilla y León
37252;Pinedas;94,0;62,78;>60 km;-15,44;-7,96;-9,62;<1,000 (very small rural);LA SIERRA;Salamanca;Castilla y León
10156;Robledillo de Gata;94,0;96,04;>60 km;-18,49;-6,59;10,59;<1,000 (very small rural);CORIA;Cáceres;Extremadura
49154;Pías;94,0;55,96;30-60 km;-14,56;-12,2;-12,96;<1,000 (very small rural);SANABRIA;Zamora;Castilla y León
19127;Galve de Sorbe;95,0;62,83;>60 km;-22,4;-11,21;0,0;<1,000 (very small rural);SIERRA;Guadalajara;Castilla-La Mancha
22181;Piracés;95,0;16,65;<=30 km;0,97;-2,04;-1,04;<1,000 (very small rural);HOYA DE HUESCA;Huesca;Aragón
49168;Quintanilla del Monte;95,0;51,5;30-60 km;2,94;-0,95;-8,65;<1,000 (very small rural);CAMPOS-PAN;Zamora;Castilla y León
44031;Azaila;95,0;54,27;30-60 km;-34,46;6,38;-5,0;<1,000 (very small rural);BAJO ARAGON;Teruel;Aragón
44092;El Cuervo;95,0;55,27;30-60 km;-7,92;-13,95;28,38;<1,000 (very small rural);SERRANIA DE ALBARRACIN;Teruel;Aragón
05131;Mirueña de los Infanzones;95,0;38,05;30-60 km;-22,22;-8,7;13,1;<1,000 (very small rural);AVILA;Ávila;Castilla y León
37108;Coca de Alba;95,0;28,65;<=30 km;-11,82;-1,85;-10,38;<1,000 (very small rural);ALBA DE TORMES;Salamanca;Castilla y León
42058;Castillejo de Robledo;95,0;88,61;>60 km;-13,97;-4,59;-8,65;<1,000 (very small rural);BURGO DE OSMA;Soria;Castilla y León
22050;Barbuñales;95,0;29,37;<=30 km;-6,93;5,26;-5,0;<1,000 (very small rural);SOMONTANO;Huesca;Aragón
09353;Santa María Ribarredonda;95,0;47,28;30-60 km;-4,12;4,4;0,0;<1,000 (very small rural);BUREBA-EBRO;Burgos;Castilla y León
24203;Villabraz;95,0;38,61;30-60 km;-18,18;-1,08;3,26;<1,000 (very small rural);ESLA-CAMPOS;León;Castilla y León
37293;Santa María de Sando;95,0;38,24;30-60 km;-14,29;-12,28;-5,0;<1,000 (very small rural);LEDESMA;Salamanca;Castilla y León
09220;Miraveche;95,0;45,39;30-60 km;-15,73;19,72;11,76;<1,000 (very small rural);BUREBA-EBRO;Burgos;Castilla y León
28143;Somosierra;95,0;55,09;30-60 km;-22,22;8,75;9,2;<1,000 (very small rural);LOZOYA SOMOSIERRA;Madrid;Comunidad de Madrid
12064;Fuentes de Ayódar;95,0;27,17;<=30 km;-31,61;-1,06;2,15;<1,000 (very small rural);PALANCIA;Castelló/Castellón;Comunitat Valenciana
22188;Puente de Montañana;95,0;60,25;>60 km;-32,87;3,23;-1,04;<1,000 (very small rural);RIBARGORZA;Huesca;Aragón
40160;Pinarnegrillo;96,0;32,65;30-60 km;-22,9;0,0;-4,0;<1,000 (very small rural);CUELLAR;Segovia;Castilla y León
50122;Grisel;96,0;69,36;>60 km;5,63;23,88;15,66;<1,000 (very small rural);BORJA;Zaragoza;Aragón
50174;Montón;96,0;72,03;>60 km;-30,88;-5,32;7,87;<1,000 (very small rural);CALATAYUD;Zaragoza;Aragón
42183;Tejado;96,0;99,02;>60 km;-23,68;-13,21;4,35;<1,000 (very small rural);CAMPO DE GOMARA;Soria;Castilla y León
50161;Manchones;96,0;73,17;>60 km;-29,79;6,12;-7,69;<1,000 (very small rural);DAROCA;Zaragoza;Aragón
09032;Avellanosa de Muñó;96,0;42,63;30-60 km;-10,24;-8,04;-6,8;<1,000 (very small rural);ARLANZA;Burgos;Castilla y León
19017;Algora;96,0;54,73;30-60 km;-30,09;6,49;17,07;<1,000 (very small rural);ALCARRIA ALTA;Guadalajara;Castilla-La Mancha
09128;Frandovínez;96,0;14,29;<=30 km;-14,29;15,48;-1,03;<1,000 (very small rural);ARLANZON;Burgos;Castilla y León
40903;Marazoleja;96,0;15,91;<=30 km;-15,32;-2,83;-6,8;<1,000 (very small rural);CUELLAR;Segovia;Castilla y León
37363;Villares de Yeltes;96,0;62,6;>60 km;-8,03;-9,76;-13,51;<1,000 (very small rural);VITIGUDINO;Salamanca;Castilla y León
03039;Benimassot;96,0;20,55;<=30 km;-23,26;1,04;-1,03;<1,000 (very small rural);MONTAÑA;Alacant/Alicante;Comunitat Valenciana
05173;Ojos-Albos;96,0;13,34;<=30 km;-4,76;30,16;17,07;<1,000 (very small rural);AVILA;Ávila;Castilla y León
26141;Santurdejo;96,0;41,72;30-60 km;-29,49;-9,17;-3,03;<1,000 (very small rural);RIOJA ALTA;La Rioja;La Rioja
10197;Valdecañas de Tajo;96,0;69,21;>60 km;1,65;14,14;-15,04;<1,000 (very small rural);NAVALMORAL DE LA MATA;Cáceres;Extremadura
26040;Cañas;96,0;34,16;30-60 km;15,73;-6,19;5,49;<1,000 (very small rural);RIOJA ALTA;La Rioja;La Rioja
37033;Arcediano;96,0;19,1;<=30 km;-2,83;-5,88;0,0;<1,000 (very small rural);SALAMANCA;Salamanca;Castilla y León
26010;Alesón;96,0;19,21;<=30 km;-8,55;-9,8;4,35;<1,000 (very small rural);RIOJA ALTA;La Rioja;La Rioja
34242;Villodrigo;96,0;40,19;30-60 km;-20,14;0,0;-11,93;<1,000 (very small rural);EL CERRATO;Palencia;Castilla y León
17014;La Vajol;96,0;46,93;30-60 km;-15,84;3,53;9,09;<1,000 (very small rural);ALT EMPORDA;Girona;Cataluña/Catalunya
19194;Moratilla de los Meleros;96,0;25,17;<=30 km;-28,47;2,0;-5,88;<1,000 (very small rural);CAMPIÑA;Guadalajara;Castilla-La Mancha
49170;Quintanilla de Urz;97,0;58,14;30-60 km;-19,23;-4,85;-1,02;<1,000 (very small rural);BENAVENTE Y LOS VALLES;Zamora;Castilla y León
05072;Espinosa de los Caballeros;97,0;39,39;30-60 km;-13,51;2,83;-11,01;<1,000 (very small rural);AREVALO-MADRIGAL;Ávila;Castilla y León
31230;Torralba del Río;97,0;20,65;<=30 km;-17,91;-12,5;6,59;<1,000 (very small rural);TIERRA ESTELLA;Navarra;Comunidad Foral de Navarra
12131;Villamalur;97,0;23,95;<=30 km;-39,22;46,03;5,43;<1,000 (very small rural);PALANCIA;Castelló/Castellón;Comunitat Valenciana
05075;Fresnedilla;97,0;35,39;30-60 km;17,59;-9,09;-11,82;<1,000 (very small rural);VALLE DEL TIETAR;Ávila;Castilla y León
50207;Piedratajada;97,0;29,83;<=30 km;-25,17;-4,12;4,3;<1,000 (very small rural);EGEA DE LOS CABALLEROS;Zaragoza;Aragón
19179;Membrillera;97,0;37,21;30-60 km;-26,61;15,91;-4,9;<1,000 (very small rural);SIERRA;Guadalajara;Castilla-La Mancha
17194;Susqueda;97,0;26,31;<=30 km;-14,78;2,06;-2,02;<1,000 (very small rural);SELVA;Girona;Cataluña/Catalunya
19299;Valdeavellano;97,0;18,27;<=30 km;-6,96;-7,41;-3,0;<1,000 (very small rural);CAMPIÑA;Guadalajara;Castilla-La Mancha
43159;Vallfogona de Riucorb;97,0;46,33;30-60 km;-24,35;-9,41;25,97;<1,000 (very small rural);CONCA DE BARBERA;Tarragona;Cataluña/Catalunya
09129;Fresneda de la Sierra Tirón;97,0;46,08;30-60 km;-25,71;-6,93;3,19;<1,000 (very small rural);DEMANDA;Burgos;Castilla y León
40140;Navalilla;97,0;51,66;30-60 km;-10,74;-11,32;3,19;<1,000 (very small rural);SEPULVEDA;Segovia;Castilla y León
19244;Sacecorbo;97,0;67,6;>60 km;-18,42;7,06;6,59;<1,000 (very small rural);ALCARRIA ALTA;Guadalajara;Castilla-La Mancha
37320;Tejeda y Segoyuela;97,0;45,2;30-60 km;-9,9;0,0;7,78;<1,000 (very small rural);LA SIERRA;Salamanca;Castilla y León
44185;El Pobo;98,0;89,46;>60 km;-9,79;-1,75;-12,5;<1,000 (very small rural);MAESTRAZGO;Teruel;Aragón
05192;Puerto Castilla;98,0;75,55;>60 km;6,54;6,54;-14,04;<1,000 (very small rural);BARCO AVILA-PIEDRAHITA;Ávila;Castilla y León
37018;Aldeanueva de la Sierra;98,0;52,43;30-60 km;-25,17;-2,65;-10,91;<1,000 (very small rural);LA SIERRA;Salamanca;Castilla y León
37356;Villar de Argañán;98,0;92,32;>60 km;-13,0;-4,21;7,69;<1,000 (very small rural);CIUDAD RODRIGO;Salamanca;Castilla y León
09403;Valdeande;98,0;58,71;30-60 km;-5,71;-4,81;-1,01;<1,000 (very small rural);LA RIBERA;Burgos;Castilla y León
37011;La Alberguería de Argañán;98,0;112,82;>60 km;-14,58;-7,76;-8,41;<1,000 (very small rural);CIUDAD RODRIGO;Salamanca;Castilla y León
12133;Villanueva de Viver;98,0;45,7;30-60 km;-7,58;24,24;19,51;<1,000 (very small rural);PALANCIA;Castelló/Castellón;Comunitat Valenciana
37133;Fresnedoso;98,0;58,3;30-60 km;-2,63;-7,34;-2,97;<1,000 (very small rural);LA SIERRA;Salamanca;Castilla y León
44195;Rillo;98,0;104,35;>60 km;-17,86;-1,08;6,52;<1,000 (very small rural);SERRANIA DE MONTALBAN;Teruel;Aragón
09267;Pineda Trasmonte;98,0;49,01;30-60 km;-22,54;5,41;-16,24;<1,000 (very small rural);ARLANZA;Burgos;Castilla y León
16217;Tribaldos;98,0;56,81;30-60 km;-26,61;1,04;1,03;<1,000 (very small rural);MANCHA ALTA;Cuenca;Castilla-La Mancha
31110;Gallipienzo/Galipentzu;98,0;40,07;30-60 km;-16,1;2,0;-3,92;<1,000 (very small rural);NAVARRA MEDIA;Navarra;Comunidad Foral de Navarra
40210;Urueñas;98,0;61,2;>60 km;-2,63;-2,8;-5,77;<1,000 (very small rural);SEPULVEDA;Segovia;Castilla y León
16026;Atalaya del Cañavate;98,0;69,15;>60 km;-14,75;8,42;-4,85;<1,000 (very small rural);MANCHA ALTA;Cuenca;Castilla-La Mancha
09268;Pinilla de los Barruecos;98,0;57,53;30-60 km;-14,73;-10,81;-1,01;<1,000 (very small rural);DEMANDA;Burgos;Castilla y León
26078;Hornos de Moncalvillo;98,0;12,78;<=30 km;-8,33;4,35;2,08;<1,000 (very small rural);RIOJA MEDIA;La Rioja;La Rioja
26098;Munilla;98,0;30,93;30-60 km;-13,71;0,0;-9,26;<1,000 (very small rural);SIERRA RIOJA BAJA;La Rioja;La Rioja
34133;Población de Cerrato;98,0;24,04;<=30 km;-7,2;1,82;-12,5;<1,000 (very small rural);EL CERRATO;Palencia;Castilla y León
50135;Layana;98,0;66,13;>60 km;-14,63;-8,0;6,52;<1,000 (very small rural);EGEA DE LOS CABALLEROS;Zaragoza;Aragón
05129;El Mirón;98,0;50,81;30-60 km;-21,6;-8,06;-14,04;<1,000 (very small rural);BARCO AVILA-PIEDRAHITA;Ávila;Castilla y León
44067;Castelnou;99,0;69,59;>60 km;21,67;-25,0;-17,5;<1,000 (very small rural);BAJO ARAGON;Teruel;Aragón
16227;Valdemoro-Sierra;99,0;20,21;<=30 km;-18,57;-0,88;-11,61;<1,000 (very small rural);SERRANIA MEDIA;Cuenca;Castilla-La Mancha
31256;Hiriberri/Villanueva de Aezkoa;99,0;39,13;30-60 km;-8,33;-4,72;-1,98;<1,000 (very small rural);PIRINEOS;Navarra;Comunidad Foral de Navarra
37275;Saldeana;99,0;80,21;>60 km;-19,86;-10,09;1,02;<1,000 (very small rural);VITIGUDINO;Salamanca;Castilla y León
09302;Rabanera del Pinar;99,0;64,49;>60 km;-9,68;-9,26;1,02;<1,000 (very small rural);DEMANDA;Burgos;Castilla y León
19159;Ledanca;99,0;36,56;30-60 km;-12,61;14,14;-12,39;<1,000 (very small rural);ALCARRIA ALTA;Guadalajara;Castilla-La Mancha
05048;Cantiveros;99,0;42,02;30-60 km;-17,27;-10,71;-1,0;<1,000 (very small rural);AREVALO-MADRIGAL;Ávila;Castilla y León
40082;Fuente de Santa Cruz;99,0;51,43;30-60 km;-10,95;-9,24;-8,33;<1,000 (very small rural);CUELLAR;Segovia;Castilla y León
44123;Hinojosa de Jarque;99,0;97,56;>60 km;-12,0;-7,56;-10,0;<1,000 (very small rural);SERRANIA DE MONTALBAN;Teruel;Aragón
05256;Villaflor;99,0;22,14;<=30 km;-11,76;-11,97;-3,88;<1,000 (very small rural);AVILA;Ávila;Castilla y León
25913;Riu de Cerdanya;99,0;67,11;>60 km;-17,7;-1,06;6,45;<1,000 (very small rural);ALTO URGEL;Lleida;Cataluña/Catalunya
37348;Ventosa del Río Almar;99,0;28,31;<=30 km;-9,38;-9,82;-1,98;<1,000 (very small rural);PEÑARANDA DE BRACAMONTE;Salamanca;Castilla y León
37314;Tabera de Abajo;99,0;29,04;<=30 km;6,0;1,87;-9,17;<1,000 (very small rural);LEDESMA;Salamanca;Castilla y León
05064;Constanzana;99,0;35,37;30-60 km;-12,1;0,94;-7,48;<1,000 (very small rural);AREVALO-MADRIGAL;Ávila;Castilla y León
49028;Brime de Urz;99,0;58,5;30-60 km;-9,16;-9,26;1,02;<1,000 (very small rural);BENAVENTE Y LOS VALLES;Zamora;Castilla y León
34061;Collazos de Boedo;99,0;72,82;>60 km;-16,41;-0,95;-4,81;<1,000 (very small rural);BOEDO-OJEDA;Palencia;Castilla y León
34210;Villahán;99,0;35,36;30-60 km;-5,41;-8,65;4,21;<1,000 (very small rural);EL CERRATO;Palencia;Castilla y León
09166;Las Hormazas;99,0;26,48;<=30 km;-7,21;-6,67;1,02;<1,000 (very small rural);PISUERGA;Burgos;Castilla y León
16150;Paracuellos;99,0;57,72;30-60 km;-28,78;-9,9;8,79;<1,000 (very small rural);SERRANIA MEDIA;Cuenca;Castilla-La Mancha
47009;Amusquillo;99,0;34,11;30-60 km;-8,33;-4,76;-1,0;<1,000 (very small rural);CENTRO;Valladolid;Castilla y León
19222;El Pobo de Dueñas;99,0;72,78;>60 km;-20,0;-6,31;-4,81;<1,000 (very small rural);MOLINA DE ARAGON;Guadalajara;Castilla-La Mancha
37024;Aldeavieja de Tormes;99,0;43,0;30-60 km;-5,5;-1,96;-1,0;<1,000 (very small rural);ALBA DE TORMES;Salamanca;Castilla y León
46086;Carrícola;99,0;18,29;<=30 km;2,15;9,68;-2,94;<1,000 (very small rural);VALLES DE ALBAIDA;València/Valencia;Comunitat Valenciana
09105;Ciruelos de Cervera;99,0;50,16;30-60 km;-10,57;2,97;-4,81;<1,000 (very small rural);ARLANZA;Burgos;Castilla y León
09138;Fuentelisendo;99,0;68,19;>60 km;-16,5;27,71;-6,6;<1,000 (very small rural);LA RIBERA;Burgos;Castilla y León
09160;Hontangas;99,0;77,94;>60 km;-18,64;0,0;8,79;<1,000 (very small rural);LA RIBERA;Burgos;Castilla y León
22233;Torre la Ribera;100,0;83,22;>60 km;-13,45;-6,86;5,26;<1,000 (very small rural);RIBARGORZA;Huesca;Aragón
47213;Villalbarba;100,0;36,4;30-60 km;-11,68;-11,38;-8,26;<1,000 (very small rural);CENTRO;Valladolid;Castilla y León
37037;La Atalaya;100,0;79,62;>60 km;-13,97;-4,42;-7,41;<1,000 (very small rural);CIUDAD RODRIGO;Salamanca;Castilla y León
05236;Solana de Ávila;100,0;70,14;>60 km;-21,48;-0,88;-10,71;<1,000 (very small rural);BARCO AVILA-PIEDRAHITA;Ávila;Castilla y León
10097;Higuera de Albalat;100,0;73,84;>60 km;-13,91;3,92;-5,66;<1,000 (very small rural);NAVALMORAL DE LA MATA;Cáceres;Extremadura
45159;Sartajada;100,0;28,77;<=30 km;-5,56;-3,0;3,09;<1,000 (very small rural);TALAVERA;Toledo;Castilla-La Mancha
37119;La Encina;100,0;87,73;>60 km;-14,29;0,97;-3,85;<1,000 (very small rural);CIUDAD RODRIGO;Salamanca;Castilla y León
40091;Fuentesoto;100,0;63,95;>60 km;-28,03;4,85;-7,41;<1,000 (very small rural);SEPULVEDA;Segovia;Castilla y León
47013;Barcial de la Loma;100,0;52,68;30-60 km;-23,26;-10,42;16,28;<1,000 (very small rural);TIERRA DE CAMPOS;Valladolid;Castilla y León
05151;Navacepedilla de Corneja;100,0;47,85;30-60 km;-14,78;-7,14;9,89;<1,000 (very small rural);BARCO AVILA-PIEDRAHITA;Ávila;Castilla y León
09112;Coruña del Conde;100,0;70,28;>60 km;-9,09;-6,25;-4,76;<1,000 (very small rural);LA RIBERA;Burgos;Castilla y León
47177;Urones de Castroponce;100,0;58,71;30-60 km;-8,4;5,88;-7,41;<1,000 (very small rural);TIERRA DE CAMPOS;Valladolid;Castilla y León
05249;Umbrías;100,0;72,46;>60 km;-17,32;-1,9;-2,91;<1,000 (very small rural);BARCO AVILA-PIEDRAHITA;Ávila;Castilla y León
03067;Fageca;100,0;21,77;<=30 km;-6,48;3,96;-4,76;<1,000 (very small rural);MONTAÑA;Alacant/Alicante;Comunitat Valenciana
49107;Malva;100,0;29,87;<=30 km;-19,53;-10,69;-14,53;<1,000 (very small rural);CAMPOS-PAN;Zamora;Castilla y León
05035;Blascosancho;100,0;23,59;<=30 km;0,95;-11,4;-0,99;<1,000 (very small rural);AREVALO-MADRIGAL;Ávila;Castilla y León
37268;La Rinconada de la Sierra;100,0;49,03;30-60 km;-6,3;-11,11;-3,85;<1,000 (very small rural);LA SIERRA;Salamanca;Castilla y León
25114;Ivorra;100,0;36,66;30-60 km;-10,83;5,77;-9,09;<1,000 (very small rural);SEGARRA;Lleida;Cataluña/Catalunya
34035;Boadilla de Rioseco;101,0;39,69;30-60 km;-12,03;2,7;-11,4;<1,000 (very small rural);CAMPOS;Palencia;Castilla y León
47130;Quintanilla de Trigueros;101,0;15,15;<=30 km;-21,09;0,0;-3,81;<1,000 (very small rural);CENTRO;Valladolid;Castilla y León
09312;La Revilla y Ahedo;101,0;47,07;30-60 km;-21,17;-4,67;-0,98;<1,000 (very small rural);DEMANDA;Burgos;Castilla y León
04033;Castro de Filabres;101,0;35,1;30-60 km;-19,75;-4,96;-12,17;<1,000 (very small rural);CAMPO TABERNAS;Almería;Andalucía
09012;Alfoz de Santa Gadea;101,0;44,2;30-60 km;-10,71;5,0;-3,81;<1,000 (very small rural);MERINDADES;Burgos;Castilla y León
05260;Villanueva del Campillo;101,0;47,04;30-60 km;-17,5;3,88;-5,61;<1,000 (very small rural);AVILA;Ávila;Castilla y León
47192;Ventosa de la Cuesta;101,0;27,39;<=30 km;-19,12;-9,26;3,06;<1,000 (very small rural);SUR;Valladolid;Castilla y León
22203;Salillas;101,0;26,34;<=30 km;-4,72;11,46;-5,61;<1,000 (very small rural);HOYA DE HUESCA;Huesca;Aragón
24191;Vallecillo;101,0;40,32;30-60 km;-7,63;-0,81;-17,89;<1,000 (very small rural);SAHAGUN;León;Castilla y León
25063;Canejan;101,0;126,6;>60 km;-15,38;5,95;13,48;<1,000 (very small rural);VAL D'ARAN;Lleida;Cataluña/Catalunya
09115;Cubo de Bureba;101,0;48,65;30-60 km;-13,68;7,14;-3,81;<1,000 (very small rural);BUREBA-EBRO;Burgos;Castilla y León
43073;Llorac;101,0;45,18;30-60 km;-16,96;-8,0;9,78;<1,000 (very small rural);CONCA DE BARBERA;Tarragona;Cataluña/Catalunya
37161;Horcajo de Montemayor;101,0;61,61;>60 km;-15,29;-5,0;-24,06;<1,000 (very small rural);LA SIERRA;Salamanca;Castilla y León
42178;Talveila;101,0;89,84;>60 km;-15,17;-9,32;-5,61;<1,000 (very small rural);PINARES;Soria;Castilla y León
08271;Sobremunt;101,0;44,07;30-60 km;-4,55;-1,27;29,49;<1,000 (very small rural);OSONA;Barcelona;Cataluña/Catalunya
50238;Santa Eulalia de Gállego;101,0;32,99;30-60 km;-23,85;5,1;-1,94;<1,000 (very small rural);EGEA DE LOS CABALLEROS;Zaragoza;Aragón
47025;Brahojos de Medina;101,0;53,68;30-60 km;-15,07;-11,67;-4,72;<1,000 (very small rural);SUR;Valladolid;Castilla y León
26031;Bobadilla;101,0;29,86;<=30 km;-23,97;-4,81;2,02;<1,000 (very small rural);RIOJA ALTA;La Rioja;La Rioja
16029;Barchín del Hoyo;101,0;58,1;30-60 km;-4,35;8,05;7,45;<1,000 (very small rural);SERRANIA MEDIA;Cuenca;Castilla-La Mancha
43072;El Lloar;101,0;32,25;30-60 km;-1,68;-5,93;-9,01;<1,000 (very small rural);PRIORAT;Tarragona;Cataluña/Catalunya
37006;La Alamedilla;101,0;111,17;>60 km;-26,7;-12,32;-16,53;<1,000 (very small rural);CIUDAD RODRIGO;Salamanca;Castilla y León
37301;Sardón de los Frailes;101,0;51,0;30-60 km;-4,55;8,79;2,02;<1,000 (very small rural);LEDESMA;Salamanca;Castilla y León
37186;La Mata de Ledesma;101,0;25,49;<=30 km;-11,67;-17,48;18,82;<1,000 (very small rural);LEDESMA;Salamanca;Castilla y León
50196;Orera;101,0;61,01;>60 km;-11,76;-1,69;-12,93;<1,000 (very small rural);CALATAYUD;Zaragoza;Aragón
34106;Meneses de Campos;101,0;29,26;<=30 km;-7,87;-1,64;-15,83;<1,000 (very small rural);CAMPOS;Palencia;Castilla y León
09114;Cubillo del Campo;101,0;22,78;<=30 km;-11,43;7,37;-0,98;<1,000 (very small rural);ARLANZON;Burgos;Castilla y León
40115;Maderuelo;101,0;86,91;>60 km;-37,74;28,87;-19,2;<1,000 (very small rural);SEPULVEDA;Segovia;Castilla y León
44135;Libros;102,0;67,03;>60 km;-33,97;2,97;-1,92;<1,000 (very small rural);HOYA DE TERUEL;Teruel;Aragón
50093;Chodes;102,0;51,16;30-60 km;-23,81;-11,5;2,0;<1,000 (very small rural);CALATAYUD;Zaragoza;Aragón
16188;Salmeroncillos;102,0;55,6;30-60 km;-32,28;0,0;2,0;<1,000 (very small rural);ALCARRIA;Cuenca;Castilla-La Mancha
50083;Cinco Olivas;102,0;60,01;>60 km;-8,8;-6,25;-2,86;<1,000 (very small rural);CASPE;Zaragoza;Aragón
16068;Castillejo de Iniesta;102,0;64,92;>60 km;-18,78;-14,0;-20,93;<1,000 (very small rural);MANCHUELA;Cuenca;Castilla-La Mancha
47222;Villanueva de San Mancio;102,0;35,45;30-60 km;-23,64;4,71;14,61;<1,000 (very small rural);TIERRA DE CAMPOS;Valladolid;Castilla y León
47224;Villarmentero de Esgueva;102,0;18,98;<=30 km;-8,18;-0,97;0,0;<1,000 (very small rural);CENTRO;Valladolid;Castilla y León
05197;Salobral;102,0;14,72;<=30 km;-19,69;1,72;-13,56;<1,000 (very small rural);AVILA;Ávila;Castilla y León
05224;Santa María del Arroyo;102,0;25,68;<=30 km;8,74;-5,41;-2,86;<1,000 (very small rural);AVILA;Ávila;Castilla y León
24043;Castrillo de Cabrera;102,0;16,61;<=30 km;-15,13;-11,48;-5,56;<1,000 (very small rural);LA CABRERA;León;Castilla y León
05007;Aldeanueva de Santa Cruz;102,0;67,94;>60 km;-17,24;-5,04;-9,73;<1,000 (very small rural);BARCO AVILA-PIEDRAHITA;Ávila;Castilla y León
16177;Reíllo;102,0;36,31;30-60 km;-11,76;-5,93;-8,11;<1,000 (very small rural);SERRANIA BAJA;Cuenca;Castilla-La Mancha
05060;Cisla;102,0;46,39;30-60 km;-23,08;-4,59;-1,92;<1,000 (very small rural);AREVALO-MADRIGAL;Ávila;Castilla y León
09253;Pardilla;102,0;81,6;>60 km;0,81;-1,71;-11,3;<1,000 (very small rural);LA RIBERA;Burgos;Castilla y León
16063;Casas de Guijarro;102,0;48,97;30-60 km;-21,83;7,21;-14,29;<1,000 (very small rural);MANCHUELA;Cuenca;Castilla-La Mancha
50012;Alborge;102,0;61,01;>60 km;-13,22;2,78;-8,11;<1,000 (very small rural);CASPE;Zaragoza;Aragón
09054;Bozoó;102,0;35,64;30-60 km;-2,68;2,04;2,0;<1,000 (very small rural);BUREBA-EBRO;Burgos;Castilla y León
26134;Santa Coloma;103,0;19,02;<=30 km;-29,13;10,23;6,19;<1,000 (very small rural);RIOJA ALTA;La Rioja;La Rioja
22085;Castelflorite;103,0;50,51;30-60 km;-12,5;-4,63;0,0;<1,000 (very small rural);MONEGROS;Huesca;Aragón
05112;El Losar del Barco;103,0;63,89;>60 km;-15,62;-0,91;-5,5;<1,000 (very small rural);BARCO AVILA-PIEDRAHITA;Ávila;Castilla y León
47142;San Cebrián de Mazote;103,0;30,98;30-60 km;-18,33;-12,86;-15,57;<1,000 (very small rural);CENTRO;Valladolid;Castilla y León
19090;Cobeta;103,0;75,45;>60 km;-14,73;-5,22;-5,5;<1,000 (very small rural);MOLINA DE ARAGON;Guadalajara;Castilla-La Mancha
44228;Torremocha de Jiloca;103,0;77,46;>60 km;-20,74;0,93;-4,63;<1,000 (very small rural);CUENCA DEL JILOCA;Teruel;Aragón
25136;La Molsosa;103,0;24,65;<=30 km;-6,03;-6,42;0,98;<1,000 (very small rural);SOLSONES;Lleida;Cataluña/Catalunya
16205;Tejadillos;103,0;33,65;30-60 km;-8,45;-7,26;-10,43;<1,000 (very small rural);SERRANIA BAJA;Cuenca;Castilla-La Mancha
09346;Santa Cruz del Valle Urbión;103,0;39,91;30-60 km;-3,92;2,02;1,98;<1,000 (very small rural);DEMANDA;Burgos;Castilla y León
47141;Salvador de Zapardiel;103,0;56,37;30-60 km;-15,09;-15,38;-6,36;<1,000 (very small rural);SUR;Valladolid;Castilla y León
19233;Renera;103,0;21,52;<=30 km;-25,41;18,48;-5,5;<1,000 (very small rural);CAMPIÑA;Guadalajara;Castilla-La Mancha
13029;Cañada de Calatrava;103,0;15,39;<=30 km;-10,43;14,13;-1,9;<1,000 (very small rural);CAMPO DE CALATRAVA;Ciudad Real;Castilla-La Mancha
05141;Muñopepe;104,0;14,75;<=30 km;3,92;-3,88;5,05;<1,000 (very small rural);AVILA;Ávila;Castilla y León
09037;Barbadillo de Herreros;104,0;46,51;30-60 km;-11,29;2,75;-7,14;<1,000 (very small rural);DEMANDA;Burgos;Castilla y León
34122;Páramo de Boedo;104,0;64,02;>60 km;26,09;-12,4;-1,89;<1,000 (very small rural);BOEDO-OJEDA;Palencia;Castilla y León
22126;Ibieca;104,0;19,57;<=30 km;-8,26;16,49;-7,96;<1,000 (very small rural);HOYA DE HUESCA;Huesca;Aragón
50236;Santa Cruz de Grío;104,0;53,61;30-60 km;-26,71;-5,56;1,96;<1,000 (very small rural);LA ALMUNIA DE DOÑA GODINA;Zaragoza;Aragón
42049;Candilichera;104,0;83,36;>60 km;-18,95;-13,04;4,0;<1,000 (very small rural);CAMPO DE GOMARA;Soria;Castilla y León
22151;Loscorrales;104,0;21,41;<=30 km;-7,41;-12,26;11,83;<1,000 (very small rural);HOYA DE HUESCA;Huesca;Aragón
49092;Granucillo;104,0;59,42;30-60 km;-24,43;-4,1;-11,11;<1,000 (very small rural);BENAVENTE Y LOS VALLES;Zamora;Castilla y León
49062;Espadañedo;104,0;41,43;30-60 km;-26,88;-0,91;-4,59;<1,000 (very small rural);SANABRIA;Zamora;Castilla y León
24118;Prado de la Guzpeña;104,0;49,76;30-60 km;-12,77;-18,85;5,05;<1,000 (very small rural);TIERRAS DE LEON;León;Castilla y León
37189;Membribe de la Sierra;105,0;30,37;30-60 km;-17,45;-2,63;-5,41;<1,000 (very small rural);FUENTE DE SAN ESTEBAN;Salamanca;Castilla y León
19223;Poveda de la Sierra;105,0;47,01;30-60 km;-17,11;-3,33;-9,48;<1,000 (very small rural);ALCARRIA BAJA;Guadalajara;Castilla-La Mancha
09343;Santa Cecilia;105,0;33,91;30-60 km;-6,67;-0,99;5,0;<1,000 (very small rural);ARLANZA;Burgos;Castilla y León
47056;Corrales de Duero;105,0;54,43;30-60 km;-4,85;9,0;-3,67;<1,000 (very small rural);SURESTE;Valladolid;Castilla y León
47092;Montealegre de Campos;105,0;27,77;<=30 km;-14,89;-11,21;1,94;<1,000 (very small rural);TIERRA DE CAMPOS;Valladolid;Castilla y León
40028;Bercial;105,0;22,24;<=30 km;4,46;-6,31;0,96;<1,000 (very small rural);CUELLAR;Segovia;Castilla y León
24050;Castrotierra de Valmadrigal;105,0;39,31;30-60 km;-12,7;-1,77;-5,41;<1,000 (very small rural);SAHAGUN;León;Castilla y León
31143;Larraona;105,0;36,08;30-60 km;-7,96;-3,88;6,06;<1,000 (very small rural);TIERRA ESTELLA;Navarra;Comunidad Foral de Navarra
16088;Fuentelespino de Moya;105,0;54,43;30-60 km;-25,17;-1,9;1,94;<1,000 (very small rural);SERRANIA BAJA;Cuenca;Castilla-La Mancha
28138;La Serna del Monte;105,0;42,75;30-60 km;-28,43;29,73;9,38;<1,000 (very small rural);LOZOYA SOMOSIERRA;Madrid;Comunidad de Madrid
09198;Mahamud;105,0;31,03;30-60 km;-17,48;-0,89;-5,41;<1,000 (very small rural);ARLANZA;Burgos;Castilla y León
34222;Villameriel;105,0;61,95;>60 km;-4,69;-8,47;-2,78;<1,000 (very small rural);SALDAÑA-VALDAVIA;Palencia;Castilla y León
40902;Cozuelos de Fuentidueña;105,0;54,98;30-60 km;-12,67;-6,98;-12,5;<1,000 (very small rural);SEPULVEDA;Segovia;Castilla y León
05185;Peñalba de Ávila;105,0;16,18;<=30 km;-11,38;2,65;-9,48;<1,000 (very small rural);AREVALO-MADRIGAL;Ávila;Castilla y León
43075;Margalef;106,0;33,53;30-60 km;-12,17;10,64;1,92;<1,000 (very small rural);PRIORAT;Tarragona;Cataluña/Catalunya
49243;Villaferrueña;106,0;60,49;>60 km;-5,88;-1,83;-0,93;<1,000 (very small rural);BENAVENTE Y LOS VALLES;Zamora;Castilla y León
05903;Diego del Carpio;106,0;43,7;30-60 km;-16,85;-20,41;-9,4;<1,000 (very small rural);AVILA;Ávila;Castilla y León
05149;Narros de Saldueña;106,0;30,86;30-60 km;-21,9;4,95;0,0;<1,000 (very small rural);AREVALO-MADRIGAL;Ávila;Castilla y León
40107;Labajos;106,0;23,59;<=30 km;-18,18;-12,07;3,92;<1,000 (very small rural);CUELLAR;Segovia;Castilla y León
19015;Aldeanueva de Guadalajara;106,0;11,95;<=30 km;-24,3;17,86;7,07;<1,000 (very small rural);CAMPIÑA;Guadalajara;Castilla-La Mancha
22239;Tramaced;106,0;20,51;<=30 km;9,18;1,01;6,0;<1,000 (very small rural);HOYA DE HUESCA;Huesca;Aragón
05218;San Miguel de Serrezuela;106,0;45,54;30-60 km;-25,0;-10,4;-5,36;<1,000 (very small rural);AVILA;Ávila;Castilla y León
49155;Piedrahita de Castro;106,0;18,4;<=30 km;-18,92;14,12;9,28;<1,000 (very small rural);CAMPOS-PAN;Zamora;Castilla y León
43039;Capafonts;106,0;17,37;<=30 km;-17,07;30,21;-15,2;<1,000 (very small rural);BAIX CAMP;Tarragona;Cataluña/Catalunya
31094;Eslava;106,0;31,63;30-60 km;-7,81;-10,92;0,0;<1,000 (very small rural);NAVARRA MEDIA;Navarra;Comunidad Foral de Navarra
34086;Hontoria de Cerrato;106,0;14,62;<=30 km;-8,11;-0,97;3,92;<1,000 (very small rural);EL CERRATO;Palencia;Castilla y León
42218;Yanguas;106,0;39,88;30-60 km;-26,77;22,83;-6,19;<1,000 (very small rural);TIERRAS ALTAS Y VALLE DEL TERA;Soria;Castilla y León
47147;San Pablo de la Moraleja;107,0;56,04;30-60 km;-14,6;-4,42;-0,93;<1,000 (very small rural);SUR;Valladolid;Castilla y León
05904;Santiago del Tormes;107,0;62,42;>60 km;-19,25;-9,84;-2,73;<1,000 (very small rural);BARCO AVILA-PIEDRAHITA;Ávila;Castilla y León
09199;Mambrilla de Castrejón;107,0;59,2;30-60 km;-6,36;4,0;2,88;<1,000 (very small rural);LA RIBERA;Burgos;Castilla y León
42030;Barca;107,0;99,44;>60 km;-14,17;4,85;-0,93;<1,000 (very small rural);ALMAZAN;Soria;Castilla y León
22232;Torralba de Aragón;107,0;24,78;<=30 km;6,54;5,83;-1,83;<1,000 (very small rural);HOYA DE HUESCA;Huesca;Aragón
37349;La Vídola;107,0;69,56;>60 km;-19,86;-7,76;0,0;<1,000 (very small rural);VITIGUDINO;Salamanca;Castilla y León
31174;Morentin;107,0;37,12;30-60 km;-5,97;-3,33;-7,76;<1,000 (very small rural);TIERRA ESTELLA;Navarra;Comunidad Foral de Navarra
42007;Alcubilla de Avellaneda;107,0;77,52;>60 km;-31,29;7,41;-7,76;<1,000 (very small rural);BURGO DE OSMA;Soria;Castilla y León
24032;Campazas;107,0;49,49;30-60 km;-17,12;-8,13;-5,31;<1,000 (very small rural);ESLA-CAMPOS;León;Castilla y León
09169;Hortigüela;107,0;37,34;30-60 km;3,03;-2,91;7,0;<1,000 (very small rural);DEMANDA;Burgos;Castilla y León
28016;El Atazar;107,0;38,63;30-60 km;-4,9;17,2;-1,83;<1,000 (very small rural);LOZOYA SOMOSIERRA;Madrid;Comunidad de Madrid
26092;Manjarrés;107,0;19,13;<=30 km;-23,68;0,0;-8,55;<1,000 (very small rural);RIOJA ALTA;La Rioja;La Rioja
44149;Mirambel;107,0;69,51;>60 km;-10,53;-4,31;-3,6;<1,000 (very small rural);MAESTRAZGO;Teruel;Aragón
09016;Ameyugo;108,0;37,22;30-60 km;1,0;10,48;-6,9;<1,000 (very small rural);BUREBA-EBRO;Burgos;Castilla y León
49004;Alcubilla de Nogales;108,0;58,03;30-60 km;-5,07;-4,88;-7,69;<1,000 (very small rural);BENAVENTE Y LOS VALLES;Zamora;Castilla y León
40010;Aldeanueva del Codonal;108,0;36,96;30-60 km;-15,33;-5,69;-6,9;<1,000 (very small rural);CUELLAR;Segovia;Castilla y León
09352;Santa María del Mercadillo;108,0;54,98;30-60 km;-24,82;0,0;3,85;<1,000 (very small rural);ARLANZA;Burgos;Castilla y León
47153;Santervás de Campos;108,0;49,79;30-60 km;-12,95;-4,35;-1,82;<1,000 (very small rural);TIERRA DE CAMPOS;Valladolid;Castilla y León
37110;Cordovilla;108,0;22,82;<=30 km;4,69;-8,94;-3,57;<1,000 (very small rural);SALAMANCA;Salamanca;Castilla y León
31096;Espronceda;108,0;19,34;<=30 km;-16,92;0,0;4,85;<1,000 (very small rural);TIERRA ESTELLA;Navarra;Comunidad Foral de Navarra
10071;Descargamaría;108,0;101,62;>60 km;-31,58;-10,83;0,93;<1,000 (very small rural);CORIA;Cáceres;Extremadura
09466;Villaverde del Monte;108,0;26,82;<=30 km;-23,08;8,93;-11,48;<1,000 (very small rural);ARLANZA;Burgos;Castilla y León
08195;Sant Agustí de Lluçanès;108,0;47,52;30-60 km;-10,42;5,75;17,39;<1,000 (very small rural);OSONA;Barcelona;Cataluña/Catalunya
05122;Martínez;108,0;45,93;30-60 km;-17,31;-9,02;-2,7;<1,000 (very small rural);AVILA;Ávila;Castilla y León
20060;Orexa;108,0;22,82;<=30 km;4,1;-4,88;-7,69;<1,000 (very small rural);TOLOSA;Gipuzkoa;País Vasco/Euskadi
12113;Toga;108,0;24,88;<=30 km;-29,37;1,0;6,93;<1,000 (very small rural);LA PLANA;Castelló/Castellón;Comunitat Valenciana
37120;Encina de San Silvestre;108,0;36,09;30-60 km;-8,4;3,64;-5,26;<1,000 (very small rural);LEDESMA;Salamanca;Castilla y León
49047;Cerecinos del Carrizal;108,0;22,13;<=30 km;0,0;-7,44;-3,57;<1,000 (very small rural);CAMPOS-PAN;Zamora;Castilla y León
09294;Quintanilla de la Mata;108,0;40,64;30-60 km;-15,28;2,63;-7,69;<1,000 (very small rural);ARLANZA;Burgos;Castilla y León
37059;Buenamadre;109,0;47,41;30-60 km;-5,67;-9,85;-8,4;<1,000 (very small rural);FUENTE DE SAN ESTEBAN;Salamanca;Castilla y León
47069;Gallegos de Hornija;109,0;26,84;<=30 km;-8,84;-13,95;-1,8;<1,000 (very small rural);CENTRO;Valladolid;Castilla y León
03036;Benillup;109,0;14,45;<=30 km;5,15;7,45;7,92;<1,000 (very small rural);MONTAÑA;Alacant/Alicante;Comunitat Valenciana
19224;Pozo de Almoguera;109,0;33,14;30-60 km;-19,67;-1,89;4,81;<1,000 (very small rural);CAMPIÑA;Guadalajara;Castilla-La Mancha
16040;Buenache de la Sierra;109,0;8,91;<=30 km;-16,96;16,67;3,81;<1,000 (very small rural);SERRANIA MEDIA;Cuenca;Castilla-La Mancha
19102;El Cubillo de Uceda;109,0;27,65;<=30 km;-31,32;9,32;-15,5;<1,000 (very small rural);CAMPIÑA;Guadalajara;Castilla-La Mancha
19196;Muduex;109,0;27,62;<=30 km;-7,76;-0,98;7,92;<1,000 (very small rural);ALCARRIA ALTA;Guadalajara;Castilla-La Mancha
37146;Gallegos de Solmirón;109,0;50,92;30-60 km;-14,48;0,0;-5,22;<1,000 (very small rural);ALBA DE TORMES;Salamanca;Castilla y León
49188;San Esteban del Molar;109,0;51,22;30-60 km;-19,5;-15,04;-3,54;<1,000 (very small rural);CAMPOS-PAN;Zamora;Castilla y León
46121;Estubeny;109,0;34,98;30-60 km;-7,75;-6,56;-4,39;<1,000 (very small rural);ENGUERA Y LA CANAL;València/Valencia;Comunitat Valenciana
16043;Campillos-Paravientos;110,0;46,86;30-60 km;-6,5;-10,62;8,91;<1,000 (very small rural);SERRANIA BAJA;Cuenca;Castilla-La Mancha
49048;Cernadilla;110,0;54,71;30-60 km;-26,63;-2,59;-2,65;<1,000 (very small rural);SANABRIA;Zamora;Castilla y León
45146;Retamoso de la Jara;110,0;24,44;<=30 km;-10,26;-7,62;13,4;<1,000 (very small rural);LA JARA;Toledo;Castilla-La Mancha
37338;Valdunciel;110,0;16,58;<=30 km;-6,73;3,0;6,8;<1,000 (very small rural);SALAMANCA;Salamanca;Castilla y León
26073;Herramélluri;110,0;46,04;30-60 km;2,83;-7,27;7,84;<1,000 (very small rural);RIOJA ALTA;La Rioja;La Rioja
05036;El Bohodón;110,0;29,22;<=30 km;-15,44;-7,14;-5,98;<1,000 (very small rural);AREVALO-MADRIGAL;Ávila;Castilla y León
31024;Arano;110,0;13,26;<=30 km;-11,29;-1,72;-3,51;<1,000 (very small rural);NORD OCCIDENTAL;Navarra;Comunidad Foral de Navarra
40046;Castillejo de Mesleón;110,0;63,82;>60 km;-14,56;-7,69;-8,33;<1,000 (very small rural);SEPULVEDA;Segovia;Castilla y León
42154;Renieblas;110,0;74,22;>60 km;0,0;4,72;-0,9;<1,000 (very small rural);CAMPO DE GOMARA;Soria;Castilla y León
50134;Langa del Castillo;110,0;64,65;>60 km;-8,28;-12,12;-5,17;<1,000 (very small rural);DAROCA;Zaragoza;Aragón
42141;La Póveda de Soria;110,0;50,12;30-60 km;-3,39;5,66;-1,79;<1,000 (very small rural);TIERRAS ALTAS Y VALLE DEL TERA;Soria;Castilla y León
19135;Hiendelaencina;110,0;51,12;30-60 km;-24,52;-0,85;-5,98;<1,000 (very small rural);SIERRA;Guadalajara;Castilla-La Mancha
44026;Arcos de las Salinas;110,0;74,61;>60 km;6,0;6,67;-1,79;<1,000 (very small rural);HOYA DE TERUEL;Teruel;Aragón
37353;Villalba de los Llanos;110,0;31,74;30-60 km;-12,74;-12,03;-5,98;<1,000 (very small rural);FUENTE DE SAN ESTEBAN;Salamanca;Castilla y León
47063;Fompedraza;111,0;54,38;30-60 km;-19,55;-6,36;7,77;<1,000 (very small rural);SURESTE;Valladolid;Castilla y León
37101;Cerralbo;111,0;75,93;>60 km;-25,58;-14,94;-15,27;<1,000 (very small rural);VITIGUDINO;Salamanca;Castilla y León
24096;Maraña;111,0;54,62;30-60 km;-24,38;-4,24;-1,77;<1,000 (very small rural);LA MONTAÑA DE RIAÑO;León;Castilla y León
22012;Albero Bajo;111,0;12,0;<=30 km;26,61;-2,84;-18,98;<1,000 (very small rural);HOYA DE HUESCA;Huesca;Aragón
09075;Cardeñuela Riopico;111,0;11,31;<=30 km;-22,45;-2,68;1,83;<1,000 (very small rural);ARLANZON;Burgos;Castilla y León
50194;Olvés;111,0;79,6;>60 km;-12,61;-0,94;5,71;<1,000 (very small rural);CALATAYUD;Zaragoza;Aragón
31135;Javier;111,0;45,49;30-60 km;-12,07;17,92;-11,2;<1,000 (very small rural);NAVARRA MEDIA;Navarra;Comunidad Foral de Navarra
19070;Casa de Uceda;111,0;28,15;<=30 km;-29,63;5,38;13,27;<1,000 (very small rural);CAMPIÑA;Guadalajara;Castilla-La Mancha
50242;Sediles;111,0;60,89;>60 km;-13,04;13,68;2,78;<1,000 (very small rural);CALATAYUD;Zaragoza;Aragón
47140;Saelices de Mayorga;111,0;51,73;30-60 km;-14,39;-0,88;-1,77;<1,000 (very small rural);TIERRA DE CAMPOS;Valladolid;Castilla y León
43168;Vilanova de Prades;111,0;25,57;<=30 km;-9,02;-7,69;2,78;<1,000 (very small rural);CONCA DE BARBERA;Tarragona;Cataluña/Catalunya
05140;Muñomer del Peco;111,0;30,82;30-60 km;-9,79;-15,62;2,78;<1,000 (very small rural);AREVALO-MADRIGAL;Ávila;Castilla y León
49174;Requejo;111,0;55,09;30-60 km;-19,65;-3,42;-21,28;<1,000 (very small rural);SANABRIA;Zamora;Castilla y León
19108;Durón;111,0;38,97;30-60 km;-5,0;-3,67;5,71;<1,000 (very small rural);ALCARRIA BAJA;Guadalajara;Castilla-La Mancha
47100;Muriel;111,0;54,13;30-60 km;-23,08;-15,83;-5,13;<1,000 (very small rural);SUR;Valladolid;Castilla y León
26136;Santa Eulalia Bajera;111,0;34,06;30-60 km;-11,54;0,93;2,78;<1,000 (very small rural);RIOJA BAJA;La Rioja;La Rioja
12141;Zorita del Maestrazgo;111,0;83,34;>60 km;-21,33;3,57;-4,31;<1,000 (very small rural);ALTO MAESTRAZGO;Castelló/Castellón;Comunitat Valenciana
50213;Plenas;111,0;63,3;>60 km;-24,44;-0,99;11,0;<1,000 (very small rural);ZARAGOZA;Zaragoza;Aragón
44063;Cañizar del Olivar;111,0;100,1;>60 km;-12,26;7,14;5,71;<1,000 (very small rural);SERRANIA DE MONTALBAN;Teruel;Aragón
28071;Horcajuelo de la Sierra;111,0;50,4;30-60 km;-13,73;19,1;4,72;<1,000 (very small rural);LOZOYA SOMOSIERRA;Madrid;Comunidad de Madrid
05130;Mironcillo;112,0;19,09;<=30 km;-14,68;10,53;6,67;<1,000 (very small rural);AVILA;Ávila;Castilla y León
50202;Paracuellos de la Ribera;112,0;59,58;30-60 km;-8,56;-17,09;-14,5;<1,000 (very small rural);CALATAYUD;Zaragoza;Aragón
47073;Herrín de Campos;112,0;35,45;30-60 km;-15,03;-6,3;-5,88;<1,000 (very small rural);TIERRA DE CAMPOS;Valladolid;Castilla y León
44138;Loscos;112,0;69,34;>60 km;-22,35;-5,43;-8,2;<1,000 (very small rural);SERRANIA DE MONTALBAN;Teruel;Aragón
10057;Casas de Miravete;112,0;71,96;>60 km;-13,95;-7,86;-13,18;<1,000 (very small rural);NAVALMORAL DE LA MATA;Cáceres;Extremadura
44109;Frías de Albarracín;112,0;34,75;30-60 km;-17,76;-9,48;6,67;<1,000 (very small rural);SERRANIA DE ALBARRACIN;Teruel;Aragón
31214;Salinas de Oro/Jaitz;112,0;19,25;<=30 km;-4,24;-1,82;3,7;<1,000 (very small rural);TIERRA ESTELLA;Navarra;Comunidad Foral de Navarra
47221;Villanueva de los Infantes;112,0;25,08;<=30 km;-9,76;-1,87;6,67;<1,000 (very small rural);CENTRO;Valladolid;Castilla y León
37086;Carpio de Azaba;112,0;91,13;>60 km;-7,89;16,0;-3,45;<1,000 (very small rural);CIUDAD RODRIGO;Salamanca;Castilla y León
22177;Perarrúa;112,0;65,91;>60 km;0,0;-1,83;4,67;<1,000 (very small rural);RIBARGORZA;Huesca;Aragón
50028;Anento;112,0;75,42;>60 km;-30,08;-4,21;23,08;<1,000 (very small rural);DAROCA;Zaragoza;Aragón
09148;Grijalba;112,0;37,05;30-60 km;-13,45;11,0;0,9;<1,000 (very small rural);PISUERGA;Burgos;Castilla y León
50071;Campillo de Aragón;112,0;98,07;>60 km;2,65;-11,41;-15,15;<1,000 (very small rural);CALATAYUD;Zaragoza;Aragón
17099;Meranges;112,0;82,15;>60 km;3,12;-1,02;15,46;<1,000 (very small rural);CERDANYA;Girona;Cataluña/Catalunya
22036;Argavieso;112,0;15,01;<=30 km;-15,25;18,75;-1,75;<1,000 (very small rural);HOYA DE HUESCA;Huesca;Aragón
37276;Salmoral;112,0;42,99;30-60 km;-36,11;-9,49;-9,68;<1,000 (very small rural);PEÑARANDA DE BRACAMONTE;Salamanca;Castilla y León
31255;Villamayor de Monjardín;113,0;31,57;30-60 km;-17,27;-2,5;-3,42;<1,000 (very small rural);TIERRA ESTELLA;Navarra;Comunidad Foral de Navarra
05056;Castellanos de Zapardiel;113,0;51,3;30-60 km;-6,86;-1,05;20,21;<1,000 (very small rural);AREVALO-MADRIGAL;Ávila;Castilla y León
37283;Sando;113,0;35,58;30-60 km;-14,77;-7,2;-2,59;<1,000 (very small rural);LEDESMA;Salamanca;Castilla y León
02082;Villatoya;113,0;63,24;>60 km;-21,32;13,68;4,63;<1,000 (very small rural);MANCHUELA;Albacete;Castilla-La Mancha
49014;Arquillinos;113,0;26,06;<=30 km;-13,77;3,45;-5,83;<1,000 (very small rural);CAMPOS-PAN;Zamora;Castilla y León
16209;Torralba;113,0;27,3;<=30 km;-24,55;-4,39;3,67;<1,000 (very small rural);ALCARRIA;Cuenca;Castilla-La Mancha
42168;Santa María de las Hoyas;113,0;78,61;>60 km;-24,29;-14,71;29,89;<1,000 (very small rural);BURGO DE OSMA;Soria;Castilla y León
47190;Velilla;113,0;21,07;<=30 km;-8,87;1,77;-1,74;<1,000 (very small rural);CENTRO;Valladolid;Castilla y León
44044;Bordón;113,0;80,94;>60 km;-26,03;9,43;-2,59;<1,000 (very small rural);BAJO ARAGON;Teruel;Aragón
19096;Condemios de Arriba;113,0;61,22;>60 km;-24,18;5,71;1,8;<1,000 (very small rural);SIERRA;Guadalajara;Castilla-La Mancha
44177;Pancrudo;113,0;99,51;>60 km;-14,39;8,18;-5,04;<1,000 (very small rural);SERRANIA DE MONTALBAN;Teruel;Aragón
43046;Conesa;113,0;42,55;30-60 km;-13,95;2,91;6,6;<1,000 (very small rural);CONCA DE BARBERA;Tarragona;Cataluña/Catalunya
50205;Las Pedrosas;113,0;38,67;30-60 km;-9,4;6,67;17,71;<1,000 (very small rural);EGEA DE LOS CABALLEROS;Zaragoza;Aragón
12103;la Serratella;113,0;35,4;30-60 km;-1,94;-8,91;22,83;<1,000 (very small rural);LLANOS CENTRALES;Castelló/Castellón;Comunitat Valenciana
47083;Matilla de los Caños;113,0;19,78;<=30 km;7,07;-12,15;20,21;<1,000 (very small rural);CENTRO;Valladolid;Castilla y León
12041;Castillo de Villamalefa;113,0;31,19;30-60 km;-9,65;1,98;9,71;<1,000 (very small rural);PEÑAGOLOSA;Castelló/Castellón;Comunitat Valenciana
22032;Aragüés del Puerto;114,0;69,18;>60 km;-14,29;0,0;-1,72;<1,000 (very small rural);JACETANIA;Huesca;Aragón
49075;Fresno de la Polvorosa;114,0;58,28;30-60 km;-12,73;-10,14;-8,06;<1,000 (very small rural);BENAVENTE Y LOS VALLES;Zamora;Castilla y León
37225;Pajares de la Laguna;114,0;20,87;<=30 km;-17,65;-7,96;9,62;<1,000 (very small rural);SALAMANCA;Salamanca;Castilla y León
47088;Melgar de Abajo;114,0;51,73;30-60 km;-28,17;9,09;-5,0;<1,000 (very small rural);TIERRA DE CAMPOS;Valladolid;Castilla y León
34034;Boadilla del Camino;114,0;36,75;30-60 km;-5,65;5,22;-5,79;<1,000 (very small rural);CAMPOS;Palencia;Castilla y León
09409;Valle de Manzanedo;115,0;56,01;30-60 km;-29,76;4,76;-12,88;<1,000 (very small rural);MERINDADES;Burgos;Castilla y León
44035;Barrachina;115,0;89,67;>60 km;-16,55;-4,24;1,77;<1,000 (very small rural);CUENCA DEL JILOCA;Teruel;Aragón
19333;Zaorejas;115,0;63,67;>60 km;-17,9;-16,8;10,58;<1,000 (very small rural);ALCARRIA BAJA;Guadalajara;Castilla-La Mancha
26082;Laguna de Cameros;115,0;34,81;30-60 km;-16,2;-5,17;4,55;<1,000 (very small rural);SIERRA RIOJA MEDIA;La Rioja;La Rioja
09480;Zael;115,0;30,42;30-60 km;-1,71;4,46;-1,71;<1,000 (very small rural);ARLANZA;Burgos;Castilla y León
50133;Lagata;115,0;53,51;30-60 km;-17,93;2,7;0,88;<1,000 (very small rural);ZARAGOZA;Zaragoza;Aragón
44093;Cuevas de Almudén;115,0;104,72;>60 km;-2,13;-3,28;-2,54;<1,000 (very small rural);SERRANIA DE MONTALBAN;Teruel;Aragón
09316;Revilla Vallejera;115,0;40,48;30-60 km;11,65;-12,17;13,86;<1,000 (very small rural);PISUERGA;Burgos;Castilla y León
42028;Ausejo de la Sierra;115,0;62,3;>60 km;22,06;1,11;26,37;<1,000 (very small rural);TIERRAS ALTAS Y VALLE DEL TERA;Soria;Castilla y León
19150;Hueva;115,0;26,74;<=30 km;-2,74;-19,23;9,52;<1,000 (very small rural);CAMPIÑA;Guadalajara;Castilla-La Mancha
09025;Arija;115,0;39,42;30-60 km;-23,6;-6,35;-2,54;<1,000 (very small rural);MERINDADES;Burgos;Castilla y León
05258;Villanueva de Gómez;115,0;25,36;<=30 km;-4,17;-12,12;-0,86;<1,000 (very small rural);AREVALO-MADRIGAL;Ávila;Castilla y León
19174;Matillas;115,0;44,18;30-60 km;-27,38;-8,49;18,56;<1,000 (very small rural);ALCARRIA ALTA;Guadalajara;Castilla-La Mancha
31231;Torres del Río;115,0;16,35;<=30 km;-17,95;0,0;-5,74;<1,000 (very small rural);TIERRA ESTELLA;Navarra;Comunidad Foral de Navarra
40108;Laguna de Contreras;115,0;65,46;>60 km;-2,48;-4,5;8,49;<1,000 (very small rural);SEPULVEDA;Segovia;Castilla y León
25201;Sarroca de Bellera;115,0;90,02;>60 km;-5,51;0,0;-4,17;<1,000 (very small rural);PALLARS JUSSA;Lleida;Cataluña/Catalunya
10208;Villa del Rey;116,0;44,35;30-60 km;-12,5;-5,88;-9,38;<1,000 (very small rural);BROZAS;Cáceres;Extremadura
22114;Gistaín;116,0;87,47;>60 km;-5,33;-10,74;-12,78;<1,000 (very small rural);SOBRARBE;Huesca;Aragón
12055;Xodos/Chodos;116,0;33,39;30-60 km;-8,0;-3,54;6,42;<1,000 (very small rural);PEÑAGOLOSA;Castelló/Castellón;Comunitat Valenciana
02047;Masegoso;116,0;44,86;30-60 km;-1,71;-7,08;10,48;<1,000 (very small rural);SIERRA ALCARAZ;Albacete;Castilla-La Mancha
47183;Valdunquillo;116,0;62,27;>60 km;-19,43;3,76;-15,94;<1,000 (very small rural);TIERRA DE CAMPOS;Valladolid;Castilla y León
22221;Sesué;116,0;88,35;>60 km;-3,82;-3,15;-5,69;<1,000 (very small rural);RIBARGORZA;Huesca;Aragón
03032;Benifallim;116,0;9,62;<=30 km;-3,48;-4,63;12,62;<1,000 (very small rural);MONTAÑA;Alacant/Alicante;Comunitat Valenciana
31181;Navascués/Nabaskoze;116,0;44,83;30-60 km;-16,67;-12,68;-6,45;<1,000 (very small rural);PIRINEOS;Navarra;Comunidad Foral de Navarra
09175;Humada;116,0;46,82;30-60 km;-11,97;1,65;-5,69;<1,000 (very small rural);PARAMOS;Burgos;Castilla y León
49027;Brime de Sog;116,0;63,54;>60 km;-20,44;-4,48;-9,38;<1,000 (very small rural);BENAVENTE Y LOS VALLES;Zamora;Castilla y León
49265;Villardiegua de la Ribera;116,0;32,7;30-60 km;-11,26;-10,32;2,65;<1,000 (very small rural);SAYAGO;Zamora;Castilla y León
49086;Gallegos del Pan;116,0;20,38;<=30 km;-17,02;-2,68;6,42;<1,000 (very small rural);CAMPOS-PAN;Zamora;Castilla y León
50031;Aranda de Moncayo;117,0;72,24;>60 km;-16,35;-12,5;-16,43;<1,000 (very small rural);CALATAYUD;Zaragoza;Aragón
19065;Cantalojas;117,0;65,85;>60 km;-11,05;1,39;-19,86;<1,000 (very small rural);SIERRA;Guadalajara;Castilla-La Mancha
44173;Los Olmos;117,0;94,6;>60 km;-6,87;-3,28;-0,85;<1,000 (very small rural);BAJO ARAGON;Teruel;Aragón
05191;Pradosegar;117,0;38,82;30-60 km;-13,73;-17,46;12,5;<1,000 (very small rural);AVILA;Ávila;Castilla y León
44222;Torrecilla del Rebollar;117,0;85,7;>60 km;-6,85;-3,94;-4,1;<1,000 (very small rural);SERRANIA DE MONTALBAN;Teruel;Aragón
49258;Villanueva de Campeán;117,0;18,52;<=30 km;-21,62;0,87;0,86;<1,000 (very small rural);DUERO BAJO;Zamora;Castilla y León
05123;Mediana de Voltoya;117,0;9,1;<=30 km;0,0;13,33;-1,68;<1,000 (very small rural);AVILA;Ávila;Castilla y León
34091;Lagartos;117,0;53,94;30-60 km;-6,21;-5,88;-8,59;<1,000 (very small rural);SALDAÑA-VALDAVIA;Palencia;Castilla y León
40231;Yanguas de Eresma;117,0;19,39;<=30 km;-6,04;-5,97;-7,14;<1,000 (very small rural);CUELLAR;Segovia;Castilla y León
49057;Cubo de Benavente;117,0;51,88;30-60 km;-11,19;4,35;-2,5;<1,000 (very small rural);BENAVENTE Y LOS VALLES;Zamora;Castilla y León
40059;Collado Hermoso;118,0;25,97;<=30 km;-23,78;4,88;-8,53;<1,000 (very small rural);SEGOVIA;Segovia;Castilla y León
47232;La Zarza;118,0;43,79;30-60 km;-7,94;3,51;0,0;<1,000 (very small rural);SURESTE;Valladolid;Castilla y León
50171;Moneva;118,0;60,7;>60 km;-20,16;28,72;-2,48;<1,000 (very small rural);ZARAGOZA;Zaragoza;Aragón
44082;Corbalán;118,0;88,09;>60 km;6,86;-0,92;9,26;<1,000 (very small rural);HOYA DE TERUEL;Teruel;Aragón
09374;Susinos del Páramo;118,0;23,36;<=30 km;-11,97;9,71;4,42;<1,000 (very small rural);ARLANZON;Burgos;Castilla y León
19120;Fuentelahiguera de Albatages;118,0;19,32;<=30 km;-3,03;0,76;-10,61;<1,000 (very small rural);CAMPIÑA;Guadalajara;Castilla-La Mancha
03016;Almudaina;118,0;16,53;<=30 km;-13,74;12,5;0,85;<1,000 (very small rural);MONTAÑA;Alacant/Alicante;Comunitat Valenciana
34127;Perales;118,0;21,78;<=30 km;-38,71;1,11;29,67;<1,000 (very small rural);CAMPOS;Palencia;Castilla y León
12090;Pina de Montalgrao;118,0;45,41;30-60 km;-18,79;0,0;3,51;<1,000 (very small rural);PALANCIA;Castelló/Castellón;Comunitat Valenciana
49040;Castrillo de la Guareña;118,0;42,4;30-60 km;-4,65;-4,13;1,72;<1,000 (very small rural);DUERO BAJO;Zamora;Castilla y León
22107;Fanlo;118,0;63,53;>60 km;-22,73;6,19;14,56;<1,000 (very small rural);SOBRARBE;Huesca;Aragón
16051;Cañaveruelas;118,0;51,38;30-60 km;-22,35;-5,8;-9,23;<1,000 (very small rural);ALCARRIA;Cuenca;Castilla-La Mancha
19242;Romanones;118,0;17,85;<=30 km;-17,56;4,0;13,46;<1,000 (very small rural);CAMPIÑA;Guadalajara;Castilla-La Mancha
09232;Neila;119,0;62,62;>60 km;-23,83;-8,86;-17,36;<1,000 (very small rural);DEMANDA;Burgos;Castilla y León
47059;Curiel de Duero;119,0;53,9;30-60 km;-1,53;-6,35;0,85;<1,000 (very small rural);SURESTE;Valladolid;Castilla y León
43151;La Torre de Fontaubella;119,0;21,72;<=30 km;-2,14;-6,57;-7,03;<1,000 (very small rural);PRIORAT;Tarragona;Cataluña/Catalunya
31148;Legaria;119,0;30,03;30-60 km;-14,04;-1,82;10,19;<1,000 (very small rural);TIERRA ESTELLA;Navarra;Comunidad Foral de Navarra
16006;Albendea;119,0;45,43;30-60 km;-17,2;-2,4;-2,46;<1,000 (very small rural);ALCARRIA;Cuenca;Castilla-La Mancha
37340;Valsalabroso;119,0;70,21;>60 km;-8,93;-10,74;-10,53;<1,000 (very small rural);VITIGUDINO;Salamanca;Castilla y León
49192;San Miguel del Valle;119,0;61,84;>60 km;-26,06;-9,22;-7,03;<1,000 (very small rural);BENAVENTE Y LOS VALLES;Zamora;Castilla y León
31003;Abaurregaina/Abaurrea Alta;119,0;37,93;30-60 km;-9,49;5,79;-7,03;<1,000 (very small rural);PIRINEOS;Navarra;Comunidad Foral de Navarra
44175;Orrios;119,0;97,31;>60 km;-16,99;3,17;-8,46;<1,000 (very small rural);HOYA DE TERUEL;Teruel;Aragón
40017;Anaya;119,0;15,55;<=30 km;-16,78;-6,87;-2,46;<1,000 (very small rural);CUELLAR;Segovia;Castilla y León
26068;Gimileo;120,0;31,41;30-60 km;-30,99;-2,59;6,19;<1,000 (very small rural);RIOJA ALTA;La Rioja;La Rioja
37214;Nava de Francia;120,0;60,82;>60 km;0,72;-9,92;1,69;<1,000 (very small rural);LA SIERRA;Salamanca;Castilla y León
44055;Camarillas;120,0;93,02;>60 km;-31,54;-4,65;46,34;<1,000 (very small rural);SERRANIA DE MONTALBAN;Teruel;Aragón
40081;Frumales;120,0;52,21;30-60 km;-33,14;-4,31;8,11;<1,000 (very small rural);CUELLAR;Segovia;Castilla y León
09288;Quintanapalla;120,0;13,86;<=30 km;2,75;5,41;2,56;<1,000 (very small rural);ARLANZON;Burgos;Castilla y León
40230;Villeguillo;120,0;48,42;30-60 km;-33,33;-7,21;16,5;<1,000 (very small rural);CUELLAR;Segovia;Castilla y León
24217;Villamoratiel de las Matas;120,0;30,09;30-60 km;2,52;-18,35;-6,98;<1,000 (very small rural);ESLA-CAMPOS;León;Castilla y León
25022;Alòs de Balaguer;120,0;44,3;30-60 km;-7,25;-6,87;-1,64;<1,000 (very small rural);NOGUERA;Lleida;Cataluña/Catalunya
37321;Tenebrón;121,0;69,56;>60 km;-8,77;-10,6;-10,37;<1,000 (very small rural);CIUDAD RODRIGO;Salamanca;Castilla y León
09405;Valdezate;121,0;68,2;>60 km;-10,97;-8,82;-2,42;<1,000 (very small rural);LA RIBERA;Burgos;Castilla y León
49225;Uña de Quintana;121,0;57,48;30-60 km;-19,43;-3,57;-10,37;<1,000 (very small rural);BENAVENTE Y LOS VALLES;Zamora;Castilla y León
46152;Llocnou de la Corona;121,0;2,03;<=30 km;-25,64;5,08;-2,42;<1,000 (very small rural);HUERTA DE VALENCIA;València/Valencia;Comunitat Valenciana
25154;Els Omells de na Gaia;121,0;38,88;30-60 km;-7,53;-5,22;-4,72;<1,000 (very small rural);URGELL;Lleida;Cataluña/Catalunya
47191;Velliza;121,0;16,82;<=30 km;-7,69;9,26;2,54;<1,000 (very small rural);CENTRO;Valladolid;Castilla y León
47038;Castrillo de Duero;121,0;64,04;>60 km;-23,23;-6,36;17,48;<1,000 (very small rural);SURESTE;Valladolid;Castilla y León
44196;Riodeva;121,0;73,7;>60 km;-15,34;-11,11;-5,47;<1,000 (very small rural);HOYA DE TERUEL;Teruel;Aragón
09431;Villafranca Montes de Oca;122,0;30,51;30-60 km;-19,73;-3,36;6,09;<1,000 (very small rural);DEMANDA;Burgos;Castilla y León
37251;Peromingo;122,0;55,8;30-60 km;-14,29;2,46;-2,4;<1,000 (very small rural);LA SIERRA;Salamanca;Castilla y León
44225;Torre del Compte;122,0;85,19;>60 km;-16,67;-7,58;0,0;<1,000 (very small rural);BAJO ARAGON;Teruel;Aragón
42029;Baraona;122,0;86,73;>60 km;-21,43;-10,56;-3,94;<1,000 (very small rural);ARCOS DE JALON;Soria;Castilla y León
50266;Trasobares;122,0;58,25;30-60 km;-17,12;7,5;-5,43;<1,000 (very small rural);LA ALMUNIA DE DOÑA GODINA;Zaragoza;Aragón
49150;Peque;122,0;52,7;30-60 km;-25,0;-5,26;-3,17;<1,000 (very small rural);SANABRIA;Zamora;Castilla y León
09449;Villanueva de Argaño;122,0;21,49;<=30 km;-1,82;5,56;7,02;<1,000 (very small rural);ARLANZON;Burgos;Castilla y León
31037;Arruazu;122,0;31,63;30-60 km;-9,82;-5,66;22,0;<1,000 (very small rural);NORD OCCIDENTAL;Navarra;Comunidad Foral de Navarra
26150;Tormantos;122,0;50,66;30-60 km;-14,84;-16,55;5,17;<1,000 (very small rural);RIOJA ALTA;La Rioja;La Rioja
09189;Junta de Traslaloma;122,0;41,83;30-60 km;-17,42;-6,11;-0,81;<1,000 (very small rural);MERINDADES;Burgos;Castilla y León
09277;Puentedura;122,0;34,9;30-60 km;-10,87;4,35;1,67;<1,000 (very small rural);ARLANZA;Burgos;Castilla y León
43058;La Figuera;122,0;34,75;30-60 km;-23,31;12,5;4,27;<1,000 (very small rural);PRIORAT;Tarragona;Cataluña/Catalunya
22051;Bárcabo;122,0;42,96;30-60 km;-15,08;0,95;15,09;<1,000 (very small rural);SOMONTANO;Huesca;Aragón
34132;Población de Campos;122,0;32,55;30-60 km;-2,14;3,05;-9,63;<1,000 (very small rural);CAMPOS;Palencia;Castilla y León
47216;Villán de Tordesillas;122,0;14,36;<=30 km;-12,14;-3,91;-0,81;<1,000 (very small rural);CENTRO;Valladolid;Castilla y León
25910;Josa i Tuixén;122,0;61,29;>60 km;-15,44;-15,25;22,0;<1,000 (very small rural);ALT URGELL;Lleida;Cataluña/Catalunya
42171;Serón de Nágima;122,0;107,49;>60 km;-31,25;-5,8;-6,15;<1,000 (very small rural);CAMPO DE GOMARA;Soria;Castilla y León
42158;Rioseco de Soria;123,0;97,54;>60 km;-12,77;-0,79;-1,6;<1,000 (very small rural);SORIA;Soria;Castilla y León
16902;Valdetórtola;123,0;34,63;30-60 km;-17,65;-4,62;-0,81;<1,000 (very small rural);SERRANIA MEDIA;Cuenca;Castilla-La Mancha
31213;Saldías;123,0;25,72;<=30 km;2,59;-1,72;7,89;<1,000 (very small rural);NORD OCCIDENTAL;Navarra;Comunidad Foral de Navarra
40003;Adrados;123,0;52,12;30-60 km;-12,66;-10,07;-1,6;<1,000 (very small rural);CUELLAR;Segovia;Castilla y León
16141;Olmeda del Rey;123,0;42,57;30-60 km;-16,46;-2,26;-5,38;<1,000 (very small rural);SERRANIA MEDIA;Cuenca;Castilla-La Mancha
09387;Torregalindo;123,0;81,44;>60 km;-6,99;-4,76;2,5;<1,000 (very small rural);LA RIBERA;Burgos;Castilla y León
43141;Pontils;123,0;36,75;30-60 km;-11,94;21,05;-10,87;<1,000 (very small rural);CONCA DE BARBERA;Tarragona;Cataluña/Catalunya
42018;Almaluez;124,0;104,9;>60 km;-22,11;-10,79;0,0;<1,000 (very small rural);ARCOS DE JALON;Soria;Castilla y León
19184;Millana;124,0;53,0;30-60 km;-27,15;5,88;14,81;<1,000 (very small rural);ALCARRIA BAJA;Guadalajara;Castilla-La Mancha
44021;Allepuz;124,0;77,52;>60 km;0,0;1,59;-3,12;<1,000 (very small rural);MAESTRAZGO;Teruel;Aragón
31039;Artazu;124,0;21,07;<=30 km;-3,31;-0,85;5,98;<1,000 (very small rural);CUENCA PAMPLONA;Navarra;Comunidad Foral de Navarra
50141;Lituénigo;124,0;72,1;>60 km;-5,56;-6,3;4,2;<1,000 (very small rural);BORJA;Zaragoza;Aragón
37236;Pedrosillo de Alba;124,0;28,53;<=30 km;-8,07;-11,97;-0,8;<1,000 (very small rural);ALBA DE TORMES;Salamanca;Castilla y León
20037;Gaintza;124,0;29,23;<=30 km;-2,31;-2,33;-1,59;<1,000 (very small rural);GOIERRI;Gipuzkoa;País Vasco/Euskadi
40130;Montejo de la Vega de la Serrezuela;124,0;85,62;>60 km;-5,62;-4,73;-12,06;<1,000 (very small rural);SEPULVEDA;Segovia;Castilla y León
26063;Fonzaleche;124,0;38,74;30-60 km;-10,67;8,96;-15,07;<1,000 (very small rural);RIOJA ALTA;La Rioja;La Rioja
50237;Santa Cruz de Moncayo;124,0;72,48;>60 km;-6,92;7,2;-7,46;<1,000 (very small rural);BORJA;Zaragoza;Aragón
49216;Tapioles;124,0;45,25;30-60 km;-13,51;-12,03;-10,79;<1,000 (very small rural);CAMPOS-PAN;Zamora;Castilla y León
02013;Balsa de Ves;124,0;61,74;>60 km;-36,15;-14,0;-3,88;<1,000 (very small rural);MANCHUELA;Albacete;Castilla-La Mancha
16131;Monteagudo de las Salinas;124,0;44,38;30-60 km;-31,43;8,18;4,2;<1,000 (very small rural);SERRANIA MEDIA;Cuenca;Castilla-La Mancha
37154;Guadramiro;124,0;68,87;>60 km;-9,52;-8,28;-6,77;<1,000 (very small rural);VITIGUDINO;Salamanca;Castilla y León
49005;Alfaraz de Sayago;124,0;35,19;30-60 km;-19,53;5,38;-9,49;<1,000 (very small rural);SAYAGO;Zamora;Castilla y León
34070;Espinosa de Cerrato;124,0;49,41;30-60 km;-18,56;-10,07;-7,46;<1,000 (very small rural);EL CERRATO;Palencia;Castilla y León
10028;Berrocalejo;124,0;45,44;30-60 km;-27,66;12,09;21,57;<1,000 (very small rural);NAVALMORAL DE LA MATA;Cáceres;Extremadura
26128;Sajazarra;125,0;35,95;30-60 km;-5,11;-0,77;-3,1;<1,000 (very small rural);RIOJA ALTA;La Rioja;La Rioja
05194;Riocabado;125,0;23,47;<=30 km;-14,2;-10,27;-4,58;<1,000 (very small rural);AREVALO-MADRIGAL;Ávila;Castilla y León
16240;Vellisca;125,0;57,96;30-60 km;-26,62;12,0;11,61;<1,000 (very small rural);ALCARRIA;Cuenca;Castilla-La Mancha
25218;Tarrés;125,0;32,3;30-60 km;-8,33;6,06;19,05;<1,000 (very small rural);GARRIGUES;Lleida;Cataluña/Catalunya
10145;Piedras Albas;125,0;62,4;>60 km;-14,89;-8,05;-8,76;<1,000 (very small rural);BROZAS;Cáceres;Extremadura
37115;Dios le Guarde;125,0;64,52;>60 km;-16,46;-7,87;6,84;<1,000 (very small rural);CIUDAD RODRIGO;Salamanca;Castilla y León
49220;La Torre del Valle;125,0;56,05;30-60 km;-9,52;-5,48;-9,42;<1,000 (very small rural);BENAVENTE Y LOS VALLES;Zamora;Castilla y León
50276;Valpalmas;126,0;34,95;30-60 km;-17,68;-4,93;-6,67;<1,000 (very small rural);EGEA DE LOS CABALLEROS;Zaragoza;Aragón
22029;Antillón;126,0;24,26;<=30 km;5,48;-8,05;-8,03;<1,000 (very small rural);HOYA DE HUESCA;Huesca;Aragón
02028;Cotillas;126,0;79,43;>60 km;-19,25;4,69;-5,97;<1,000 (very small rural);SIERRA ALCARAZ;Albacete;Castilla-La Mancha
12025;Benafigos;126,0;33,29;30-60 km;-8,07;-2,68;-13,1;<1,000 (very small rural);LLANOS CENTRALES;Castelló/Castellón;Comunitat Valenciana
24081;Gusendos de los Oteros;126,0;26,16;<=30 km;-8,0;-0,78;-0,79;<1,000 (very small rural);ESLA-CAMPOS;León;Castilla y León
31141;Lapoblación;126,0;15,17;<=30 km;-19,35;5,88;0,0;<1,000 (very small rural);TIERRA ESTELLA;Navarra;Comunidad Foral de Navarra
25089;Farrera;127,0;95,48;>60 km;-13,57;-4,92;9,48;<1,000 (very small rural);PALLARS SOBIRA;Lleida;Cataluña/Catalunya
06114;Risco;127,0;99,26;>60 km;-7,41;-7,8;-2,31;<1,000 (very small rural);PUEBLA ALCOCER;Badajoz;Extremadura
37199;Monsagro;127,0;69,68;>60 km;-15,57;-4,93;-5,93;<1,000 (very small rural);CIUDAD RODRIGO;Salamanca;Castilla y León
42145;Quintanas de Gormaz;127,0;98,53;>60 km;-5,16;-8,44;-9,93;<1,000 (very small rural);SORIA;Soria;Castilla y León
49267;Villardondiego;127,0;34,86;30-60 km;-20,83;-2,88;25,74;<1,000 (very small rural);CAMPOS-PAN;Zamora;Castilla y León
49078;Friera de Valverde;127,0;43,05;30-60 km;-25,66;-11,25;-10,56;<1,000 (very small rural);BENAVENTE Y LOS VALLES;Zamora;Castilla y León
26132;San Román de Cameros;127,0;26,47;<=30 km;-17,16;-7,75;-3,05;<1,000 (very small rural);SIERRA RIOJA MEDIA;La Rioja;La Rioja
12118;Torrechiva;127,0;26,82;<=30 km;-24,51;25,68;36,56;<1,000 (very small rural);PALANCIA;Castelló/Castellón;Comunitat Valenciana
44053;Camañas;127,0;85,36;>60 km;3,2;12,9;-9,29;<1,000 (very small rural);HOYA DE TERUEL;Teruel;Aragón
05177;Pajares de Adaja;127,0;28,5;<=30 km;-17,87;-11,04;-7,3;<1,000 (very small rural);AREVALO-MADRIGAL;Ávila;Castilla y León
25196;Sant Esteve de la Sarga;127,0;51,96;30-60 km;-5,8;-5,43;4,1;<1,000 (very small rural);PALLARS JUSSA;Lleida;Cataluña/Catalunya
16274;Víllora;127,0;60,95;>60 km;-24,24;-6,25;5,83;<1,000 (very small rural);SERRANIA BAJA;Cuenca;Castilla-La Mancha
50275;Valmadrid;127,0;25,95;<=30 km;16,98;-12,5;29,59;<1,000 (very small rural);ZARAGOZA;Zaragoza;Aragón
49061;Entrala;127,0;9,35;<=30 km;0,0;-5,77;-13,61;<1,000 (very small rural);DUERO BAJO;Zamora;Castilla y León
19013;Alcoroches;127,0;51,11;30-60 km;-21,69;2,4;-0,78;<1,000 (very small rural);MOLINA DE ARAGON;Guadalajara;Castilla-La Mancha
42081;Espejón;128,0;65,94;>60 km;-12,06;-12,5;-12,93;<1,000 (very small rural);BURGO DE OSMA;Soria;Castilla y León
47046;Castroponce;128,0;52,58;30-60 km;-9,94;0,68;-13,51;<1,000 (very small rural);TIERRA DE CAMPOS;Valladolid;Castilla y León
34060;Cobos de Cerrato;128,0;44,52;30-60 km;-10,13;-5,76;-2,29;<1,000 (very small rural);EL CERRATO;Palencia;Castilla y León
24129;Reyero;128,0;50,73;30-60 km;-3,85;6,5;-2,29;<1,000 (very small rural);LA MONTAÑA DE RIAÑO;León;Castilla y León
22011;Albero Alto;128,0;11,08;<=30 km;-14,93;12,38;8,47;<1,000 (very small rural);HOYA DE HUESCA;Huesca;Aragón
16049;El Cañavate;128,0;75,11;>60 km;-6,1;-7,28;-8,57;<1,000 (very small rural);MANCHA ALTA;Cuenca;Castilla-La Mancha
37337;Valderrodrigo;128,0;71,56;>60 km;-4,97;-10,53;-5,88;<1,000 (very small rural);VITIGUDINO;Salamanca;Castilla y León
09395;Tubilla del Agua;128,0;42,01;30-60 km;-18,44;5,97;-9,86;<1,000 (very small rural);PARAMOS;Burgos;Castilla y León
16142;Olmedilla de Alarcón;128,0;65,83;>60 km;3,25;-5,96;-9,86;<1,000 (very small rural);MANCHUELA;Cuenca;Castilla-La Mancha
04009;Alcudia de Monteagud;128,0;40,48;30-60 km;-8,07;-4,44;-0,78;<1,000 (very small rural);CAMPO TABERNAS;Almería;Andalucía
49111;Manzanal del Barco;128,0;17,02;<=30 km;-16,67;3,17;-1,54;<1,000 (very small rural);ALISTE;Zamora;Castilla y León
43173;La Vilella Alta;128,0;29,9;<=30 km;-9,29;-0,76;-2,29;<1,000 (very small rural);PRIORAT;Tarragona;Cataluña/Catalunya
31212;Sada;128,0;34,13;30-60 km;-22,56;-5,56;-5,88;<1,000 (very small rural);NAVARRA MEDIA;Navarra;Comunidad Foral de Navarra
09173;Huerta de Arriba;128,0;57,88;30-60 km;-3,7;-3,76;0,0;<1,000 (very small rural);DEMANDA;Burgos;Castilla y León
34063;Cordovilla la Real;129,0;29,87;<=30 km;-30,88;5,38;31,63;<1,000 (very small rural);EL CERRATO;Palencia;Castilla y León
05175;El Oso;129,0;23,44;<=30 km;-17,92;-13,37;-13,42;<1,000 (very small rural);AREVALO-MADRIGAL;Ávila;Castilla y León
16034;Belmontejo;129,0;51,93;30-60 km;-17,35;-13,33;-9,79;<1,000 (very small rural);MANCHA ALTA;Cuenca;Castilla-La Mancha
43015;Arbolí;129,0;17,0;<=30 km;7,89;8,62;2,38;<1,000 (very small rural);BAIX CAMP;Tarragona;Cataluña/Catalunya
22020;Alfántega;129,0;41,81;30-60 km;3,85;4,72;-3,01;<1,000 (very small rural);LA LITERA;Huesca;Aragón
45129;Paredes de Escalona;129,0;45,19;30-60 km;-20,37;-7,56;17,27;<1,000 (very small rural);TORRIJOS;Toledo;Castilla-La Mancha
37055;Bogajo;129,0;71,92;>60 km;-8,44;-2,19;-3,73;<1,000 (very small rural);VITIGUDINO;Salamanca;Castilla y León
43017;L'Argentera;129,0;18,33;<=30 km;-15,09;-2,33;2,38;<1,000 (very small rural);BAIX CAMP;Tarragona;Cataluña/Catalunya
26041;Cárdenas;129,0;27,57;<=30 km;-17,03;-8,84;-3,73;<1,000 (very small rural);RIOJA ALTA;La Rioja;La Rioja
09329;Salas de Bureba;129,0;41,83;30-60 km;-8,22;3,05;-4,44;<1,000 (very small rural);BUREBA-EBRO;Burgos;Castilla y León
31052;Belascoáin;129,0;16,29;<=30 km;-3,15;-6,4;10,26;<1,000 (very small rural);CUENCA PAMPLONA;Navarra;Comunidad Foral de Navarra
16024;Arguisuelas;129,0;43,76;30-60 km;1,32;-8,16;-4,44;<1,000 (very small rural);SERRANIA BAJA;Cuenca;Castilla-La Mancha
20020;Beizama;130,0;25,66;<=30 km;-10,44;-4,64;-9,72;<1,000 (very small rural);UROLA COSTA;Gipuzkoa;País Vasco/Euskadi
16110;Huerta de la Obispalía;130,0;48,54;30-60 km;13,56;1,61;3,17;<1,000 (very small rural);MANCHA ALTA;Cuenca;Castilla-La Mancha
42155;Retortillo de Soria;130,0;77,62;>60 km;-22,48;-1,84;-18,75;<1,000 (very small rural);BURGO DE OSMA;Soria;Castilla y León
44235;Tramacastilla;130,0;43,42;30-60 km;-9,32;-0,94;23,81;<1,000 (very small rural);SERRANIA DE ALBARRACIN;Teruel;Aragón
34019;Autillo de Campos;130,0;26,34;<=30 km;-11,11;0,76;-1,52;<1,000 (very small rural);CAMPOS;Palencia;Castilla y León
47096;Morales de Campos;130,0;39,71;30-60 km;-13,04;-0,7;-7,8;<1,000 (very small rural);TIERRA DE CAMPOS;Valladolid;Castilla y León
44163;Noguera de Albarracín;130,0;42,24;30-60 km;-9,46;6,77;-8,45;<1,000 (very small rural);SERRANIA DE ALBARRACIN;Teruel;Aragón
16101;El Hito;130,0;73,8;>60 km;-14,92;11,97;-18,24;<1,000 (very small rural);MANCHA ALTA;Cuenca;Castilla-La Mancha
16067;Castejón;130,0;51,03;30-60 km;-11,23;-21,29;6,56;<1,000 (very small rural);ALCARRIA;Cuenca;Castilla-La Mancha
50180;Mozota;130,0;24,76;<=30 km;20,35;-4,62;4,84;<1,000 (very small rural);ZARAGOZA;Zaragoza;Aragón
26174;Villarta-Quintana;130,0;50,1;30-60 km;-13,25;-2,86;-4,41;<1,000 (very small rural);RIOJA ALTA;La Rioja;La Rioja
16094;Gascueña;130,0;47,07;30-60 km;-20,66;-3,9;-12,16;<1,000 (very small rural);ALCARRIA;Cuenca;Castilla-La Mancha
22094;Chalamera;131,0;35,84;30-60 km;-9,02;5,56;14,91;<1,000 (very small rural);BAJO CINCA;Huesca;Aragón
46252;Vallanca;131,0;56,98;30-60 km;-23,08;7,94;-3,68;<1,000 (very small rural);RINCON DE ADEMUZ;València/Valencia;Comunitat Valenciana
37072;Calzada de Don Diego;131,0;19,84;<=30 km;-14,57;-8,07;-11,49;<1,000 (very small rural);SALAMANCA;Salamanca;Castilla y León
12002;Aín;131,0;19,3;<=30 km;-8,51;8,0;-2,96;<1,000 (very small rural);PALANCIA;Castelló/Castellón;Comunitat Valenciana
31160;Luquin;131,0;29,02;<=30 km;-7,25;1,54;-0,76;<1,000 (very small rural);TIERRA ESTELLA;Navarra;Comunidad Foral de Navarra
49229;Valdescorriel;131,0;61,73;>60 km;-9,09;-5,97;3,97;<1,000 (very small rural);BENAVENTE Y LOS VALLES;Zamora;Castilla y León
28124;Robledillo de la Jara;131,0;36,88;30-60 km;-15,53;11,49;35,05;<1,000 (very small rural);LOZOYA SOMOSIERRA;Madrid;Comunidad de Madrid
37049;Bermellar;131,0;83,11;>60 km;-19,53;0,76;-1,5;<1,000 (very small rural);VITIGUDINO;Salamanca;Castilla y León
44226;Torrelacárcel;131,0;76,93;>60 km;-20,66;-7,79;-7,75;<1,000 (very small rural);CUENCA DEL JILOCA;Teruel;Aragón
16097;Henarejos;131,0;60,3;>60 km;-24,26;-5,52;-4,38;<1,000 (very small rural);SERRANIA BAJA;Cuenca;Castilla-La Mancha
08280;Tavertet;131,0;35,93;30-60 km;-18,31;1,8;15,93;<1,000 (very small rural);OSONA;Barcelona;Cataluña/Catalunya
31113;Garde;131,0;61,81;>60 km;-12,94;-6,16;-4,38;<1,000 (very small rural);PIRINEOS;Navarra;Comunidad Foral de Navarra
03020;Balones;131,0;17,37;<=30 km;-20,99;9,84;-2,24;<1,000 (very small rural);MONTAÑA;Alacant/Alicante;Comunitat Valenciana
44266;Visiedo;131,0;92,71;>60 km;-8,78;-0,8;5,65;<1,000 (very small rural);HOYA DE TERUEL;Teruel;Aragón
25128;Llimiana;131,0;55,59;30-60 km;-22,4;9,15;-15,48;<1,000 (very small rural);PALLARS JUSSA;Lleida;Cataluña/Catalunya
26162;Valgañón;132,0;49,77;30-60 km;9,38;3,01;-3,65;<1,000 (very small rural);SIERRA RIOJA ALTA;La Rioja;La Rioja
40905;Cuevas de Provanco;132,0;70,08;>60 km;-10,53;-5,93;3,94;<1,000 (very small rural);SEPULVEDA;Segovia;Castilla y León
22229;Tolva;132,0;55,97;30-60 km;-20,62;2,44;4,76;<1,000 (very small rural);RIBARGORZA;Huesca;Aragón
22090;Colungo;132,0;41,55;30-60 km;-16,9;3,51;11,86;<1,000 (very small rural);SOMONTANO;Huesca;Aragón
25088;Estamariu;132,0;77,62;>60 km;0,81;8,4;2,33;<1,000 (very small rural);ALT URGELL;Lleida;Cataluña/Catalunya
37028;Almendra;132,0;53,97;30-60 km;-13,68;-10,83;-5,71;<1,000 (very small rural);VITIGUDINO;Salamanca;Castilla y León
16072;Castillo de Garcimuñoz;132,0;66,85;>60 km;-21,2;-7,91;3,12;<1,000 (very small rural);MANCHA ALTA;Cuenca;Castilla-La Mancha
08130;Montclar;132,0;33,43;30-60 km;8,04;5,43;-2,94;<1,000 (very small rural);BERGUEDA;Barcelona;Cataluña/Catalunya
37002;Agallas;132,0;86,71;>60 km;-5,56;-12,33;3,12;<1,000 (very small rural);CIUDAD RODRIGO;Salamanca;Castilla y León
34233;Villasarracino;132,0;47,32;30-60 km;-13,66;-3,5;-4,35;<1,000 (very small rural);CAMPOS;Palencia;Castilla y León
37381;La Zarza de Pumareda;133,0;79,23;>60 km;-3,18;-6,76;-3,62;<1,000 (very small rural);VITIGUDINO;Salamanca;Castilla y León
09361;Sargentes de la Lora;133,0;46,58;30-60 km;-20,83;0,88;15,65;<1,000 (very small rural);PARAMOS;Burgos;Castilla y León
50106;Los Fayos;133,0;75,02;>60 km;-11,11;-4,96;-0,75;<1,000 (very small rural);BORJA;Zaragoza;Aragón
50117;Gallocanta;133,0;90,81;>60 km;3,85;-16,88;3,91;<1,000 (very small rural);DAROCA;Zaragoza;Aragón
19074;Caspueñas;133,0;18,29;<=30 km;-20,72;39,76;14,66;<1,000 (very small rural);CAMPIÑA;Guadalajara;Castilla-La Mancha
37212;Navacarros;133,0;64,23;>60 km;-21,21;23,47;9,92;<1,000 (very small rural);LA SIERRA;Salamanca;Castilla y León
05012;Amavida;133,0;36,45;30-60 km;-20,11;-5,19;3,91;<1,000 (very small rural);AVILA;Ávila;Castilla y León
40092;Fuentidueña;133,0;54,42;30-60 km;18,49;-7,04;0,76;<1,000 (very small rural);SEPULVEDA;Segovia;Castilla y León
31187;Oiz;133,0;26,43;<=30 km;-12,16;9,09;0,76;<1,000 (very small rural);NORD OCCIDENTAL;Navarra;Comunidad Foral de Navarra
50003;Agón;133,0;46,08;30-60 km;-10,98;-7,53;-1,48;<1,000 (very small rural);BORJA;Zaragoza;Aragón
44042;Blancas;134,0;81,12;>60 km;-12,99;5,6;1,52;<1,000 (very small rural);CUENCA DEL JILOCA;Teruel;Aragón
09038;Barbadillo del Mercado;134,0;43,17;30-60 km;-20,37;0,7;-6,94;<1,000 (very small rural);DEMANDA;Burgos;Castilla y León
37012;Alconada;134,0;26,41;<=30 km;-4,19;-7,1;-6,94;<1,000 (very small rural);PEÑARANDA DE BRACAMONTE;Salamanca;Castilla y León
05183;Pedro-Rodríguez;134,0;32,68;30-60 km;-25,25;-3,57;-0,74;<1,000 (very small rural);AREVALO-MADRIGAL;Ávila;Castilla y León
03060;Quatretondeta;134,0;17,99;<=30 km;-4,39;-3,31;14,53;<1,000 (very small rural);MONTAÑA;Alacant/Alicante;Comunitat Valenciana
09345;Santa Cruz de la Salceda;134,0;84,79;>60 km;-19,19;-5,71;1,52;<1,000 (very small rural);LA RIBERA;Burgos;Castilla y León
13030;Caracuel de Calatrava;134,0;17,14;<=30 km;-16,07;-16,55;15,52;<1,000 (very small rural);CAMPO DE CALATRAVA;Ciudad Real;Castilla-La Mancha
25111;Guixers;134,0;49,06;30-60 km;4,48;-8,7;6,35;<1,000 (very small rural);SOLSONES;Lleida;Cataluña/Catalunya
34028;Báscones de Ojeda;134,0;77,33;>60 km;-10,24;-4,17;-2,9;<1,000 (very small rural);BOEDO-OJEDA;Palencia;Castilla y León
40183;San Miguel de Bernuy;134,0;57,63;30-60 km;-18,93;2,22;-2,9;<1,000 (very small rural);SEPULVEDA;Segovia;Castilla y León
18121;Lobras;134,0;30,59;30-60 km;-7,5;-12,16;3,08;<1,000 (very small rural);LAS ALPUJARRAS;Granada;Andalucía
05257;Villafranca de la Sierra;134,0;48,2;30-60 km;-18,99;6,82;-4,96;<1,000 (very small rural);BARCO AVILA-PIEDRAHITA;Ávila;Castilla y León
50109;El Frago;134,0;44,96;30-60 km;0,0;16,16;16,52;<1,000 (very small rural);EGEA DE LOS CABALLEROS;Zaragoza;Aragón
40054;Cerezo de Arriba;134,0;64,26;>60 km;-33,0;-2,9;0,0;<1,000 (very small rural);SEGOVIA;Segovia;Castilla y León
40199;Sotosalbos;135,0;23,72;<=30 km;-19,71;21,24;-1,46;<1,000 (very small rural);SEGOVIA;Segovia;Castilla y León
12083;Olocau del Rey;135,0;75,87;>60 km;-15,11;0,0;15,38;<1,000 (very small rural);ALTO MAESTRAZGO;Castelló/Castellón;Comunitat Valenciana
34067;Dehesa de Montejo;135,0;69,08;>60 km;-8,0;-6,62;6,3;<1,000 (very small rural);CERVERA;Palencia;Castilla y León
05232;La Serrada;135,0;12,4;<=30 km;1,74;20,72;0,75;<1,000 (very small rural);AVILA;Ávila;Castilla y León
37238;Pedrosillo el Ralo;135,0;15,03;<=30 km;-9,86;-3,17;10,66;<1,000 (very small rural);SALAMANCA;Salamanca;Castilla y León
49006;Algodre;135,0;18,28;<=30 km;-12,57;-6,9;0,0;<1,000 (very small rural);CAMPOS-PAN;Zamora;Castilla y León
33048;Pesoz;135,0;64,18;>60 km;-17,46;-3,42;-4,26;<1,000 (very small rural);VEGADEO;Asturias;Principado de Asturias
22142;Lascuarre;135,0;62,3;>60 km;-14,19;8,09;-8,16;<1,000 (very small rural);RIBARGORZA;Huesca;Aragón
44038;Belmonte de San José;135,0;98,4;>60 km;-12,4;8,85;9,76;<1,000 (very small rural);BAJO ARAGON;Teruel;Aragón
05235;Sinlabajos;135,0;48,99;30-60 km;-12,75;13,71;-4,26;<1,000 (very small rural);AREVALO-MADRIGAL;Ávila;Castilla y León
49112;Manzanal de los Infantes;135,0;51,15;30-60 km;-11,19;-2,34;8,0;<1,000 (very small rural);SANABRIA;Zamora;Castilla y León
26076;Hormilleja;135,0;23,06;<=30 km;-19,43;8,46;-4,26;<1,000 (very small rural);RIOJA ALTA;La Rioja;La Rioja
37176;Madroñal;135,0;64,13;>60 km;-9,88;-2,86;-0,74;<1,000 (very small rural);LA SIERRA;Salamanca;Castilla y León
44207;San Martín del Río;136,0;79,47;>60 km;-19,69;-7,43;-0,73;<1,000 (very small rural);CUENCA DEL JILOCA;Teruel;Aragón
22178;Pertusa;136,0;28,75;<=30 km;-2,56;17,27;5,43;<1,000 (very small rural);HOYA DE HUESCA;Huesca;Aragón
31102;Ezkurra;136,0;24,76;<=30 km;-8,88;-9,33;0,0;<1,000 (very small rural);NORD OCCIDENTAL;Navarra;Comunidad Foral de Navarra
31241;Urraul Alto;136,0;34,84;30-60 km;-22,99;6,77;-4,23;<1,000 (very small rural);PIRINEOS;Navarra;Comunidad Foral de Navarra
40044;Carrascal del Río;136,0;55,27;30-60 km;-8,48;2,04;-9,33;<1,000 (very small rural);SEPULVEDA;Segovia;Castilla y León
40026;Basardilla;136,0;19,14;<=30 km;-12,05;12,75;-19,05;<1,000 (very small rural);SEGOVIA;Segovia;Castilla y León
50218;Puebla de Albortón;136,0;32,5;30-60 km;1,67;4,17;8,8;<1,000 (very small rural);ZARAGOZA;Zaragoza;Aragón
34152;Revenga de Campos;136,0;31,5;30-60 km;-8,07;-2,65;-7,48;<1,000 (very small rural);CAMPOS;Palencia;Castilla y León
09140;Fuentenebro;136,0;75,99;>60 km;-19,75;19,05;-9,33;<1,000 (very small rural);LA RIBERA;Burgos;Castilla y León
50037;Atea;136,0;79,48;>60 km;13,28;-4,49;-8,72;<1,000 (very small rural);DAROCA;Zaragoza;Aragón
44094;Cuevas Labradas;136,0;87,08;>60 km;-6,67;4,58;-0,73;<1,000 (very small rural);HOYA DE TERUEL;Teruel;Aragón
34072;Frechilla;136,0;28,17;<=30 km;-19,7;-3,27;-8,11;<1,000 (very small rural);CAMPOS;Palencia;Castilla y León
17119;Palau de Santa Eulàlia;136,0;24,58;<=30 km;-7,69;16,84;22,52;<1,000 (very small rural);ALT EMPORDA;Girona;Cataluña/Catalunya
22105;Estopiñán del Castillo;136,0;42,21;30-60 km;-24,14;-4,76;13,33;<1,000 (very small rural);RIBARGORZA;Huesca;Aragón
47223;Villardefrades;136,0;40,08;30-60 km;-17,24;-8,38;-11,11;<1,000 (very small rural);TIERRA DE CAMPOS;Valladolid;Castilla y León
33078;Yernes y Tameza;136,0;21,48;<=30 km;-21,35;-8,57;6,25;<1,000 (very small rural);BELMONTE DE MIRANDA;Asturias;Principado de Asturias
16036;Boniches;136,0;40,74;30-60 km;-5,13;-3,47;-2,16;<1,000 (very small rural);SERRANIA BAJA;Cuenca;Castilla-La Mancha
24215;Villamol;136,0;45,74;30-60 km;-11,17;-7,41;-9,33;<1,000 (very small rural);SAHAGUN;León;Castilla y León
44206;San Agustín;137,0;50,11;30-60 km;-34,83;10,4;-0,72;<1,000 (very small rural);HOYA DE TERUEL;Teruel;Aragón
37369;Villaseco de los Gamitos;137,0;36,81;30-60 km;-17,06;-0,74;2,24;<1,000 (very small rural);LEDESMA;Salamanca;Castilla y León
24062;Cubillas de los Oteros;137,0;23,97;<=30 km;-3,8;-9,52;3,01;<1,000 (very small rural);ESLA-CAMPOS;León;Castilla y León
40192;Sauquillo de Cabezas;137,0;33,46;30-60 km;-21,13;-8,44;-2,84;<1,000 (very small rural);CUELLAR;Segovia;Castilla y León
43154;Torroja del Priorat;137,0;27,41;<=30 km;-12,87;-4,73;-2,84;<1,000 (very small rural);PRIORAT;Tarragona;Cataluña/Catalunya
42194;Valdemaluque;137,0;91,38;>60 km;-23,36;-6,92;-7,43;<1,000 (very small rural);BURGO DE OSMA;Soria;Castilla y León
19005;Alarilla;137,0;23,01;<=30 km;-11,59;-18,59;7,87;<1,000 (very small rural);ALCARRIA ALTA;Guadalajara;Castilla-La Mancha
22248;Vicién;137,0;9,68;<=30 km;1,68;5,17;12,3;<1,000 (very small rural);HOYA DE HUESCA;Huesca;Aragón
25224;Els Torms;137,0;28,73;<=30 km;-14,04;-3,97;-5,52;<1,000 (very small rural);GARRIGUES;Lleida;Cataluña/Catalunya
08257;Santa Maria de Miralles;137,0;33,78;30-60 km;-12,14;0,78;6,2;<1,000 (very small rural);ANOIA;Barcelona;Cataluña/Catalunya
24084;Izagre;137,0;45,6;30-60 km;-14,35;-13,79;-8,67;<1,000 (very small rural);ESLA-CAMPOS;León;Castilla y León
26074;Hervías;137,0;33,81;30-60 km;-19,73;-2,5;17,09;<1,000 (very small rural);RIOJA ALTA;La Rioja;La Rioja
04015;Alsodux;138,0;27,54;<=30 km;-13,73;-1,5;5,34;<1,000 (very small rural);RIO NACIMIENTO;Almería;Andalucía
09456;Villaquirán de los Infantes;138,0;30,51;30-60 km;-9,88;0,67;-8,61;<1,000 (very small rural);PISUERGA;Burgos;Castilla y León
43096;La Morera de Montsant;138,0;27,26;<=30 km;-3,66;3,82;-15,34;<1,000 (very small rural);PRIORAT;Tarragona;Cataluña/Catalunya
26027;Berceo;138,0;38,28;30-60 km;-7,78;-8,18;-5,48;<1,000 (very small rural);RIOJA ALTA;La Rioja;La Rioja
49180;Roelos de Sayago;138,0;41,26;30-60 km;-12,7;-8,33;-3,5;<1,000 (very small rural);SAYAGO;Zamora;Castilla y León
37229;Palencia de Negrilla;138,0;17,09;<=30 km;-4,91;-3,82;-8,61;<1,000 (very small rural);SALAMANCA;Salamanca;Castilla y León
18112;Juviles;138,0;33,14;30-60 km;-13,77;-4,23;1,47;<1,000 (very small rural);LAS ALPUJARRAS;Granada;Andalucía
05237;Solana de Rioalmar;138,0;31,98;30-60 km;-20,28;-12,12;-4,83;<1,000 (very small rural);AVILA;Ávila;Castilla y León
34178;Tabanera de Cerrato;138,0;38,17;30-60 km;24,79;0,0;0,73;<1,000 (very small rural);EL CERRATO;Palencia;Castilla y León
40128;Migueláñez;138,0;31,7;30-60 km;-16,17;-5,84;6,98;<1,000 (very small rural);CUELLAR;Segovia;Castilla y León
37307;Serradilla del Llano;138,0;77,93;>60 km;-9,24;-4,55;-6,12;<1,000 (very small rural);CIUDAD RODRIGO;Salamanca;Castilla y León
37372;Villaverde de Guareña;138,0;19,05;<=30 km;-4,49;-4,14;-0,72;<1,000 (very small rural);SALAMANCA;Salamanca;Castilla y León
10106;Jarilla;139,0;91,29;>60 km;-9,09;-3,55;2,21;<1,000 (very small rural);HERVAS;Cáceres;Extremadura
22141;Lascellas-Ponzano;139,0;29,85;<=30 km;-13,51;5,56;4,51;<1,000 (very small rural);SOMONTANO;Huesca;Aragón
28117;Prádena del Rincón;139,0;46,23;30-60 km;2,33;27,35;-6,71;<1,000 (very small rural);LOZOYA SOMOSIERRA;Madrid;Comunidad de Madrid
19088;Ciruelas;139,0;13,69;<=30 km;-36,81;12,5;18,8;<1,000 (very small rural);ALCARRIA ALTA;Guadalajara;Castilla-La Mancha
09339;San Martín de Rubiales;139,0;60,73;>60 km;-20,71;7,09;-7,95;<1,000 (very small rural);LA RIBERA;Burgos;Castilla y León
46087;Casas Altas;139,0;66,25;>60 km;-17,26;-2,94;5,3;<1,000 (very small rural);RINCON DE ADEMUZ;València/Valencia;Comunitat Valenciana
05094;Herreros de Suso;140,0;37,1;30-60 km;-18,79;-2,96;6,87;<1,000 (very small rural);AVILA;Ávila;Castilla y León
22004;Agüero;140,0;39,52;30-60 km;-13,12;6,92;0,72;<1,000 (very small rural);HOYA DE HUESCA;Huesca;Aragón
31247;Uztárroz/Uztarroze;140,0;57,61;30-60 km;-16,09;-6,25;-6,67;<1,000 (very small rural);PIRINEOS;Navarra;Comunidad Foral de Navarra
25103;Granyanella;140,0;51,49;30-60 km;-1,34;3,57;-3,45;<1,000 (very small rural);SEGARRA;Lleida;Cataluña/Catalunya
42120;Montejo de Tiermes;140,0;81,06;>60 km;-16,58;-3,27;-5,41;<1,000 (very small rural);BURGO DE OSMA;Soria;Castilla y León
19082;Centenera;140,0;10,05;<=30 km;-1,79;33,64;-2,1;<1,000 (very small rural);CAMPIÑA;Guadalajara;Castilla-La Mancha
08225;Sant Martí d'Albars;140,0;40,4;30-60 km;0,92;-5,31;30,84;<1,000 (very small rural);OSONA;Barcelona;Cataluña/Catalunya
34062;Congosto de Valdavia;140,0;75,73;>60 km;-6,99;-9,09;-6,67;<1,000 (very small rural);SALDAÑA-VALDAVIA;Palencia;Castilla y León
49237;Videmala;140,0;21,19;<=30 km;1,82;-9,62;-0,71;<1,000 (very small rural);ALISTE;Zamora;Castilla y León
37141;Gajates;140,0;32,59;30-60 km;-3,43;-5,0;-7,89;<1,000 (very small rural);ALBA DE TORMES;Salamanca;Castilla y León
49105;Maire de Castroponce;140,0;54,89;30-60 km;-7,32;-7,28;0,0;<1,000 (very small rural);BENAVENTE Y LOS VALLES;Zamora;Castilla y León
44097;Escorihuela;141,0;95,58;>60 km;-19,67;1,44;0,0;<1,000 (very small rural);HOYA DE TERUEL;Teruel;Aragón
34151;Respenda de la Peña;141,0;73,54;>60 km;-18,27;-4,55;-4,08;<1,000 (very small rural);GUARDO;Palencia;Castilla y León
50011;Albeta;141,0;50,36;30-60 km;-10,07;6,06;0,71;<1,000 (very small rural);BORJA;Zaragoza;Aragón
44193;Puertomingalvo;141,0;47,82;30-60 km;-25,48;11,61;12,8;<1,000 (very small rural);MAESTRAZGO;Teruel;Aragón
09180;Iglesias;141,0;26,45;<=30 km;-2,68;6,57;-3,42;<1,000 (very small rural);PISUERGA;Burgos;Castilla y León
50002;Acered;141,0;80,79;>60 km;-13,64;-15,15;0,71;<1,000 (very small rural);DAROCA;Zaragoza;Aragón
26123;El Redal;142,0;24,64;<=30 km;-12,96;7,25;-4,05;<1,000 (very small rural);RIOJA MEDIA;La Rioja;La Rioja
37258;Puebla de Azaba;142,0;106,45;>60 km;-21,83;-20,9;1,43;<1,000 (very small rural);CIUDAD RODRIGO;Salamanca;Castilla y León
06110;Reina;142,0;85,18;>60 km;-16,49;-5,03;-5,96;<1,000 (very small rural);LLERENA;Badajoz;Extremadura
05092;Hernansancho;142,0;22,28;<=30 km;-15,0;-7,69;-8,97;<1,000 (very small rural);AREVALO-MADRIGAL;Ávila;Castilla y León
01049;Añana;142,0;25,16;<=30 km;-7,14;2,65;-8,39;<1,000 (very small rural);VALLES ALAVESES;Araba/Álava;País Vasco/Euskadi
37074;Campillo de Azaba;142,0;96,51;>60 km;-16,06;-5,49;-8,39;<1,000 (very small rural);CIUDAD RODRIGO;Salamanca;Castilla y León
44054;Camarena de la Sierra;142,0;80,3;>60 km;-27,04;2,65;22,41;<1,000 (very small rural);HOYA DE TERUEL;Teruel;Aragón
44119;Griegos;142,0;35,16;30-60 km;7,09;-3,5;2,9;<1,000 (very small rural);SERRANIA DE ALBARRACIN;Teruel;Aragón
47041;Castrodeza;142,0;14,86;<=30 km;-12,22;-6,21;-5,96;<1,000 (very small rural);CENTRO;Valladolid;Castilla y León
05083;Gemuño;142,0;14,02;<=30 km;-0,62;-5,16;-3,4;<1,000 (very small rural);AVILA;Ávila;Castilla y León
37260;Puebla de Yeltes;142,0;57,92;30-60 km;-16,09;-1,34;-3,4;<1,000 (very small rural);FUENTE DE SAN ESTEBAN;Salamanca;Castilla y León
16239;Vega del Codorno;143,0;26,78;<=30 km;-24,58;-2,99;10,0;<1,000 (very small rural);SERRANIA ALTA;Cuenca;Castilla-La Mancha
24044;Castrillo de la Valduerna;143,0;39,43;30-60 km;-7,57;-9,15;-4,03;<1,000 (very small rural);LA BAÑEZA;León;Castilla y León
09432;Villafruela;143,0;51,87;30-60 km;-14,35;-12,04;-14,88;<1,000 (very small rural);ARLANZA;Burgos;Castilla y León
24052;Cebanico;143,0;44,41;30-60 km;-15,51;-7,84;1,42;<1,000 (very small rural);TIERRAS DE LEON;León;Castilla y León
05010;La Aldehuela;143,0;64,91;>60 km;-14,0;-12,5;-2,72;<1,000 (very small rural);BARCO AVILA-PIEDRAHITA;Ávila;Castilla y León
49077;Fresno de Sayago;143,0;25,52;<=30 km;-18,91;-11,67;-10,06;<1,000 (very small rural);SAYAGO;Zamora;Castilla y León
09060;Busto de Bureba;143,0;48,66;30-60 km;-20,21;-7,38;3,62;<1,000 (very small rural);BUREBA-EBRO;Burgos;Castilla y León
37001;Abusejo;143,0;47,81;30-60 km;-13,98;-13,99;-13,86;<1,000 (very small rural);FUENTE DE SAN ESTEBAN;Salamanca;Castilla y León
09196;Madrigal del Monte;143,0;23,57;<=30 km;-14,2;5,44;-7,74;<1,000 (very small rural);ARLANZA;Burgos;Castilla y León
50090;Cubel;143,0;87,78;>60 km;-9,79;-13,1;-2,05;<1,000 (very small rural);DAROCA;Zaragoza;Aragón
31199;Oroz-Betelu/Orotz-Betelu;143,0;30,1;30-60 km;-11,83;-5,44;2,88;<1,000 (very small rural);PIRINEOS;Navarra;Comunidad Foral de Navarra
24213;Villamartín de Don Sancho;144,0;39,8;30-60 km;-5,56;2,63;-7,69;<1,000 (very small rural);TIERRAS DE LEON;León;Castilla y León
34089;Itero de la Vega;144,0;41,49;30-60 km;-6,78;-3,18;-5,26;<1,000 (very small rural);CAMPOS;Palencia;Castilla y León
44115;Galve;144,0;100,62;>60 km;7,28;1,24;-11,66;<1,000 (very small rural);HOYA DE TERUEL;Teruel;Aragón
25064;Castellar de la Ribera;144,0;47,75;30-60 km;-10,26;-0,73;5,88;<1,000 (very small rural);SOLSONES;Lleida;Cataluña/Catalunya
03033;Benifato;144,0;15,26;<=30 km;-26,37;-9,4;6,67;<1,000 (very small rural);MONTAÑA;Alacant/Alicante;Comunitat Valenciana
47053;Cogeces de Íscar;144,0;34,24;30-60 km;-18,24;-1,39;1,41;<1,000 (very small rural);SURESTE;Valladolid;Castilla y León
37118;Éjeme;144,0;25,07;<=30 km;-15,58;2,38;11,63;<1,000 (very small rural);ALBA DE TORMES;Salamanca;Castilla y León
25221;Tírvia;144,0;101,38;>60 km;-11,88;-2,24;9,92;<1,000 (very small rural);PALLARS SOBIRA;Lleida;Cataluña/Catalunya
37151;Golpejas;144,0;19,89;<=30 km;-6,1;-5,19;-1,37;<1,000 (very small rural);LEDESMA;Salamanca;Castilla y León
46091;Castellonet de la Conquesta;144,0;9,61;<=30 km;-21,59;-4,14;3,6;<1,000 (very small rural);GANDIA;València/Valencia;Comunitat Valenciana
42032;Bayubas de Abajo;144,0;99,19;>60 km;-26,63;-8,16;6,67;<1,000 (very small rural);SORIA;Soria;Castilla y León
40053;Cerezo de Abajo;145,0;60,34;>60 km;-25,45;-1,71;26,09;<1,000 (very small rural);SEGOVIA;Segovia;Castilla y León
34100;Mantinos;145,0;61,82;>60 km;-2,01;-2,78;3,57;<1,000 (very small rural);GUARDO;Palencia;Castilla y León
25104;Granyena de Segarra;145,0;51,68;30-60 km;4,38;8,16;-8,81;<1,000 (very small rural);SEGARRA;Lleida;Cataluña/Catalunya
40136;Muñoveros;145,0;35,2;30-60 km;-17,53;-8,44;2,84;<1,000 (very small rural);CUELLAR;Segovia;Castilla y León
47226;Villavaquerín;145,0;27,78;<=30 km;-13,07;-2,99;-10,49;<1,000 (very small rural);CENTRO;Valladolid;Castilla y León
19027;Alustante;145,0;54,47;30-60 km;-34,96;-2,55;-5,23;<1,000 (very small rural);MOLINA DE ARAGON;Guadalajara;Castilla-La Mancha
42161;Salduero;145,0;69,03;>60 km;-22,53;2,08;-1,36;<1,000 (very small rural);PINARES;Soria;Castilla y León
37290;San Pedro del Valle;145,0;18,15;<=30 km;1,37;-8,97;9,85;<1,000 (very small rural);LEDESMA;Salamanca;Castilla y León
50227;Romanos;145,0;68,97;>60 km;-3,25;10,92;9,85;<1,000 (very small rural);DAROCA;Zaragoza;Aragón
49164;Pozuelo de Tábara;145,0;30,48;30-60 km;-11,83;-4,32;-6,45;<1,000 (very small rural);ALISTE;Zamora;Castilla y León
24011;Barjas;145,0;37,12;30-60 km;-24,7;-13,92;-13,17;<1,000 (very small rural);BIERZO;León;Castilla y León
06118;Sancti-Spíritus;145,0;104,42;>60 km;-22,63;-6,86;-11,04;<1,000 (very small rural);PUEBLA ALCOCER;Badajoz;Extremadura
06030;Capilla;145,0;94,34;>60 km;-2,6;-11,29;-12,12;<1,000 (very small rural);CASTUERA;Badajoz;Extremadura
05062;Collado de Contreras;145,0;34,4;30-60 km;-22,65;-11,73;-8,23;<1,000 (very small rural);AREVALO-MADRIGAL;Ávila;Castilla y León
50114;Fuendetodos;145,0;36,18;30-60 km;-30,0;17,36;2,11;<1,000 (very small rural);ZARAGOZA;Zaragoza;Aragón
47094;Moral de la Reina;146,0;42,81;30-60 km;-14,65;-5,06;-2,67;<1,000 (very small rural);TIERRA DE CAMPOS;Valladolid;Castilla y León
42055;Casarejos;146,0;80,12;>60 km;-18,18;-7,69;-6,41;<1,000 (very small rural);PINARES;Soria;Castilla y León
19037;Arbancón;146,0;38,11;30-60 km;-15,51;-12,03;5,04;<1,000 (very small rural);SIERRA;Guadalajara;Castilla-La Mancha
12015;Argelita;146,0;23,45;<=30 km;-2,08;30,09;-0,68;<1,000 (very small rural);LA PLANA;Castelló/Castellón;Comunitat Valenciana
22215;Seira;146,0;79,72;>60 km;-5,3;2,67;-5,19;<1,000 (very small rural);RIBARGORZA;Huesca;Aragón
44220;Torralba de los Sisones;146,0;89,22;>60 km;-22,49;3,85;-9,88;<1,000 (very small rural);CUENCA DEL JILOCA;Teruel;Aragón
26155;Treviana;146,0;43,86;30-60 km;-12,44;-13,69;0,69;<1,000 (very small rural);RIOJA ALTA;La Rioja;La Rioja
31147;Legarda;146,0;14,88;<=30 km;-7,56;9,73;17,74;<1,000 (very small rural);CUENCA PAMPLONA;Navarra;Comunidad Foral de Navarra
45139;Puerto de San Vicente;147,0;52,32;30-60 km;-35,55;-9,94;1,38;<1,000 (very small rural);LA JARA;Toledo;Castilla-La Mancha
34236;Villaturde;147,0;44,22;30-60 km;-11,23;1,94;-6,96;<1,000 (very small rural);CAMPOS;Palencia;Castilla y León
10063;Cerezo;147,0;94,29;>60 km;-6,38;-10,0;-3,92;<1,000 (very small rural);HERVAS;Cáceres;Extremadura
12112;Todolella;147,0;74,26;>60 km;-6,85;5,07;1,38;<1,000 (very small rural);ALTO MAESTRAZGO;Castelló/Castellón;Comunitat Valenciana
49251;Villalube;147,0;24,53;<=30 km;-19,21;1,9;-8,7;<1,000 (very small rural);CAMPOS-PAN;Zamora;Castilla y León
26091;Lumbreras de Cameros;147,0;44,58;30-60 km;-5,14;-10,71;-2,0;<1,000 (very small rural);SIERRA RIOJA MEDIA;La Rioja;La Rioja
47032;Camporredondo;147,0;30,39;30-60 km;-7,47;-1,29;-3,92;<1,000 (very small rural);SURESTE;Valladolid;Castilla y León
26171;Villar de Torre;147,0;35,95;30-60 km;-34,6;0,0;-9,82;<1,000 (very small rural);RIOJA ALTA;La Rioja;La Rioja
46196;Pinet;148,0;9,67;<=30 km;-12,64;3,21;-8,07;<1,000 (very small rural);VALLES DE ALBAIDA;València/Valencia;Comunitat Valenciana
46253;Vallés;148,0;29,61;<=30 km;-8,38;-3,18;-2,63;<1,000 (very small rural);LA COSTERA DE JATIVA;València/Valencia;Comunitat Valenciana
16135;Moya;148,0;60,67;>60 km;-23,88;-6,52;14,73;<1,000 (very small rural);SERRANIA BAJA;Cuenca;Castilla-La Mancha
16085;La Frontera;148,0;28,09;<=30 km;-15,14;-15,38;3,5;<1,000 (very small rural);SERRANIA MEDIA;Cuenca;Castilla-La Mancha
47113;Pedrosa del Rey;148,0;38,87;30-60 km;-4,93;-16,22;-4,52;<1,000 (very small rural);CENTRO;Valladolid;Castilla y León
19317;Villanueva de Alcorón;148,0;55,39;30-60 km;-8,99;-14,81;7,25;<1,000 (very small rural);ALCARRIA BAJA;Guadalajara;Castilla-La Mancha
49153;Perilla de Castro;148,0;23,92;<=30 km;-14,93;-2,4;-9,2;<1,000 (very small rural);ALISTE;Zamora;Castilla y León
19247;Salmerón;148,0;56,36;30-60 km;-18,88;-9,03;4,96;<1,000 (very small rural);ALCARRIA BAJA;Guadalajara;Castilla-La Mancha
04023;Beires;148,0;32,79;30-60 km;-6,78;12,82;12,12;<1,000 (very small rural);ALTO ANDARAX;Almería;Andalucía
37203;Monterrubio de la Sierra;148,0;22,77;<=30 km;-17,77;-2,53;-3,9;<1,000 (very small rural);ALBA DE TORMES;Salamanca;Castilla y León
37123;Encinasola de los Comendadores;148,0;73,1;>60 km;-19,82;-7,65;-5,73;<1,000 (very small rural);VITIGUDINO;Salamanca;Castilla y León
49101;Luelmo;149,0;29,3;<=30 km;-22,93;-8,81;2,76;<1,000 (very small rural);SAYAGO;Zamora;Castilla y León
44194;Ráfales;149,0;94,7;>60 km;-11,52;0,7;3,47;<1,000 (very small rural);BAJO ARAGON;Teruel;Aragón
19305;Valdepeñas de la Sierra;149,0;35,41;30-60 km;-11,62;-13,69;2,76;<1,000 (very small rural);SIERRA;Guadalajara;Castilla-La Mancha
09227;Montorio;149,0;27,12;<=30 km;-20,21;2,7;-1,97;<1,000 (very small rural);PARAMOS;Burgos;Castilla y León
09061;Cabañes de Esgueva;149,0;58,03;30-60 km;-17,62;-1,78;-10,24;<1,000 (very small rural);ARLANZA;Burgos;Castilla y León
49096;Jambrina;149,0;19,96;<=30 km;-15,84;-8,02;0,0;<1,000 (very small rural);DUERO BAJO;Zamora;Castilla y León
09281;Quintana del Pidio;149,0;65,68;>60 km;-13,97;1,95;-5,1;<1,000 (very small rural);LA RIBERA;Burgos;Castilla y León
37298;Santibáñez de la Sierra;149,0;56,09;30-60 km;-14,61;-4,3;-16,29;<1,000 (very small rural);LA SIERRA;Salamanca;Castilla y León
37345;Vega de Tirados;149,0;20,35;<=30 km;-14,5;-5,36;-6,29;<1,000 (very small rural);LEDESMA;Salamanca;Castilla y León
09154;Hacinas;149,0;52,62;30-60 km;-12,57;-2,58;-1,32;<1,000 (very small rural);DEMANDA;Burgos;Castilla y León
16255;Villar de la Encina;149,0;78,28;>60 km;-9,63;-10,91;1,36;<1,000 (very small rural);MANCHA BAJA;Cuenca;Castilla-La Mancha
22214;Secastilla;149,0;57,3;30-60 km;-3,23;2,05;0,0;<1,000 (very small rural);RIBARGORZA;Huesca;Aragón
37253;El Pino de Tormes;149,0;13,15;<=30 km;-3,05;-0,63;-5,7;<1,000 (very small rural);SALAMANCA;Salamanca;Castilla y León
37019;Aldearrodrigo;150,0;20,1;<=30 km;-11,38;4,26;2,04;<1,000 (very small rural);LEDESMA;Salamanca;Castilla y León
49130;Morales de Valverde;150,0;47,97;30-60 km;-22,41;-11,93;-3,23;<1,000 (very small rural);BENAVENTE Y LOS VALLES;Zamora;Castilla y León
46243;Torrella;150,0;31,06;30-60 km;-6,45;-8,78;11,11;<1,000 (very small rural);LA COSTERA DE JATIVA;València/Valencia;Comunitat Valenciana
34160;San Cebrián de Mudá;150,0;55,11;30-60 km;-8,62;-4,94;-2,6;<1,000 (very small rural);CERVERA;Palencia;Castilla y León
10143;Pescueza;150,0;58,81;30-60 km;-5,39;-8,61;8,7;<1,000 (very small rural);CORIA;Cáceres;Extremadura
42085;Fuentearmegil;150,0;81,19;>60 km;-19,05;-11,6;-6,25;<1,000 (very small rural);BURGO DE OSMA;Soria;Castilla y León
40025;Barbolla;150,0;62,48;>60 km;-20,1;-17,75;7,91;<1,000 (very small rural);SEPULVEDA;Segovia;Castilla y León
08060;Castellfollit de Riubregós;151,0;32,95;30-60 km;-15,79;4,49;-7,36;<1,000 (very small rural);ANOIA;Barcelona;Cataluña/Catalunya
28097;Navarredonda y San Mamés;151,0;37,95;30-60 km;-10,27;15,57;7,09;<1,000 (very small rural);LOZOYA SOMOSIERRA;Madrid;Comunidad de Madrid
49031;Cabañas de Sayago;151,0;22,41;<=30 km;-8,19;-5,0;-0,66;<1,000 (very small rural);SAYAGO;Zamora;Castilla y León
42080;Espeja de San Marcelino;151,0;72,94;>60 km;-15,0;-5,95;-4,43;<1,000 (very small rural);BURGO DE OSMA;Soria;Castilla y León
05024;Becedas;151,0;64,05;>60 km;-18,89;-11,17;-17,49;<1,000 (very small rural);BARCO AVILA-PIEDRAHITA;Ávila;Castilla y León
37226;Palacios del Arzobispo;151,0;28,82;<=30 km;-11,05;8,7;-13,71;<1,000 (very small rural);LEDESMA;Salamanca;Castilla y León
31140;Lantz;151,0;21,85;<=30 km;17,69;2,72;0,0;<1,000 (very small rural);NORD OCCIDENTAL;Navarra;Comunidad Foral de Navarra
05077;Fuente el Saúz;151,0;40,53;30-60 km;-29,17;-4,85;-3,82;<1,000 (very small rural);AREVALO-MADRIGAL;Ávila;Castilla y León
22207;San Juan de Plan;151,0;86,9;>60 km;-9,55;-2,63;2,03;<1,000 (very small rural);SOBRARBE;Huesca;Aragón
45075;Hontanar;151,0;51,17;30-60 km;-22,01;-9,87;10,22;<1,000 (very small rural);MONTES DE NAVAHERMOSA;Toledo;Castilla-La Mancha
37219;Navarredonda de la Rinconada;151,0;48,67;30-60 km;-17,62;-6,78;-8,48;<1,000 (very small rural);LA SIERRA;Salamanca;Castilla y León
05147;Narros del Castillo;152,0;40,81;30-60 km;-8,79;-1,24;-4,4;<1,000 (very small rural);AREVALO-MADRIGAL;Ávila;Castilla y León
24190;Valverde-Enrique;152,0;39,32;30-60 km;-17,86;-4,4;0,0;<1,000 (very small rural);ESLA-CAMPOS;León;Castilla y León
50173;Monterde;152,0;90,1;>60 km;-11,58;-15,09;12,59;<1,000 (very small rural);CALATAYUD;Zaragoza;Aragón
49115;Mayalde;152,0;30,09;30-60 km;-10,91;-9,28;-13,64;<1,000 (very small rural);SAYAGO;Zamora;Castilla y León
09337;San Juan del Monte;152,0;75,34;>60 km;-14,81;9,86;-2,56;<1,000 (very small rural);LA RIBERA;Burgos;Castilla y León
10120;Mesas de Ibor;152,0;63,62;>60 km;-5,95;-7,43;-6,17;<1,000 (very small rural);NAVALMORAL DE LA MATA;Cáceres;Extremadura
37382;Zorita de la Frontera;152,0;40,61;30-60 km;-25,0;6,25;-10,59;<1,000 (very small rural);PEÑARANDA DE BRACAMONTE;Salamanca;Castilla y León
19060;Campillo de Ranas;152,0;47,78;30-60 km;-19,49;13,61;-8,98;<1,000 (very small rural);SIERRA;Guadalajara;Castilla-La Mancha
47039;Castrillo-Tejeriego;152,0;33,89;30-60 km;-9,36;-9,5;-6,17;<1,000 (very small rural);CENTRO;Valladolid;Castilla y León
05042;Cabezas de Alambre;153,0;34,25;30-60 km;-12,22;1,91;-4,38;<1,000 (very small rural);AREVALO-MADRIGAL;Ávila;Castilla y León
05215;San Martín de la Vega del Alberche;153,0;51,99;30-60 km;-10,61;-6,32;-6,13;<1,000 (very small rural);GREDOS;Ávila;Castilla y León
08188;Sagàs;153,0;35,7;30-60 km;10,71;-6,21;1,32;<1,000 (very small rural);BERGUEDA;Barcelona;Cataluña/Catalunya
31090;Eratsun;153,0;23,75;<=30 km;-4,35;-3,95;4,79;<1,000 (very small rural);NORD OCCIDENTAL;Navarra;Comunidad Foral de Navarra
44141;Lledó;153,0;75,79;>60 km;-1,19;0,0;-11,05;<1,000 (very small rural);BAJO ARAGON;Teruel;Aragón
47067;Fuente el Sol;153,0;56,37;30-60 km;-22,58;-5,13;3,38;<1,000 (very small rural);SUR;Valladolid;Castilla y León
34155;Ribas de Campos;153,0;18,93;<=30 km;-14,29;-6,16;11,68;<1,000 (very small rural);CAMPOS;Palencia;Castilla y León
09172;Huérmeces;153,0;23,01;<=30 km;0,74;20,59;-6,71;<1,000 (very small rural);PARAMOS;Burgos;Castilla y León
37244;Peñacaballera;153,0;70,6;>60 km;-12,88;-5,48;10,87;<1,000 (very small rural);LA SIERRA;Salamanca;Castilla y León
50014;Alcalá de Moncayo;153,0;64,55;>60 km;-25,85;6,25;0,0;<1,000 (very small rural);BORJA;Zaragoza;Aragón
26122;El Rasillo de Cameros;153,0;37,38;30-60 km;0,0;4,62;12,5;<1,000 (very small rural);SIERRA RIOJA MEDIA;La Rioja;La Rioja
46075;Bufali;154,0;20,54;<=30 km;-18,09;2,52;-5,52;<1,000 (very small rural);VALLES DE ALBAIDA;València/Valencia;Comunitat Valenciana
37365;Villarmayor;154,0;24,8;<=30 km;-8,13;-12,18;-10,98;<1,000 (very small rural);LEDESMA;Salamanca;Castilla y León
20904;Baliarrain;154,0;27,39;<=30 km;16,39;11,68;0,65;<1,000 (very small rural);TOLOSA;Gipuzkoa;País Vasco/Euskadi
19262;Tamajón;154,0;43,59;30-60 km;-32,61;18,7;5,48;<1,000 (very small rural);SIERRA;Guadalajara;Castilla-La Mancha
40177;San Cristóbal de Cuéllar;154,0;41,46;30-60 km;-14,12;-0,68;4,76;<1,000 (very small rural);CUELLAR;Segovia;Castilla y León
34071;Espinosa de Villagonzalo;154,0;56,56;30-60 km;-18,42;-7,82;-6,67;<1,000 (very small rural);CAMPOS;Palencia;Castilla y León
31233;Tulebras;155,0;71,3;>60 km;-6,11;1,49;13,97;<1,000 (very small rural);RIBERA BAJA;Navarra;Comunidad Foral de Navarra
12091;Portell de Morella;155,0;63,18;>60 km;-14,89;-8,12;-14,36;<1,000 (very small rural);ALTO MAESTRAZGO;Castelló/Castellón;Comunitat Valenciana
37359;Villar de la Yegua;155,0;90,39;>60 km;-5,74;-9,5;-4,32;<1,000 (very small rural);CIUDAD RODRIGO;Salamanca;Castilla y León
09019;Arandilla;155,0;71,92;>60 km;-8,89;-1,86;-1,9;<1,000 (very small rural);LA RIBERA;Burgos;Castilla y León
31026;Aras;155,0;13,83;<=30 km;-12,83;-2,55;1,31;<1,000 (very small rural);TIERRA ESTELLA;Navarra;Comunidad Foral de Navarra
47127;Quintanilla de Arriba;155,0;43,73;30-60 km;-16,67;1,27;-3,12;<1,000 (very small rural);SURESTE;Valladolid;Castilla y León
09348;Santa Inés;155,0;33,02;30-60 km;4,9;4,26;5,44;<1,000 (very small rural);ARLANZA;Burgos;Castilla y León
19023;Alocén;155,0;37,66;30-60 km;10,0;-9,04;-3,73;<1,000 (very small rural);ALCARRIA BAJA;Guadalajara;Castilla-La Mancha
44034;Bañón;155,0;96,19;>60 km;-9,7;-2,61;4,03;<1,000 (very small rural);CUENCA DEL JILOCA;Teruel;Aragón
40045;Casla;155,0;52,04;30-60 km;-3,55;1,27;-2,52;<1,000 (very small rural);SEGOVIA;Segovia;Castilla y León
44113;Fuentes de Rubielos;156,0;48,45;30-60 km;-16,42;35,09;1,3;<1,000 (very small rural);MAESTRAZGO;Teruel;Aragón
12134;Vilar de Canes;156,0;39,68;30-60 km;-4,84;1,16;-10,34;<1,000 (very small rural);LLANOS CENTRALES;Castelló/Castellón;Comunitat Valenciana
49184;Samir de los Caños;156,0;34,55;30-60 km;-16,75;-6,11;-7,69;<1,000 (very small rural);ALISTE;Zamora;Castilla y León
49162;Porto;156,0;44,4;30-60 km;-22,17;-5,45;0,0;<1,000 (very small rural);SANABRIA;Zamora;Castilla y León
42209;Villar del Río;156,0;44,01;30-60 km;-16,86;6,21;1,3;<1,000 (very small rural);TIERRAS ALTAS Y VALLE DEL TERA;Soria;Castilla y León
19032;Anguita;156,0;80,2;>60 km;-22,81;-6,75;2,63;<1,000 (very small rural);ALCARRIA ALTA;Guadalajara;Castilla-La Mancha
09017;Anguix;156,0;58,93;30-60 km;-7,59;17,04;-1,27;<1,000 (very small rural);LA RIBERA;Burgos;Castilla y León
49270;Villavendimio;156,0;39,47;30-60 km;-10,42;-4,76;-2,5;<1,000 (very small rural);CAMPOS-PAN;Zamora;Castilla y León
19287;Tortuera;157,0;89,37;>60 km;-8,97;-10,68;-14,67;<1,000 (very small rural);MOLINA DE ARAGON;Guadalajara;Castilla-La Mancha
31139;Lana;157,0;32,25;30-60 km;-15,74;-5,81;-3,09;<1,000 (very small rural);TIERRA ESTELLA;Navarra;Comunidad Foral de Navarra
47220;Villanueva de los Caballeros;157,0;43,95;30-60 km;-24,22;3,49;-11,8;<1,000 (very small rural);TIERRA DE CAMPOS;Valladolid;Castilla y León
16045;Canalejas del Arroyo;157,0;45,1;30-60 km;-24,77;-22,37;-7,65;<1,000 (very small rural);ALCARRIA;Cuenca;Castilla-La Mancha
37304;Sepulcro-Hilario;157,0;52,39;30-60 km;-8,59;-11,8;0,0;<1,000 (very small rural);FUENTE DE SAN ESTEBAN;Salamanca;Castilla y León
22042;Azlor;157,0;32,54;30-60 km;7,52;-3,27;6,08;<1,000 (very small rural);SOMONTANO;Huesca;Aragón
39089;Tudanca;157,0;32,97;30-60 km;-16,67;5,71;6,08;<1,000 (very small rural);TUDANCA-CABUERNIGA;Cantabria;Cantabria
49113;Matilla de Arzón;157,0;54,35;30-60 km;-15,84;-2,96;-4,27;<1,000 (very small rural);ESLA-CAMPOS;Zamora;Castilla y León
50291;Villar de los Navarros;157,0;57,41;30-60 km;-15,0;27,45;20,77;<1,000 (very small rural);DAROCA;Zaragoza;Aragón
19265;Tartanedo;157,0;91,23;>60 km;-14,97;-3,36;9,03;<1,000 (very small rural);MOLINA DE ARAGON;Guadalajara;Castilla-La Mancha
34084;Herrera de Valdecañas;158,0;30,58;30-60 km;-3,29;5,48;2,6;<1,000 (very small rural);EL CERRATO;Palencia;Castilla y León
25001;Abella de la Conca;158,0;75,16;>60 km;1,66;-5,52;-7,6;<1,000 (very small rural);PALLARS JUSSA;Lleida;Cataluña/Catalunya
43122;Renau;158,0;10,31;<=30 km;10,87;1,31;1,94;<1,000 (very small rural);TARRAGONES;Tarragona;Cataluña/Catalunya
34176;Sotobañado y Priorato;158,0;68,39;>60 km;-7,41;-0,69;9,72;<1,000 (very small rural);BOEDO-OJEDA;Palencia;Castilla y León
17154;Sales de Llierca;158,0;35,35;30-60 km;2,08;8,61;-3,66;<1,000 (very small rural);GARROTXA;Girona;Cataluña/Catalunya
05166;Navarredondilla;158,0;29,47;<=30 km;-31,85;4,17;-9,71;<1,000 (very small rural);GREDOS;Ávila;Castilla y León
08189;Sant Pere Sallavinera;158,0;22,15;<=30 km;-4,88;2,58;-0,63;<1,000 (very small rural);ANOIA;Barcelona;Cataluña/Catalunya
25202;Senterada;158,0;81,83;>60 km;0,74;7,91;5,33;<1,000 (very small rural);PALLARS JUSSA;Lleida;Cataluña/Catalunya
09084;Castrillo de la Reina;158,0;55,32;30-60 km;-17,11;-6,49;-8,67;<1,000 (very small rural);DEMANDA;Burgos;Castilla y León
44103;Formiche Alto;158,0;77,74;>60 km;-14,36;2,65;1,94;<1,000 (very small rural);MAESTRAZGO;Teruel;Aragón
42117;Molinos de Duero;158,0;71,55;>60 km;-5,11;-1,86;0,0;<1,000 (very small rural);PINARES;Soria;Castilla y León
37188;La Maya;158,0;30,61;30-60 km;-13,95;-5,11;-5,39;<1,000 (very small rural);ALBA DE TORMES;Salamanca;Castilla y León
42057;Castilruiz;158,0;73,71;>60 km;-17,73;-9,47;3,27;<1,000 (very small rural);CAMPO DE GOMARA;Soria;Castilla y León
22075;Camporrélls;158,0;35,59;30-60 km;-26,37;-10,22;28,46;<1,000 (very small rural);LA LITERA;Huesca;Aragón
31030;Arellano;159,0;34,64;30-60 km;-20,1;4,46;-3,05;<1,000 (very small rural);TIERRA ESTELLA;Navarra;Comunidad Foral de Navarra
16092;Gabaldón;159,0;62,52;>60 km;-15,35;-7,1;-6,47;<1,000 (very small rural);MANCHUELA;Cuenca;Castilla-La Mancha
12013;Arañuel;159,0;34,96;30-60 km;-22,96;4,11;4,61;<1,000 (very small rural);PALANCIA;Castelló/Castellón;Comunitat Valenciana
10182;Toril;159,0;76,38;>60 km;-3,41;-5,49;2,58;<1,000 (very small rural);NAVALMORAL DE LA MATA;Cáceres;Extremadura
31132;Izagaondoa;159,0;21,25;<=30 km;2,81;-2,27;-7,56;<1,000 (very small rural);PIRINEOS;Navarra;Comunidad Foral de Navarra
50284;Villafeliche;159,0;72,88;>60 km;-25,33;-13,53;8,16;<1,000 (very small rural);DAROCA;Zaragoza;Aragón
49197;Santa Clara de Avedillo;159,0;22,22;<=30 km;-12,44;-7,65;1,27;<1,000 (very small rural);DUERO BAJO;Zamora;Castilla y León
26052;Cordovín;159,0;30,34;30-60 km;-17,99;0,64;0,63;<1,000 (very small rural);RIOJA ALTA;La Rioja;La Rioja
37241;Pelarrodríguez;159,0;46,15;30-60 km;-10,27;0,58;-8,09;<1,000 (very small rural);FUENTE DE SAN ESTEBAN;Salamanca;Castilla y León
19045;Auñón;159,0;36,4;30-60 km;-22,68;-4,11;13,57;<1,000 (very small rural);ALCARRIA BAJA;Guadalajara;Castilla-La Mancha
26037;Camprovín;159,0;24,85;<=30 km;-16,85;13,25;-7,02;<1,000 (very small rural);RIOJA ALTA;La Rioja;La Rioja
49273;Viñas;160,0;61,99;>60 km;-16,17;-16,32;0,63;<1,000 (very small rural);ALISTE;Zamora;Castilla y León
46043;Aielo de Rugat;160,0;16,11;<=30 km;-17,53;3,23;0,0;<1,000 (very small rural);VALLES DE ALBAIDA;València/Valencia;Comunitat Valenciana
09132;Fresno de Río Tirón;160,0;42,7;30-60 km;-5,15;-1,66;-10,11;<1,000 (very small rural);BUREBA-EBRO;Burgos;Castilla y León
09443;Villamayor de los Montes;160,0;27,79;<=30 km;-18,5;-11,43;3,23;<1,000 (very small rural);ARLANZA;Burgos;Castilla y León
44176;Palomar de Arroyos;160,0;101,87;>60 km;-11,52;-0,59;-4,76;<1,000 (very small rural);SERRANIA DE MONTALBAN;Teruel;Aragón
05051;La Carrera;160,0;68,21;>60 km;-14,81;-9,39;-2,44;<1,000 (very small rural);BARCO AVILA-PIEDRAHITA;Ávila;Castilla y León
37328;Trabanca;160,0;56,72;30-60 km;-17,51;-13,0;-8,05;<1,000 (very small rural);VITIGUDINO;Salamanca;Castilla y León
37215;Nava de Sotrobal;160,0;34,09;30-60 km;-14,21;3,16;-1,84;<1,000 (very small rural);PEÑARANDA DE BRACAMONTE;Salamanca;Castilla y León
43045;Colldejou;160,0;21,43;<=30 km;-6,08;-1,76;-4,19;<1,000 (very small rural);BAIX CAMP;Tarragona;Cataluña/Catalunya
47156;San Vicente del Palacio;160,0;49,64;30-60 km;-12,38;-4,76;0,0;<1,000 (very small rural);SUR;Valladolid;Castilla y León
22252;Yebra de Basa;160,0;43,36;30-60 km;-3,29;3,4;5,26;<1,000 (very small rural);JACETANIA;Huesca;Aragón
48005;Arakaldo;160,0;11,67;<=30 km;24,22;2,56;0,0;<1,000 (very small rural);ARRATIA-NERVION;Bizkaia;País Vasco/Euskadi
05193;Rasueros;160,0;52,0;30-60 km;-18,49;-7,18;-4,76;<1,000 (very small rural);AREVALO-MADRIGAL;Ávila;Castilla y León
05263;Villatoro;161,0;41,07;30-60 km;-8,72;-4,22;1,26;<1,000 (very small rural);AVILA;Ávila;Castilla y León
50162;Mara;161,0;66,56;>60 km;-8,42;-7,73;-3,59;<1,000 (very small rural);CALATAYUD;Zaragoza;Aragón
09347;Santa Gadea del Cid;161,0;35,34;30-60 km;-5,59;4,83;5,92;<1,000 (very small rural);BUREBA-EBRO;Burgos;Castilla y León
47078;Lomoviejo;161,0;56,94;30-60 km;-13,59;1,71;-9,55;<1,000 (very small rural);SUR;Valladolid;Castilla y León
40129;Montejo de Arévalo;161,0;50,84;30-60 km;-15,11;-5,95;-7,47;<1,000 (very small rural);CUELLAR;Segovia;Castilla y León
25075;Clariana de Cardener;161,0;31,47;30-60 km;-7,64;7,48;1,9;<1,000 (very small rural);SOLSONES;Lleida;Cataluña/Catalunya
09270;Pinilla Trasmonte;161,0;52,66;30-60 km;-14,8;-1,2;-2,42;<1,000 (very small rural);ARLANZA;Burgos;Castilla y León
31075;Ciriza/Ziritza;161,0;14,45;<=30 km;23,42;15,6;-1,23;<1,000 (very small rural);CUENCA PAMPLONA;Navarra;Comunidad Foral de Navarra
17125;Pardines;161,0;61,57;>60 km;0,63;2,47;-3,01;<1,000 (very small rural);RIPOLLES;Girona;Cataluña/Catalunya
28039;Cervera de Buitrago;161,0;33,73;30-60 km;-16,58;6,04;1,9;<1,000 (very small rural);LOZOYA SOMOSIERRA;Madrid;Comunidad de Madrid
25076;El Cogul;161,0;21,46;<=30 km;-13,83;-11,18;12,59;<1,000 (very small rural);GARRIGUES;Lleida;Cataluña/Catalunya
26166;Villalba de Rioja;161,0;31,81;30-60 km;-2,0;5,84;-1,23;<1,000 (very small rural);RIOJA ALTA;La Rioja;La Rioja
44257;Villar del Cobo;162,0;34,45;30-60 km;-14,63;-0,61;-0,61;<1,000 (very small rural);SERRANIA DE ALBARRACIN;Teruel;Aragón
19216;Peralejos de las Truchas;162,0;43,41;30-60 km;-5,62;-0,64;4,52;<1,000 (very small rural);MOLINA DE ARAGON;Guadalajara;Castilla-La Mancha
25085;Estaràs;162,0;37,09;30-60 km;-7,06;7,5;-5,81;<1,000 (very small rural);SEGARRA;Lleida;Cataluña/Catalunya
22220;Sesa;162,0;21,12;<=30 km;-16,27;-2,99;0,0;<1,000 (very small rural);HOYA DE HUESCA;Huesca;Aragón
47089;Melgar de Arriba;162,0;52,43;30-60 km;-20,57;-2,55;5,88;<1,000 (very small rural);TIERRA DE CAMPOS;Valladolid;Castilla y León
43101;Passanant i Belltall;162,0;41,86;30-60 km;-11,31;11,33;-2,99;<1,000 (very small rural);CONCA DE BARBERA;Tarragona;Cataluña/Catalunya
37112;Cristóbal;162,0;57,55;30-60 km;-14,29;2,58;1,89;<1,000 (very small rural);LA SIERRA;Salamanca;Castilla y León
05228;Santiago del Collado;162,0;64,23;>60 km;-12,32;-4,55;-3,57;<1,000 (very small rural);BARCO AVILA-PIEDRAHITA;Ávila;Castilla y León
45093;Marrupe;162,0;15,69;<=30 km;-16,58;0,65;5,19;<1,000 (very small rural);TALAVERA;Toledo;Castilla-La Mancha
13086;Valdemanco del Esteras;163,0;66,64;>60 km;-24,89;-2,96;-0,61;<1,000 (very small rural);MONTES SUR;Ciudad Real;Castilla-La Mancha
17176;Sant Mori;163,0;22,46;<=30 km;-9,33;-11,3;3,82;<1,000 (very small rural);ALT EMPORDA;Girona;Cataluña/Catalunya
47118;Piñel de Abajo;163,0;46,59;30-60 km;-4,19;2,99;-5,23;<1,000 (very small rural);SURESTE;Valladolid;Castilla y León
09411;Valle de Oca;163,0;31,13;30-60 km;-14,67;7,64;-3,55;<1,000 (very small rural);BUREBA-EBRO;Burgos;Castilla y León
44260;Villarluengo;163,0;83,04;>60 km;-12,89;-4,52;-3,55;<1,000 (very small rural);MAESTRAZGO;Teruel;Aragón
34129;Pino del Río;163,0;63,88;>60 km;-12,8;-2,79;-6,32;<1,000 (very small rural);SALDAÑA-VALDAVIA;Palencia;Castilla y León
16280;Zarzuela;163,0;14,14;<=30 km;-17,6;-12,15;2,52;<1,000 (very small rural);SERRANIA MEDIA;Cuenca;Castilla-La Mancha
22002;Abizanda;163,0;53,21;30-60 km;12,23;-5,3;13,99;<1,000 (very small rural);SOBRARBE;Huesca;Aragón
49271;Villaveza del Agua;163,0;44,63;30-60 km;-21,37;-7,73;-8,94;<1,000 (very small rural);BENAVENTE Y LOS VALLES;Zamora;Castilla y León
05038;Bonilla de la Sierra;163,0;52,67;30-60 km;-7,46;9,17;24,43;<1,000 (very small rural);BARCO AVILA-PIEDRAHITA;Ávila;Castilla y León
12119;la Torre d'en Besora;163,0;36,03;30-60 km;-10,73;6,37;-2,4;<1,000 (very small rural);LLANOS CENTRALES;Castelló/Castellón;Comunitat Valenciana
08142;La Nou de Berguedà;163,0;51,09;30-60 km;6,8;10,0;-7,39;<1,000 (very small rural);BERGUEDA;Barcelona;Cataluña/Catalunya
49137;Navianos de Valverde;163,0;48,38;30-60 km;-6,67;-4,86;-7,39;<1,000 (very small rural);BENAVENTE Y LOS VALLES;Zamora;Castilla y León
08050;Castellar del Riu;163,0;45,19;30-60 km;-4,6;3,64;-4,68;<1,000 (very small rural);BERGUEDA;Barcelona;Cataluña/Catalunya
25105;Granyena de les Garrigues;163,0;22,62;<=30 km;-8,14;6,94;5,84;<1,000 (very small rural);GARRIGUES;Lleida;Cataluña/Catalunya
47189;Velascálvaro;163,0;50,41;30-60 km;-10,75;3,7;-2,98;<1,000 (very small rural);SUR;Valladolid;Castilla y León
42071;Cubo de la Solana;163,0;94,35;>60 km;-11,65;-9,6;-8,94;<1,000 (very small rural);SORIA;Soria;Castilla y León
09258;Pedrosa del Príncipe;163,0;41,2;30-60 km;-1,71;-5,17;-1,21;<1,000 (very small rural);PISUERGA;Burgos;Castilla y León
44262;Villarroya de los Pinares;163,0;76,92;>60 km;-9,88;9,38;-6,86;<1,000 (very small rural);MAESTRAZGO;Teruel;Aragón
37367;Villasbuenas;164,0;77,4;>60 km;-14,29;-5,24;-9,39;<1,000 (very small rural);VITIGUDINO;Salamanca;Castilla y León
16908;Pozorrubielos de la Mancha;164,0;59,12;30-60 km;-34,01;1,6;-14,14;<1,000 (very small rural);MANCHUELA;Cuenca;Castilla-La Mancha
25092;La Floresta;164,0;32,25;30-60 km;-7,74;-5,84;13,1;<1,000 (very small rural);GARRIGUES;Lleida;Cataluña/Catalunya
09164;Hontoria de Valdearados;164,0;68,13;>60 km;-17,67;-6,11;-2,96;<1,000 (very small rural);LA RIBERA;Burgos;Castilla y León
48088;Ubide;164,0;19,98;<=30 km;-4,89;-8,47;1,23;<1,000 (very small rural);ARRATIA-NERVION;Bizkaia;País Vasco/Euskadi
47109;Palazuelo de Vedija;164,0;42,22;30-60 km;-7,24;-8,42;-5,75;<1,000 (very small rural);TIERRA DE CAMPOS;Valladolid;Castilla y León
08052;Castellar de n'Hug;164,0;64,12;>60 km;-5,92;1,21;-1,8;<1,000 (very small rural);BERGUEDA;Barcelona;Cataluña/Catalunya
08253;Santa Maria de Besora;164,0;50,1;30-60 km;-8,12;12,59;1,86;<1,000 (very small rural);OSONA;Barcelona;Cataluña/Catalunya
47172;Torrescárcela;164,0;40,7;30-60 km;-16,67;12,0;-2,38;<1,000 (very small rural);SURESTE;Valladolid;Castilla y León
37310;Sieteiglesias de Tormes;164,0;25,91;<=30 km;5,52;-1,6;-10,87;<1,000 (very small rural);ALBA DE TORMES;Salamanca;Castilla y León
19189;Mohernando;164,0;17,61;<=30 km;-20,28;1,16;-5,75;<1,000 (very small rural);CAMPIÑA;Guadalajara;Castilla-La Mancha
22041;Azara;164,0;33,82;30-60 km;-10,0;-6,9;1,23;<1,000 (very small rural);SOMONTANO;Huesca;Aragón
25030;El Pont de Bar;165,0;75,36;>60 km;-10,0;1,75;-5,17;<1,000 (very small rural);ALT URGELL;Lleida;Cataluña/Catalunya
05231;San Vicente de Arévalo;165,0;36,09;30-60 km;-10,05;0,58;-4,07;<1,000 (very small rural);AREVALO-MADRIGAL;Ávila;Castilla y León
09030;Los Ausines;165,0;18,56;<=30 km;-12,58;1,55;25,95;<1,000 (very small rural);ARLANZON;Burgos;Castilla y León
22037;Arguis;165,0;21,95;<=30 km;4,27;18,6;7,84;<1,000 (very small rural);HOYA DE HUESCA;Huesca;Aragón
47134;Roales de Campos;165,0;61,34;>60 km;-19,7;-0,62;3,12;<1,000 (very small rural);TIERRA DE CAMPOS;Valladolid;Castilla y León
17037;Campelles;165,0;66,98;>60 km;-0,74;12,03;10,74;<1,000 (very small rural);RIPOLLES;Girona;Cataluña/Catalunya
49224;Trefacio;165,0;39,68;30-60 km;-1,61;-0,53;-11,29;<1,000 (very small rural);SANABRIA;Zamora;Castilla y León
42076;Deza;165,0;94,96;>60 km;-14,18;-2,31;-21,8;<1,000 (very small rural);CAMPO DE GOMARA;Soria;Castilla y León
22162;Novales;165,0;16,52;<=30 km;-11,43;-5,16;12,24;<1,000 (very small rural);HOYA DE HUESCA;Huesca;Aragón
31238;Unzué/Untzue;165,0;17,01;<=30 km;-4,23;16,79;3,12;<1,000 (very small rural);NAVARRA MEDIA;Navarra;Comunidad Foral de Navarra
09024;Arenillas de Riopisuerga;166,0;44,58;30-60 km;-5,32;-3,3;-5,68;<1,000 (very small rural);PISUERGA;Burgos;Castilla y León
49139;Otero de Bodas;166,0;56,86;30-60 km;-21,17;-7,93;9,93;<1,000 (very small rural);SANABRIA;Zamora;Castilla y León
22088;Castillazuelo;166,0;40,54;30-60 km;-11,68;-2,96;1,22;<1,000 (very small rural);SOMONTANO;Huesca;Aragón
49025;Bretó;166,0;38,75;30-60 km;-8,08;-13,04;3,75;<1,000 (very small rural);BENAVENTE Y LOS VALLES;Zamora;Castilla y León
34136;Poza de la Vega;166,0;61,96;>60 km;-13,97;-4,89;-5,14;<1,000 (very small rural);SALDAÑA-VALDAVIA;Palencia;Castilla y León
49185;San Agustín del Pozo;166,0;45,32;30-60 km;-5,77;-1,08;-9,29;<1,000 (very small rural);CAMPOS-PAN;Zamora;Castilla y León
19324;Villel de Mesa;166,0;102,51;>60 km;-11,87;-2,7;-7,78;<1,000 (very small rural);MOLINA DE ARAGON;Guadalajara;Castilla-La Mancha
40075;Escobar de Polendos;166,0;22,76;<=30 km;-11,5;-2,89;-1,19;<1,000 (very small rural);CUELLAR;Segovia;Castilla y León
46224;Segart;167,0;8,99;<=30 km;-8,67;12,03;-5,65;<1,000 (very small rural);SAGUNTO;València/Valencia;Comunitat Valenciana
25152;Les Oluges;167,0;40,63;30-60 km;-10,92;-1,74;-1,18;<1,000 (very small rural);SEGARRA;Lleida;Cataluña/Catalunya
05087;Gotarrendura;167,0;19,68;<=30 km;-6,94;4,97;-1,18;<1,000 (very small rural);AREVALO-MADRIGAL;Ávila;Castilla y León
34201;Vertavillo;167,0;28,22;<=30 km;-11,71;-8,15;-1,18;<1,000 (very small rural);EL CERRATO;Palencia;Castilla y León
16010;Alcázar del Rey;167,0;60,33;>60 km;-27,5;-6,57;30,47;<1,000 (very small rural);MANCHA ALTA;Cuenca;Castilla-La Mancha
50072;Carenas;167,0;86,08;>60 km;-10,77;2,82;-8,24;<1,000 (very small rural);CALATAYUD;Zaragoza;Aragón
37131;Frades de la Sierra;167,0;34,58;30-60 km;-10,71;-4,71;-8,24;<1,000 (very small rural);LA SIERRA;Salamanca;Castilla y León
46088;Casas Bajas;167,0;65,98;>60 km;-29,22;-4,65;1,83;<1,000 (very small rural);RINCON DE ADEMUZ;València/Valencia;Comunitat Valenciana
17003;Albanyà;168,0;39,8;30-60 km;-6,0;28,06;-5,62;<1,000 (very small rural);ALT EMPORDA;Girona;Cataluña/Catalunya
34902;Valle del Retortillo;168,0;31,64;30-60 km;-4,32;0,0;-3,45;<1,000 (very small rural);CAMPOS;Palencia;Castilla y León
37091;Casillas de Flores;168,0;112,59;>60 km;-12,62;0,0;-12,04;<1,000 (very small rural);CIUDAD RODRIGO;Salamanca;Castilla y León
39070;San Miguel de Aguayo;168,0;29,46;<=30 km;-7,23;0,68;13,51;<1,000 (very small rural);REINOSA;Cantabria;Cantabria
34052;Castrillo de Villavega;168,0;52,84;30-60 km;-10,1;-5,46;-2,89;<1,000 (very small rural);CAMPOS;Palencia;Castilla y León
17070;Fontanilles;168,0;22,93;<=30 km;-17,37;13,77;7,01;<1,000 (very small rural);BAIX EMPORDA;Girona;Cataluña/Catalunya
49202;Santa Eufemia del Barco;169,0;20,82;<=30 km;-19,4;-3,8;-4,52;<1,000 (very small rural);ALISTE;Zamora;Castilla y León
17212;Vidrà;169,0;45,62;30-60 km;5,99;7,51;-9,14;<1,000 (very small rural);OSONA;Girona;Cataluña/Catalunya
49102;El Maderal;169,0;31,11;30-60 km;-15,97;-9,23;-4,52;<1,000 (very small rural);DUERO BAJO;Zamora;Castilla y León
22111;Foradada del Toscar;169,0;73,14;>60 km;-15,64;-8,67;6,96;<1,000 (very small rural);RIBARGORZA;Huesca;Aragón
34220;Villamartín de Campos;169,0;9,91;<=30 km;-4,44;5,65;-9,63;<1,000 (very small rural);CAMPOS;Palencia;Castilla y León
44096;Ejulve;169,0;94,28;>60 km;-7,88;-1,11;-5,06;<1,000 (very small rural);SERRANIA DE MONTALBAN;Teruel;Aragón
50257;Torralba de Ribota;169,0;68,69;>60 km;-10,4;-5,23;3,68;<1,000 (very small rural);CALATAYUD;Zaragoza;Aragón
09224;Monasterio de Rodilla;169,0;19,9;<=30 km;-17,22;0,0;3,05;<1,000 (very small rural);BUREBA-EBRO;Burgos;Castilla y León
47099;La Mudarra;169,0;19,47;<=30 km;-12,97;-1,89;8,33;<1,000 (very small rural);CENTRO;Valladolid;Castilla y León
20907;Gaztelu;169,0;21,07;<=30 km;-4,71;13,07;-2,31;<1,000 (very small rural);GUIPUZCOA;Gipuzkoa;País Vasco/Euskadi
34087;Hornillos de Cerrato;170,0;25,45;<=30 km;33,03;0,0;18,88;<1,000 (very small rural);EL CERRATO;Palencia;Castilla y León
05033;Blascomillán;170,0;43,34;30-60 km;-6,13;-6,22;-6,08;<1,000 (very small rural);AVILA;Ávila;Castilla y León
40078;Fresneda de Cuéllar;170,0;47,58;30-60 km;-11,73;0,0;2,41;<1,000 (very small rural);CUELLAR;Segovia;Castilla y León
09228;Moradillo de Roa;170,0;78,39;>60 km;-10,0;-5,23;4,29;<1,000 (very small rural);LA RIBERA;Burgos;Castilla y León
19166;Málaga del Fresno;170,0;17,2;<=30 km;-14,63;-1,64;-5,56;<1,000 (very small rural);CAMPIÑA;Guadalajara;Castilla-La Mancha
01030;Lagrán;170,0;21,58;<=30 km;-9,78;8,23;-0,58;<1,000 (very small rural);MONTAÑA ALAVESA;Araba/Álava;País Vasco/Euskadi
26028;Bergasa;170,0;33,38;30-60 km;-5,16;3,52;15,65;<1,000 (very small rural);RIOJA BAJA;La Rioja;La Rioja
25904;Castell de Mur;170,0;56,52;30-60 km;-9,68;2,42;0,59;<1,000 (very small rural);PALLARS JUSSA;Lleida;Cataluña/Catalunya
25219;Tarroja de Segarra;170,0;45,7;30-60 km;3,43;2,19;-9,09;<1,000 (very small rural);SEGARRA;Lleida;Cataluña/Catalunya
34003;Abia de las Torres;170,0;51,66;30-60 km;-2,79;1,83;1,8;<1,000 (very small rural);CAMPOS;Palencia;Castilla y León
34114;Olmos de Ojeda;170,0;75,34;>60 km;-19,92;-5,56;-9,09;<1,000 (very small rural);BOEDO-OJEDA;Palencia;Castilla y León
17222;Vilaür;170,0;19,88;<=30 km;-2,68;10,2;4,94;<1,000 (very small rural);ALT EMPORDA;Girona;Cataluña/Catalunya
26058;Enciso;170,0;39,98;30-60 km;2,98;4,19;-2,3;<1,000 (very small rural);SIERRA RIOJA BAJA;La Rioja;La Rioja
12024;Benafer;170,0;40,97;30-60 km;-10,17;10,9;-1,73;<1,000 (very small rural);PALANCIA;Castelló/Castellón;Comunitat Valenciana
40103;Los Huertos;170,0;12,48;<=30 km;0,57;-4,47;-0,58;<1,000 (very small rural);SEGOVIA;Segovia;Castilla y León
09325;Royuela de Río Franco;170,0;45,93;30-60 km;-13,56;-8,29;-3,95;<1,000 (very small rural);ARLANZA;Burgos;Castilla y León
50901;Biel;170,0;48,01;30-60 km;-19,88;22,14;-0,58;<1,000 (very small rural);EGEA DE LOS CABALLEROS;Zaragoza;Aragón
31127;Irañeta;170,0;25,74;<=30 km;8,75;-4,55;1,19;<1,000 (very small rural);NORD OCCIDENTAL;Navarra;Comunidad Foral de Navarra
22249;Villanova;170,0;86,78;>60 km;4,46;7,55;-0,58;<1,000 (very small rural);RIBARGORZA;Huesca;Aragón
09262;Peral de Arlanza;170,0;42,41;30-60 km;7,19;4,79;-2,86;<1,000 (very small rural);ARLANZA;Burgos;Castilla y León
31253;Bidaurreta;170,0;16,48;<=30 km;7,64;-3,51;3,03;<1,000 (very small rural);CUENCA PAMPLONA;Navarra;Comunidad Foral de Navarra
05222;Santa Cruz de Pinares;170,0;15,04;<=30 km;-12,57;14,89;4,94;<1,000 (very small rural);VALLE BAJO ALBERCHE;Ávila;Castilla y León
31246;Uterga;171,0;13,89;<=30 km;-20,0;3,66;0,59;<1,000 (very small rural);CUENCA PAMPLONA;Navarra;Comunidad Foral de Navarra
50154;Mainar;171,0;61,27;>60 km;-7,93;7,28;5,56;<1,000 (very small rural);DAROCA;Zaragoza;Aragón
46219;Rugat;171,0;17,06;<=30 km;-19,8;11,11;-5,0;<1,000 (very small rural);VALLES DE ALBAIDA;València/Valencia;Comunitat Valenciana
26148;Tirgo;171,0;39,88;30-60 km;-16,02;-1,61;-6,56;<1,000 (very small rural);RIOJA ALTA;La Rioja;La Rioja
47074;Hornillos de Eresma;171,0;34,01;30-60 km;-13,3;4,82;-1,72;<1,000 (very small rural);SURESTE;Valladolid;Castilla y León
20906;Altzaga;171,0;28,75;<=30 km;6,25;-1,12;-3,39;<1,000 (very small rural);GOIERRI;Gipuzkoa;País Vasco/Euskadi
46050;Benagéber;171,0;60,58;>60 km;14,97;-3,16;-7,07;<1,000 (very small rural);ALTO TURIA;València/Valencia;Comunitat Valenciana
45120;Nuño Gómez;171,0;27,88;<=30 km;-23,76;4,58;24,82;<1,000 (very small rural);TORRIJOS;Toledo;Castilla-La Mancha
22190;El Pueyo de Araguás;171,0;64,23;>60 km;0,66;8,44;2,4;<1,000 (very small rural);SOBRARBE;Huesca;Aragón
09396;Tubilla del Lago;171,0;62,18;>60 km;-8,77;4,38;2,4;<1,000 (very small rural);LA RIBERA;Burgos;Castilla y León
34073;Fresno del Río;171,0;61,43;>60 km;0,0;-4,12;-8,06;<1,000 (very small rural);GUARDO;Palencia;Castilla y León
09065;Campillo de Aranda;171,0;80,74;>60 km;-13,92;4,32;1,18;<1,000 (very small rural);LA RIBERA;Burgos;Castilla y León
03022;Benasau;171,0;15,62;<=30 km;-11,8;8,97;0,59;<1,000 (very small rural);MONTAÑA;Alacant/Alicante;Comunitat Valenciana
40070;Duruelo;171,0;56,78;30-60 km;-0,57;6,74;-10,0;<1,000 (very small rural);SEGOVIA;Segovia;Castilla y León
37248;Peralejos de Abajo;171,0;57,96;30-60 km;-7,51;8,28;0,59;<1,000 (very small rural);VITIGUDINO;Salamanca;Castilla y León
31118;Goñi;172,0;20,1;<=30 km;-11,98;1,23;4,24;<1,000 (very small rural);CUENCA PAMPLONA;Navarra;Comunidad Foral de Navarra
47048;Ceinos de Campos;172,0;48,06;30-60 km;-15,56;-7,11;-17,7;<1,000 (very small rural);TIERRA DE CAMPOS;Valladolid;Castilla y León
42132;Noviercas;172,0;89,7;>60 km;-13,66;6,67;7,5;<1,000 (very small rural);CAMPO DE GOMARA;Soria;Castilla y León
08297;Veciana;172,0;29,34;<=30 km;-3,47;5,29;-3,91;<1,000 (very small rural);ANOIA;Barcelona;Cataluña/Catalunya
24099;Matanza;172,0;39,8;30-60 km;-22,51;-4,57;2,99;<1,000 (very small rural);ESLA-CAMPOS;León;Castilla y León
31235;Ujué/Uxue;172,0;39,94;30-60 km;-19,34;-1,13;-1,71;<1,000 (very small rural);NAVARRA MEDIA;Navarra;Comunidad Foral de Navarra
17157;Sant Andreu Salou;172,0;12,87;<=30 km;-1,32;0,0;10,26;<1,000 (very small rural);GIRONES;Girona;Cataluña/Catalunya
22064;Blecua y Torres;172,0;19,99;<=30 km;-15,35;-2,19;-3,91;<1,000 (very small rural);HOYA DE HUESCA;Huesca;Aragón
08087;Gallifa;172,0;15,52;<=30 km;-11,76;8,28;-6,01;<1,000 (very small rural);VALLES OCCIDENTAL;Barcelona;Cataluña/Catalunya
17197;Torrent;173,0;24,7;<=30 km;-14,81;-3,03;8,12;<1,000 (very small rural);BAIX EMPORDA;Girona;Cataluña/Catalunya
37311;Sobradillo;173,0;95,21;>60 km;-15,22;-15,52;-11,73;<1,000 (very small rural);VITIGUDINO;Salamanca;Castilla y León
37109;Colmenar de Montemayor;173,0;65,76;>60 km;-6,97;-2,75;-2,26;<1,000 (very small rural);LA SIERRA;Salamanca;Castilla y León
50172;Monreal de Ariza;173,0;108,42;>60 km;11,83;-8,96;-10,36;<1,000 (very small rural);CALATAYUD;Zaragoza;Aragón
31244;Urroz;173,0;26,95;<=30 km;4,52;-0,56;-3,35;<1,000 (very small rural);NORD OCCIDENTAL;Navarra;Comunidad Foral de Navarra
05026;Bercial de Zapardiel;173,0;50,39;30-60 km;-17,93;-2,01;-11,28;<1,000 (very small rural);AREVALO-MADRIGAL;Ávila;Castilla y León
22133;Labuerda;173,0;57,85;30-60 km;-7,1;-4,94;12,34;<1,000 (very small rural);SOBRARBE;Huesca;Aragón
37272;Saelices el Chico;173,0;86,41;>60 km;-10,71;8,16;8,81;<1,000 (very small rural);CIUDAD RODRIGO;Salamanca;Castilla y León
16111;Huerta del Marquesado;173,0;25,24;<=30 km;-10,31;-2,63;-6,49;<1,000 (very small rural);SERRANIA ALTA;Cuenca;Castilla-La Mancha
37355;Villanueva del Conde;174,0;58,43;30-60 km;-4,95;7,55;1,75;<1,000 (very small rural);LA SIERRA;Salamanca;Castilla y León
09162;Hontoria de la Cantera;174,0;17,76;<=30 km;12,69;-1,92;13,73;<1,000 (very small rural);ARLANZON;Burgos;Castilla y León
31145;Lazagurría;174,0;18,61;<=30 km;-7,21;-6,42;-0,57;<1,000 (very small rural);TIERRA ESTELLA;Navarra;Comunidad Foral de Navarra
08036;Calonge de Segarra;174,0;28,53;<=30 km;0,0;1,57;-10,31;<1,000 (very small rural);ANOIA;Barcelona;Cataluña/Catalunya
12092;Puebla de Arenoso;174,0;42,95;30-60 km;-24,0;9,72;10,13;<1,000 (very small rural);PALANCIA;Castelló/Castellón;Comunitat Valenciana
12142;Zucaina;174,0;35,01;30-60 km;-0,53;1,74;-0,57;<1,000 (very small rural);PEÑAGOLOSA;Castelló/Castellón;Comunitat Valenciana
37267;Retortillo;174,0;63,4;>60 km;-12,82;-8,08;-4,4;<1,000 (very small rural);FUENTE DE SAN ESTEBAN;Salamanca;Castilla y León
34215;Villalcázar de Sirga;174,0;37,12;30-60 km;-1,15;-0,59;3,57;<1,000 (very small rural);CAMPOS;Palencia;Castilla y León
12073;Ludiente;175,0;27,87;<=30 km;-20,0;0,0;12,9;<1,000 (very small rural);PEÑAGOLOSA;Castelló/Castellón;Comunitat Valenciana
05005;Albornos;175,0;27,81;<=30 km;-12,72;-9,47;1,74;<1,000 (very small rural);AREVALO-MADRIGAL;Ávila;Castilla y León
49157;Pino del Oro;175,0;27,36;<=30 km;10,36;-8,5;-4,37;<1,000 (very small rural);ALISTE;Zamora;Castilla y León
25247;Vilamòs;175,0;118,44;>60 km;-20,11;3,14;6,71;<1,000 (very small rural);VAL D'ARAN;Lleida;Cataluña/Catalunya
05023;Barromán;175,0;49,88;30-60 km;-11,59;-2,69;-3,31;<1,000 (very small rural);AREVALO-MADRIGAL;Ávila;Castilla y León
24184;Valdesamario;175,0;39,8;30-60 km;-10,36;-0,51;-10,26;<1,000 (very small rural);ASTORGA;León;Castilla y León
47062;Fombellida;175,0;40,64;30-60 km;-15,94;-4,05;5,42;<1,000 (very small rural);CENTRO;Valladolid;Castilla y León
08308;Viver i Serrateix;175,0;25,41;<=30 km;-2,81;6,71;0,0;<1,000 (very small rural);BERGUEDA;Barcelona;Cataluña/Catalunya
42174;Sotillo del Rincón;175,0;57,23;30-60 km;-15,45;-1,11;-1,69;<1,000 (very small rural);TIERRAS ALTAS Y VALLE DEL TERA;Soria;Castilla y León
03134;la Vall d'Alcalà;175,0;22,01;<=30 km;-10,16;-0,61;7,36;<1,000 (very small rural);MONTAÑA;Alacant/Alicante;Comunitat Valenciana
50264;Tosos;175,0;44,2;30-60 km;-20,66;-2,22;-0,57;<1,000 (very small rural);LA ALMUNIA DE DOÑA GODINA;Zaragoza;Aragón
08255;Santa Maria de Merlès;175,0;32,08;30-60 km;11,11;-1,64;-2,78;<1,000 (very small rural);BERGUEDA;Barcelona;Cataluña/Catalunya
47131;Rábano;176,0;62,68;>60 km;-13,62;-7,14;4,14;<1,000 (very small rural);SURESTE;Valladolid;Castilla y León
37190;Mieza;176,0;84,59;>60 km;-10,48;-9,13;-6,88;<1,000 (very small rural);VITIGUDINO;Salamanca;Castilla y León
25055;Biosca;176,0;41,19;30-60 km;-16,22;-1,66;-1,12;<1,000 (very small rural);SEGARRA;Lleida;Cataluña/Catalunya
19018;Alhóndiga;176,0;32,08;30-60 km;-19,9;0,0;12,1;<1,000 (very small rural);ALCARRIA BAJA;Guadalajara;Castilla-La Mancha
16258;Villar del Humo;176,0;47,43;30-60 km;-33,88;-8,47;1,73;<1,000 (very small rural);SERRANIA BAJA;Cuenca;Castilla-La Mancha
34177;Soto de Cerrato;176,0;12,24;<=30 km;-1,05;0,52;-8,33;<1,000 (very small rural);EL CERRATO;Palencia;Castilla y León
47037;Castrejón de Trabancos;176,0;52,96;30-60 km;-17,97;-2,3;3,53;<1,000 (very small rural);SUR;Valladolid;Castilla y León
34231;Villarrabé;176,0;51,92;30-60 km;-20,07;-7,25;-8,33;<1,000 (very small rural);SALDAÑA-VALDAVIA;Palencia;Castilla y León
24058;Corbillos de los Oteros;176,0;22,09;<=30 km;-9,58;-7,66;-8,81;<1,000 (very small rural);ESLA-CAMPOS;León;Castilla y León
09197;Madrigalejo del Monte;176,0;23,35;<=30 km;-17,68;6,55;-1,68;<1,000 (very small rural);ARLANZA;Burgos;Castilla y León
16003;Alarcón;176,0;66,05;>60 km;-21,69;-1,31;16,56;<1,000 (very small rural);MANCHUELA;Cuenca;Castilla-La Mancha
50254;Tierga;177,0;55,56;30-60 km;-5,94;-1,04;-6,84;<1,000 (very small rural);LA ALMUNIA DE DOÑA GODINA;Zaragoza;Aragón
10052;Casas de Don Antonio;177,0;21,15;<=30 km;-14,08;9,2;-0,56;<1,000 (very small rural);CACERES;Cáceres;Extremadura
12014;Ares del Maestrat;177,0;50,04;30-60 km;-4,37;-7,89;1,14;<1,000 (very small rural);ALTO MAESTRAZGO;Castelló/Castellón;Comunitat Valenciana
47017;Bercero;177,0;27,63;<=30 km;-7,05;-7,14;-9,23;<1,000 (very small rural);CENTRO;Valladolid;Castilla y León
49167;Pueblica de Valverde;177,0;45,13;30-60 km;-21,34;-4,12;-4,84;<1,000 (very small rural);BENAVENTE Y LOS VALLES;Zamora;Castilla y León
42119;Monteagudo de las Vicarías;177,0;112,1;>60 km;-15,23;-7,25;-1,12;<1,000 (very small rural);CAMPO DE GOMARA;Soria;Castilla y León
10046;Carbajo;177,0;68,7;>60 km;-2,21;-4,81;-10,61;<1,000 (very small rural);VALENCIA DE ALCANTARA;Cáceres;Extremadura
09043;Los Barrios de Bureba;178,0;41,41;30-60 km;-8,6;-4,12;-4,3;<1,000 (very small rural);BUREBA-EBRO;Burgos;Castilla y León
34058;Cevico Navero;178,0;37,01;30-60 km;-5,8;-6,06;-4,3;<1,000 (very small rural);EL CERRATO;Palencia;Castilla y León
08090;Gaià;178,0;24,63;<=30 km;-5,81;13,17;-5,82;<1,000 (very small rural);BAGES;Barcelona;Cataluña/Catalunya
01019;Kripan;178,0;15,4;<=30 km;-6,6;-3,31;1,71;<1,000 (very small rural);RIOJA ALAVESA;Araba/Álava;País Vasco/Euskadi
08152;Orpí;178,0;30,09;30-60 km;-22,09;13,24;15,58;<1,000 (very small rural);ANOIA;Barcelona;Cataluña/Catalunya
43115;Pradell de la Teixeta;178,0;20,74;<=30 km;-20,1;3,14;8,54;<1,000 (very small rural);PRIORAT;Tarragona;Cataluña/Catalunya
09460;Villasandino;178,0;35,84;30-60 km;-8,02;-6,88;1,14;<1,000 (very small rural);PISUERGA;Burgos;Castilla y León
20012;Arama;178,0;29,85;<=30 km;4,98;-2,44;-11,0;<1,000 (very small rural);GOIERRI;Gipuzkoa;País Vasco/Euskadi
49240;Villadepera;179,0;28,44;<=30 km;-13,73;-7,8;-5,29;<1,000 (very small rural);SAYAGO;Zamora;Castilla y León
22062;Bisaurri;179,0;88,28;>60 km;-12,62;-2,76;1,7;<1,000 (very small rural);RIBARGORZA;Huesca;Aragón
09235;Olmedillo de Roa;179,0;57,36;30-60 km;1,02;0,53;-5,79;<1,000 (very small rural);LA RIBERA;Burgos;Castilla y León
49052;Coomonte;179,0;56,81;30-60 km;-12,78;2,06;-9,6;<1,000 (very small rural);BENAVENTE Y LOS VALLES;Zamora;Castilla y León
40204;Torrecilla del Pinar;179,0;52,4;30-60 km;-10,81;-10,31;2,87;<1,000 (very small rural);SEPULVEDA;Segovia;Castilla y León
26110;Ojacastro;179,0;46,59;30-60 km;-11,11;4,0;-1,65;<1,000 (very small rural);SIERRA RIOJA ALTA;La Rioja;La Rioja
34143;Quintanilla de Onsoña;180,0;55,2;30-60 km;-10,58;-2,72;0,56;<1,000 (very small rural);SALDAÑA-VALDAVIA;Palencia;Castilla y León
31115;Garralda;180,0;32,33;30-60 km;-2,65;0,53;-5,26;<1,000 (very small rural);PIRINEOS;Navarra;Comunidad Foral de Navarra
09029;Atapuerca;180,0;14,81;<=30 km;-12,14;5,81;-1,1;<1,000 (very small rural);ARLANZON;Burgos;Castilla y León
22202;Salas Bajas;180,0;42,96;30-60 km;22,14;15,57;-6,74;<1,000 (very small rural);SOMONTANO;Huesca;Aragón
24226;Villaselán;180,0;44,75;30-60 km;-13,85;-7,65;-0,55;<1,000 (very small rural);SAHAGUN;León;Castilla y León
17052;Siurana;180,0;29,04;<=30 km;-12,15;10,49;0,56;<1,000 (very small rural);ALT EMPORDA;Girona;Cataluña/Catalunya
31134;Jaurrieta;180,0;41,92;30-60 km;-13,49;-5,24;-0,55;<1,000 (very small rural);PIRINEOS;Navarra;Comunidad Foral de Navarra
10174;Segura de Toro;180,0;85,39;>60 km;-4,08;1,6;-5,26;<1,000 (very small rural);HERVAS;Cáceres;Extremadura
25141;Montoliu de Segarra;180,0;48,6;30-60 km;-9,18;0,53;-5,76;<1,000 (very small rural);SEGARRA;Lleida;Cataluña/Catalunya
40206;Torre Val de San Pedro;180,0;29,6;<=30 km;-2,59;5,35;-8,63;<1,000 (very small rural);SEGOVIA;Segovia;Castilla y León
40020;Arcones;180,0;44,32;30-60 km;-34,02;-2,29;5,26;<1,000 (very small rural);SEGOVIA;Segovia;Castilla y León
34139;Prádanos de Ojeda;181,0;65,63;>60 km;-11,47;-4,64;-2,16;<1,000 (very small rural);BOEDO-OJEDA;Palencia;Castilla y León
37134;Fresno Alhándiga;181,0;28,1;<=30 km;-17,58;-9,68;-7,65;<1,000 (very small rural);ALBA DE TORMES;Salamanca;Castilla y León
16159;Pinarejo;181,0;74,85;>60 km;-39,47;-10,33;-5,24;<1,000 (very small rural);MANCHA ALTA;Cuenca;Castilla-La Mancha
19215;Peñalver;181,0;25,4;<=30 km;-27,59;-0,66;19,87;<1,000 (very small rural);CAMPIÑA;Guadalajara;Castilla-La Mancha
37247;Peñarandilla;181,0;25,78;<=30 km;-13,97;-3,85;3,43;<1,000 (very small rural);ALBA DE TORMES;Salamanca;Castilla y León
37026;Aldehuela de Yeltes;181,0;58,37;30-60 km;-11,21;-1,03;-6,22;<1,000 (very small rural);FUENTE DE SAN ESTEBAN;Salamanca;Castilla y León
04068;Olula de Castro;181,0;35,43;30-60 km;-4,5;5,56;-4,74;<1,000 (very small rural);CAMPO TABERNAS;Almería;Andalucía
50046;Belmonte de Gracián;181,0;61,71;>60 km;-12,71;-2,02;-6,7;<1,000 (very small rural);CALATAYUD;Zaragoza;Aragón
34050;Castrillo de Don Juan;181,0;43,21;30-60 km;-9,8;-10,91;-7,65;<1,000 (very small rural);EL CERRATO;Palencia;Castilla y León
37303;El Sahugo;181,0;95,62;>60 km;-16,59;-3,63;-2,69;<1,000 (very small rural);CIUDAD RODRIGO;Salamanca;Castilla y León
42017;Almajano;182,0;69,54;>60 km;-15,96;2,73;-3,19;<1,000 (very small rural);CAMPO DE GOMARA;Soria;Castilla y León
10081;Gargüera;182,0;85,59;>60 km;8,13;39,06;2,25;<1,000 (very small rural);PLASENCIA;Cáceres;Extremadura
49037;Carbellino;182,0;42,66;30-60 km;-12,28;-13,37;4,0;<1,000 (very small rural);SAYAGO;Zamora;Castilla y León
50098;Encinacorba;182,0;52,65;30-60 km;-21,74;-1,59;-2,15;<1,000 (very small rural);LA ALMUNIA DE DOÑA GODINA;Zaragoza;Aragón
37254;Pitiegua;182,0;21,75;<=30 km;-7,69;-1,06;-2,15;<1,000 (very small rural);SALAMANCA;Salamanca;Castilla y León
44265;Vinaceite;182,0;53,46;30-60 km;-12,96;-13,65;-15,35;<1,000 (very small rural);BAJO ARAGON;Teruel;Aragón
44219;Tornos;182,0;91,2;>60 km;-3,48;-5,63;-9,45;<1,000 (very small rural);CUENCA DEL JILOCA;Teruel;Aragón
44230;Torrevelilla;182,0;99,12;>60 km;-11,11;-4,76;1,11;<1,000 (very small rural);BAJO ARAGON;Teruel;Aragón
37224;La Orbada;182,0;24,08;<=30 km;-6,44;-8,21;-4,21;<1,000 (very small rural);SALAMANCA;Salamanca;Castilla y León
12017;Ayódar;182,0;22,85;<=30 km;-22,17;-3,66;15,19;<1,000 (very small rural);PALANCIA;Castelló/Castellón;Comunitat Valenciana
12120;la Torre d'en Doménec;182,0;31,67;30-60 km;-25,28;-17,8;15,92;<1,000 (very small rural);LLANOS CENTRALES;Castelló/Castellón;Comunitat Valenciana
25049;Bellmunt d'Urgell;182,0;33,68;30-60 km;-6,93;-5,7;0,0;<1,000 (very small rural);NOGUERA;Lleida;Cataluña/Catalunya
05172;Niharra;183,0;18,47;<=30 km;16,77;2,17;-2,66;<1,000 (very small rural);AVILA;Ávila;Castilla y León
10066;Conquista de la Sierra;183,0;62,04;>60 km;-10,85;3,78;-4,69;<1,000 (very small rural);TRUJILLO;Cáceres;Extremadura
37029;Anaya de Alba;183,0;30,57;30-60 km;-12,45;-12,56;-2,66;<1,000 (very small rural);ALBA DE TORMES;Salamanca;Castilla y León
37167;Juzbado;183,0;22,6;<=30 km;0,0;4,19;-8,04;<1,000 (very small rural);LEDESMA;Salamanca;Castilla y León
45164;Sotillo de las Palomas;183,0;15,51;<=30 km;-8,76;-1,04;-4,19;<1,000 (very small rural);TALAVERA;Toledo;Castilla-La Mancha
19325;Viñuelas;183,0;22,23;<=30 km;-1,41;32,85;0,55;<1,000 (very small rural);CAMPIÑA;Guadalajara;Castilla-La Mancha
22040;Azanuy-Alins;183,0;44,98;30-60 km;-4,42;0,57;3,39;<1,000 (very small rural);LA LITERA;Huesca;Aragón
19239;Robledillo de Mohernando;183,0;23,04;<=30 km;-9,17;19,81;44,09;<1,000 (very small rural);CAMPIÑA;Guadalajara;Castilla-La Mancha
34221;Villamediana;183,0;16,9;<=30 km;-6,12;4,0;0,55;<1,000 (very small rural);EL CERRATO;Palencia;Castilla y León
37327;Torresmenudas;184,0;18,37;<=30 km;-9,39;5,24;-8,46;<1,000 (very small rural);SALAMANCA;Salamanca;Castilla y León
24001;Acebedo;184,0;60,76;>60 km;-22,35;-8,42;-0,54;<1,000 (very small rural);LA MONTAÑA DE RIAÑO;León;Castilla y León
19282;Torremocha del Campo;184,0;59,46;30-60 km;-18,85;-0,57;5,75;<1,000 (very small rural);ALCARRIA ALTA;Guadalajara;Castilla-La Mancha
49156;Pinilla de Toro;184,0;38,98;30-60 km;-13,87;-9,29;-10,24;<1,000 (very small rural);CAMPOS-PAN;Zamora;Castilla y León
12075;la Mata de Morella;184,0;71,09;>60 km;-16,43;4,32;8,88;<1,000 (very small rural);ALTO MAESTRAZGO;Castelló/Castellón;Comunitat Valenciana
40106;Juarros de Voltoya;184,0;32,69;30-60 km;-22,11;-9,62;-2,13;<1,000 (very small rural);CUELLAR;Segovia;Castilla y León
43091;Mont-ral;184,0;16,19;<=30 km;-6,29;1,2;8,88;<1,000 (very small rural);ALT CAMP;Tarragona;Cataluña/Catalunya
19111;Escariche;185,0;28,21;<=30 km;-17,45;17,54;-7,96;<1,000 (very small rural);CAMPIÑA;Guadalajara;Castilla-La Mancha
22128;Ilche;185,0;45,14;30-60 km;-10,13;-12,74;0,0;<1,000 (very small rural);SOMONTANO;Huesca;Aragón
17076;Garrigoles;185,0;20,68;<=30 km;4,88;-2,86;8,82;<1,000 (very small rural);BAIX EMPORDA;Girona;Cataluña/Catalunya
28114;Piñuécar-Gandullas;185,0;42,42;30-60 km;5,78;8,19;0,0;<1,000 (very small rural);LOZOYA SOMOSIERRA;Madrid;Comunidad de Madrid
10108;Ladrillar;185,0;71,79;>60 km;-0,48;-7,96;0,0;<1,000 (very small rural);HERVAS;Cáceres;Extremadura
43117;Prat de Comte;185,0;62,68;>60 km;-4,74;3,91;-0,54;<1,000 (very small rural);TERRA ALTA;Tarragona;Cataluña/Catalunya
47181;Valdenebro de los Valles;185,0;25,89;<=30 km;-8,77;-2,03;-4,15;<1,000 (very small rural);TIERRA DE CAMPOS;Valladolid;Castilla y León
26070;Grávalos;185,0;54,37;30-60 km;-17,95;1,68;1,65;<1,000 (very small rural);RIOJA BAJA;La Rioja;La Rioja
05159;Navalonguilla;185,0;64,47;>60 km;-15,67;-11,44;-11,48;<1,000 (very small rural);BARCO AVILA-PIEDRAHITA;Ávila;Castilla y León
46069;Benissuera;185,0;24,56;<=30 km;-5,37;1,67;1,09;<1,000 (very small rural);VALLES DE ALBAIDA;València/Valencia;Comunitat Valenciana
25124;Lladurs;185,0;47,86;30-60 km;-7,11;4,47;-1,07;<1,000 (very small rural);SOLSONES;Lleida;Cataluña/Catalunya
24018;Bercianos del Real Camino;186,0;41,54;30-60 km;-1,03;-7,77;4,49;<1,000 (very small rural);SAHAGUN;León;Castilla y León
09014;Los Altos;186,0;48,2;30-60 km;-5,97;2,69;-2,62;<1,000 (very small rural);PARAMOS;Burgos;Castilla y León
37169;Larrodrigo;186,0;35,03;30-60 km;-11,87;-3,65;0,54;<1,000 (very small rural);ALBA DE TORMES;Salamanca;Castilla y León
03008;Alcoleja;186,0;16,57;<=30 km;-4,15;0,56;2,76;<1,000 (very small rural);MONTAÑA;Alacant/Alicante;Comunitat Valenciana
37035;Armenteros;186,0;42,86;30-60 km;-47,09;-4,0;-3,12;<1,000 (very small rural);ALBA DE TORMES;Salamanca;Castilla y León
10199;Valdehúncar;186,0;59,74;30-60 km;-14,76;0,56;3,91;<1,000 (very small rural);NAVALMORAL DE LA MATA;Cáceres;Extremadura
49098;Losacino;187,0;28,11;<=30 km;-12,16;-4,59;-10,1;<1,000 (very small rural);ALISTE;Zamora;Castilla y León
29021;Atajate;187,0;21,53;<=30 km;-2,34;5,92;4,47;<1,000 (very small rural);SERRANIA DE RONDA;Málaga;Andalucía
31195;Orbaizeta;187,0;41,62;30-60 km;-6,98;-3,05;-2,09;<1,000 (very small rural);PIRINEOS;Navarra;Comunidad Foral de Navarra
26033;Briñas;187,0;29,7;<=30 km;-18,88;-6,97;0,0;<1,000 (very small rural);RIOJA ALTA;La Rioja;La Rioja
37088;Carrascal del Obispo;187,0;34,29;30-60 km;-4,29;-10,6;-3,61;<1,000 (very small rural);FUENTE DE SAN ESTEBAN;Salamanca;Castilla y León
22063;Biscarrués;187,0;26,74;<=30 km;-13,9;1,06;-2,09;<1,000 (very small rural);HOYA DE HUESCA;Huesca;Aragón
47154;Santibáñez de Valcorba;187,0;31,75;30-60 km;-6,36;14,56;3,31;<1,000 (very small rural);SURESTE;Valladolid;Castilla y León
44007;Alba;187,0;70,12;>60 km;-19,57;3,37;1,63;<1,000 (very small rural);CUENCA DEL JILOCA;Teruel;Aragón
37270;Robliza de Cojos;187,0;27,38;<=30 km;-16,6;1,02;-5,56;<1,000 (very small rural);FUENTE DE SAN ESTEBAN;Salamanca;Castilla y León
49134;Muelas de los Caballeros;188,0;43,63;30-60 km;-11,68;-4,47;9,94;<1,000 (very small rural);SANABRIA;Zamora;Castilla y León
17129;Pedret i Marzà;188,0;40,81;30-60 km;6,29;-4,1;0,53;<1,000 (very small rural);ALT EMPORDA;Girona;Cataluña/Catalunya
10031;Botija;188,0;31,54;30-60 km;-11,21;0,0;0,53;<1,000 (very small rural);CACERES;Cáceres;Extremadura
09208;Mecerreyes;188,0;29,16;<=30 km;-28,67;-7,11;-4,08;<1,000 (very small rural);ARLANZA;Burgos;Castilla y León
25909;La Vansa i Fórnols;188,0;64,59;>60 km;-15,89;-7,14;20,51;<1,000 (very small rural);ALT URGELL;Lleida;Cataluña/Catalunya
22209;Santa Cruz de la Serós;188,0;49,59;30-60 km;-6,35;7,22;-2,59;<1,000 (very small rural);JACETANIA;Huesca;Aragón
37333;Valdelacasa;189,0;50,54;30-60 km;-13,92;-1,4;-10,43;<1,000 (very small rural);LA SIERRA;Salamanca;Castilla y León
10088;Guijo de Coria;189,0;76,92;>60 km;-19,39;-3,43;-4,06;<1,000 (very small rural);CORIA;Cáceres;Extremadura
37331;Valdefuentes de Sangusín;189,0;56,03;30-60 km;-15,56;-7,39;0,53;<1,000 (very small rural);LA SIERRA;Salamanca;Castilla y León
26163;Ventosa;189,0;16,04;<=30 km;4,14;26,63;-11,68;<1,000 (very small rural);RIOJA ALTA;La Rioja;La Rioja
47047;Castroverde de Cerrato;189,0;37,61;30-60 km;-10,51;-12,89;-3,57;<1,000 (very small rural);CENTRO;Valladolid;Castilla y León
09057;Bugedo;189,0;35,01;30-60 km;-8,47;13,29;-3,57;<1,000 (very small rural);BUREBA-EBRO;Burgos;Castilla y León
09093;Cayuela;189,0;13,98;<=30 km;-11,22;7,34;-0,53;<1,000 (very small rural);ARLANZON;Burgos;Castilla y León
31059;Burgui/Burgi;190,0;54,37;30-60 km;-11,44;-7,21;-1,55;<1,000 (very small rural);PIRINEOS;Navarra;Comunidad Foral de Navarra
37083;Cantaracillo;190,0;44,74;30-60 km;-8,92;1,03;-3,55;<1,000 (very small rural);PEÑARANDA DE BRACAMONTE;Salamanca;Castilla y León
49163;Pozoantiguo;190,0;31,18;30-60 km;-21,68;-13,04;5,56;<1,000 (very small rural);CAMPOS-PAN;Zamora;Castilla y León
25153;Els Omellons;190,0;35,08;30-60 km;-12,86;-4,72;-5,94;<1,000 (very small rural);GARRIGAS;Lleida;Cataluña/Catalunya
12038;Castellfort;190,0;58,08;30-60 km;-16,46;-6,77;6,15;<1,000 (very small rural);ALTO MAESTRAZGO;Castelló/Castellón;Comunitat Valenciana
31234;Ucar;190,0;15,01;<=30 km;2,23;4,52;2,7;<1,000 (very small rural);CUENCA PAMPLONA;Navarra;Comunidad Foral de Navarra
04034;Cóbdar;190,0;43,7;30-60 km;-8,24;18,88;11,76;<1,000 (very small rural);ALTO ALMAZORA;Almería;Andalucía
05195;Riofrío;191,0;16,45;<=30 km;-12,55;-13,66;-2,55;<1,000 (very small rural);AVILA;Ávila;Castilla y León
24149;San Millán de los Caballeros;191,0;33,15;30-60 km;-5,88;2,98;10,4;<1,000 (very small rural);ESLA-CAMPOS;León;Castilla y León
16149;Palomera;191,0;15,03;<=30 km;-18,04;-1,26;21,66;<1,000 (very small rural);SERRANIA MEDIA;Cuenca;Castilla-La Mancha
09414;Valle de Valdelaguna;191,0;52,89;30-60 km;0,51;-0,51;-1,55;<1,000 (very small rural);DEMANDA;Burgos;Castilla y León
17192;Setcases;191,0;64,37;>60 km;3,41;10,12;3,24;<1,000 (very small rural);RIPOLLES;Girona;Cataluña/Catalunya
17201;Toses;191,0;69,55;>60 km;4,35;7,88;7,3;<1,000 (very small rural);RIPOLLES;Girona;Cataluña/Catalunya
31209;Romanzado/Erromantzatua;191,0;40,06;30-60 km;5,26;7,47;2,14;<1,000 (very small rural);PIRINEOS;Navarra;Comunidad Foral de Navarra
44229;Torres de Albarracín;191,0;46,74;30-60 km;6,59;-6,56;11,7;<1,000 (very small rural);SERRANIA DE ALBARRACIN;Teruel;Aragón
31007;Adiós;191,0;15,11;<=30 km;-16,67;7,05;14,37;<1,000 (very small rural);CUENCA PAMPLONA;Navarra;Comunidad Foral de Navarra
01041;Navaridas;191,0;16,82;<=30 km;6,1;-5,74;-3,05;<1,000 (very small rural);RIOJA ALAVESA;Araba/Álava;País Vasco/Euskadi
47058;Cuenca de Campos;192,0;41,61;30-60 km;-2,58;-7,96;-7,69;<1,000 (very small rural);TIERRA DE CAMPOS;Valladolid;Castilla y León
37379;Zamayón;192,0;25,34;<=30 km;14,36;-3,88;-3,03;<1,000 (very small rural);LEDESMA;Salamanca;Castilla y León
26135;Santa Engracia del Jubera;192,0;21,04;<=30 km;-14,52;12,99;10,34;<1,000 (very small rural);RIOJA MEDIA;La Rioja;La Rioja
50140;Litago;192,0;70,79;>60 km;-7,57;14,46;1,05;<1,000 (very small rural);BORJA;Zaragoza;Aragón
44240;Valbona;192,0;67,04;>60 km;-10,4;5,75;4,35;<1,000 (very small rural);HOYA DE TERUEL;Teruel;Aragón
08243;Santa Cecília de Voltregà;192,0;44,48;30-60 km;3,85;-4,28;7,26;<1,000 (very small rural);OSONA;Barcelona;Cataluña/Catalunya
34147;Renedo de la Vega;192,0;51,76;30-60 km;-12,16;-3,54;0,52;<1,000 (very small rural);SALDAÑA-VALDAVIA;Palencia;Castilla y León
34174;Santoyo;192,0;31,95;30-60 km;-12,71;-4,57;2,13;<1,000 (very small rural);CAMPOS;Palencia;Castilla y León
44165;Nogueruelas;193,0;54,83;30-60 km;-1,86;-4,61;-6,76;<1,000 (very small rural);MAESTRAZGO;Teruel;Aragón
50263;Torrijo de la Cañada;193,0;84,39;>60 km;-24,73;-0,97;-5,39;<1,000 (very small rural);CALATAYUD;Zaragoza;Aragón
34903;Loma de Ucieza;193,0;53,42;30-60 km;-24,36;0,51;-3,02;<1,000 (very small rural);CAMPOS;Palencia;Castilla y León
49138;Olmillos de Castro;193,0;28,05;<=30 km;-20,34;-9,57;-7,21;<1,000 (very small rural);ALISTE;Zamora;Castilla y León
25249;Vilanova de l'Aguda;193,0;50,9;30-60 km;-12,71;-3,96;-0,52;<1,000 (very small rural);NOGUERA;Lleida;Cataluña/Catalunya
34130;Piña de Campos;193,0;27,83;<=30 km;-9,45;-7,73;-4,93;<1,000 (very small rural);CAMPOS;Palencia;Castilla y León
45169;Torralba de Oropesa;193,0;23,96;<=30 km;-23,64;-11,74;2,66;<1,000 (very small rural);TALAVERA;Toledo;Castilla-La Mancha
45042;Casasbuenas;193,0;14,01;<=30 km;-2,43;-12,5;6,04;<1,000 (very small rural);SAGRA-TOLEDO;Toledo;Castilla-La Mancha
26050;Cirueña;193,0;35,6;30-60 km;6,11;26,76;7,22;<1,000 (very small rural);RIOJA ALTA;La Rioja;La Rioja
25197;Sant Guim de la Plana;193,0;40,35;30-60 km;-9,23;3,95;4,89;<1,000 (very small rural);SEGARRA;Lleida;Cataluña/Catalunya
49248;Villalobos;193,0;54,34;30-60 km;-17,21;-10,28;-14,98;<1,000 (very small rural);CAMPOS-PAN;Zamora;Castilla y León
37256;Poveda de las Cintas;194,0;36,04;30-60 km;-11,7;-8,97;-4,43;<1,000 (very small rural);PEÑARANDA DE BRACAMONTE;Salamanca;Castilla y León
50111;Fréscano;194,0;49,67;30-60 km;-6,45;-0,99;-3,0;<1,000 (very small rural);BORJA;Zaragoza;Aragón
50232;Salvatierra de Esca;194,0;58,56;30-60 km;-6,19;6,06;-7,62;<1,000 (very small rural);EGEA DE LOS CABALLEROS;Zaragoza;Aragón
49015;Arrabalde;194,0;58,87;30-60 km;-15,55;-6,03;-11,01;<1,000 (very small rural);BENAVENTE Y LOS VALLES;Zamora;Castilla y León
40159;Pinarejos;194,0;40,22;30-60 km;37,12;-6,91;10,86;<1,000 (very small rural);CUELLAR;Segovia;Castilla y León
25253;El Vilosell;194,0;29,98;<=30 km;-11,33;14,29;1,04;<1,000 (very small rural);GARRIGAS;Lleida;Cataluña/Catalunya
01061;Zalduondo;194,0;28,63;<=30 km;-3,55;3,23;1,04;<1,000 (very small rural);LLANADA ALAVESA;Araba/Álava;País Vasco/Euskadi
40164;Rapariegos;194,0;44,91;30-60 km;-15,65;0,0;-3,96;<1,000 (very small rural);CUELLAR;Segovia;Castilla y León
25074;Ciutadilla;194,0;43,89;30-60 km;-3,81;-1,94;-3,96;<1,000 (very small rural);URGELL;Lleida;Cataluña/Catalunya
44027;Arens de Lledó;194,0;75,64;>60 km;1,53;7,28;-12,22;<1,000 (very small rural);BAJO ARAGON;Teruel;Aragón
16099;La Hinojosa;195,0;64,62;>60 km;-21,57;0,0;0,0;<1,000 (very small rural);MANCHA ALTA;Cuenca;Castilla-La Mancha
49145;Pedralba de la Pradería;195,0;58,23;30-60 km;-13,86;-14,22;-2,01;<1,000 (very small rural);SANABRIA;Zamora;Castilla y León
25157;Ossó de Sió;195,0;48,83;30-60 km;-2,29;-4,39;-0,51;<1,000 (very small rural);URGELL;Lleida;Cataluña/Catalunya
25094;Foradada;195,0;44,8;30-60 km;-7,1;12,72;0,0;<1,000 (very small rural);NOGUERA;Lleida;Cataluña/Catalunya
13059;Navalpino;195,0;64,13;>60 km;-13,48;-5,02;-6,25;<1,000 (very small rural);MONTES NORTE;Ciudad Real;Castilla-La Mancha
12020;Barracas;195,0;49,03;30-60 km;-16,67;9,47;5,41;<1,000 (very small rural);PALANCIA;Castelló/Castellón;Comunitat Valenciana
19204;Orea;195,0;42,63;30-60 km;-23,97;18,64;-7,14;<1,000 (very small rural);MOLINA DE ARAGON;Guadalajara;Castilla-La Mancha
16206;Tinajas;195,0;52,05;30-60 km;-37,46;3,08;-2,99;<1,000 (very small rural);ALCARRIA;Cuenca;Castilla-La Mancha
49026;Bretocino;195,0;40,69;30-60 km;-8,3;-9,21;-5,8;<1,000 (very small rural);BENAVENTE Y LOS VALLES;Zamora;Castilla y León
10154;Rebollar;196,0;91,35;>60 km;-8,7;-2,35;-5,77;<1,000 (very small rural);PLASENCIA;Cáceres;Extremadura
05117;Mamblas;196,0;49,92;30-60 km;-7,89;-2,88;-2,97;<1,000 (very small rural);AREVALO-MADRIGAL;Ávila;Castilla y León
25150;Oliola;196,0;55,28;30-60 km;-8,26;-0,5;-2,49;<1,000 (very small rural);NOGUERA;Lleida;Cataluña/Catalunya
37057;Bóveda del Río Almar;196,0;40,24;30-60 km;-8,85;-4,33;-11,31;<1,000 (very small rural);PEÑARANDA DE BRACAMONTE;Salamanca;Castilla y León
44118;La Ginebrosa;196,0;96,28;>60 km;-14,35;0,5;-2,49;<1,000 (very small rural);BAJO ARAGON;Teruel;Aragón
17080;Gombrèn;196,0;62,37;>60 km;-11,48;5,38;0,0;<1,000 (very small rural);RIPOLLES;Girona;Cataluña/Catalunya
37318;Tardáguila;197,0;21,47;<=30 km;-9,8;-7,55;0,51;<1,000 (very small rural);SALAMANCA;Salamanca;Castilla y León
37265;Rágama;197,0;47,06;30-60 km;-9,2;-5,83;-6,19;<1,000 (very small rural);PEÑARANDA DE BRACAMONTE;Salamanca;Castilla y León
16174;Puebla del Salvador;197,0;70,22;>60 km;-21,31;1,09;6,49;<1,000 (very small rural);MANCHUELA;Cuenca;Castilla-La Mancha
43083;El Milà;197,0;13,51;<=30 km;-0,55;4,37;3,14;<1,000 (very small rural);ALT CAMP;Tarragona;Cataluña/Catalunya
44168;Odón;197,0;83,38;>60 km;-1,81;6,34;-9,63;<1,000 (very small rural);CUENCA DEL JILOCA;Teruel;Aragón
13075;San Lorenzo de Calatrava;197,0;44,49;30-60 km;-14,17;-0,94;-6,64;<1,000 (very small rural);PASTOS;Ciudad Real;Castilla-La Mancha
48047;Gizaburuaga;197,0;33,28;30-60 km;1,95;-5,66;-1,5;<1,000 (very small rural);ONDARROA;Bizkaia;País Vasco/Euskadi
47105;Olmos de Esgueva;197,0;21,9;<=30 km;-9,44;-12,74;6,49;<1,000 (very small rural);CENTRO;Valladolid;Castilla y León
37179;Mancera de Abajo;197,0;43,62;30-60 km;-8,33;0,0;-7,08;<1,000 (very small rural);PEÑARANDA DE BRACAMONTE;Salamanca;Castilla y León
34053;Castromocho;197,0;21,83;<=30 km;-11,9;-7,83;-7,08;<1,000 (very small rural);CAMPOS;Palencia;Castilla y León
40222;Veganzones;197,0;36,12;30-60 km;-13,26;-6,09;-8,8;<1,000 (very small rural);CUELLAR;Segovia;Castilla y León
49090;Gema;197,0;19,3;<=30 km;-3,73;-8,11;-3,43;<1,000 (very small rural);DUERO BAJO;Zamora;Castilla y León
29085;Salares;198,0;14,36;<=30 km;-24,57;-0,57;14,45;<1,000 (very small rural);VELEZ MALAGA;Málaga;Andalucía
37200;Montejo;198,0;35,44;30-60 km;-6,03;-6,33;-4,35;<1,000 (very small rural);ALBA DE TORMES;Salamanca;Castilla y León
47031;El Campillo;198,0;47,73;30-60 km;-2,6;-3,95;-9,59;<1,000 (very small rural);SUR;Valladolid;Castilla y León
50255;Tobed;198,0;53,72;30-60 km;-10,4;5,14;-12,0;<1,000 (very small rural);LA ALMUNIA DE DOÑA GODINA;Zaragoza;Aragón
50077;Castejón de Valdejasa;198,0;35,83;30-60 km;-19,34;-2,26;-8,33;<1,000 (very small rural);EGEA DE LOS CABALLEROS;Zaragoza;Aragón
37211;Narros de Matalayegua;198,0;34,37;30-60 km;0,0;-9,09;-5,71;<1,000 (very small rural);FUENTE DE SAN ESTEBAN;Salamanca;Castilla y León
37358;Villar de Gallimazo;198,0;32,21;30-60 km;15,98;4,48;-5,71;<1,000 (very small rural);PEÑARANDA DE BRACAMONTE;Salamanca;Castilla y León
49118;Milles de la Polvorosa;199,0;45,45;30-60 km;-6,69;-7,14;-4,33;<1,000 (very small rural);BENAVENTE Y LOS VALLES;Zamora;Castilla y León
40035;Cabañas de Polendos;199,0;17,32;<=30 km;14,1;-1,08;8,15;<1,000 (very small rural);SEGOVIA;Segovia;Castilla y León
09229;Nava de Roa;199,0;64,52;>60 km;-11,65;-8,04;-3,4;<1,000 (very small rural);LA RIBERA;Burgos;Castilla y León
17096;Les Llosses;199,0;54,61;30-60 km;-4,98;-4,57;-4,78;<1,000 (very small rural);RIPOLLES;Girona;Cataluña/Catalunya
12065;Gaibiel;199,0;31,69;30-60 km;1,53;-3,63;6,99;<1,000 (very small rural);PALANCIA;Castelló/Castellón;Comunitat Valenciana
26024;Bañares;199,0;37,81;30-60 km;-23,32;-5,98;-9,55;<1,000 (very small rural);RIOJA ALTA;La Rioja;La Rioja
37166;Ituero de Azaba;199,0;99,14;>60 km;-2,51;-8,93;-2,45;<1,000 (very small rural);CIUDAD RODRIGO;Salamanca;Castilla y León
06130;Tamurejo;199,0;85,01;>60 km;-12,55;-1,86;-5,69;<1,000 (very small rural);PUEBLA ALCOCER;Badajoz;Extremadura
42006;Alconaba;199,0;81,56;>60 km;-4,98;3,7;1,53;<1,000 (very small rural);CAMPO DE GOMARA;Soria;Castilla y León
28112;Pinilla del Valle;200,0;28,7;<=30 km;-13,15;4,81;2,04;<1,000 (very small rural);LOZOYA SOMOSIERRA;Madrid;Comunidad de Madrid
13043;Fuenllana;200,0;90,67;>60 km;-18,79;-1,38;-6,54;<1,000 (very small rural);CAMPO DE MONTIEL;Ciudad Real;Castilla-La Mancha
47015;Becilla de Valderaduey;200,0;54,81;30-60 km;-26,75;-10,66;-8,26;<1,000 (very small rural);TIERRA DE CAMPOS;Valladolid;Castilla y León
26049;Cihuri;200,0;35,81;30-60 km;-10,31;-6,6;8,7;<1,000 (very small rural);RIOJA ALTA;La Rioja;La Rioja
37009;Alba de Yeltes;200,0;63,62;>60 km;-12,45;-1,82;-7,41;<1,000 (very small rural);CIUDAD RODRIGO;Salamanca;Castilla y León
08133;Montmaneu;200,0;37,31;30-60 km;-21,94;2,6;26,58;<1,000 (very small rural);ANOIA;Barcelona;Cataluña/Catalunya
45100;Mesegar de Tajo;200,0;29,98;<=30 km;-5,0;-7,21;-2,91;<1,000 (very small rural);TORRIJOS;Toledo;Castilla-La Mancha
34214;Villalba de Guardo;201,0;62,13;>60 km;2,06;-2,55;5,24;<1,000 (very small rural);GUARDO;Palencia;Castilla y León
49035;Cañizo;201,0;36,97;30-60 km;-16,95;-6,78;-8,64;<1,000 (very small rural);CAMPOS-PAN;Zamora;Castilla y León
22079;Capdesaso;201,0;37,55;30-60 km;-7,39;19,54;-3,37;<1,000 (very small rural);MONEGROS;Huesca;Aragón
17227;Vilamaniscle;201,0;47,6;30-60 km;16,37;-1,44;-1,95;<1,000 (very small rural);ALT EMPORDA;Girona;Cataluña/Catalunya
09332;Saldaña de Burgos;201,0;9,15;<=30 km;-4,32;11,83;6,35;<1,000 (very small rural);ARLANZON;Burgos;Castilla y León
50085;Codo;201,0;43,02;30-60 km;-10,33;4,04;-2,43;<1,000 (very small rural);ZARAGOZA;Zaragoza;Aragón
26022;Azofra;201,0;28,7;<=30 km;-18,73;12,5;-10,67;<1,000 (very small rural);RIOJA ALTA;La Rioja;La Rioja
02083;Villavaliente;201,0;40,81;30-60 km;-20,07;-5,31;-6,07;<1,000 (very small rural);MANCHUELA;Albacete;Castilla-La Mancha
45029;Caleruela;201,0;35,66;30-60 km;-21,2;1,9;-6,07;<1,000 (very small rural);TALAVERA;Toledo;Castilla-La Mancha
44028;Argente;201,0;88,24;>60 km;-7,17;0,51;1,01;<1,000 (very small rural);HOYA DE TERUEL;Teruel;Aragón
17232;Vilopriu;201,0;18,76;<=30 km;-2,36;12,2;-12,61;<1,000 (very small rural);BAIX EMPORDA;Girona;Cataluña/Catalunya
37289;San Muñoz;201,0;43,51;30-60 km;-14,23;-12,55;-3,83;<1,000 (very small rural);FUENTE DE SAN ESTEBAN;Salamanca;Castilla y León
16228;Valdeolivas;202,0;50,8;30-60 km;-18,41;0,49;-0,98;<1,000 (very small rural);ALCARRIA;Cuenca;Castilla-La Mancha
43066;Els Garidells;202,0;8,86;<=30 km;1,57;-1,49;2,02;<1,000 (very small rural);ALT CAMP;Tarragona;Cataluña/Catalunya
47176;La Unión de Campos;202,0;59,05;30-60 km;-3,05;-9,24;-6,48;<1,000 (very small rural);TIERRA DE CAMPOS;Valladolid;Castilla y León
42123;Morón de Almazán;202,0;106,29;>60 km;-8,56;-4,5;5,76;<1,000 (very small rural);ALMAZAN;Soria;Castilla y León
34102;Mazariegos;202,0;13,59;<=30 km;-16,02;0,0;-6,91;<1,000 (very small rural);CAMPOS;Palencia;Castilla y León
39053;Polaciones;202,0;40,69;30-60 km;-9,81;-9,66;-6,05;<1,000 (very small rural);TUDANCA-CABUERNIGA;Cantabria;Cantabria
47178;Urueña;203,0;34,79;30-60 km;-13,51;1,6;6,28;<1,000 (very small rural);TIERRA DE CAMPOS;Valladolid;Castilla y León
07019;Escorca;203,0;32,34;30-60 km;-23,59;-14,22;12,15;<1,000 (very small rural);MALLORCA;Illes Balears;Illes Balears
25166;Pinell de Solsonès;203,0;45,88;30-60 km;-2,76;-7,39;7,98;<1,000 (very small rural);SOLSONES;Lleida;Cataluña/Catalunya
44100;Estercuel;203,0;92,01;>60 km;-18,01;-0,48;-2,87;<1,000 (very small rural);SERRANIA DE MONTALBAN;Teruel;Aragón
05008;Aldeaseca;203,0;44,28;30-60 km;-5,56;-6,01;-7,31;<1,000 (very small rural);AREVALO-MADRIGAL;Ávila;Castilla y León
09051;Berlangas de Roa;203,0;67,39;>60 km;-9,55;-2,17;12,78;<1,000 (very small rural);LA RIBERA;Burgos;Castilla y León
50185;Murillo de Gállego;203,0;33,56;30-60 km;-9,79;7,47;8,56;<1,000 (very small rural);EGEA DE LOS CABALLEROS;Zaragoza;Aragón
37124;Endrinal;204,0;42,24;30-60 km;-9,38;-6,67;-2,86;<1,000 (very small rural);LA SIERRA;Salamanca;Castilla y León
37360;Villar de Peralonso;204,0;45,42;30-60 km;-13,31;-7,42;-3,77;<1,000 (very small rural);VITIGUDINO;Salamanca;Castilla y León
37130;Forfoleda;204,0;17,79;<=30 km;-1,03;2,59;3,03;<1,000 (very small rural);SALAMANCA;Salamanca;Castilla y León
17021;Beuda;204,0;30,04;30-60 km;6,47;0,0;9,09;<1,000 (very small rural);GARROTXA;Girona;Cataluña/Catalunya
16019;Altarejos;204,0;46,34;30-60 km;-9,21;2,56;2,0;<1,000 (very small rural);MANCHA ALTA;Cuenca;Castilla-La Mancha
05157;Navalacruz;204,0;34,32;30-60 km;-15,62;-10,53;-7,69;<1,000 (very small rural);GREDOS;Ávila;Castilla y León
37147;Garcibuey;204,0;56,44;30-60 km;-1,52;1,07;7,94;<1,000 (very small rural);LA SIERRA;Salamanca;Castilla y León
25169;La Pobla de Cérvoles;205,0;32,65;30-60 km;-20,82;3,66;3,54;<1,000 (very small rural);GARRIGUES;Lleida;Cataluña/Catalunya
37096;Castillejo de Martín Viejo;205,0;79,59;>60 km;-12,06;-2,31;-2,84;<1,000 (very small rural);CIUDAD RODRIGO;Salamanca;Castilla y León
17055;Colomers;205,0;16,86;<=30 km;-8,67;6,82;9,04;<1,000 (very small rural);BAIX EMPORDA;Girona;Cataluña/Catalunya
10101;Huélaga;205,0;78,04;>60 km;10,29;-2,78;-2,38;<1,000 (very small rural);CORIA;Cáceres;Extremadura
09003;Adrada de Haza;205,0;75,38;>60 km;-12,3;-10,05;4,06;<1,000 (very small rural);LA RIBERA;Burgos;Castilla y León
09471;Villayerno Morquillas;205,0;6,17;<=30 km;-10,5;7,73;-1,91;<1,000 (very small rural);ARLANZON;Burgos;Castilla y León
24033;Campo de Villavidel;205,0;17,16;<=30 km;-5,09;3,94;-2,84;<1,000 (very small rural);ESLA-CAMPOS;León;Castilla y León
45008;Aldea en Cabo;205,0;41,76;30-60 km;-27,63;10,49;14,53;<1,000 (very small rural);TORRIJOS;Toledo;Castilla-La Mancha
37162;Horcajo Medianero;205,0;40,0;30-60 km;-13,55;0,45;-8,07;<1,000 (very small rural);ALBA DE TORMES;Salamanca;Castilla y León
16173;El Valle de Altomira;205,0;56,25;30-60 km;-28,71;-8,33;3,54;<1,000 (very small rural);ALCARRIA;Cuenca;Castilla-La Mancha
22184;Poleñino;205,0;31,48;30-60 km;-8,48;-0,5;3,02;<1,000 (very small rural);MONEGROS;Huesca;Aragón
50167;Mezalocha;206,0;32,11;30-60 km;11,71;-0,83;-13,45;<1,000 (very small rural);LA ALMUNIA DE DOÑA GODINA;Zaragoza;Aragón
10151;Portezuelo;206,0;47,39;30-60 km;-13,16;-2,22;-6,36;<1,000 (very small rural);CORIA;Cáceres;Extremadura
17043;Queralbs;206,0;70,32;>60 km;-5,38;2,69;7,85;<1,000 (very small rural);RIPOLLES;Girona;Cataluña/Catalunya
19167;Malaguilla;207,0;22,67;<=30 km;-5,19;12,18;18,29;<1,000 (very small rural);CAMPIÑA;Guadalajara;Castilla-La Mancha
09275;Presencio;207,0;24,04;<=30 km;-2,09;6,15;8,95;<1,000 (very small rural);ARLANZA;Burgos;Castilla y León
50278;Velilla de Ebro;207,0;55,6;30-60 km;-8,57;-5,58;1,97;<1,000 (very small rural);ZARAGOZA;Zaragoza;Aragón
06034;Casas de Reina;207,0;89,27;>60 km;-7,08;5,76;2,48;<1,000 (very small rural);LLERENA;Badajoz;Extremadura
49269;Villaseco del Pan;207,0;16,23;<=30 km;-8,91;-6,72;-6,76;<1,000 (very small rural);CAMPOS-PAN;Zamora;Castilla y León
37305;Sequeros;207,0;58,08;30-60 km;0,86;0,42;-13,75;<1,000 (very small rural);LA SIERRA;Salamanca;Castilla y León
17206;Urús;207,0;67,93;>60 km;-15,2;17,98;-1,43;<1,000 (very small rural);CERDANYA;Girona;Cataluña/Catalunya
22135;Laluenga;207,0;37,01;30-60 km;-2,78;0,0;6,7;<1,000 (very small rural);SOMONTANO;Huesca;Aragón
22003;Adahuesca;207,0;34,37;30-60 km;-2,27;10,47;8,95;<1,000 (very small rural);SOMONTANO;Huesca;Aragón
43174;La Vilella Baixa;207,0;31,6;30-60 km;-4,76;2,97;-0,48;<1,000 (very small rural);PRIORAT;Tarragona;Cataluña/Catalunya
40123;Matabuena;207,0;40,76;30-60 km;-31,4;2,81;13,11;<1,000 (very small rural);SEGOVIA;Segovia;Castilla y León
05001;Adanero;208,0;31,43;30-60 km;-27,74;-2,97;6,12;<1,000 (very small rural);AREVALO-MADRIGAL;Ávila;Castilla y León
50061;Bureta;208,0;48,61;30-60 km;-18,38;-5,07;0,97;<1,000 (very small rural);BORJA;Zaragoza;Aragón
43027;La Bisbal de Falset;208,0;36,65;30-60 km;-3,56;-0,46;-4,59;<1,000 (very small rural);PRIORAT;Tarragona;Cataluña/Catalunya
44006;Alacón;208,0;72,89;>60 km;-21,49;-10,98;-11,49;<1,000 (very small rural);BAJO ARAGON;Teruel;Aragón
24156;Santa María del Monte de Cea;209,0;37,6;30-60 km;-14,13;-6,87;-3,69;<1,000 (very small rural);SAHAGUN;León;Castilla y León
46056;Beniatjar;209,0;20,46;<=30 km;-19,19;-7,59;0,97;<1,000 (very small rural);VALLES DE ALBAIDA;València/Valencia;Comunitat Valenciana
16073;Cervera del Llano;209,0;59,74;30-60 km;-17,84;0,46;-3,69;<1,000 (very small rural);MANCHA ALTA;Cuenca;Castilla-La Mancha
09103;Cilleruelo de Abajo;209,0;51,69;30-60 km;-14,44;-2,68;-4,13;<1,000 (very small rural);ARLANZA;Burgos;Castilla y León
09483;Zazuar;209,0;75,19;>60 km;-9,02;-8,41;0,97;<1,000 (very small rural);LA RIBERA;Burgos;Castilla y León
04056;Laroya;209,0;45,71;30-60 km;-8,15;16,57;6,09;<1,000 (very small rural);ALTO ALMAZORA;Almería;Andalucía
22906;Santa María de Dulcis;209,0;37,74;30-60 km;-2,74;-1,92;2,45;<1,000 (very small rural);SOMONTANO;Huesca;Aragón
25129;Llobera;209,0;37,74;30-60 km;-4,29;-4,1;11,76;<1,000 (very small rural);SOLSONES;Lleida;Cataluña/Catalunya
50116;Fuentes de Jiloca;209,0;72,35;>60 km;-12,19;-7,86;-0,95;<1,000 (very small rural);CALATAYUD;Zaragoza;Aragón
34211;Villaherreros;209,0;45,63;30-60 km;-13,62;5,18;2,96;<1,000 (very small rural);CAMPOS;Palencia;Castilla y León
24080;Grajal de Campos;209,0;52,47;30-60 km;-7,87;-8,07;1,95;<1,000 (very small rural);SAHAGUN;León;Castilla y León
47055;Corcos;210,0;17,62;<=30 km;-13,98;-2,87;3,45;<1,000 (very small rural);CENTRO;Valladolid;Castilla y León
01034;Leza;210,0;19,2;<=30 km;-4,69;11,73;-4,11;<1,000 (very small rural);RIOJA ALAVESA;Araba/Álava;País Vasco/Euskadi
20068;Leintz-Gatzaga;210,0;17,15;<=30 km;-15,07;-9,05;-0,47;<1,000 (very small rural);ALTO DEBA;Gipuzkoa;País Vasco/Euskadi
31150;Leoz/Leotz;210,0;25,05;<=30 km;-14,71;-2,59;-7,08;<1,000 (very small rural);NAVARRA MEDIA;Navarra;Comunidad Foral de Navarra
18044;Cástaras;210,0;28,76;<=30 km;-11,91;-1,64;-12,5;<1,000 (very small rural);LAS ALPUJARRAS;Granada;Andalucía
08176;Pujalt;210,0;32,6;30-60 km;-2,4;-0,48;1,94;<1,000 (very small rural);ANOIA;Barcelona;Cataluña/Catalunya
44215;Terriente;210,0;42,78;30-60 km;-9,64;-1,09;16,02;<1,000 (very small rural);SERRANIA DE ALBARRACIN;Teruel;Aragón
04014;Almócita;210,0;24,05;<=30 km;-8,9;11,93;6,6;<1,000 (very small rural);ALTO ANDARAX;Almería;Andalucía
31087;Elgorriaga;210,0;21,47;<=30 km;-12,5;-2,28;-1,87;<1,000 (very small rural);NORD OCCIDENTAL;Navarra;Comunidad Foral de Navarra
25044;Bassella;210,0;54,14;30-60 km;-10,2;-3,03;-6,25;<1,000 (very small rural);ALT URGELL;Lleida;Cataluña/Catalunya
22008;Albalatillo;211,0;49,24;30-60 km;-21,1;3,87;12,23;<1,000 (very small rural);MONEGROS;Huesca;Aragón
37127;Espeja;211,0;102,68;>60 km;-13,04;-4,76;-4,09;<1,000 (very small rural);CIUDAD RODRIGO;Salamanca;Castilla y León
09170;Hoyales de Roa;212,0;69,17;>60 km;-8,2;1,35;-6,19;<1,000 (very small rural);LA RIBERA;Burgos;Castilla y León
05247;La Torre;212,0;27,72;<=30 km;-6,82;-8,37;-3,2;<1,000 (very small rural);AVILA;Ávila;Castilla y León
17216;Viladasens;212,0;14,52;<=30 km;2,86;4,9;-0,93;<1,000 (very small rural);GIRONES;Girona;Cataluña/Catalunya
08277;Talamanca;212,0;10,6;<=30 km;24,52;9,9;-4,5;<1,000 (very small rural);BAGES;Barcelona;Cataluña/Catalunya
37282;Sanchotello;212,0;57,85;30-60 km;1,78;4,05;-8,23;<1,000 (very small rural);LA SIERRA;Salamanca;Castilla y León
49246;Villalba de la Lampreana;212,0;31,23;30-60 km;-10,7;-4,29;-4,93;<1,000 (very small rural);CAMPOS-PAN;Zamora;Castilla y León
44039;Bello;213,0;89,54;>60 km;-10,95;-0,44;-4,91;<1,000 (very small rural);CUENCA DEL JILOCA;Teruel;Aragón
16270;Villarrubio;213,0;59,8;30-60 km;-22,53;2,04;6,5;<1,000 (very small rural);MANCHA ALTA;Cuenca;Castilla-La Mancha
12006;Alcudia de Veo;213,0;18,52;<=30 km;-10,92;-2,49;8,67;<1,000 (very small rural);PALANCIA;Castelló/Castellón;Comunitat Valenciana
18181;Turón;213,0;28,99;<=30 km;-13,06;-9,02;-8,19;<1,000 (very small rural);LAS ALPUJARRAS;Granada;Andalucía
47138;Rubí de Bracamonte;214,0;51,04;30-60 km;-13,94;-8,51;-0,47;<1,000 (very small rural);SUR;Valladolid;Castilla y León
05037;Bohoyo;214,0;60,56;>60 km;-22,55;-6,85;-7,36;<1,000 (very small rural);BARCO AVILA-PIEDRAHITA;Ávila;Castilla y León
12046;Cirat;214,0;30,85;30-60 km;-20,0;2,43;1,42;<1,000 (very small rural);PALANCIA;Castelló/Castellón;Comunitat Valenciana
22102;Estada;214,0;56,54;30-60 km;-13,68;0,0;4,9;<1,000 (very small rural);SOMONTANO;Huesca;Aragón
31210;Roncal/Erronkari;214,0;57,04;30-60 km;-16,14;-0,96;3,88;<1,000 (very small rural);PIRINEOS;Navarra;Comunidad Foral de Navarra
01056;Harana/Valle de Arana;214,0;31,93;30-60 km;-19,16;-1,31;-5,31;<1,000 (very small rural);MONTAÑA ALAVESA;Araba/Álava;País Vasco/Euskadi
17203;Ultramort;214,0;17,84;<=30 km;2,37;5,61;-5,31;<1,000 (very small rural);BAIX EMPORDA;Girona;Cataluña/Catalunya
50078;Castiliscar;214,0;58,82;30-60 km;-20,12;-6,42;-13,71;<1,000 (very small rural);EGEA DE LOS CABALLEROS;Zaragoza;Aragón
09009;Albillos;214,0;11,47;<=30 km;2,38;3,27;-3,17;<1,000 (very small rural);ARLANZON;Burgos;Castilla y León
16254;Villar de Domingo García;215,0;24,23;<=30 km;-4,85;-9,61;3,86;<1,000 (very small rural);ALCARRIA;Cuenca;Castilla-La Mancha
10201;Valdemorales;215,0;37,96;30-60 km;-15,74;5,08;3,86;<1,000 (very small rural);CACERES;Cáceres;Extremadura
16004;Albaladejo del Cuende;215,0;48,93;30-60 km;-23,77;-6,35;-8,9;<1,000 (very small rural);SERRANIA MEDIA;Cuenca;Castilla-La Mancha
22175;Peralta de Calasanz;215,0;44,23;30-60 km;-9,05;3,2;-4,87;<1,000 (very small rural);LA LITERA;Huesca;Aragón
34121;Palenzuela;215,0;39,65;30-60 km;-6,61;1,42;0,47;<1,000 (very small rural);EL CERRATO;Palencia;Castilla y León
37239;El Pedroso de la Armuña;215,0;27,29;<=30 km;-13,62;0,46;-0,92;<1,000 (very small rural);SALAMANCA;Salamanca;Castilla y León
22176;Peraltilla;215,0;35,65;30-60 km;-5,66;12,56;-4,02;<1,000 (very small rural);SOMONTANO;Huesca;Aragón
47036;Casasola de Arión;215,0;40,55;30-60 km;-20,7;-3,69;-8,51;<1,000 (very small rural);CENTRO;Valladolid;Castilla y León
31192;Olóriz/Oloritz;215,0;19,62;<=30 km;8,2;2,94;2,38;<1,000 (very small rural);NAVARRA MEDIA;Navarra;Comunidad Foral de Navarra
17106;Mollet de Peralada;215,0;43,1;30-60 km;4,49;3,68;9,14;<1,000 (very small rural);ALT EMPORDA;Girona;Cataluña/Catalunya
25100;Gósol;215,0;55,82;30-60 km;-3,48;11,0;-7,33;<1,000 (very small rural);BERGUEDA;Lleida;Cataluña/Catalunya
49189;San Justo;215,0;36,68;30-60 km;-18,73;-10,05;9,14;<1,000 (very small rural);SANABRIA;Zamora;Castilla y León
49158;El Piñero;215,0;24,27;<=30 km;-7,03;-6,33;-3,15;<1,000 (very small rural);DUERO BAJO;Zamora;Castilla y León
26130;San Millán de la Cogolla;215,0;41,19;30-60 km;-17,99;0,9;-4,02;<1,000 (very small rural);RIOJA ALTA;La Rioja;La Rioja
45068;Garciotum;215,0;25,47;<=30 km;11,11;10,16;4,37;<1,000 (very small rural);TORRIJOS;Toledo;Castilla-La Mancha
01039;Moreda de Álava/Moreda Araba;215,0;7,76;<=30 km;-7,63;-8,73;2,87;<1,000 (very small rural);RIOJA ALAVESA;Araba/Álava;País Vasco/Euskadi
04012;Alicún;215,0;19,35;<=30 km;-21,94;-3,77;5,39;<1,000 (very small rural);ALTO ANDARAX;Almería;Andalucía
25132;Massoteres;216,0;42,02;30-60 km;4,39;-3,88;-3,14;<1,000 (very small rural);SEGARRA;Lleida;Cataluña/Catalunya
44040;Berge;216,0;99,85;>60 km;-7,2;-2,87;-8,86;<1,000 (very small rural);BAJO ARAGON;Teruel;Aragón
42022;Almenar de Soria;216,0;88,66;>60 km;-17,02;-1,27;-7,3;<1,000 (very small rural);CAMPO DE GOMARA;Soria;Castilla y León
31040;Atetz;216,0;15,51;<=30 km;-4,22;4,25;-2,26;<1,000 (very small rural);NORD OCCIDENTAL;Navarra;Comunidad Foral de Navarra
44106;Fortanete;216,0;70,51;>60 km;-8,97;-2,44;8,0;<1,000 (very small rural);MAESTRAZGO;Teruel;Aragón
50030;Añón de Moncayo;216,0;69,22;>60 km;-3,85;-3,76;5,37;<1,000 (very small rural);BORJA;Zaragoza;Aragón
49094;Hermisende;216,0;63,23;>60 km;-21,18;-13,36;0,93;<1,000 (very small rural);SANABRIA;Zamora;Castilla y León
26112;Ortigosa de Cameros;216,0;39,86;30-60 km;-14,54;-8,94;-3,57;<1,000 (very small rural);SIERRA RIOJA MEDIA;La Rioja;La Rioja
37352;Villagonzalo de Tormes;216,0;16,03;<=30 km;-5,36;15,05;-8,86;<1,000 (very small rural);SALAMANCA;Salamanca;Castilla y León
49011;Arcos de la Polvorosa;216,0;48,09;30-60 km;-9,23;-4,8;-0,92;<1,000 (very small rural);BENAVENTE Y LOS VALLES;Zamora;Castilla y León
19054;Budia;216,0;35,06;30-60 km;-6,14;-3,37;7,46;<1,000 (very small rural);ALCARRIA BAJA;Guadalajara;Castilla-La Mancha
05254;Velayos;217,0;20,84;<=30 km;-17,29;-0,47;2,36;<1,000 (very small rural);AREVALO-MADRIGAL;Ávila;Castilla y León
09326;Rubena;217,0;9,73;<=30 km;-7,69;5,46;12,44;<1,000 (very small rural);ARLANZON;Burgos;Castilla y León
31137;Beintza-Labaien;217,0;24,59;<=30 km;-6,45;-5,73;1,4;<1,000 (very small rural);NORD OCCIDENTAL;Navarra;Comunidad Foral de Navarra
16121;Las Majadas;217,0;10,92;<=30 km;-17,9;-6,77;-7,26;<1,000 (very small rural);SERRANIA ALTA;Cuenca;Castilla-La Mancha
50086;Codos;217,0;56,92;30-60 km;-21,12;29,51;-8,44;<1,000 (very small rural);LA ALMUNIA DE DOÑA GODINA;Zaragoza;Aragón
26144;Sorzano;217,0;14,9;<=30 km;-12,7;-0,86;-5,65;<1,000 (very small rural);RIOJA MEDIA;La Rioja;La Rioja
16047;Cañada Juncosa;217,0;72,72;>60 km;-17,48;-4,37;-9,96;<1,000 (very small rural);MANCHA ALTA;Cuenca;Castilla-La Mancha
22227;Tella-Sin;217,0;74,26;>60 km;-15,07;-0,88;-3,12;<1,000 (very small rural);SOBRARBE;Huesca;Aragón
47006;Aldea de San Miguel;218,0;27,3;<=30 km;3,11;-2,25;0,46;<1,000 (very small rural);SURESTE;Valladolid;Castilla y León
10206;Viandar de la Vera;218,0;62,71;>60 km;-12,73;-8,58;2,35;<1,000 (very small rural);JARAIZ DE LA VERA;Cáceres;Extremadura
47060;Encinas de Esgueva;218,0;46,87;30-60 km;-9,93;-14,01;-1,36;<1,000 (very small rural);CENTRO;Valladolid;Castilla y León
40214;Valseca;218,0;10,61;<=30 km;-18,06;-4,56;-5,22;<1,000 (very small rural);SEGOVIA;Segovia;Castilla y León
49042;Castronuevo;218,0;31,58;30-60 km;-18,53;-5,17;-0,91;<1,000 (very small rural);CAMPOS-PAN;Zamora;Castilla y León
17112;Ogassa;218,0;57,46;30-60 km;-9,16;6,19;-9,17;<1,000 (very small rural);RIPOLLES;Girona;Cataluña/Catalunya
42191;Valdeavellano de Tera;218,0;57,7;30-60 km;-12,73;5,7;6,86;<1,000 (very small rural);TIERRAS ALTAS Y VALLE DEL TERA;Soria;Castilla y León
49013;Argujillo;218,0;30,22;30-60 km;-22,66;-9,31;-2,68;<1,000 (very small rural);DUERO BAJO;Zamora;Castilla y León
19170;Maranchón;218,0;94,69;>60 km;-16,67;4,5;-6,03;<1,000 (very small rural);MOLINA DE ARAGON;Guadalajara;Castilla-La Mancha
49131;Moralina;219,0;28,1;<=30 km;-16,11;-11,79;-5,6;<1,000 (very small rural);SAYAGO;Zamora;Castilla y León
37344;Vecinos;219,0;26,53;<=30 km;-14,14;-9,47;-8,37;<1,000 (very small rural);FUENTE DE SAN ESTEBAN;Salamanca;Castilla y León
05216;San Martín del Pimpollar;219,0;47,57;30-60 km;-19,74;-0,53;16,49;<1,000 (very small rural);GREDOS;Ávila;Castilla y León
05179;Papatrigo;219,0;28,95;<=30 km;-13,24;-1,72;-3,95;<1,000 (very small rural);AREVALO-MADRIGAL;Ávila;Castilla y León
34018;Autilla del Pino;219,0;5,61;<=30 km;-6,0;-1,81;0,92;<1,000 (very small rural);CAMPOS;Palencia;Castilla y León
08272;Sora;219,0;51,56;30-60 km;7,82;2,93;3,79;<1,000 (very small rural);OSONA;Barcelona;Cataluña/Catalunya
28024;Braojos;219,0;44,52;30-60 km;-0,48;6,34;0,46;<1,000 (very small rural);LOZOYA SOMOSIERRA;Madrid;Comunidad de Madrid
37235;Pedraza de Alba;220,0;36,19;30-60 km;-7,72;-6,72;-0,9;<1,000 (very small rural);ALBA DE TORMES;Salamanca;Castilla y León
16050;Cañaveras;220,0;37,95;30-60 km;-29,97;-11,61;-6,78;<1,000 (very small rural);ALCARRIA;Cuenca;Castilla-La Mancha
17188;La Selva de Mar;220,0;47,09;30-60 km;-8,61;13,37;3,77;<1,000 (very small rural);ALT EMPORDA;Girona;Cataluña/Catalunya
25036;Aspa;220,0;16,88;<=30 km;-4,46;-4,61;6,28;<1,000 (very small rural);SEGRIA;Lleida;Cataluña/Catalunya
22206;Sangarrén;221,0;13,08;<=30 km;-4,76;0,0;0,91;<1,000 (very small rural);HOYA DE HUESCA;Huesca;Aragón
16272;Villas de la Ventosa;221,0;35,6;30-60 km;-24,34;-8,15;3,27;<1,000 (very small rural);ALCARRIA;Cuenca;Castilla-La Mancha
26069;Grañón;221,0;46,7;30-60 km;-16,94;-2,35;-11,24;<1,000 (very small rural);RIOJA ALTA;La Rioja;La Rioja
02066;La Recueja;221,0;43,27;30-60 km;-13,62;-11,42;-1,78;<1,000 (very small rural);MANCHUELA;Albacete;Castilla-La Mancha
47229;Villavicencio de los Caballeros;221,0;55,45;30-60 km;-16,6;-2,51;-5,15;<1,000 (very small rural);TIERRA DE CAMPOS;Valladolid;Castilla y León
24097;Matadeón de los Oteros;221,0;32,77;30-60 km;-15,11;-1,29;-3,49;<1,000 (very small rural);ESLA-CAMPOS;León;Castilla y León
17170;Vallfogona de Ripollès;222,0;49,32;30-60 km;-8,52;0,47;4,23;<1,000 (very small rural);RIPOLLES;Girona;Cataluña/Catalunya
26127;Rodezno;222,0;32,07;30-60 km;-21,2;-7,42;4,72;<1,000 (very small rural);RIOJA ALTA;La Rioja;La Rioja
37377;Yecla de Yeltes;222,0;68,62;>60 km;-14,29;-6,97;-2,2;<1,000 (very small rural);VITIGUDINO;Salamanca;Castilla y León
45170;Torrecilla de la Jara;222,0;30,59;30-60 km;-17,36;-5,78;4,72;<1,000 (very small rural);LA JARA;Toledo;Castilla-La Mancha
43053;Duesaigües;222,0;16,44;<=30 km;2,97;-1,27;-5,13;<1,000 (very small rural);BAIX CAMP;Tarragona;Cataluña/Catalunya
24031;Calzada del Coto;223,0;45,84;30-60 km;-6,95;-6,06;2,76;<1,000 (very small rural);SAHAGUN;León;Castilla y León
17234;Biure;223,0;39,91;30-60 km;-7,26;2,52;-8,61;<1,000 (very small rural);ALT EMPORDA;Girona;Cataluña/Catalunya
25238;Vallbona de les Monges;223,0;39,27;30-60 km;-14,39;0,85;-5,51;<1,000 (very small rural);URGELL;Lleida;Cataluña/Catalunya
40089;Fuentesaúco de Fuentidueña;223,0;59,33;30-60 km;-18,37;-2,9;-4,7;<1,000 (very small rural);SEPULVEDA;Segovia;Castilla y León
10122;Millanes;223,0;62,19;>60 km;-10,41;-0,39;-12,55;<1,000 (very small rural);NAVALMORAL DE LA MATA;Cáceres;Extremadura
26119;Préjano;223,0;39,95;30-60 km;-21,91;-4,61;7,73;<1,000 (very small rural);SIERRA RIOJA BAJA;La Rioja;La Rioja
37205;Morille;224,0;17,32;<=30 km;-9,13;-1,3;-1,32;<1,000 (very small rural);FUENTE DE SAN ESTEBAN;Salamanca;Castilla y León
22189;Puértolas;224,0;65,58;>60 km;-9,87;-1,4;5,66;<1,000 (very small rural);SOBRARBE;Huesca;Aragón
10094;Herrera de Alcántara;224,0;84,61;>60 km;-1,09;-9,8;-2,61;<1,000 (very small rural);VALENCIA DE ALCANTARA;Cáceres;Extremadura
50146;Lucena de Jalón;224,0;33,98;30-60 km;-22,8;-4,22;-1,32;<1,000 (very small rural);LA ALMUNIA DE DOÑA GODINA;Zaragoza;Aragón
05044;Cabezas del Villar;224,0;47,28;30-60 km;-10,03;-6,55;-12,84;<1,000 (very small rural);AVILA;Ávila;Castilla y León
04021;Bayarque;224,0;49,57;30-60 km;-6,11;6,31;2,28;<1,000 (very small rural);ALTO ALMAZORA;Almería;Andalucía
22019;Alerre;225,0;5,77;<=30 km;-9,91;3,48;8,17;<1,000 (very small rural);HOYA DE HUESCA;Huesca;Aragón
37106;Cipérez;225,0;47,38;30-60 km;-8,68;-8,6;-11,76;<1,000 (very small rural);VITIGUDINO;Salamanca;Castilla y León
37061;El Cabaco;225,0;58,51;30-60 km;-22,71;-3,88;0,9;<1,000 (very small rural);LA SIERRA;Salamanca;Castilla y León
10048;Carrascalejo;225,0;46,93;30-60 km;-26,01;-2,17;0,0;<1,000 (very small rural);NAVALMORAL DE LA MATA;Cáceres;Extremadura
49016;Aspariegos;225,0;24,64;<=30 km;-13,25;-10,0;-3,85;<1,000 (very small rural);CAMPOS-PAN;Zamora;Castilla y León
44198;Royuela;225,0;44,88;30-60 km;-16,73;2,91;6,13;<1,000 (very small rural);SERRANIA DE ALBARRACIN;Teruel;Aragón
37261;Puente del Congosto;225,0;52,65;30-60 km;-14,66;-3,96;3,21;<1,000 (very small rural);LA SIERRA;Salamanca;Castilla y León
24106;Oseja de Sajambre;226,0;59,49;30-60 km;-20,5;-3,75;-2,16;<1,000 (very small rural);LA MONTAÑA DE RIAÑO;León;Castilla y León
24150;San Pedro Bercianos;226,0;22,89;<=30 km;-13,48;-2,95;-1,74;<1,000 (very small rural);EL PARAMO;León;Castilla y León
16119;Leganiel;226,0;42,35;30-60 km;-16,51;10,58;8,13;<1,000 (very small rural);ALCARRIA;Cuenca;Castilla-La Mancha
21022;Castaño del Robledo;226,0;71,67;>60 km;-2,34;10,05;-1,74;<1,000 (very small rural);SIERRA;Huelva;Andalucía
49221;Torregamones;226,0;34,34;30-60 km;-4,35;-14,44;-4,64;<1,000 (very small rural);SAYAGO;Zamora;Castilla y León
37122;Encinas de Arriba;226,0;23,49;<=30 km;-4,37;3,0;-5,83;<1,000 (very small rural);ALBA DE TORMES;Salamanca;Castilla y León
22124;Huerto;226,0;30,19;30-60 km;-18,35;4,13;-0,44;<1,000 (very small rural);HOYA DE HUESCA;Huesca;Aragón
37158;Herguijuela de la Sierra;226,0;68,01;>60 km;-8,45;-8,71;-6,22;<1,000 (very small rural);LA SIERRA;Salamanca;Castilla y León
45060;Erustes;226,0;30,01;30-60 km;-18,53;-7,73;18,32;<1,000 (very small rural);TORRIJOS;Toledo;Castilla-La Mancha
29065;Júzcar;227,0;14,0;<=30 km;-6,61;4,44;-3,4;<1,000 (very small rural);SERRANIA DE RONDA;Málaga;Andalucía
31264;Zugarramurdi;227,0;20,21;<=30 km;9,95;-6,22;7,58;<1,000 (very small rural);NORD OCCIDENTAL;Navarra;Comunidad Foral de Navarra
22157;Montanuy;227,0;101,31;>60 km;-22,54;0,0;5,58;<1,000 (very small rural);RIBARGORZA;Huesca;Aragón
18043;Carataunas;227,0;20,85;<=30 km;-10,5;12,36;13,5;<1,000 (very small rural);LAS ALPUJARRAS;Granada;Andalucía
50179;Moyuela;227,0;58,65;30-60 km;0,0;6,94;-13,36;<1,000 (very small rural);ZARAGOZA;Zaragoza;Aragón
05905;Villanueva de Ávila;227,0;35,71;30-60 km;-21,95;-14,57;4,61;<1,000 (very small rural);GREDOS;Ávila;Castilla y León
04028;Bentarique;227,0;20,99;<=30 km;-14,08;-1,65;-5,02;<1,000 (very small rural);ALTO ANDARAX;Almería;Andalucía
47167;Torrecilla de la Orden;227,0;44,94;30-60 km;-13,29;-2,83;-5,42;<1,000 (very small rural);SUR;Valladolid;Castilla y León
49207;Santovenia;227,0;39,48;30-60 km;-13,88;-9,27;-3,4;<1,000 (very small rural);BENAVENTE Y LOS VALLES;Zamora;Castilla y León
50044;Bardallur;228,0;21,87;<=30 km;-21,34;-2,68;-10,24;<1,000 (very small rural);ZARAGOZA;Zaragoza;Aragón
42039;Borobia;228,0;79,51;>60 km;-17,69;0,83;-5,79;<1,000 (very small rural);CAMPO DE GOMARA;Soria;Castilla y León
05901;San Juan de Gredos;228,0;55,82;30-60 km;-21,6;1,59;-10,59;<1,000 (very small rural);GREDOS;Ávila;Castilla y León
44151;Molinos;228,0;97,65;>60 km;-13,43;-2,06;-4,2;<1,000 (very small rural);BAJO ARAGON;Teruel;Aragón
17191;Serra de Daró;229,0;19,8;<=30 km;-1,44;11,9;-2,55;<1,000 (very small rural);BAIX EMPORDA;Girona;Cataluña/Catalunya
49175;Revellinos;229,0;45,16;30-60 km;-7,14;-3,75;-10,89;<1,000 (very small rural);CAMPOS-PAN;Zamora;Castilla y León
37299;Santiz;229,0;32,8;30-60 km;-7,63;3,69;-9,49;<1,000 (very small rural);LEDESMA;Salamanca;Castilla y León
29037;Cartajima;229,0;21,49;<=30 km;-11,91;4,86;-11,58;<1,000 (very small rural);SERRANIA DE RONDA;Málaga;Andalucía
37204;Morasverdes;229,0;65,21;>60 km;-14,6;-6,84;-6,53;<1,000 (very small rural);CIUDAD RODRIGO;Salamanca;Castilla y León
43069;Gratallops;229,0;29,58;<=30 km;-10,23;4,87;-3,38;<1,000 (very small rural);PRIORAT;Tarragona;Cataluña/Catalunya
43105;Les Piles;229,0;41,67;30-60 km;-1,37;3,81;5,05;<1,000 (very small rural);CONCA DE BARBERA;Tarragona;Cataluña/Catalunya
25148;Odèn;230,0;55,07;30-60 km;-6,23;-2,69;-9,09;<1,000 (very small rural);SOLSONES;Lleida;Cataluña/Catalunya
03135;la Vall d'Ebo;230,0;20,78;<=30 km;-18,31;-8,93;12,75;<1,000 (very small rural);MARQUESADO;Alacant/Alicante;Comunitat Valenciana
16002;El Acebrón;230,0;58,2;30-60 km;-11,24;-2,99;1,32;<1,000 (very small rural);MANCHA ALTA;Cuenca;Castilla-La Mancha
48050;Izurtza;230,0;26,24;<=30 km;-16,3;-5,88;-4,17;<1,000 (very small rural);DURANGUESADO;Bizkaia;País Vasco/Euskadi
16046;Cañada del Hoyo;230,0;26,44;<=30 km;-14,77;-9,31;2,68;<1,000 (very small rural);SERRANIA BAJA;Cuenca;Castilla-La Mancha
17143;Rabós;230,0;49,42;30-60 km;-10,71;15,08;11,65;<1,000 (very small rural);ALT EMPORDA;Girona;Cataluña/Catalunya
31058;Auritz/Burguete;230,0;32,16;30-60 km;-15,86;-5,79;0,88;<1,000 (very small rural);PIRINEOS;Navarra;Comunidad Foral de Navarra
49143;Palacios de Sanabria;230,0;50,17;30-60 km;-8,36;-5,46;2,22;<1,000 (very small rural);SANABRIA;Zamora;Castilla y León
28020;Berzosa del Lozoya;231,0;38,98;30-60 km;-13,25;9,09;6,94;<1,000 (very small rural);LOZOYA SOMOSIERRA;Madrid;Comunidad de Madrid
45184;Las Ventas de San Julián;231,0;37,73;30-60 km;1,32;1,75;-0,86;<1,000 (very small rural);TALAVERA;Toledo;Castilla-La Mancha
22908;Hoz y Costean;231,0;47,7;30-60 km;6,25;6,19;-3,75;<1,000 (very small rural);SOMONTANO;Huesca;Aragón
50261;Torrellas;231,0;73,92;>60 km;-14,19;-3,6;-4,15;<1,000 (very small rural);BORJA;Zaragoza;Aragón
12110;Teresa;231,0;40,51;30-60 km;-11,97;-1,61;-5,71;<1,000 (very small rural);PALANCIA;Castelló/Castellón;Comunitat Valenciana
04087;Suflí;231,0;49,12;30-60 km;-16,85;-9,22;17,26;<1,000 (very small rural);ALTO ALMAZORA;Almería;Andalucía
25042;La Baronia de Rialb;231,0;63,51;>60 km;-8,56;-0,87;0,87;<1,000 (very small rural);NOGUERA;Lleida;Cataluña/Catalunya
10214;Villar de Plasencia;231,0;93,08;>60 km;-3,7;2,14;-3,35;<1,000 (very small rural);PLASENCIA;Cáceres;Extremadura
08139;Mura;232,0;12,36;<=30 km;-1,3;3,59;0,43;<1,000 (very small rural);BAGES;Barcelona;Cataluña/Catalunya
49199;Santa Colomba de las Monjas;232,0;50,04;30-60 km;-9,09;-6,11;-5,69;<1,000 (very small rural);BENAVENTE Y LOS VALLES;Zamora;Castilla y León
16194;Santa Cruz de Moya;232,0;71,48;>60 km;-23,13;2,2;0,0;<1,000 (very small rural);SERRANIA BAJA;Cuenca;Castilla-La Mancha
09448;Villangómez;232,0;20,44;<=30 km;-9,24;3,69;3,11;<1,000 (very small rural);ARLANZA;Burgos;Castilla y León
08903;Sant Julià de Cerdanyola;232,0;55,83;30-60 km;-7,98;-3,69;-1,28;<1,000 (very small rural);BERGADA;Barcelona;Cataluña/Catalunya
28070;Horcajo de la Sierra-Aoslos;233,0;48,18;30-60 km;-19,32;14,86;37,06;<1,000 (very small rural);LOZOYA SOMOSIERRA;Madrid;Comunidad de Madrid
50023;Almonacid de la Cuba;233,0;45,1;30-60 km;-3,7;-7,14;-0,43;<1,000 (very small rural);ZARAGOZA;Zaragoza;Aragón
44137;Linares de Mora;233,0;55,94;30-60 km;-13,33;-9,24;3,1;<1,000 (very small rural);MAESTRAZGO;Teruel;Aragón
31237;Unciti;233,0;16,99;<=30 km;-5,65;7,08;2,64;<1,000 (very small rural);PIRINEOS;Navarra;Comunidad Foral de Navarra
17162;Sant Ferriol;233,0;26,49;<=30 km;0,0;0,82;-5,67;<1,000 (very small rural);GARROTXA;Girona;Cataluña/Catalunya
49119;Molacillos;233,0;14,16;<=30 km;-7,75;-6,64;-2,51;<1,000 (very small rural);CAMPOS-PAN;Zamora;Castilla y León
13041;Fontanarejo;233,0;53,46;30-60 km;-16,67;-4,98;-6,05;<1,000 (very small rural);MONTES NORTE;Ciudad Real;Castilla-La Mancha
16157;La Pesquera;234,0;74,94;>60 km;-13,46;-2,79;11,96;<1,000 (very small rural);SERRANIA MEDIA;Cuenca;Castilla-La Mancha
49177;Rionegro del Puente;234,0;60,31;>60 km;-10,73;-10,07;-6,4;<1,000 (very small rural);SANABRIA;Zamora;Castilla y León
05212;San Juan del Molinillo;234,0;27,34;<=30 km;-29,55;3,52;13,59;<1,000 (very small rural);GREDOS;Ávila;Castilla y León
29022;Benadalid;234,0;20,43;<=30 km;-14,89;4,89;-0,85;<1,000 (very small rural);SERRANIA DE RONDA;Málaga;Andalucía
37286;San Martín del Castañar;234,0;59,1;30-60 km;-15,73;4,11;2,63;<1,000 (very small rural);LA SIERRA;Salamanca;Castilla y León
49046;Cerecinos de Campos;234,0;49,91;30-60 km;-18,13;-10,18;-5,26;<1,000 (very small rural);CAMPOS-PAN;Zamora;Castilla y León
40191;Santo Tomé del Puerto;234,0;57,77;30-60 km;-17,56;0,0;-9,65;<1,000 (very small rural);SEGOVIA;Segovia;Castilla y León
22186;Pozán de Vero;235,0;38,3;30-60 km;-11,2;7,34;0,43;<1,000 (very small rural);SOMONTANO;Huesca;Aragón
16218;Uclés;235,0;61,92;>60 km;-9,5;1,35;3,98;<1,000 (very small rural);MANCHA ALTA;Cuenca;Castilla-La Mancha
46262;La Yesa;235,0;58,62;30-60 km;-11,7;1,32;2,17;<1,000 (very small rural);ALTO TURIA;València/Valencia;Comunitat Valenciana
19133;Heras de Ayuso;235,0;17,13;<=30 km;-7,66;-12,13;-1,67;<1,000 (very small rural);ALCARRIA ALTA;Guadalajara;Castilla-La Mancha
16035;Beteta;235,0;39,64;30-60 km;-17,07;-17,56;2,17;<1,000 (very small rural);SERRANIA ALTA;Cuenca;Castilla-La Mancha
03027;Beniardà;235,0;17,35;<=30 km;-17,57;7,87;22,4;<1,000 (very small rural);MONTAÑA;Alacant/Alicante;Comunitat Valenciana
50176;Morata de Jiloca;235,0;72,8;>60 km;-1,4;-7,8;-9,62;<1,000 (very small rural);CALATAYUD;Zaragoza;Aragón
24107;Pajares de los Oteros;235,0;29,9;<=30 km;-27,15;-16,85;1,29;<1,000 (very small rural);ESLA-CAMPOS;León;Castilla y León
31056;Biurrun-Olcoz;236,0;15,45;<=30 km;-6,76;11,27;3,96;<1,000 (very small rural);CUENCA PAMPLONA;Navarra;Comunidad Foral de Navarra
37371;Villasrubias;236,0;106,02;>60 km;14,69;-11,31;-5,98;<1,000 (very small rural);CIUDAD RODRIGO;Salamanca;Castilla y León
10117;Marchagaz;236,0;91,83;>60 km;-12,86;13,82;-4,45;<1,000 (very small rural);HERVAS;Cáceres;Extremadura
25130;Maldà;236,0;38,53;30-60 km;-9,2;5,33;-0,42;<1,000 (very small rural);URGELL;Lleida;Cataluña/Catalunya
05169;Navatalgordo;237,0;33,18;30-60 km;-8,98;-3,19;-2,47;<1,000 (very small rural);GREDOS;Ávila;Castilla y León
49241;Villaescusa;237,0;32,56;30-60 km;-14,38;-3,94;-2,87;<1,000 (very small rural);DUERO BAJO;Zamora;Castilla y León
44120;Guadalaviar;237,0;30,56;30-60 km;-2,43;4,55;-6,32;<1,000 (very small rural);SERRANIA DE ALBARRACIN;Teruel;Aragón
08008;Argençola;237,0;33,94;30-60 km;-7,56;0,46;7,73;<1,000 (very small rural);ANOIA;Barcelona;Cataluña/Catalunya
18083;Gobernador;237,0;41,21;30-60 km;-20,13;-5,58;7,73;<1,000 (very small rural);IZNALLOZ;Granada;Andalucía
22129;Isábena;237,0;74,88;>60 km;-14,43;3,78;-4,05;<1,000 (very small rural);RIBARGORZA;Huesca;Aragón
22072;Caldearenas;237,0;31,33;30-60 km;-1,3;1,83;6,76;<1,000 (very small rural);JACETANIA;Huesca;Aragón
09136;Fuentecén;237,0;69,45;>60 km;-10,84;-1,76;6,28;<1,000 (very small rural);LA RIBERA;Burgos;Castilla y León
08185;Rubió;237,0;22,08;<=30 km;3,6;1,72;0,42;<1,000 (very small rural);ANOIA;Barcelona;Cataluña/Catalunya
21071;Valdelarco;237,0;78,85;>60 km;-6,3;-2,88;0,42;<1,000 (very small rural);SIERRA;Huelva;Andalucía
37065;Cabeza del Caballo;237,0;76,09;>60 km;-16,18;-11,68;-7,78;<1,000 (very small rural);VITIGUDINO;Salamanca;Castilla y León
31048;Barillas;238,0;69,07;>60 km;15,34;7,76;0,85;<1,000 (very small rural);RIBERA BAJA;Navarra;Comunidad Foral de Navarra
16016;Almendros;238,0;67,26;>60 km;-19,13;4,0;1,71;<1,000 (very small rural);MANCHA ALTA;Cuenca;Castilla-La Mancha
06017;Baterno;238,0;79,88;>60 km;-11,85;-11,95;-7,75;<1,000 (very small rural);PUEBLA ALCOCER;Badajoz;Extremadura
09279;Quemada;238,0;72,04;>60 km;-6,59;7,14;-6,67;<1,000 (very small rural);LA RIBERA;Burgos;Castilla y León
34223;Villamoronta;239,0;47,63;30-60 km;-13,48;3,4;-1,65;<1,000 (very small rural);SALDAÑA-VALDAVIA;Palencia;Castilla y León
24077;Gordaliza del Pino;239,0;44,77;30-60 km;-13,1;4,51;-6,27;<1,000 (very small rural);SAHAGUN;León;Castilla y León
10075;Fresnedoso de Ibor;239,0;64,96;>60 km;-16,05;-4,0;-9,47;<1,000 (very small rural);NAVALMORAL DE LA MATA;Cáceres;Extremadura
25010;Alcanó;239,0;18,32;<=30 km;4,29;0,43;2,58;<1,000 (very small rural);SEGRIA;Lleida;Cataluña/Catalunya
28064;Gascones;239,0;41,7;30-60 km;-3,83;1,6;25,13;<1,000 (very small rural);LOZOYA SOMOSIERRA;Madrid;Comunidad de Madrid
04019;Bacares;239,0;43,43;30-60 km;-20,0;7,33;-4,02;<1,000 (very small rural);ALTO ALMAZORA;Almería;Andalucía
27035;Negueira de Muñiz;240,0;56,73;30-60 km;-2,23;2,29;7,62;<1,000 (very small rural);MONTAÑA;Lugo;Galicia
25181;Puigverd d'Agramunt;240,0;45,49;30-60 km;-18,86;-0,43;4,35;<1,000 (very small rural);URGELL;Lleida;Cataluña/Catalunya
49142;Palacios del Pan;240,0;12,73;<=30 km;0,0;-9,23;-2,44;<1,000 (very small rural);CAMPOS-PAN;Zamora;Castilla y León
50060;Bulbuente;240,0;59,73;30-60 km;-9,54;7,37;3,0;<1,000 (very small rural);BORJA;Zaragoza;Aragón
12093;la Pobla de Benifassà;240,0;78,52;>60 km;-35,76;8,12;12,68;<1,000 (very small rural);ALTO MAESTRAZGO;Castelló/Castellón;Comunitat Valenciana
43041;Caseres;240,0;70,06;>60 km;-19,86;-3,83;6,19;<1,000 (very small rural);TERRA ALTA;Tarragona;Cataluña/Catalunya
37231;Parada de Rubiales;241,0;30,07;30-60 km;-13,87;-0,77;-6,23;<1,000 (very small rural);SALAMANCA;Salamanca;Castilla y León
44187;La Portellada;241,0;93,73;>60 km;-5,02;-5,35;4,78;<1,000 (very small rural);BAJO ARAGON;Teruel;Aragón
40193;Sebúlcor;241,0;49,03;30-60 km;-7,04;1,54;-8,71;<1,000 (very small rural);SEPULVEDA;Segovia;Castilla y León
34055;Cervatos de la Cueza;241,0;40,53;30-60 km;-13,4;2,67;-10,41;<1,000 (very small rural);CAMPOS;Palencia;Castilla y León
47204;Villafranca de Duero;241,0;41,93;30-60 km;-16,96;-2,19;-10,07;<1,000 (very small rural);SUR;Valladolid;Castilla y León
40022;Armuña;241,0;19,71;<=30 km;-4,56;7,42;-2,03;<1,000 (very small rural);CUELLAR;Segovia;Castilla y León
42167;Santa María de Huerta;242,0;107,22;>60 km;-22,97;-0,75;-8,68;<1,000 (very small rural);CAMPO DE GOMARA;Soria;Castilla y León
25908;Fígols i Alinyà;243,0;63,54;>60 km;-13,12;2,77;-6,54;<1,000 (very small rural);ALT URGELL;Lleida;Cataluña/Catalunya
09259;Pedrosa de Río Úrbel;243,0;15,01;<=30 km;-16,03;0,4;-3,57;<1,000 (very small rural);ARLANZON;Burgos;Castilla y León
49226;Vadillo de la Guareña;243,0;46,34;30-60 km;-18,9;-6,06;-2,02;<1,000 (very small rural);DUERO BAJO;Zamora;Castilla y León
50013;Alcalá de Ebro;243,0;26,04;<=30 km;-4,59;-2,39;-0,82;<1,000 (very small rural);ZARAGOZA;Zaragoza;Aragón
24146;San Esteban de Nogales;243,0;56,36;30-60 km;-11,07;-3,45;-3,57;<1,000 (very small rural);LA BAÑEZA;León;Castilla y León
22058;Bierge;243,0;31,14;30-60 km;-4,72;9,96;-4,33;<1,000 (very small rural);SOMONTANO;Huesca;Aragón
37139;Fuentes de Béjar;244,0;50,24;30-60 km;-7,69;-6,9;12,96;<1,000 (very small rural);ALBA DE TORMES;Salamanca;Castilla y León
37125;Escurial de la Sierra;244,0;45,28;30-60 km;-14,44;2,55;1,24;<1,000 (very small rural);LA SIERRA;Salamanca;Castilla y León
21036;La Granada de Río-Tinto;244,0;64,51;>60 km;-2,5;2,98;0,83;<1,000 (very small rural);ANDEVALO ORIENTAL;Huelva;Andalucía
37129;Florida de Liébana;244,0;9,39;<=30 km;-7,29;-6,62;-3,94;<1,000 (very small rural);SALAMANCA;Salamanca;Castilla y León
18001;Agrón;244,0;27,92;<=30 km;-12,12;-11,46;-4,31;<1,000 (very small rural);ALHAMA;Granada;Andalucía
22208;Santa Cilia;244,0;53,78;30-60 km;10,1;6,06;-0,41;<1,000 (very small rural);JACETANIA;Huesca;Aragón
24086;Joarilla de las Matas;245,0;45,68;30-60 km;-15,79;-9,4;-9,26;<1,000 (very small rural);SAHAGUN;León;Castilla y León
05239;Sotalbo;245,0;24,92;<=30 km;-7,06;-8,37;6,52;<1,000 (very small rural);AVILA;Ávila;Castilla y León
04080;Santa Cruz de Marchena;245,0;27,77;<=30 km;-6,25;-6,88;20,69;<1,000 (very small rural);RIO NACIMIENTO;Almería;Andalucía
09421;La Vid y Barrios;245,0;82,66;>60 km;-18,24;15,48;-11,23;<1,000 (very small rural);LA RIBERA;Burgos;Castilla y León
20905;Orendain;245,0;25,96;<=30 km;12,37;5,5;6,52;<1,000 (very small rural);TOLOSA;Gipuzkoa;País Vasco/Euskadi
37128;Espino de la Orbada;245,0;28,37;<=30 km;-5,54;-9,68;-2,78;<1,000 (very small rural);SALAMANCA;Salamanca;Castilla y León
16087;Fuentelespino de Haro;245,0;80,17;>60 km;-10,11;-0,81;-0,41;<1,000 (very small rural);MANCHA BAJA;Cuenca;Castilla-La Mancha
26087;Leiva;245,0;47,95;30-60 km;-19,41;-0,42;3,38;<1,000 (very small rural);RIOJA ALTA;La Rioja;La Rioja
37054;El Bodón;245,0;92,37;>60 km;-9,52;-10,49;-4,3;<1,000 (very small rural);CIUDAD RODRIGO;Salamanca;Castilla y León
37198;Monleras;245,0;50,56;30-60 km;-11,03;0,0;8,41;<1,000 (very small rural);LEDESMA;Salamanca;Castilla y León
25109;Guimerà;246,0;46,64;30-60 km;-14,69;-2,59;-6,46;<1,000 (very small rural);URGELL;Lleida;Cataluña/Catalunya
37306;Serradilla del Arroyo;246,0;72,33;>60 km;-21,01;-8,15;-0,81;<1,000 (very small rural);CIUDAD RODRIGO;Salamanca;Castilla y León
04097;Velefique;246,0;36,0;30-60 km;-18,48;-7,11;4,68;<1,000 (very small rural);CAMPO TABERNAS;Almería;Andalucía
48051;Lanestosa;246,0;35,96;30-60 km;1,13;2,76;-5,75;<1,000 (very small rural);ENCARTACIONES;Bizkaia;País Vasco/Euskadi
39034;Lamasón;246,0;38,61;30-60 km;-2,58;-6,62;-8,21;<1,000 (very small rural);TUDANCA-CABUERNIGA;Cantabria;Cantabria
43130;Rocafort de Queralt;246,0;38,69;30-60 km;-1,23;-11,54;6,96;<1,000 (very small rural);CONCA DE BARBERA;Tarragona;Cataluña/Catalunya
31047;Bargota;247,0;14,39;<=30 km;-12,1;-3,05;-2,76;<1,000 (very small rural);TIERRA ESTELLA;Navarra;Comunidad Foral de Navarra
31154;Lezaun;247,0;29,22;<=30 km;-6,32;-1,24;3,35;<1,000 (very small rural);TIERRA ESTELLA;Navarra;Comunidad Foral de Navarra
09358;Santo Domingo de Silos;247,0;48,75;30-60 km;-11,32;-6,09;-5,73;<1,000 (very small rural);DEMANDA;Burgos;Castilla y León
25056;Bovera;247,0;35,21;30-60 km;-19,88;1,56;-5,36;<1,000 (very small rural);GARRIGUES;Lleida;Cataluña/Catalunya
10170;Santiago del Campo;247,0;31,12;30-60 km;-5,17;-9,65;5,56;<1,000 (very small rural);CACERES;Cáceres;Extremadura
01006;Armiñón;247,0;21,43;<=30 km;4,37;5,48;6,93;<1,000 (very small rural);VALLES ALAVESES;Araba/Álava;País Vasco/Euskadi
49245;Villalazán;248,0;18,94;<=30 km;-13,58;-9,71;-1,2;<1,000 (very small rural);DUERO BAJO;Zamora;Castilla y León
10163;Salvatierra de Santiago;248,0;35,55;30-60 km;-4,79;-12,07;-12,68;<1,000 (very small rural);TRUJILLO;Cáceres;Extremadura
37022;Aldeaseca de la Frontera;248,0;38,93;30-60 km;-13,58;-5,95;-1,98;<1,000 (very small rural);PEÑARANDA DE BRACAMONTE;Salamanca;Castilla y León
09063;Cavia;248,0;15,45;<=30 km;-16,19;6,44;0,0;<1,000 (very small rural);ARLANZON;Burgos;Castilla y León
33075;Villanueva de Oscos;248,0;59,05;30-60 km;-16,76;-7,72;-9,82;<1,000 (very small rural);VEGADEO;Asturias;Principado de Asturias
49186;San Cebrián de Castro;249,0;22,6;<=30 km;-8,33;-4,8;4,62;<1,000 (very small rural);CAMPOS-PAN;Zamora;Castilla y León
45057;Chueca;249,0;17,07;<=30 km;0,38;-3,07;-1,58;<1,000 (very small rural);MONTE DE LOS YEBENES;Toledo;Castilla-La Mancha
40121;Martín Muñoz de las Posadas;249,0;34,36;30-60 km;-17,43;-3,82;-10,11;<1,000 (very small rural);CUELLAR;Segovia;Castilla y León
50216;Pozuelo de Aragón;249,0;38,58;30-60 km;-17,35;-6,69;-6,04;<1,000 (very small rural);BORJA;Zaragoza;Aragón
49256;Villanázar;249,0;50,44;30-60 km;-11,8;-2,5;-8,79;<1,000 (very small rural);BENAVENTE Y LOS VALLES;Zamora;Castilla y León
03086;Millena;249,0;13,64;<=30 km;6,98;5,68;2,89;<1,000 (very small rural);MONTAÑA;Alacant/Alicante;Comunitat Valenciana
25175;Prats i Sansor;249,0;71,81;>60 km;-18,31;8,66;-0,8;<1,000 (very small rural);CERDANYA;Lleida;Cataluña/Catalunya
20031;Elduain;250,0;14,75;<=30 km;2,59;2,09;2,46;<1,000 (very small rural);TOLOSA;Gipuzkoa;País Vasco/Euskadi
37181;Martiago;250,0;89,15;>60 km;-12,31;-10,88;-1,57;<1,000 (very small rural);CIUDAD RODRIGO;Salamanca;Castilla y León
17058;Crespià;250,0;23,37;<=30 km;-0,38;7,57;-7,41;<1,000 (very small rural);PLA DE L'ESTANY;Girona;Cataluña/Catalunya
49091;Granja de Moreruela;250,0;33,09;30-60 km;-7,28;-5,36;-5,66;<1,000 (very small rural);BENAVENTE Y LOS VALLES;Zamora;Castilla y León
09304;Rabé de las Calzadas;250,0;14,36;<=30 km;-3,17;11,54;7,76;<1,000 (very small rural);ARLANZON;Burgos;Castilla y León
37077;El Campo de Peñaranda;250,0;34,82;30-60 km;-12,86;-6,39;0,4;<1,000 (very small rural);PEÑARANDA DE BRACAMONTE;Salamanca;Castilla y León
47166;Torrecilla de la Abadesa;250,0;36,08;30-60 km;-11,95;-1,82;-7,41;<1,000 (very small rural);SUR;Valladolid;Castilla y León
47077;Langayo;250,0;46,79;30-60 km;-19,38;-1,63;3,31;<1,000 (very small rural);SURESTE;Valladolid;Castilla y León
10160;Romangordo;251,0;76,52;>60 km;-1,19;0,0;-3,09;<1,000 (very small rural);NAVALMORAL DE LA MATA;Cáceres;Extremadura
42160;El Royo;251,0;62,44;>60 km;-20,85;-1,89;-3,46;<1,000 (very small rural);TIERRAS ALTAS Y VALLE DEL TERA;Soria;Castilla y León
37184;Masueco;251,0;74,52;>60 km;-26,03;-5,19;-8,39;<1,000 (very small rural);VITIGUDINO;Salamanca;Castilla y León
37047;Beleña;251,0;24,61;<=30 km;0,88;1,79;10,57;<1,000 (very small rural);ALBA DE TORMES;Salamanca;Castilla y León
40182;San Martín y Mudrián;251,0;38,47;30-60 km;-10,41;1,67;3,29;<1,000 (very small rural);CUELLAR;Segovia;Castilla y León
22143;Laspaúles;251,0;92,63;>60 km;-19,21;-3,48;13,06;<1,000 (very small rural);RIBARGORZA;Huesca;Aragón
34141;Quintana del Puente;251,0;32,3;30-60 km;5,37;15,08;-13,45;<1,000 (very small rural);EL CERRATO;Palencia;Castilla y León
49191;San Miguel de la Ribera;252,0;29,16;<=30 km;-16,43;-0,35;-11,58;<1,000 (very small rural);DUERO BAJO;Zamora;Castilla y León
37015;Aldea del Obispo;252,0;97,82;>60 km;-17,11;-5,26;0,0;<1,000 (very small rural);CIUDAD RODRIGO;Salamanca;Castilla y León
39101;Valle de Villaverde;252,0;22,66;<=30 km;-17,07;-3,5;-8,7;<1,000 (very small rural);ASON;Cantabria;Cantabria
37302;Saucelle;252,0;90,02;>60 km;-23,77;-2,83;-8,36;<1,000 (very small rural);VITIGUDINO;Salamanca;Castilla y León
47033;Canalejas de Peñafiel;252,0;57,78;30-60 km;-25,33;5,7;4,56;<1,000 (very small rural);SURESTE;Valladolid;Castilla y León
37138;Fuenterroble de Salvatierra;252,0;46,04;30-60 km;-6,92;6,45;-4,55;<1,000 (very small rural);ALBA DE TORMES;Salamanca;Castilla y León
25179;Prullans;252,0;74,67;>60 km;-4,27;9,82;2,44;<1,000 (very small rural);CERDANYA;Lleida;Cataluña/Catalunya
37194;Mogarraz;252,0;60,43;>60 km;-11,84;-5,45;-3,08;<1,000 (very small rural);LA SIERRA;Salamanca;Castilla y León
05233;Serranillos;252,0;41,88;30-60 km;-12,41;-2,0;2,86;<1,000 (very small rural);GREDOS;Ávila;Castilla y León
45148;Robledo del Mazo;252,0;41,39;30-60 km;-21,11;-10,03;-3,08;<1,000 (very small rural);LA JARA;Toledo;Castilla-La Mancha
04027;Benizalón;252,0;37,96;30-60 km;-12,04;6,05;-4,18;<1,000 (very small rural);CAMPO TABERNAS;Almería;Andalucía
34036;Brañosera;253,0;48,7;30-60 km;-1,19;3,66;-0,78;<1,000 (very small rural);AGUILAR;Palencia;Castilla y León
49020;Belver de los Montes;253,0;38,12;30-60 km;-19,83;-6,41;-3,8;<1,000 (very small rural);CAMPOS-PAN;Zamora;Castilla y León
37017;Aldeanueva de Figueroa;253,0;26,05;<=30 km;-9,93;-4,69;3,69;<1,000 (very small rural);SALAMANCA;Salamanca;Castilla y León
37357;Villar de Ciervo;253,0;93,89;>60 km;-12,58;-6,81;-2,69;<1,000 (very small rural);CIUDAD RODRIGO;Salamanca;Castilla y León
40173;Roda de Eresma;253,0;14,57;<=30 km;-17,78;8,65;25,87;<1,000 (very small rural);CUELLAR;Segovia;Castilla y León
20057;Mutiloa;253,0;38,08;30-60 km;1,22;1,59;-1,17;<1,000 (very small rural);GOIERRI;Gipuzkoa;País Vasco/Euskadi
49019;Barcial del Barco;253,0;48,39;30-60 km;-7,12;-6,59;4,98;<1,000 (very small rural);BENAVENTE Y LOS VALLES;Zamora;Castilla y León
17174;Sant Miquel de Campmajor;254,0;20,66;<=30 km;-3,42;6,58;4,53;<1,000 (very small rural);PLA DE L'ESTANY;Girona;Cataluña/Catalunya
25123;Lladorre;254,0;115,23;>60 km;-7,79;7,49;4,1;<1,000 (very small rural);PALLARS SOBIRA;Lleida;Cataluña/Catalunya
17063;Espinelves;254,0;33,42;30-60 km;2,01;16,02;6,28;<1,000 (very small rural);OSONA;Girona;Cataluña/Catalunya
26140;Santurde de Rioja;254,0;44,85;30-60 km;-19,05;-3,47;-8,63;<1,000 (very small rural);RIOJA ALTA;La Rioja;La Rioja
50027;Ambel;254,0;58,59;30-60 km;-12,41;-1,56;0,79;<1,000 (very small rural);BORJA;Zaragoza;Aragón
42111;Matamala de Almazán;254,0;106,44;>60 km;-8,52;-11,63;-4,51;<1,000 (very small rural);ALMAZAN;Soria;Castilla y León
47024;Bolaños de Campos;254,0;56,72;30-60 km;-6,18;-8,88;-8,3;<1,000 (very small rural);TIERRA DE CAMPOS;Valladolid;Castilla y León
26180;Zarratón;255,0;35,1;30-60 km;-20,44;-0,78;-0,39;<1,000 (very small rural);RIOJA ALTA;La Rioja;La Rioja
49148;Peleas de Abajo;255,0;17,1;<=30 km;19,5;-0,36;-6,59;<1,000 (very small rural);DUERO BAJO;Zamora;Castilla y León
06009;Aljucén;255,0;11,48;<=30 km;-5,1;2,04;2,0;<1,000 (very small rural);MERIDA;Badajoz;Extremadura
21051;La Nava;255,0;79,41;>60 km;-17,9;0,79;0,0;<1,000 (very small rural);SIERRA;Huelva;Andalucía
28003;Alameda del Valle;255,0;26,93;<=30 km;-19,11;26,15;3,66;<1,000 (very small rural);LOZOYA SOMOSIERRA;Madrid;Comunidad de Madrid
39077;Santiurde de Reinosa;256,0;30,36;30-60 km;-14,77;-5,06;4,92;<1,000 (very small rural);REINOSA;Cantabria;Cantabria
40097;Grajera;256,0;69,96;>60 km;-13,52;9,87;4,49;<1,000 (very small rural);SEPULVEDA;Segovia;Castilla y León
40205;Torreiglesias;256,0;25,18;<=30 km;-23,37;0,38;-1,92;<1,000 (very small rural);SEGOVIA;Segovia;Castilla y León
40148;Nieva;256,0;31,41;30-60 km;-17,2;-1,89;-1,54;<1,000 (very small rural);CUELLAR;Segovia;Castilla y León
20048;Larraul;256,0;16,32;<=30 km;2,05;2,37;-1,16;<1,000 (very small rural);TOLOSA;Gipuzkoa;País Vasco/Euskadi
26001;Ábalos;256,0;23,45;<=30 km;-31,59;-2,75;3,23;<1,000 (very small rural);RIOJA ALTA;La Rioja;La Rioja
37312;Sorihuela;256,0;56,74;30-60 km;-16,77;-5,49;-0,78;<1,000 (very small rural);LA SIERRA;Salamanca;Castilla y León
49043;Castroverde de Campos;256,0;59,45;30-60 km;-12,15;-10,89;-5,19;<1,000 (very small rural);CAMPOS-PAN;Zamora;Castilla y León
16103;Hontanaya;257,0;79,72;>60 km;-26,21;-4,94;2,8;<1,000 (very small rural);MANCHA BAJA;Cuenca;Castilla-La Mancha
29014;Alpandeire;258,0;22,05;<=30 km;-12,54;3,57;-1,15;<1,000 (very small rural);SERRANIA DE RONDA;Málaga;Andalucía
24194;Vegacervera;258,0;34,21;30-60 km;-20,38;-7,75;-1,53;<1,000 (very small rural);LA MONTAÑA DE RIAÑO;León;Castilla y León
17171;Sant Llorenç de la Muga;258,0;38,37;30-60 km;10,57;6,37;-3,37;<1,000 (very small rural);ALT EMPORDA;Girona;Cataluña/Catalunya
06013;Atalaya;258,0;67,0;>60 km;-8,41;-1,71;-10,42;<1,000 (very small rural);LLERENA;Badajoz;Extremadura
47061;Esguevillas de Esgueva;258,0;29,75;<=30 km;-6,85;-1,1;-4,09;<1,000 (very small rural);CENTRO;Valladolid;Castilla y León
43070;Els Guiamets;258,0;31,64;30-60 km;-15,53;2,22;-6,52;<1,000 (very small rural);PRIORAT;Tarragona;Cataluña/Catalunya
12008;Algimia de Almonacid;258,0;25,04;<=30 km;-14,92;-7,34;7,5;<1,000 (very small rural);PALANCIA;Castelló/Castellón;Comunitat Valenciana
25180;Puiggròs;258,0;26,1;<=30 km;-10,83;-2,57;-2,64;<1,000 (very small rural);GARRIGUES;Lleida;Cataluña/Catalunya
03007;Alcosser;259,0;16,08;<=30 km;-0,43;6,11;6,58;<1,000 (very small rural);MONTAÑA;Alacant/Alicante;Comunitat Valenciana
10157;Robledillo de la Vera;259,0;64,11;>60 km;-6,89;-3,68;-1,15;<1,000 (very small rural);JARAIZ DE LA VERA;Cáceres;Extremadura
24104;Las Omañas;259,0;26,53;<=30 km;-12,1;-3,69;-0,77;<1,000 (very small rural);ASTORGA;León;Castilla y León
50079;Cervera de la Cañada;259,0;74,41;>60 km;-8,63;-2,58;-1,89;<1,000 (very small rural);CALATAYUD;Zaragoza;Aragón
40039;Campo de San Pedro;259,0;80,3;>60 km;-24,29;-3,1;3,6;<1,000 (very small rural);SEPULVEDA;Segovia;Castilla y León
25098;Gavet de la Conca;259,0;59,67;30-60 km;-7,28;-4,38;-1,15;<1,000 (very small rural);CONCA;Lleida;Cataluña/Catalunya
50244;Sierra de Luna;259,0;40,4;30-60 km;-19,35;12,65;-9,12;<1,000 (very small rural);EGEA DE LOS CABALLEROS;Zaragoza;Aragón
47003;Aguilar de Campos;259,0;49,34;30-60 km;-14,38;5,33;0,78;<1,000 (very small rural);TIERRA DE CAMPOS;Valladolid;Castilla y León
26145;Sotés;260,0;14,66;<=30 km;-6,73;-7,07;-5,8;<1,000 (very small rural);RIOJA MEDIA;La Rioja;La Rioja
17205;Ullastret;260,0;19,66;<=30 km;10,07;-9,79;0,78;<1,000 (very small rural);BAIX EMPORDA;Girona;Cataluña/Catalunya
49017;Asturianos;260,0;49,75;30-60 km;-7,55;-0,38;0,0;<1,000 (very small rural);SANABRIA;Zamora;Castilla y León
50271;Used;260,0;90,6;>60 km;-14,02;0,0;-4,06;<1,000 (very small rural);DAROCA;Zaragoza;Aragón
37351;Villaflores;260,0;39,47;30-60 km;-10,28;-7,8;0,0;<1,000 (very small rural);PEÑARANDA DE BRACAMONTE;Salamanca;Castilla y León
17029;Boadella i les Escaules;260,0;38,41;30-60 km;5,53;0,74;-4,06;<1,000 (very small rural);ALT EMPORDA;Girona;Cataluña/Catalunya
49201;Santa Croya de Tera;260,0;52,17;30-60 km;-11,73;-5,54;-10,34;<1,000 (very small rural);BENAVENTE Y LOS VALLES;Zamora;Castilla y León
39065;Las Rozas de Valdearroyo;261,0;40,96;30-60 km;-10,51;-4,1;1,56;<1,000 (very small rural);REINOSA;Cantabria;Cantabria
16215;Tragacete;261,0;21,63;<=30 km;-23,91;0,77;0,0;<1,000 (very small rural);SERRANIA ALTA;Cuenca;Castilla-La Mancha
09362;Sarracín;261,0;11,97;<=30 km;-17,77;4,9;1,56;<1,000 (very small rural);ARLANZON;Burgos;Castilla y León
06096;Orellana de la Sierra;261,0;78,66;>60 km;-16,14;8,51;2,35;<1,000 (very small rural);DON BENITO;Badajoz;Extremadura
25186;Riner;262,0;31,86;30-60 km;-7,42;7,66;-6,76;<1,000 (very small rural);SOLSONES;Lleida;Cataluña/Catalunya
31168;Metauten;262,0;36,59;30-60 km;0,35;4,33;-9,34;<1,000 (very small rural);TIERRA ESTELLA;Navarra;Comunidad Foral de Navarra
25906;Les Valls d'Aguilar;262,0;80,84;>60 km;-9,18;-2,94;-0,76;<1,000 (very small rural);ALT URGELL;Lleida;Cataluña/Catalunya
49124;Moral de Sayago;262,0;21,83;<=30 km;-13,23;-0,77;1,16;<1,000 (very small rural);SAYAGO;Zamora;Castilla y León
37201;Montemayor del Río;262,0;70,06;>60 km;-10,53;0,38;-1,87;<1,000 (very small rural);LA SIERRA;Salamanca;Castilla y León
12115;El Toro;262,0;52,04;30-60 km;-9,32;-5,53;9,62;<1,000 (very small rural);PALANCIA;Castelló/Castellón;Comunitat Valenciana
08078;L'Espunyola;262,0;36,5;30-60 km;-10,45;0,0;1,55;<1,000 (very small rural);BERGUEDA;Barcelona;Cataluña/Catalunya
17151;Riumors;262,0;31,8;30-60 km;7,69;-7,22;7,38;<1,000 (very small rural);ALT EMPORDA;Girona;Cataluña/Catalunya
16216;Tresjuncos;262,0;85,07;>60 km;-19,18;-11,26;-2,24;<1,000 (very small rural);MANCHA BAJA;Cuenca;Castilla-La Mancha
22044;Bailo;263,0;51,82;30-60 km;-5,33;-5,73;0,0;<1,000 (very small rural);JACETANIA;Huesca;Aragón
40119;Martín Miguel;263,0;10,57;<=30 km;-20,6;2,22;14,35;<1,000 (very small rural);CUELLAR;Segovia;Castilla y León
49238;Villabrázaro;263,0;59,44;30-60 km;-26,03;11,22;15,35;<1,000 (very small rural);BENAVENTE Y LOS VALLES;Zamora;Castilla y León
24009;Balboa;263,0;37,95;30-60 km;-14,29;-6,82;-8,36;<1,000 (very small rural);BIERZO;León;Castilla y León
40124;Mata de Cuéllar;263,0;38,73;30-60 km;-12,16;-1,89;1,54;<1,000 (very small rural);CUELLAR;Segovia;Castilla y León
26015;Arenzana de Abajo;263,0;23,71;<=30 km;-12,77;7,96;7,79;<1,000 (very small rural);RIOJA ALTA;La Rioja;La Rioja
22001;Abiego;264,0;30,16;30-60 km;-12,14;14,35;-2,58;<1,000 (very small rural);SOMONTANO;Huesca;Aragón
10153;Puerto de Santa Cruz;264,0;50,79;30-60 km;-13,55;-11,15;-8,01;<1,000 (very small rural);TRUJILLO;Cáceres;Extremadura
24127;Regueras de Arriba;264,0;40,07;30-60 km;-14,49;-7,51;-2,58;<1,000 (very small rural);LA BAÑEZA;León;Castilla y León
50032;Arándiga;264,0;51,16;30-60 km;-25,24;-11,33;-3,65;<1,000 (very small rural);LA ALMUNIA DE DOÑA GODINA;Zaragoza;Aragón
37145;Gallegos de Argañán;264,0;93,74;>60 km;-13,35;-4,29;-1,49;<1,000 (very small rural);CIUDAD RODRIGO;Salamanca;Castilla y León
37342;Valverdón;264,0;11,91;<=30 km;0,71;-3,82;-4,69;<1,000 (very small rural);SALAMANCA;Salamanca;Castilla y León
17173;Sant Martí Vell;264,0;8,04;<=30 km;-5,04;-2,01;8,2;<1,000 (very small rural);GIRONES;Girona;Cataluña/Catalunya
45092;Marjaliza;264,0;35,89;30-60 km;-13,18;3,14;0,38;<1,000 (very small rural);MONTE DE LOS YEBENES;Toledo;Castilla-La Mancha
22902;Puente la Reina de Jaca;264,0;58,02;30-60 km;-9,31;-3,46;5,18;<1,000 (very small rural);JACETANIA;Huesca;Aragón
19041;Armuña de Tajuña;264,0;17,4;<=30 km;-14,29;6,19;10,0;<1,000 (very small rural);CAMPIÑA;Guadalajara;Castilla-La Mancha
37025;Aldehuela de la Bóveda;265,0;35,18;30-60 km;-6,17;-3,79;-5,02;<1,000 (very small rural);FUENTE DE SAN ESTEBAN;Salamanca;Castilla y León
16166;Pozoamargo;265,0;49,23;30-60 km;-22,56;-0,34;-8,3;<1,000 (very small rural);MANCHA BAJA;Cuenca;Castilla-La Mancha
01060;Yécora/Iekora;265,0;10,25;<=30 km;-5,92;-1,12;-0,38;<1,000 (very small rural);RIOJA ALAVESA;Araba/Álava;País Vasco/Euskadi
22086;Castiello de Jaca;265,0;57,65;30-60 km;-5,06;-10,11;10,42;<1,000 (very small rural);JACETANIA;Huesca;Aragón
18161;Polícar;266,0;31,88;30-60 km;-0,44;10,59;1,92;<1,000 (very small rural);GUADIX;Granada;Andalucía
50166;Mesones de Isuela;266,0;52,43;30-60 km;-13,29;-2,21;0,38;<1,000 (very small rural);LA ALMUNIA DE DOÑA GODINA;Zaragoza;Aragón
45039;Carriches;266,0;33,48;30-60 km;-15,56;2,58;-4,32;<1,000 (very small rural);TORRIJOS;Toledo;Castilla-La Mancha
10009;Alcollarín;266,0;65,48;>60 km;-8,85;24,0;-4,66;<1,000 (very small rural);LOGROSAN;Cáceres;Extremadura
31031;Areso;266,0;24,2;<=30 km;-6,79;0,0;-3,27;<1,000 (very small rural);NORD OCCIDENTAL;Navarra;Comunidad Foral de Navarra
39003;Anievas;267,0;15,37;<=30 km;-19,83;-4,66;0,38;<1,000 (very small rural);PAS-IGUÑA;Cantabria;Cantabria
10092;Herguijuela;267,0;59,25;30-60 km;-13,62;-10,37;-0,37;<1,000 (very small rural);TRUJILLO;Cáceres;Extremadura
45065;La Estrella;267,0;35,33;30-60 km;-26,3;-12,02;30,24;<1,000 (very small rural);LA JARA;Toledo;Castilla-La Mancha
22173;Las Peñas de Riglos;268,0;38,6;30-60 km;-5,2;1,59;5,1;<1,000 (very small rural);HOYA DE HUESCA;Huesca;Aragón
12114;Torás;268,0;43,87;30-60 km;-16,04;7,86;8,5;<1,000 (very small rural);PALANCIA;Castelló/Castellón;Comunitat Valenciana
37052;Boada;268,0;56,99;30-60 km;-8,18;-5,08;-10,37;<1,000 (very small rural);FUENTE DE SAN ESTEBAN;Salamanca;Castilla y León
49022;Benegiles;268,0;19,6;<=30 km;-13,49;-7,08;-11,26;<1,000 (very small rural);CAMPOS-PAN;Zamora;Castilla y León
04094;Turrillas;268,0;18,45;<=30 km;-1,72;11,59;3,08;<1,000 (very small rural);CAMPO TABERNAS;Almería;Andalucía
50178;Moros;269,0;82,24;>60 km;-18,93;-16,02;-11,51;<1,000 (very small rural);CALATAYUD;Zaragoza;Aragón
50292;Villarreal de Huerva;269,0;60,0;30-60 km;13,04;-0,73;-1,1;<1,000 (very small rural);DAROCA;Zaragoza;Aragón
37291;San Pedro de Rozados;269,0;18,86;<=30 km;-2,2;-8,31;-2,54;<1,000 (very small rural);FUENTE DE SAN ESTEBAN;Salamanca;Castilla y León
34038;Bustillo de la Vega;269,0;53,25;30-60 km;-4,91;-9,15;-3,24;<1,000 (very small rural);SALDAÑA-VALDAVIA;Palencia;Castilla y León
37317;Tarazona de Guareña;269,0;42,41;30-60 km;-9,97;-9,15;-6,6;<1,000 (very small rural);PEÑARANDA DE BRACAMONTE;Salamanca;Castilla y León
22236;Torres de Barbués;270,0;19,02;<=30 km;-9,63;-5,64;7,57;<1,000 (very small rural);HOYA DE HUESCA;Huesca;Aragón
06142;Valverde de Burguillos;270,0;66,06;>60 km;-9,09;-1,07;-2,88;<1,000 (very small rural);JEREZ DE LOS CABALLEROS;Badajoz;Extremadura
31124;Ibargoiti;270,0;22,26;<=30 km;1,65;4,74;1,89;<1,000 (very small rural);PIRINEOS;Navarra;Comunidad Foral de Navarra
09134;Frías;270,0;50,89;30-60 km;-7,39;6,3;0,0;<1,000 (very small rural);BUREBA-EBRO;Burgos;Castilla y León
17061;Das;270,0;71,48;>60 km;1,83;9,25;8,87;<1,000 (very small rural);CERDANYA;Girona;Cataluña/Catalunya
05073;Flores de Ávila;270,0;48,27;30-60 km;-7,49;-6,51;-5,92;<1,000 (very small rural);AREVALO-MADRIGAL;Ávila;Castilla y León
05095;Higuera de las Dueñas;270,0;36,86;30-60 km;-18,08;-0,37;1,5;<1,000 (very small rural);VALLE DEL TIETAR;Ávila;Castilla y León
09213;Merindad de Cuesta-Urria;270,0;55,9;30-60 km;-23,28;-9,27;-4,93;<1,000 (very small rural);MERINDADES;Burgos;Castilla y León
08004;Alpens;270,0;49,75;30-60 km;-8,28;-1,47;0,37;<1,000 (very small rural);OSONA;Barcelona;Cataluña/Catalunya
44182;Perales del Alfambra;271,0;98,51;>60 km;-17,54;13,57;7,97;<1,000 (very small rural);HOYA DE TERUEL;Teruel;Aragón
34104;Melgar de Yuso;271,0;38,53;30-60 km;-14,95;-1,93;6,69;<1,000 (very small rural);CAMPOS;Palencia;Castilla y León
16005;Albalate de las Nogueras;271,0;30,34;30-60 km;-7,69;-4,48;5,86;<1,000 (very small rural);ALCARRIA;Cuenca;Castilla-La Mancha
08293;Vallcebre;271,0;54,03;30-60 km;-6,69;4,88;5,04;<1,000 (very small rural);BERGUEDA;Barcelona;Cataluña/Catalunya
24112;Peranzanes;271,0;42,99;30-60 km;-6,96;-15,14;0,74;<1,000 (very small rural);BIERZO;León;Castilla y León
31100;Eulate;271,0;39,44;30-60 km;-14,5;-1,76;-2,87;<1,000 (very small rural);TIERRA ESTELLA;Navarra;Comunidad Foral de Navarra
44146;La Mata de los Olmos;271,0;95,79;>60 km;-3,89;-3,02;5,45;<1,000 (very small rural);BAJO ARAGON;Teruel;Aragón
19103;Checa;271,0;37,19;30-60 km;-17,94;4,76;-5,24;<1,000 (very small rural);MOLINA DE ARAGON;Guadalajara;Castilla-La Mancha
08111;Malla;272,0;32,67;30-60 km;1,93;1,85;-1,45;<1,000 (very small rural);OSONA;Barcelona;Cataluña/Catalunya
37230;Parada de Arriba;272,0;11,12;<=30 km;-5,3;2,41;6,67;<1,000 (very small rural);SALAMANCA;Salamanca;Castilla y León
13094;Villanueva de San Carlos;272,0;41,53;30-60 km;-18,52;-5,08;-2,86;<1,000 (very small rural);PASTOS;Ciudad Real;Castilla-La Mancha
22014;Alcalá de Gurrea;272,0;21,21;<=30 km;-2,91;-6,5;18,26;<1,000 (very small rural);HOYA DE HUESCA;Huesca;Aragón
48033;Ereño;272,0;28,59;<=30 km;-5,7;10,04;3,42;<1,000 (very small rural);GUERNIKA-BERMEO;Bizkaia;País Vasco/Euskadi
09137;Fuentelcésped;273,0;83,56;>60 km;12,33;9,36;6,23;<1,000 (very small rural);LA RIBERA;Burgos;Castilla y León
09463;Villasur de Herreros;273,0;27,86;<=30 km;1,06;-6,52;5,81;<1,000 (very small rural);DEMANDA;Burgos;Castilla y León
34092;Lantadilla;273,0;44,4;30-60 km;-15,98;-2,41;-3,87;<1,000 (very small rural);CAMPOS;Palencia;Castilla y León
49159;Pobladura del Valle;273,0;55,08;30-60 km;-4,76;2,43;-7,46;<1,000 (very small rural);BENAVENTE Y LOS VALLES;Zamora;Castilla y León
25226;Torrebesses;273,0;23,44;<=30 km;-3,33;3,11;-8,39;<1,000 (very small rural);SEGRIA;Lleida;Cataluña/Catalunya
50005;Aguilón;273,0;44,01;30-60 km;-7,75;-0,43;16,67;<1,000 (very small rural);LA ALMUNIA DE DOÑA GODINA;Zaragoza;Aragón
24153;Santa Cristina de Valmadrigal;273,0;33,42;30-60 km;-11,69;-4,03;4,2;<1,000 (very small rural);ESLA-CAMPOS;León;Castilla y León
26053;Corera;273,0;22,99;<=30 km;-8,27;3,97;4,2;<1,000 (very small rural);RIOJA MEDIA;La Rioja;La Rioja
22160;Naval;273,0;50,63;30-60 km;4,65;-2,97;4,6;<1,000 (very small rural);SOMONTANO;Huesca;Aragón
13017;Anchuras;274,0;55,11;30-60 km;-9,78;-16,21;0,0;<1,000 (very small rural);MONTES NORTE;Ciudad Real;Castilla-La Mancha
49018;Ayoó de Vidriales;274,0;57,13;30-60 km;-8,87;-9,46;-4,53;<1,000 (very small rural);BENAVENTE Y LOS VALLES;Zamora;Castilla y León
48909;Nabarniz;274,0;29,67;<=30 km;10,17;4,71;2,62;<1,000 (very small rural);GUERNIKA-BERMEO;Bizkaia;País Vasco/Euskadi
50234;San Martín de la Virgen de Moncayo;274,0;73,92;>60 km;0,7;-3,5;-0,72;<1,000 (very small rural);BORJA;Zaragoza;Aragón
09020;Arauzo de Miel;274,0;58,44;30-60 km;-6,29;-11,66;-4,86;<1,000 (very small rural);DEMANDA;Burgos;Castilla y León
16279;Zarza de Tajo;274,0;39,94;30-60 km;-26,41;17,47;1,86;<1,000 (very small rural);MANCHA ALTA;Cuenca;Castilla-La Mancha
21045;Linares de la Sierra;275,0;70,67;>60 km;-10,1;2,29;2,61;<1,000 (very small rural);SIERRA;Huelva;Andalucía
05176;Padiernos;275,0;18,85;<=30 km;3,07;2,94;-1,79;<1,000 (very small rural);AVILA;Ávila;Castilla y León
37346;Las Veguillas;275,0;27,86;<=30 km;2,79;-0,35;-3,17;<1,000 (very small rural);FUENTE DE SAN ESTEBAN;Salamanca;Castilla y León
45005;Alcañizo;275,0;22,98;<=30 km;-12,54;-0,36;0,36;<1,000 (very small rural);TALAVERA;Toledo;Castilla-La Mancha
25017;Alins;275,0;103,26;>60 km;-6,23;-3,79;-1,43;<1,000 (very small rural);PALLARS SOBIRA;Lleida;Cataluña/Catalunya
24036;Valle de Ancares;275,0;41,14;30-60 km;-16,52;-6,59;7,84;<1,000 (very small rural);BIERZO;León;Castilla y León
31180;Muruzábal;275,0;16,7;<=30 km;-16,32;6,28;8,27;<1,000 (very small rural);CUENCA PAMPLONA;Navarra;Comunidad Foral de Navarra
10209;Villamesías;275,0;50,75;30-60 km;-5,28;1,15;4,56;<1,000 (very small rural);TRUJILLO;Cáceres;Extremadura
39050;Pesaguero;276,0;50,16;30-60 km;-14,37;3,16;-6,12;<1,000 (very small rural);LIEBANA;Cantabria;Cantabria
40074;Escarabajosa de Cabezas;276,0;22,62;<=30 km;-8,66;-3,67;-4,5;<1,000 (very small rural);CUELLAR;Segovia;Castilla y León
10065;Collado de la Vera;276,0;72,08;>60 km;7,98;14,21;27,19;<1,000 (very small rural);JARAIZ DE LA VERA;Cáceres;Extremadura
25167;Pinós;277,0;26,76;<=30 km;1,63;-2,68;-4,48;<1,000 (very small rural);SOLSONES;Lleida;Cataluña/Catalunya
24211;Villamandos;277,0;45,1;30-60 km;-5,9;-5,19;-5,14;<1,000 (very small rural);ESLA-CAMPOS;León;Castilla y León
24103;Oencia;277,0;35,63;30-60 km;-22,49;-1,8;1,47;<1,000 (very small rural);BIERZO;León;Castilla y León
10141;Peraleda de San Román;277,0;51,45;30-60 km;2,1;7,22;-6,73;<1,000 (very small rural);NAVALMORAL DE LA MATA;Cáceres;Extremadura
22144;Laspuña;278,0;66,72;>60 km;-6,64;-1,03;-3,47;<1,000 (very small rural);SOBRARBE;Huesca;Aragón
47102;Nueva Villa de las Torres;278,0;50,81;30-60 km;-6,52;-6,12;0,72;<1,000 (very small rural);SUR;Valladolid;Castilla y León
18176;Soportújar;278,0;24,66;<=30 km;-5,0;-2,63;7,34;<1,000 (very small rural);LAS ALPUJARRAS;Granada;Andalucía
04082;Senés;278,0;34,74;30-60 km;-5,74;-3,0;-4,47;<1,000 (very small rural);CAMPO TABERNAS;Almería;Andalucía
09451;Villanueva de Gumiel;279,0;67,83;>60 km;-4,1;-1,44;1,82;<1,000 (very small rural);LA RIBERA;Burgos;Castilla y León
22182;Plan;279,0;76,29;>60 km;-12,23;-4,53;1,82;<1,000 (very small rural);SOBRARBE;Huesca;Aragón
37080;Cantagallo;279,0;66,64;>60 km;-6,45;2,69;4,49;<1,000 (very small rural);LA SIERRA;Salamanca;Castilla y León
17144;Regencós;279,0;28,24;<=30 km;-7,31;2,17;-1,06;<1,000 (very small rural);BAIX EMPORDA;Girona;Cataluña/Catalunya
40139;Navafría;279,0;31,81;30-60 km;-16,71;2,75;-6,69;<1,000 (very small rural);SEGOVIA;Segovia;Castilla y León
50156;Maleján;279,0;54,19;30-60 km;-24,85;0,39;7,31;<1,000 (very small rural);BORJA;Zaragoza;Aragón
40180;Sangarcía;279,0;22,51;<=30 km;-23,5;-4,67;-8,82;<1,000 (very small rural);CUELLAR;Segovia;Castilla y León
25057;Es Bòrdes;280,0;114,12;>60 km;4,13;7,14;-1,75;<1,000 (very small rural);VAL D'ARAN;Lleida;Cataluña/Catalunya
25216;Talavera;280,0;41,58;30-60 km;-13,79;16,19;-2,44;<1,000 (very small rural);SEGARRA;Lleida;Cataluña/Catalunya
20026;Zerain;280,0;36,83;30-60 km;-3,5;11,9;-0,71;<1,000 (very small rural);GOIERRI;Gipuzkoa;País Vasco/Euskadi
34126;Pedrosa de la Vega;280,0;57,06;30-60 km;-5,28;-11,11;-2,78;<1,000 (very small rural);SALDAÑA-VALDAVIA;Palencia;Castilla y León
21059;Puerto Moral;280,0;71,47;>60 km;0,74;0,0;-0,36;<1,000 (very small rural);SIERRA;Huelva;Andalucía
37039;Bañobárez;280,0;80,94;>60 km;-15,88;-7,12;-2,44;<1,000 (very small rural);VITIGUDINO;Salamanca;Castilla y León
49141;Pajares de la Lampreana;280,0;23,31;<=30 km;-19,68;-11,31;-6,04;<1,000 (very small rural);CAMPOS-PAN;Zamora;Castilla y León
05100;El Hornillo;280,0;41,62;30-60 km;-17,66;-4,75;-0,36;<1,000 (very small rural);VALLE DEL TIETAR;Ávila;Castilla y León
29077;Parauta;281,0;22,79;<=30 km;-21,13;-0,79;11,95;<1,000 (very small rural);SERRANIA DE RONDA;Málaga;Andalucía
44107;Foz-Calanda;281,0;101,17;>60 km;-11,26;13,87;3,69;<1,000 (very small rural);BAJO ARAGON;Teruel;Aragón
25014;Alfés;281,0;13,77;<=30 km;-5,44;-3,83;-6,64;<1,000 (very small rural);SEGRIA;Lleida;Cataluña/Catalunya
12125;Vall de Almonacid;281,0;27,75;<=30 km;-1,81;1,78;-1,75;<1,000 (very small rural);PALANCIA;Castelló/Castellón;Comunitat Valenciana
17031;Cabanelles;281,0;29,59;<=30 km;7,29;-2,56;5,64;<1,000 (very small rural);ALT EMPORDA;Girona;Cataluña/Catalunya
08901;Rupit i Pruit;281,0;31,28;30-60 km;-9,06;6,09;-5,07;<1,000 (very small rural);OSONA;Barcelona;Cataluña/Catalunya
37296;Santiago de la Puebla;282,0;38,12;30-60 km;-19,9;-8,33;-5,05;<1,000 (very small rural);PEÑARANDA DE BRACAMONTE;Salamanca;Castilla y León
47163;Tiedra;282,0;39,5;30-60 km;-13,91;-3,06;-1,05;<1,000 (very small rural);CENTRO;Valladolid;Castilla y León
25163;La Coma i la Pedra;282,0;54,51;30-60 km;-5,82;4,53;1,81;<1,000 (very small rural);SOLSONES;Lleida;Cataluña/Catalunya
03075;el Castell de Guadalest;282,0;13,24;<=30 km;-14,58;16,27;16,05;<1,000 (very small rural);MONTAÑA;Alacant/Alicante;Comunitat Valenciana
37177;El Maíllo;282,0;63,33;>60 km;-14,15;1,88;4,06;<1,000 (very small rural);CIUDAD RODRIGO;Salamanca;Castilla y León
19176;Mazuecos;282,0;36,36;30-60 km;-16,62;5,06;4,44;<1,000 (very small rural);CAMPIÑA;Guadalajara;Castilla-La Mancha
24165;Sobrado;282,0;25,44;<=30 km;-11,44;-9,88;-3,42;<1,000 (very small rural);BIERZO;León;Castilla y León
13060;Navas de Estena;282,0;60,59;>60 km;-28,28;28,7;-1,74;<1,000 (very small rural);MONTES NORTE;Ciudad Real;Castilla-La Mancha
09272;Poza de la Sal;283,0;36,31;30-60 km;-17,66;0,0;-3,74;<1,000 (very small rural);BUREBA-EBRO;Burgos;Castilla y León
22013;Alberuela de Tubo;283,0;30,42;30-60 km;-12,68;-0,97;-7,52;<1,000 (very small rural);MONEGROS;Huesca;Aragón
09287;Quintanaortuño;284,0;11,42;<=30 km;1,14;2,62;3,65;<1,000 (very small rural);ARLANZON;Burgos;Castilla y León
09181;Isar;284,0;20,41;<=30 km;-17,71;-5,21;-2,41;<1,000 (very small rural);ARLANZON;Burgos;Castilla y León
03073;Gorga;284,0;13,19;<=30 km;7,48;1,16;8,81;<1,000 (very small rural);MONTAÑA;Alacant/Alicante;Comunitat Valenciana
47020;Bobadilla del Campo;284,0;57,2;30-60 km;-3,18;-2,01;-2,74;<1,000 (very small rural);SUR;Valladolid;Castilla y León
29052;Faraján;284,0;16,2;<=30 km;-15,07;0,81;13,6;<1,000 (very small rural);SERRANIA DE RONDA;Málaga;Andalucía
49146;El Pego;284,0;33,8;30-60 km;-14,33;-6,85;4,41;<1,000 (very small rural);DUERO BAJO;Zamora;Castilla y León
25127;Lles de Cerdanya;285,0;80,51;>60 km;-5,6;12,94;-1,04;<1,000 (very small rural);CERDANYA;Lleida;Cataluña/Catalunya
25903;La Guingueta d'Àneu;285,0;112,78;>60 km;-10,37;0,67;-5,0;<1,000 (very small rural);PALLARS SOBIRA;Lleida;Cataluña/Catalunya
46033;Almiserà;285,0;8,97;<=30 km;-13,86;2,33;7,95;<1,000 (very small rural);GANDIA;València/Valencia;Comunitat Valenciana
37164;Huerta;285,0;18,33;<=30 km;-9,42;-4,01;-0,7;<1,000 (very small rural);SALAMANCA;Salamanca;Castilla y León
50043;Bárboles;286,0;20,63;<=30 km;-4,29;-1,0;-3,7;<1,000 (very small rural);ZARAGOZA;Zaragoza;Aragón
10013;La Aldea del Obispo;286,0;50,51;30-60 km;-9,12;-1,97;-4,35;<1,000 (very small rural);TRUJILLO;Cáceres;Extremadura
10167;Santa Cruz de Paniagua;286,0;93,52;>60 km;10,0;-6,03;-3,38;<1,000 (very small rural);PLASENCIA;Cáceres;Extremadura
10118;Mata de Alcántara;286,0;48,3;30-60 km;-6,55;-8,09;0,7;<1,000 (very small rural);BROZAS;Cáceres;Extremadura
37339;Valero;286,0;52,84;30-60 km;-12,74;-8,48;-5,3;<1,000 (very small rural);LA SIERRA;Salamanca;Castilla y León
26054;Cornago;287,0;53,22;30-60 km;-20,89;0,94;-10,87;<1,000 (very small rural);SIERRA RIOJA BAJA;La Rioja;La Rioja
09437;Villahoz;287,0;36,24;30-60 km;-14,77;-5,83;-1,37;<1,000 (very small rural);ARLANZA;Burgos;Castilla y León
49231;Vega de Tera;287,0;60,99;>60 km;-11,33;-10,69;-7,12;<1,000 (very small rural);BENAVENTE Y LOS VALLES;Zamora;Castilla y León
49032;Calzadilla de Tera;287,0;56,04;30-60 km;-16,41;-5,25;-0,69;<1,000 (very small rural);BENAVENTE Y LOS VALLES;Zamora;Castilla y León
46092;Castielfabib;287,0;56,71;30-60 km;-9,06;-2,29;-4,01;<1,000 (very small rural);RINCON DE ADEMUZ;València/Valencia;Comunitat Valenciana
02032;Fuensanta;287,0;35,12;30-60 km;-15,18;-5,72;2,5;<1,000 (very small rural);MANCHA;Albacete;Castilla-La Mancha
40012;Aldea Real;287,0;31,53;30-60 km;-10,92;-6,64;2,14;<1,000 (very small rural);CUELLAR;Segovia;Castilla y León
40079;Fresno de Cantespino;288,0;76,31;>60 km;-5,09;19,47;-7,99;<1,000 (very small rural);SEPULVEDA;Segovia;Castilla y León
43080;La Masó;288,0;12,45;<=30 km;-4,1;2,54;1,77;<1,000 (very small rural);ALT CAMP;Tarragona;Cataluña/Catalunya
20021;Belauntza;288,0;18,21;<=30 km;-15,33;5,86;13,83;<1,000 (very small rural);TOLOSA;Gipuzkoa;País Vasco/Euskadi
42096;Gómara;288,0;97,52;>60 km;-19,48;-7,26;-2,04;<1,000 (very small rural);CAMPO DE GOMARA;Soria;Castilla y León
21012;Berrocal;288,0;49,54;30-60 km;-5,44;-2,19;-7,69;<1,000 (very small rural);ANDEVALO ORIENTAL;Huelva;Andalucía
24025;Burón;288,0;64,43;>60 km;-9,72;-3,29;-2,04;<1,000 (very small rural);LA MONTAÑA DE RIAÑO;León;Castilla y León
08109;Lluçà;288,0;43,1;30-60 km;9,84;-1,81;6,27;<1,000 (very small rural);OSONA;Barcelona;Cataluña/Catalunya
25170;Bellaguarda;288,0;34,82;30-60 km;-6,15;-2,99;-1,37;<1,000 (very small rural);GARRIGUES;Lleida;Cataluña/Catalunya
47207;Villagarcía de Campos;288,0;36,76;30-60 km;-14,36;-8,74;2,13;<1,000 (very small rural);TIERRA DE CAMPOS;Valladolid;Castilla y León
31156;Lizoain-Arriasgoiti/Lizoainibar-Arriasgoiti;288,0;15,13;<=30 km;-8,67;5,72;-8,28;<1,000 (very small rural);PIRINEOS;Navarra;Comunidad Foral de Navarra
28121;Redueña;288,0;21,24;<=30 km;-12,06;19,03;-2,04;<1,000 (very small rural);LOZOYA SOMOSIERRA;Madrid;Comunidad de Madrid
49133;Moreruela de Tábara;288,0;32,02;30-60 km;-16,1;1,31;-7,1;<1,000 (very small rural);ALISTE;Zamora;Castilla y León
31051;Beire;288,0;39,26;30-60 km;-10,78;9,45;-4,32;<1,000 (very small rural);NAVARRA MEDIA;Navarra;Comunidad Foral de Navarra
16189;Salvacañete;288,0;43,82;30-60 km;-3,08;-3,04;0,35;<1,000 (very small rural);SERRANIA BAJA;Cuenca;Castilla-La Mancha
12010;Almedíjar;288,0;23,09;<=30 km;-11,76;-0,78;13,39;<1,000 (very small rural);PALANCIA;Castelló/Castellón;Comunitat Valenciana
50287;Villalengua;289,0;84,26;>60 km;-16,92;-8,78;-0,69;<1,000 (very small rural);CALATAYUD;Zaragoza;Aragón
33029;Illano;289,0;69,36;>60 km;-18,92;-9,09;-9,69;<1,000 (very small rural);LUARCA;Asturias;Principado de Asturias
33064;Santo Adriano;289,0;11,09;<=30 km;4,91;-3,82;4,33;<1,000 (very small rural);BELMONTE DE MIRANDA;Asturias;Principado de Asturias
45017;Azután;289,0;31,46;30-60 km;-3,02;4,84;-4,62;<1,000 (very small rural);TALAVERA;Toledo;Castilla-La Mancha
17097;Madremanya;289,0;9,8;<=30 km;9,23;4,96;-2,36;<1,000 (very small rural);GIRONES;Girona;Cataluña/Catalunya
44114;Fuentespalda;289,0;91,64;>60 km;-8,59;2,45;-1,37;<1,000 (very small rural);BAJO ARAGON;Teruel;Aragón
46240;Terrateig;290,0;12,8;<=30 km;-13,94;-1,43;5,07;<1,000 (very small rural);VALLES DE ALBAIDA;València/Valencia;Comunitat Valenciana
19099;Corduente;290,0;70,79;>60 km;-14,94;-0,87;-15,2;<1,000 (very small rural);MOLINA DE ARAGON;Guadalajara;Castilla-La Mancha
49084;Fuentespreadas;290,0;25,47;<=30 km;-5,12;-10,32;4,32;<1,000 (very small rural);DUERO BAJO;Zamora;Castilla y León
31261;Yesa;290,0;42,97;30-60 km;18,78;-3,03;0,69;<1,000 (very small rural);NAVARRA MEDIA;Navarra;Comunidad Foral de Navarra
31263;Zubieta;290,0;21,1;<=30 km;-0,96;-3,8;-4,61;<1,000 (very small rural);NORD OCCIDENTAL;Navarra;Comunidad Foral de Navarra
17136;Pontós;290,0;23,15;<=30 km;3,0;6,88;9,85;<1,000 (very small rural);ALT EMPORDA;Girona;Cataluña/Catalunya
01052;Samaniego;290,0;21,56;<=30 km;-3,87;-3,45;-5,84;<1,000 (very small rural);RIOJA ALAVESA;Araba/Álava;País Vasco/Euskadi
49100;Lubián;290,0;56,6;30-60 km;-11,58;1,32;-5,23;<1,000 (very small rural);SANABRIA;Zamora;Castilla y León
01057;Villabuena de Álava/Eskuernaga;290,0;19,07;<=30 km;-7,69;-4,01;1,05;<1,000 (very small rural);RIOJA ALAVESA;Araba/Álava;País Vasco/Euskadi
29081;Pujerra;290,0;13,33;<=30 km;-10,5;1,36;-2,68;<1,000 (very small rural);SERRANIA DE RONDA;Málaga;Andalucía
49203;Santa María de la Vega;290,0;59,98;30-60 km;-14,36;-6,17;0,35;<1,000 (very small rural);BENAVENTE Y LOS VALLES;Zamora;Castilla y León
09250;Pampliega;291,0;26,85;<=30 km;-13,74;1,77;1,39;<1,000 (very small rural);PISUERGA;Burgos;Castilla y León
08002;Aguilar de Segarra;291,0;17,33;<=30 km;7,35;3,25;1,75;<1,000 (very small rural);BAGES;Barcelona;Cataluña/Catalunya
31166;Mendaza;291,0;27,1;<=30 km;-15,69;2,4;-2,68;<1,000 (very small rural);TIERRA ESTELLA;Navarra;Comunidad Foral de Navarra
24207;Villademor de la Vega;291,0;35,65;30-60 km;-12,01;-11,01;-2,68;<1,000 (very small rural);ESLA-CAMPOS;León;Castilla y León
01011;Baños de Ebro/Mañueta;291,0;19,27;<=30 km;-5,56;0,35;1,39;<1,000 (very small rural);RIOJA ALAVESA;Araba/Álava;País Vasco/Euskadi
50131;Jaulín;292,0;28,52;<=30 km;-17,22;16,03;6,18;<1,000 (very small rural);ZARAGOZA;Zaragoza;Aragón
22081;Casbas de Huesca;292,0;22,97;<=30 km;-7,92;7,81;0,69;<1,000 (very small rural);HOYA DE HUESCA;Huesca;Aragón
17068;Foixà;292,0;15,55;<=30 km;-1,57;-1,97;-2,34;<1,000 (very small rural);BAIX EMPORDA;Girona;Cataluña/Catalunya
10168;Santa Marta de Magasca;292,0;34,37;30-60 km;-5,69;11,07;-2,99;<1,000 (very small rural);TRUJILLO;Cáceres;Extremadura
19168;Mandayona;292,0;51,27;30-60 km;-16,71;-2,36;0,69;<1,000 (very small rural);ALCARRIA ALTA;Guadalajara;Castilla-La Mancha
10136;Oliva de Plasencia;292,0;87,53;>60 km;1,65;-7,74;2,1;<1,000 (very small rural);PLASENCIA;Cáceres;Extremadura
08026;El Brull;293,0;23,63;<=30 km;3,61;7,0;6,55;<1,000 (very small rural);OSONA;Barcelona;Cataluña/Catalunya
03103;Penàguila;293,0;12,74;<=30 km;-7,23;-8,64;6,55;<1,000 (very small rural);MONTAÑA;Alacant/Alicante;Comunitat Valenciana
06071;La Lapa;293,0;54,19;30-60 km;-3,02;-2,46;5,78;<1,000 (very small rural);ALMENDRALEJO;Badajoz;Extremadura
16204;Tébar;293,0;64,83;>60 km;-23,92;4,29;0,34;<1,000 (very small rural);MANCHUELA;Cuenca;Castilla-La Mancha
46137;la Granja de la Costera;294,0;29,75;<=30 km;-9,04;-5,39;4,63;<1,000 (very small rural);LA COSTERA DE JATIVA;València/Valencia;Comunitat Valenciana
24012;Los Barrios de Luna;294,0;36,89;30-60 km;-2,21;-1,6;-4,55;<1,000 (very small rural);LA MONTAÑA DE LUNA;León;Castilla y León
16082;Enguídanos;294,0;67,44;>60 km;-14,25;-5,61;-2,97;<1,000 (very small rural);SERRANIA MEDIA;Cuenca;Castilla-La Mancha
49147;Peleagonzalo;294,0;28,16;<=30 km;-27,71;7,45;7,3;<1,000 (very small rural);DUERO BAJO;Zamora;Castilla y León
05184;Peguerinos;294,0;20,17;<=30 km;-8,5;0,37;7,69;<1,000 (very small rural);VALLE BAJO ALBERCHE;Ávila;Castilla y León
17051;Cistella;294,0;32,92;30-60 km;11,76;-6,0;4,26;<1,000 (very small rural);ALT EMPORDA;Girona;Cataluña/Catalunya
09045;Basconcillos del Tozo;294,0;42,78;30-60 km;-6,35;2,46;0,68;<1,000 (very small rural);PARAMOS;Burgos;Castilla y León
44171;Olba;294,0;48,67;30-60 km;-4,62;16,81;11,36;<1,000 (very small rural);HOYA DE TERUEL;Teruel;Aragón
49056;Cubillos;295,0;8,86;<=30 km;-10,73;-1,94;-2,96;<1,000 (very small rural);CAMPOS-PAN;Zamora;Castilla y León
44033;Báguena;295,0;80,19;>60 km;-17,62;-10,61;6,12;<1,000 (very small rural);CUENCA DEL JILOCA;Teruel;Aragón
50129;Jaraba;295,0;97,48;>60 km;-17,08;0,71;4,61;<1,000 (very small rural);CALATAYUD;Zaragoza;Aragón
47230;Wamba;295,0;11,51;<=30 km;-8,47;-6,4;-3,91;<1,000 (very small rural);CENTRO;Valladolid;Castilla y León
04020;Bayárcal;296,0;38,99;30-60 km;-24,81;11,62;-6,62;<1,000 (very small rural);ALTO ANDARAX;Almería;Andalucía
03057;Confrides;296,0;18,88;<=30 km;-29,84;30,29;9,23;<1,000 (very small rural);MONTAÑA;Alacant/Alicante;Comunitat Valenciana
22201;Salas Altas;296,0;41,61;30-60 km;-2,26;0,32;-4,21;<1,000 (very small rural);SOMONTANO;Huesca;Aragón
44251;Villafranca del Campo;296,0;75,87;>60 km;-14,75;1,68;-1,99;<1,000 (very small rural);CUENCA DEL JILOCA;Teruel;Aragón
34037;Buenavista de Valdavia;296,0;72,12;>60 km;-29,12;16,67;-3,9;<1,000 (very small rural);SALDAÑA-VALDAVIA;Palencia;Castilla y León
26051;Clavijo;296,0;11,47;<=30 km;-10,51;6,59;1,72;<1,000 (very small rural);RIOJA MEDIA;La Rioja;La Rioja
16139;Olivares de Júcar;297,0;57,86;30-60 km;-15,11;-11,68;0,68;<1,000 (very small rural);MANCHA ALTA;Cuenca;Castilla-La Mancha
13025;Cabezarados;297,0;30,89;30-60 km;-8,26;-1,29;-3,26;<1,000 (very small rural);CAMPO DE CALATRAVA;Ciudad Real;Castilla-La Mancha
17100;Masarac;297,0;41,31;30-60 km;-5,74;4,41;4,58;<1,000 (very small rural);ALT EMPORDA;Girona;Cataluña/Catalunya
31262;Zabalza/Zabaltza;297,0;13,3;<=30 km;8,89;2,71;-1,98;<1,000 (very small rural);CUENCA PAMPLONA;Navarra;Comunidad Foral de Navarra
12059;Fanzara;297,0;18,22;<=30 km;-21,61;-1,09;8,79;<1,000 (very small rural);LA PLANA;Castelló/Castellón;Comunitat Valenciana
49058;El Cubo de Tierra del Vino;298,0;30,37;30-60 km;-19,66;-1,88;-5,1;<1,000 (very small rural);DUERO BAJO;Zamora;Castilla y León
09384;Tordómar;298,0;36,58;30-60 km;-5,9;-4,91;-9,42;<1,000 (very small rural);ARLANZA;Burgos;Castilla y León
04077;Rágol;298,0;25,81;<=30 km;-19,0;0,33;-2,3;<1,000 (very small rural);ALTO ANDARAX;Almería;Andalucía
37370;Villaseco de los Reyes;298,0;44,04;30-60 km;-15,0;-3,09;-5,1;<1,000 (very small rural);LEDESMA;Salamanca;Castilla y León
43023;Bellmunt del Priorat;298,0;30,32;30-60 km;-13,95;-6,33;6,05;<1,000 (very small rural);PRIORAT;Tarragona;Cataluña/Catalunya
37228;Palaciosrubios;299,0;42,5;30-60 km;-15,4;-7,06;-9,12;<1,000 (very small rural);PEÑARANDA DE BRACAMONTE;Salamanca;Castilla y León
05167;Navarrevisca;299,0;38,86;30-60 km;-13,37;-2,51;9,93;<1,000 (very small rural);GREDOS;Ávila;Castilla y León
34245;Villota del Páramo;299,0;58,53;30-60 km;-7,5;-3,67;-5,08;<1,000 (very small rural);SALDAÑA-VALDAVIA;Palencia;Castilla y León
42045;Cabrejas del Pinar;299,0;83,09;>60 km;-15,84;-3,08;-13,58;<1,000 (very small rural);PINARES;Soria;Castilla y León
44010;Albentosa;299,0;56,1;30-60 km;-15,28;14,4;1,7;<1,000 (very small rural);HOYA DE TERUEL;Teruel;Aragón
06161;Zarza-Capilla;299,0;104,16;>60 km;-14,14;-4,52;1,01;<1,000 (very small rural);CASTUERA;Badajoz;Extremadura
40100;Hontalbilla;299,0;48,56;30-60 km;-11,37;-5,19;2,4;<1,000 (very small rural);CUELLAR;Segovia;Castilla y León
49126;Moraleja de Sayago;299,0;34,87;30-60 km;-0,76;3,28;5,65;<1,000 (very small rural);SAYAGO;Zamora;Castilla y León
05138;Muñogalindo;300,0;23,05;<=30 km;-11,37;-2,69;-7,69;<1,000 (very small rural);AVILA;Ávila;Castilla y León
25146;Navès;300,0;39,65;30-60 km;3,97;0,69;2,39;<1,000 (very small rural);SOLSONES;Lleida;Cataluña/Catalunya
17121;Palau-sator;300,0;23,65;<=30 km;-3,06;9,49;-7,12;<1,000 (very small rural);BAIX EMPORDA;Girona;Cataluña/Catalunya
47150;San Román de Hornija;301,0;43,57;30-60 km;-17,01;-7,62;-0,66;<1,000 (very small rural);SUR;Valladolid;Castilla y León
31028;Arce/Artzi;301,0;25,63;<=30 km;-0,37;-4,17;18,97;<1,000 (very small rural);PIRINEOS;Navarra;Comunidad Foral de Navarra
08190;Saldes;301,0;57,05;30-60 km;-15,12;6,79;6,36;<1,000 (very small rural);BERGUEDA;Barcelona;Cataluña/Catalunya
10179;Talaveruela de la Vera;301,0;60,55;>60 km;-17,09;3,27;-4,75;<1,000 (very small rural);JARAIZ DE LA VERA;Cáceres;Extremadura
09372;Sotragero;301,0;7,57;<=30 km;-1,83;7,84;4,15;<1,000 (very small rural);ARLANZON;Burgos;Castilla y León
31158;Lónguida/Longida;301,0;24,22;<=30 km;-4,11;-4,76;7,5;<1,000 (very small rural);PIRINEOS;Navarra;Comunidad Foral de Navarra
09309;Regumiel de la Sierra;301,0;69,54;>60 km;-13,17;-3,72;-10,42;<1,000 (very small rural);DEMANDA;Burgos;Castilla y León
24002;Algadefe;301,0;41,87;30-60 km;-9,84;-1,05;6,36;<1,000 (very small rural);ESLA-CAMPOS;León;Castilla y León
01044;Peñacerrada-Urizaharra;302,0;23,56;<=30 km;-8,01;16,34;1,0;<1,000 (very small rural);MONTAÑA ALAVESA;Araba/Álava;País Vasco/Euskadi
02027;Corral-Rubio;302,0;42,28;30-60 km;-15,76;-7,27;-1,31;<1,000 (very small rural);CENTRO;Albacete;Castilla-La Mancha
43035;Cabacés;302,0;34,45;30-60 km;-9,12;2,3;-3,21;<1,000 (very small rural);PRIORAT;Tarragona;Cataluña/Catalunya
09034;Los Balbases;302,0;35,31;30-60 km;-10,79;3,22;-5,92;<1,000 (very small rural);PISUERGA;Burgos;Castilla y León
46049;Bellús;302,0;24,86;<=30 km;-11,76;-0,96;-2,89;<1,000 (very small rural);VALLES DE ALBAIDA;València/Valencia;Comunitat Valenciana
31125;Igúzquiza;302,0;35,99;30-60 km;-2,87;-2,46;-4,73;<1,000 (very small rural);TIERRA ESTELLA;Navarra;Comunidad Foral de Navarra
04036;Chercos;303,0;43,51;30-60 km;-3,96;1,77;5,21;<1,000 (very small rural);ALTO ALMAZORA;Almería;Andalucía
24022;Borrenes;303,0;13,97;<=30 km;-19,02;-4,08;-0,98;<1,000 (very small rural);BIERZO;León;Castilla y León
50177;Morés;303,0;57,96;30-60 km;-20,62;1,2;-10,36;<1,000 (very small rural);CALATAYUD;Zaragoza;Aragón
02038;La Herrera;303,0;18,38;<=30 km;-4,21;-10,89;-2,57;<1,000 (very small rural);CENTRO;Albacete;Castilla-La Mancha
37098;Cepeda;303,0;62,77;>60 km;-13,5;-11,48;3,41;<1,000 (very small rural);LA SIERRA;Salamanca;Castilla y León
18074;Ferreira;303,0;50,25;30-60 km;-11,08;-2,33;3,41;<1,000 (very small rural);GUADIX;Granada;Andalucía
09168;La Horra;303,0;63,15;>60 km;-8,53;-7,42;-2,88;<1,000 (very small rural);LA RIBERA;Burgos;Castilla y León
37287;San Miguel de Valero;303,0;50,62;30-60 km;-11,64;-4,32;-8,73;<1,000 (very small rural);LA SIERRA;Salamanca;Castilla y León
05221;Santa Cruz del Valle;304,0;31,57;30-60 km;-16,67;-11,23;-6,17;<1,000 (very small rural);VALLE DEL TIETAR;Ávila;Castilla y León
31093;Ezcároz/Ezkaroze;304,0;48,59;30-60 km;-7,94;0,65;-1,3;<1,000 (very small rural);PIRINEOS;Navarra;Comunidad Foral de Navarra
25020;Almatret;305,0;37,45;30-60 km;-15,61;-1,27;-1,61;<1,000 (very small rural);SEGRIA;Lleida;Cataluña/Catalunya
37027;Almenara de Tormes;305,0;16,85;<=30 km;-9,93;13,78;5,54;<1,000 (very small rural);LEDESMA;Salamanca;Castilla y León
34042;Calzada de los Molinos;305,0;37,83;30-60 km;-4,25;-2,76;-3,79;<1,000 (very small rural);CAMPOS;Palencia;Castilla y León
49181;Rosinos de la Requejada;305,0;40,09;30-60 km;-11,75;-6,3;-10,82;<1,000 (very small rural);SANABRIA;Zamora;Castilla y León
02085;Viveros;305,0;61,73;>60 km;-10,82;-3,53;-7,01;<1,000 (very small rural);SIERRA ALCARAZ;Albacete;Castilla-La Mancha
44245;Valdeltormo;305,0;83,82;>60 km;-8,02;5,02;4,1;<1,000 (very small rural);BAJO ARAGON;Teruel;Aragón
41057;El Madroño;305,0;52,03;30-60 km;-14,97;6,38;1,67;<1,000 (very small rural);LA SIERRA NORTE;Sevilla;Andalucía
50121;Gotor;306,0;62,34;>60 km;-18,23;1,63;-1,61;<1,000 (very small rural);CALATAYUD;Zaragoza;Aragón
22035;Arén;306,0;73,63;>60 km;-10,86;0,0;-3,77;<1,000 (very small rural);RIBARGORZA;Huesca;Aragón
17134;Planoles;306,0;70,74;>60 km;-1,94;2,64;-1,61;<1,000 (very small rural);RIPOLLES;Girona;Cataluña/Catalunya
45026;Cabañas de Yepes;306,0;16,56;<=30 km;-28,4;25,42;1,66;<1,000 (very small rural);LA MANCHA;Toledo;Castilla-La Mancha
24176;Valdefuentes del Páramo;306,0;36,96;30-60 km;-8,22;-7,46;-1,29;<1,000 (very small rural);EL PARAMO;León;Castilla y León
50192;Nuévalos;306,0;88,61;>60 km;-6,48;-8,62;3,03;<1,000 (very small rural);CALATAYUD;Zaragoza;Aragón
40058;Codorniz;307,0;40,1;30-60 km;-13,42;-3,59;-4,66;<1,000 (very small rural);CUELLAR;Segovia;Castilla y León
10165;Santa Ana;307,0;41,84;30-60 km;-14,97;9,64;12,45;<1,000 (very small rural);TRUJILLO;Cáceres;Extremadura
40120;Martín Muñoz de la Dehesa;307,0;45,03;30-60 km;10,73;9,91;25,82;<1,000 (very small rural);CUELLAR;Segovia;Castilla y León
49095;La Hiniesta;307,0;6,21;<=30 km;-6,05;-5,0;0,99;<1,000 (very small rural);CAMPOS-PAN;Zamora;Castilla y León
43085;El Molar;307,0;34,76;30-60 km;-6,23;6,05;3,02;<1,000 (very small rural);PRIORAT;Tarragona;Cataluña/Catalunya
40110;Lastras de Cuéllar;307,0;43,3;30-60 km;-17,94;-5,63;-8,36;<1,000 (very small rural);CUELLAR;Segovia;Castilla y León
37132;La Fregeneda;308,0;101,04;>60 km;-17,5;-12,98;-2,22;<1,000 (very small rural);VITIGUDINO;Salamanca;Castilla y León
24179;Valdepiélago;308,0;34,96;30-60 km;-11,98;-8,31;-0,32;<1,000 (very small rural);LA MONTAÑA DE RIAÑO;León;Castilla y León
44154;Monroyo;308,0;87,42;>60 km;-14,97;-6,47;-3,14;<1,000 (very small rural);BAJO ARAGON;Teruel;Aragón
37245;Peñaparda;308,0;105,16;>60 km;-7,52;-6,87;-9,14;<1,000 (very small rural);CIUDAD RODRIGO;Salamanca;Castilla y León
08242;Marganell;308,0;10,39;<=30 km;-18,33;5,04;13,65;<1,000 (very small rural);BAGES;Barcelona;Cataluña/Catalunya
18033;Busquístar;308,0;29,86;<=30 km;-9,15;2,51;7,69;<1,000 (very small rural);LAS ALPUJARRAS;Granada;Andalucía
24078;Gordoncillo;308,0;52,7;30-60 km;-12,53;-13,79;-12,0;<1,000 (very small rural);ESLA-CAMPOS;León;Castilla y León
18123;Lugros;308,0;30,47;30-60 km;-2,34;-6,33;-0,96;<1,000 (very small rural);GUADIX;Granada;Andalucía
40135;Muñopedro;309,0;27,5;<=30 km;-0,31;2,94;-1,9;<1,000 (very small rural);CUELLAR;Segovia;Castilla y León
16167;Pozorrubio de Santiago;309,0;66,38;>60 km;-18,6;5,57;-4,04;<1,000 (very small rural);MANCHA ALTA;Cuenca;Castilla-La Mancha
31248;Luzaide/Valcarlos;309,0;39,1;30-60 km;-5,61;-10,61;-3,44;<1,000 (very small rural);PIRINEOS;Navarra;Comunidad Foral de Navarra
25206;El Soleràs;310,0;25,39;<=30 km;-6,23;2,74;-8,01;<1,000 (very small rural);GARRIGUES;Lleida;Cataluña/Catalunya
49104;Mahide;310,0;60,14;>60 km;-16,5;-5,7;4,03;<1,000 (very small rural);ALISTE;Zamora;Castilla y León
09338;San Mamés de Burgos;310,0;9,84;<=30 km;-7,94;6,71;-2,52;<1,000 (very small rural);ARLANZON;Burgos;Castilla y León
02084;Villaverde de Guadalimar;310,0;77,21;>60 km;-16,31;-2,06;-6,91;<1,000 (very small rural);SIERRA ALCARAZ;Albacete;Castilla-La Mancha
37330;Valdecarros;310,0;30,51;30-60 km;-5,71;-6,55;-5,49;<1,000 (very small rural);ALBA DE TORMES;Salamanca;Castilla y León
47117;Piña de Esgueva;310,0;29,16;<=30 km;-2,01;-3,64;-2,52;<1,000 (very small rural);CENTRO;Valladolid;Castilla y León
02022;Casas de Lázaro;311,0;36,75;30-60 km;-24,63;-4,65;-5,18;<1,000 (very small rural);SIERRA ALCARAZ;Albacete;Castilla-La Mancha
50249;Tabuenca;311,0;49,64;30-60 km;-15,99;-0,93;-2,81;<1,000 (very small rural);BORJA;Zaragoza;Aragón
40184;San Pedro de Gaíllos;311,0;46,35;30-60 km;-3,85;-6,4;11,87;<1,000 (very small rural);SEPULVEDA;Segovia;Castilla y León
37216;Navales;311,0;26,46;<=30 km;-2,72;-4,52;-1,89;<1,000 (very small rural);ALBA DE TORMES;Salamanca;Castilla y León
05101;Hoyocasero;311,0;40,71;30-60 km;-11,92;-4,14;11,87;<1,000 (very small rural);GREDOS;Ávila;Castilla y León
46100;Cotes;311,0;34,39;30-60 km;-17,04;-1,81;-4,6;<1,000 (very small rural);RIBERAS DEL JUCAR;València/Valencia;Comunitat Valenciana
12048;Cortes de Arenoso;311,0;43,22;30-60 km;-14,12;-8,2;6,87;<1,000 (very small rural);PEÑAGOLOSA;Castelló/Castellón;Comunitat Valenciana
18032;Bubión;311,0;28,83;<=30 km;-12,24;6,62;-3,42;<1,000 (very small rural);LAS ALPUJARRAS;Granada;Andalucía
21026;Cortelazor;312,0;80,86;>60 km;1,0;-0,66;2,97;<1,000 (very small rural);SIERRA;Huelva;Andalucía
12056;Chóvar;312,0;18,09;<=30 km;-16,53;1,68;3,31;<1,000 (very small rural);PALANCIA;Castelló/Castellón;Comunitat Valenciana
26111;Ollauri;312,0;31,67;30-60 km;-10,61;8,39;0,65;<1,000 (very small rural);RIOJA ALTA;La Rioja;La Rioja
16172;Puebla de Almenara;312,0;78,09;>60 km;-28,66;-3,19;-6,59;<1,000 (very small rural);MANCHA ALTA;Cuenca;Castilla-La Mancha
16212;Torrubia del Campo;312,0;62,61;>60 km;-16,93;9,34;11,03;<1,000 (very small rural);MANCHA ALTA;Cuenca;Castilla-La Mancha
24023;Brazuelo;312,0;31,78;30-60 km;-12,46;6,62;1,96;<1,000 (very small rural);ASTORGA;León;Castilla y León
25212;Sunyer;313,0;12,35;<=30 km;17,7;-5,92;-6,29;<1,000 (very small rural);SEGRIA;Lleida;Cataluña/Catalunya
22006;Aisa;313,0;66,01;>60 km;-12,66;4,67;-6,85;<1,000 (very small rural);JACETANIA;Huesca;Aragón
34904;La Pernía;313,0;52,41;30-60 km;-14,96;-1,25;-0,95;<1,000 (very small rural);CERVERA;Palencia;Castilla y León
37234;El Payo;313,0;105,48;>60 km;-14,08;-6,57;0,0;<1,000 (very small rural);CIUDAD RODRIGO;Salamanca;Castilla y León
10086;La Granja;313,0;84,39;>60 km;-6,04;-5,07;-1,57;<1,000 (very small rural);HERVAS;Cáceres;Extremadura
37237;Pedrosillo de los Aires;314,0;29,96;<=30 km;-4,9;-10,28;-2,79;<1,000 (very small rural);ALBA DE TORMES;Salamanca;Castilla y León
49173;Rábano de Aliste;314,0;57,48;30-60 km;-18,96;-10,91;-8,45;<1,000 (very small rural);ALISTE;Zamora;Castilla y León
18151;Pampaneira;314,0;25,95;<=30 km;-10,74;-1,87;-0,32;<1,000 (very small rural);LAS ALPUJARRAS;Granada;Andalucía
39049;Peñarrubia;314,0;44,42;30-60 km;-10,99;-0,93;-1,26;<1,000 (very small rural);TUDANCA-CABUERNIGA;Cantabria;Cantabria
47174;Trigueros del Valle;314,0;19,58;<=30 km;-13,95;3,69;1,62;<1,000 (very small rural);CENTRO;Valladolid;Castilla y León
16122;Mariana;314,0;11,72;<=30 km;1,4;3,75;3,29;<1,000 (very small rural);SERRANIA MEDIA;Cuenca;Castilla-La Mancha
49093;Guarrate;314,0;36,83;30-60 km;-10,93;-0,93;-2,18;<1,000 (very small rural);DUERO BAJO;Zamora;Castilla y León
42061;Cidones;314,0;73,34;>60 km;-7,51;1,34;3,97;<1,000 (very small rural);SORIA;Soria;Castilla y León
05262;Villarejo del Valle;314,0;43,12;30-60 km;-12,01;-8,54;-5,42;<1,000 (very small rural);VALLE DEL TIETAR;Ávila;Castilla y León
37250;Pereña de la Ribera;314,0;68,14;>60 km;-10,29;-4,11;-3,98;<1,000 (very small rural);VITIGUDINO;Salamanca;Castilla y León
50280;Vera de Moncayo;315,0;64,84;>60 km;-7,41;-12,78;0,32;<1,000 (very small rural);BORJA;Zaragoza;Aragón
19009;Alcocer;315,0;53,97;30-60 km;-4,32;0,0;-3,37;<1,000 (very small rural);ALCARRIA BAJA;Guadalajara;Castilla-La Mancha
18025;Beas de Guadix;316,0;35,03;30-60 km;-10,39;-5,0;-2,17;<1,000 (very small rural);GUADIX;Granada;Andalucía
40166;Remondo;316,0;42,84;30-60 km;-10,91;0,98;2,6;<1,000 (very small rural);CUELLAR;Segovia;Castilla y León
37324;Tordillos;316,0;30,24;30-60 km;-17,71;-9,39;-3,66;<1,000 (very small rural);PEÑARANDA DE BRACAMONTE;Salamanca;Castilla y León
49136;Muga de Sayago;317,0;38,11;30-60 km;-12,69;2,34;-9,43;<1,000 (very small rural);SAYAGO;Zamora;Castilla y León
08303;Vilanova de Sau;317,0;34,64;30-60 km;-6,57;1,95;0,96;<1,000 (very small rural);OSONA;Barcelona;Cataluña/Catalunya
49069;Figueruela de Arriba;318,0;67,43;>60 km;-13,56;-6,49;0,32;<1,000 (very small rural);ALISTE;Zamora;Castilla y León
09035;Baños de Valdearados;318,0;65,35;>60 km;-8,38;-5,85;-1,24;<1,000 (very small rural);LA RIBERA;Burgos;Castilla y León
20041;Hernialde;318,0;17,96;<=30 km;-12,26;2,56;-0,93;<1,000 (very small rural);TOLOSA;Gipuzkoa;País Vasco/Euskadi
25112;Ivars de Noguera;318,0;26,42;<=30 km;-7,0;-0,59;-5,07;<1,000 (very small rural);NOGUERA;Lleida;Cataluña/Catalunya
24171;Trabadelo;319,0;30,46;30-60 km;-22,81;-4,82;-5,06;<1,000 (very small rural);BIERZO;León;Castilla y León
19121;Fuentelencina;319,0;29,55;<=30 km;-15,95;5,28;6,69;<1,000 (very small rural);CAMPIÑA;Guadalajara;Castilla-La Mancha
24124;Quintana del Marco;319,0;49,09;30-60 km;-12,61;-6,56;-10,39;<1,000 (very small rural);LA BAÑEZA;León;Castilla y León
22200;Sahún;319,0;90,13;>60 km;-10,82;2,72;5,63;<1,000 (very small rural);RIBARGORZA;Huesca;Aragón
20001;Abaltzisketa;319,0;30,06;30-60 km;1,87;-2,5;2,24;<1,000 (very small rural);TOLOSA;Gipuzkoa;País Vasco/Euskadi
10196;Valdastillas;319,0;92,27;>60 km;-10,41;-6,59;2,24;<1,000 (very small rural);PLASENCIA;Cáceres;Extremadura
01023;Elvillar/Bilar;319,0;13,0;<=30 km;-2,22;-6,03;-2,45;<1,000 (very small rural);RIOJA ALAVESA;Araba/Álava;País Vasco/Euskadi
02076;Vianos;320,0;67,72;>60 km;-13,29;-7,89;-2,14;<1,000 (very small rural);SIERRA ALCARAZ;Albacete;Castilla-La Mancha
39093;Valdeprado del Río;320,0;48,98;30-60 km;-15,0;0,0;1,27;<1,000 (very small rural);REINOSA;Cantabria;Cantabria
34049;Castrejón de la Peña;320,0;75,27;>60 km;-20,39;-3,89;-7,51;<1,000 (very small rural);CERVERA;Palencia;Castilla y León
10159;Robledollano;320,0;68,87;>60 km;-12,37;-9,21;11,89;<1,000 (very small rural);NAVALMORAL DE LA MATA;Cáceres;Extremadura
44080;La Codoñera;321,0;94,77;>60 km;-6,46;-7,85;1,26;<1,000 (very small rural);BAJO ARAGON;Teruel;Aragón
16273;Villaverde y Pasaconsol;321,0;53,73;30-60 km;-6,63;-0,59;-4,18;<1,000 (very small rural);MANCHA ALTA;Cuenca;Castilla-La Mancha
37068;Cabrillas;322,0;48,82;30-60 km;-7,71;-7,31;-9,3;<1,000 (very small rural);FUENTE DE SAN ESTEBAN;Salamanca;Castilla y León
48908;Murueta;322,0;23,38;<=30 km;0,97;4,53;-0,31;<1,000 (very small rural);GUERNIKA-BERMEO;Bizkaia;País Vasco/Euskadi
10166;Santa Cruz de la Sierra;322,0;52,91;30-60 km;19,78;0,0;-0,62;<1,000 (very small rural);TRUJILLO;Cáceres;Extremadura
49194;San Pedro de la Nave-Almendra;322,0;13,37;<=30 km;-8,12;-1,44;-5,85;<1,000 (very small rural);CAMPOS-PAN;Zamora;Castilla y León
24019;Berlanga del Bierzo;322,0;26,74;<=30 km;-8,5;-3,61;-7,2;<1,000 (very small rural);BIERZO;León;Castilla y León
22089;Castillonroy;322,0;27,76;<=30 km;-15,53;6,73;-3,3;<1,000 (very small rural);LA LITERA;Huesca;Aragón
05902;Santa María del Cubillo;322,0;16,7;<=30 km;-13,93;0,0;2,55;<1,000 (very small rural);AVILA;Ávila;Castilla y León
25005;Alàs i Cerc;322,0;71,57;>60 km;-4,1;-5,85;0,0;<1,000 (very small rural);ALT URGELL;Lleida;Cataluña/Catalunya
45033;El Campillo de la Jara;322,0;45,37;30-60 km;-19,78;-2,2;-9,55;<1,000 (very small rural);LA JARA;Toledo;Castilla-La Mancha
31242;Urraul Bajo;323,0;29,85;<=30 km;7,39;-0,32;5,21;<1,000 (very small rural);PIRINEOS;Navarra;Comunidad Foral de Navarra
05027;Las Berlanas;323,0;18,49;<=30 km;-12,2;3,41;-3,29;<1,000 (very small rural);AREVALO-MADRIGAL;Ávila;Castilla y León
49208;San Vicente de la Cabeza;323,0;48,86;30-60 km;-14,26;-11,39;-7,71;<1,000 (very small rural);ALISTE;Zamora;Castilla y León
22193;Pueyo de Santa Cruz;323,0;42,84;30-60 km;-11,59;3,82;-0,92;<1,000 (very small rural);LA LITERA;Huesca;Aragón
49132;Moreruela de los Infanzones;324,0;13,84;<=30 km;-9,72;-5,11;-2,99;<1,000 (very small rural);CAMPOS-PAN;Zamora;Castilla y León
05160;Navalosa;324,0;38,24;30-60 km;-11,65;0,31;0,62;<1,000 (very small rural);GREDOS;Ávila;Castilla y León
24095;Mansilla Mayor;324,0;13,63;<=30 km;-0,58;-2,1;-0,61;<1,000 (very small rural);ESLA-CAMPOS;León;Castilla y León
20004;Albiztur;324,0;21,98;<=30 km;2,56;2,27;2,53;<1,000 (very small rural);TOLOSA;Gipuzkoa;País Vasco/Euskadi
46038;Andilla;324,0;43,02;30-60 km;-26,98;3,96;2,86;<1,000 (very small rural);ALTO TURIA;València/Valencia;Comunitat Valenciana
28182;Villavieja del Lozoya;324,0;40,59;30-60 km;-7,29;6,98;17,39;<1,000 (very small rural);LOZOYA SOMOSIERRA;Madrid;Comunidad de Madrid
18016;Almegíjar;325,0;24,94;<=30 km;-15,22;-4,62;-1,52;<1,000 (very small rural);LAS ALPUJARRAS;Granada;Andalucía
21039;Hinojales;325,0;86,76;>60 km;-13,41;10,1;-3,85;<1,000 (very small rural);SIERRA;Huelva;Andalucía
37144;Galisancho;325,0;28,95;<=30 km;-6,73;-8,31;-7,93;<1,000 (very small rural);ALBA DE TORMES;Salamanca;Castilla y León
24158;Santa María de Ordás;325,0;27,06;<=30 km;-6,27;1,84;-2,11;<1,000 (very small rural);TIERRAS DE LEON;León;Castilla y León
10095;Herreruela;325,0;36,48;30-60 km;-4,07;-3,8;-1,22;<1,000 (very small rural);VALENCIA DE ALCANTARA;Cáceres;Extremadura
37031;Arabayona de Mógica;325,0;25,92;<=30 km;-14,8;-8,87;-4,13;<1,000 (very small rural);SALAMANCA;Salamanca;Castilla y León
22055;Berbegal;325,0;39,7;30-60 km;-14,39;-10,72;5,52;<1,000 (very small rural);SOMONTANO;Huesca;Aragón
19161;Lupiana;325,0;11,32;<=30 km;-6,77;7,2;21,27;<1,000 (very small rural);CAMPIÑA;Guadalajara;Castilla-La Mancha
16242;Villaconejos de Trabaque;325,0;34,96;30-60 km;-21,49;-7,18;0,62;<1,000 (very small rural);ALCARRIA;Cuenca;Castilla-La Mancha
50228;Rueda de Jalón;325,0;35,07;30-60 km;-9,71;-3,69;3,83;<1,000 (very small rural);LA ALMUNIA DE DOÑA GODINA;Zaragoza;Aragón
47043;Castromonte;326,0;25,32;<=30 km;-15,78;1,62;3,82;<1,000 (very small rural);CENTRO;Valladolid;Castilla y León
32080;A Teixeira;326,0;34,15;30-60 km;-20,79;1,2;-2,98;<1,000 (very small rural);EL BARCO DE VALDEORRAS;Ourense;Galicia
47103;Olivares de Duero;327,0;34,49;30-60 km;-10,72;0,0;4,47;<1,000 (very small rural);CENTRO;Valladolid;Castilla y León
31089;Enériz/Eneritz;327,0;18,35;<=30 km;-16,52;-0,67;10,47;<1,000 (very small rural);CUENCA PAMPLONA;Navarra;Comunidad Foral de Navarra
02059;Peñascosa;328,0;49,52;30-60 km;-17,79;-3,32;2,5;<1,000 (very small rural);SIERRA ALCARAZ;Albacete;Castilla-La Mancha
22047;Banastás;328,0;7,15;<=30 km;4,24;11,99;0,31;<1,000 (very small rural);HOYA DE HUESCA;Huesca;Aragón
44169;Ojos Negros;328,0;73,22;>60 km;-16,91;-12,47;-0,61;<1,000 (very small rural);CUENCA DEL JILOCA;Teruel;Aragón
24005;La Antigua;328,0;46,81;30-60 km;-15,42;-6,9;-6,55;<1,000 (very small rural);EL PARAMO;León;Castilla y León
45073;Herreruela de Oropesa;328,0;34,08;30-60 km;-23,55;-8,38;7,19;<1,000 (very small rural);TALAVERA;Toledo;Castilla-La Mancha
44247;Valjunquera;328,0;87,97;>60 km;-11,89;5,23;-4,09;<1,000 (very small rural);BAJO ARAGON;Teruel;Aragón
03131;Tormos;328,0;23,55;<=30 km;-13,05;-2,68;0,31;<1,000 (very small rural);MARQUESADO;Alacant/Alicante;Comunitat Valenciana
34158;Salinas de Pisuerga;329,0;60,04;>60 km;-20,67;-1,89;5,79;<1,000 (very small rural);AGUILAR;Palencia;Castilla y León
44075;Celadas;329,0;78,01;>60 km;-5,99;-5,56;-12,03;<1,000 (very small rural);HOYA DE TERUEL;Teruel;Aragón
46167;Millares;329,0;32,74;30-60 km;-25,11;-1,45;-3,52;<1,000 (very small rural);ENGUERA Y LA CANAL;València/Valencia;Comunitat Valenciana
50088;Cosuenda;329,0;46,97;30-60 km;-9,93;-8,72;-1,79;<1,000 (very small rural);LA ALMUNIA DE DOÑA GODINA;Zaragoza;Aragón
17084;Isòvol;330,0;74,61;>60 km;-16,15;12,95;5,1;<1,000 (very small rural);CERDANYA;Girona;Cataluña/Catalunya
47097;Mota del Marqués;330,0;33,7;30-60 km;-1,84;-4,64;-5,44;<1,000 (very small rural);CENTRO;Valladolid;Castilla y León
09415;Valle de Valdelucio;330,0;52,76;30-60 km;-13,02;5,61;-2,65;<1,000 (very small rural);PARAMOS;Burgos;Castilla y León
22076;Canal de Berdún;330,0;64,21;>60 km;-10,21;8,41;-5,17;<1,000 (very small rural);JACETANIA;Huesca;Aragón
17153;Rupià;330,0;14,92;<=30 km;9,54;10,04;11,49;<1,000 (very small rural);BAIX EMPORDA;Girona;Cataluña/Catalunya
40174;Sacramenia;330,0;69,43;>60 km;-23,55;0,27;-11,53;<1,000 (very small rural);SEPULVEDA;Segovia;Castilla y León
10053;Casas de Don Gómez;330,0;72,27;>60 km;-11,14;-7,97;19,13;<1,000 (very small rural);CORIA;Cáceres;Extremadura
04018;Armuña de Almanzora;331,0;53,77;30-60 km;-4,39;-2,49;5,75;<1,000 (very small rural);ALTO ALMAZORA;Almería;Andalucía
50148;Luesia;331,0;55,27;30-60 km;-22,69;10,32;-3,22;<1,000 (very small rural);EGEA DE LOS CABALLEROS;Zaragoza;Aragón
10001;Abadía;331,0;80,46;>60 km;2,74;7,16;-7,8;<1,000 (very small rural);HERVAS;Cáceres;Extremadura
26108;Ocón;331,0;27,07;<=30 km;-20,68;17,73;-0,3;<1,000 (very small rural);RIOJA MEDIA;La Rioja;La Rioja
25081;L'Espluga Calba;331,0;38,69;30-60 km;-15,58;-8,12;0,91;<1,000 (very small rural);GARRIGUES;Lleida;Cataluña/Catalunya
19138;Hita;331,0;25,69;<=30 km;-20,91;-4,89;13,36;<1,000 (very small rural);ALCARRIA ALTA;Guadalajara;Castilla-La Mancha
47194;Viloria;331,0;39,87;30-60 km;-8,16;3,26;-4,89;<1,000 (very small rural);SURESTE;Valladolid;Castilla y León
45131;Pelahustán;331,0;32,76;30-60 km;-19,49;13,11;-4,06;<1,000 (very small rural);TORRIJOS;Toledo;Castilla-La Mancha
45027;Cabezamesada;332,0;53,63;30-60 km;-34,07;-4,9;0,61;<1,000 (very small rural);LA MANCHA;Toledo;Castilla-La Mancha
06147;Valle de Matamoros;332,0;54,12;30-60 km;-14,48;-2,45;-7,26;<1,000 (very small rural);JEREZ DE LOS CABALLEROS;Badajoz;Extremadura
13080;Solana del Pino;332,0;57,42;30-60 km;-21,31;-3,3;3,11;<1,000 (very small rural);PASTOS;Ciudad Real;Castilla-La Mancha
19304;Valdenuño Fernández;332,0;21,36;<=30 km;-8,04;18,18;11,04;<1,000 (very small rural);CAMPIÑA;Guadalajara;Castilla-La Mancha
24037;Cármenes;333,0;42,4;30-60 km;-18,97;-6,16;-0,6;<1,000 (very small rural);LA MONTAÑA DE RIAÑO;León;Castilla y León
43112;Poboleda;334,0;24,87;<=30 km;-7,05;-2,09;1,83;<1,000 (very small rural);PRIORAT;Tarragona;Cataluña/Catalunya
22082;Castejón del Puente;334,0;50,75;30-60 km;-12,37;9,52;-3,19;<1,000 (very small rural);SOMONTANO;Huesca;Aragón
09901;Quintanilla del Agua y Tordueles;335,0;34,49;30-60 km;-23,0;-6,79;-6,16;<1,000 (very small rural);ARLANZA;Burgos;Castilla y León
22230;Torla-Ordesa;335,0;66,08;>60 km;-8,56;0,34;12,04;<1,000 (very small rural);SOBRARBE;Huesca;Aragón
19266;Tendilla;335,0;21,71;<=30 km;-19,76;-1,97;12,42;<1,000 (very small rural);CAMPIÑA;Guadalajara;Castilla-La Mancha
10034;Cabezabellosa;335,0;92,33;>60 km;-11,27;-1,43;-2,62;<1,000 (very small rural);PLASENCIA;Cáceres;Extremadura
43099;La Palma d'Ebre;335,0;40,63;30-60 km;-14,63;-5,38;0,3;<1,000 (very small rural);RIBERA D'EBRE;Tarragona;Cataluña/Catalunya
34012;Antigüedad;336,0;39,93;30-60 km;-10,24;-1,9;-7,18;<1,000 (very small rural);EL CERRATO;Palencia;Castilla y León
33061;San Martín de Oscos;336,0;59,71;30-60 km;-19,88;-10,18;-4,82;<1,000 (very small rural);VEGADEO;Asturias;Principado de Asturias
25126;Llavorsí;336,0;100,18;>60 km;-3,75;-1,99;-2,61;<1,000 (very small rural);PALLARS SOBIRA;Lleida;Cataluña/Catalunya
19011;Alcolea del Pinar;336,0;70,65;>60 km;-19,41;1,56;3,07;<1,000 (very small rural);ALCARRIA ALTA;Guadalajara;Castilla-La Mancha
37271;Rollán;337,0;20,41;<=30 km;-14,29;-6,38;-4,26;<1,000 (very small rural);LEDESMA;Salamanca;Castilla y León
24902;Villaornate y Castro;337,0;44,6;30-60 km;-11,55;-14,29;5,97;<1,000 (very small rural);ESLA-CAMPOS;León;Castilla y León
44264;Villel;337,0;67,57;>60 km;-3,51;-0,61;3,69;<1,000 (very small rural);HOYA DE TERUEL;Teruel;Aragón
22024;Alquézar;338,0;36,59;30-60 km;0,66;14,19;0,0;<1,000 (very small rural);SOMONTANO;Huesca;Aragón
46115;Dos Aguas;338,0;26,12;<=30 km;-32,92;-12,11;8,33;<1,000 (very small rural);HOYA DE BUÑOL;València/Valencia;Comunitat Valenciana
26072;Herce;338,0;35,8;30-60 km;-11,68;0,61;1,81;<1,000 (very small rural);RIOJA BAJA;La Rioja;La Rioja
16211;Torrejoncillo del Rey;338,0;51,13;30-60 km;-27,17;-1,38;-5,59;<1,000 (very small rural);MANCHA ALTA;Cuenca;Castilla-La Mancha
14028;Fuente la Lancha;339,0;70,22;>60 km;-8,24;-3,71;0,59;<1,000 (very small rural);PEDROCHES;Córdoba;Andalucía
02058;Paterna del Madera;339,0;56,67;30-60 km;-20,58;-10,28;4,95;<1,000 (very small rural);SIERRA ALCARAZ;Albacete;Castilla-La Mancha
40223;Vegas de Matute;339,0;15,29;<=30 km;-10,47;20,38;8,31;<1,000 (very small rural);SEGOVIA;Segovia;Castilla y León
40088;Fuenterrebollo;339,0;48,83;30-60 km;-6,38;-3,21;2,11;<1,000 (very small rural);SEPULVEDA;Segovia;Castilla y León
06065;Higuera de Llerena;339,0;80,9;>60 km;-5,46;-2,33;1,19;<1,000 (very small rural);LLERENA;Badajoz;Extremadura
08276;Tagamanent;339,0;18,19;<=30 km;3,82;-2,4;4,31;<1,000 (very small rural);VALLES ORIENTAL;Barcelona;Cataluña/Catalunya
49252;Villamayor de Campos;339,0;55,3;30-60 km;-27,91;1,23;3,35;<1,000 (very small rural);CAMPOS-PAN;Zamora;Castilla y León
34243;Villoldo;339,0;30,38;30-60 km;-7,49;-11,92;4,31;<1,000 (very small rural);CAMPOS;Palencia;Castilla y León
50243;Sestrica;340,0;62,56;>60 km;-3,49;-8,65;0,59;<1,000 (very small rural);CALATAYUD;Zaragoza;Aragón
31044;Bakaiku;340,0;38,72;30-60 km;1,47;2,32;-3,68;<1,000 (very small rural);NORD OCCIDENTAL;Navarra;Comunidad Foral de Navarra
49063;Faramontanos de Tábara;340,0;37,67;30-60 km;-13,2;-3,49;2,41;<1,000 (very small rural);ALISTE;Zamora;Castilla y León
24101;Murias de Paredes;340,0;48,34;30-60 km;-18,76;-7,09;-7,36;<1,000 (very small rural);LA MONTAÑA DE LUNA;León;Castilla y León
25039;Baix Pallars;340,0;86,43;>60 km;-10,73;3,64;-0,58;<1,000 (very small rural);PALLARS SOBIRA;Lleida;Cataluña/Catalunya
08275;Tavèrnoles;341,0;40,71;30-60 km;3,26;2,81;3,65;<1,000 (very small rural);OSONA;Barcelona;Cataluña/Catalunya
48039;Garai;342,0;26,47;<=30 km;-9,14;2,81;3,95;<1,000 (very small rural);DURANGUESADO;Bizkaia;País Vasco/Euskadi
10200;Valdelacasa de Tajo;342,0;46,63;30-60 km;-30,89;-4,16;-1,16;<1,000 (very small rural);NAVALMORAL DE LA MATA;Cáceres;Extremadura
45155;Santa Ana de Pusa;342,0;24,49;<=30 km;-25,38;-5,21;-1,16;<1,000 (very small rural);LA JARA;Toledo;Castilla-La Mancha
19107;Driebes;342,0;34,74;30-60 km;-24,38;6,49;-5,26;<1,000 (very small rural);CAMPIÑA;Guadalajara;Castilla-La Mancha
17087;Juià;342,0;6,83;<=30 km;-1,18;-2,39;4,59;<1,000 (very small rural);GIRONES;Girona;Cataluña/Catalunya
39072;San Roque de Riomiera;342,0;28,72;<=30 km;-13,04;-8,92;1,48;<1,000 (very small rural);PAS-IGUÑA;Cantabria;Cantabria
49076;Fresno de la Ribera;342,0;20,11;<=30 km;-5,29;-3,47;-5,52;<1,000 (very small rural);CAMPOS-PAN;Zamora;Castilla y León
25079;Cubells;343,0;39,08;30-60 km;-6,75;-0,28;-3,92;<1,000 (very small rural);NOGUERA;Lleida;Cataluña/Catalunya
23042;Hinojares;343,0;66,56;>60 km;-23,22;6,27;-3,65;<1,000 (very small rural);SIERRA DE CAZORLA;Jaén;Andalucía
31177;Murieta;344,0;33,17;30-60 km;-4,3;9,79;-4,18;<1,000 (very small rural);TIERRA ESTELLA;Navarra;Comunidad Foral de Navarra
05105;Hoyos del Espino;344,0;49,78;30-60 km;-14,41;2,2;-7,28;<1,000 (very small rural);GREDOS;Ávila;Castilla y León
25006;L'Albagés;344,0;25,04;<=30 km;-12,47;-4,8;-3,64;<1,000 (very small rural);GARRIGUES;Lleida;Cataluña/Catalunya
10059;Casillas de Coria;344,0;68,75;>60 km;-12,75;-8,27;0,0;<1,000 (very small rural);CORIA;Cáceres;Extremadura
43110;La Pobla de Massaluca;344,0;52,44;30-60 km;-11,14;3,96;0,88;<1,000 (very small rural);TERRA ALTA;Tarragona;Cataluña/Catalunya
43059;Figuerola del Camp;345,0;25,21;<=30 km;-5,44;6,67;2,68;<1,000 (very small rural);ALT CAMP;Tarragona;Cataluña/Catalunya
13067;Los Pozuelos de Calatrava;345,0;19,62;<=30 km;-13,29;-4,86;-1,99;<1,000 (very small rural);CAMPO DE CALATRAVA;Ciudad Real;Castilla-La Mancha
45011;Almendral de la Cañada;345,0;27,26;<=30 km;-15,28;7,21;5,5;<1,000 (very small rural);TALAVERA;Toledo;Castilla-La Mancha
44017;Aliaga;345,0;93,31;>60 km;-8,9;-6,98;3,6;<1,000 (very small rural);SERRANIA DE MONTALBAN;Teruel;Aragón
22251;Villanueva de Sigena;345,0;51,89;30-60 km;-15,27;-7,61;-5,22;<1,000 (very small rural);MONEGROS;Huesca;Aragón
17196;Terrades;345,0;36,4;30-60 km;-1,61;6,37;3,29;<1,000 (very small rural);ALT EMPORDA;Girona;Cataluña/Catalunya
22195;Quicena;346,0;6,55;<=30 km;-2,41;2,83;18,9;<1,000 (very small rural);HOYA DE HUESCA;Huesca;Aragón
17041;Cantallops;346,0;48,86;30-60 km;-1,23;-2,56;13,44;<1,000 (very small rural);ALT EMPORDA;Girona;Cataluña/Catalunya
14034;El Guijo;346,0;75,07;>60 km;-15,27;-1,13;-0,86;<1,000 (very small rural);PEDROCHES;Córdoba;Andalucía
06077;Malcocinado;346,0;83,82;>60 km;-16,4;-6,15;-1,42;<1,000 (very small rural);AZUAGA;Badajoz;Extremadura
31014;Ancín/Antzin;346,0;31,28;30-60 km;-6,3;-2,94;4,85;<1,000 (very small rural);TIERRA ESTELLA;Navarra;Comunidad Foral de Navarra
26177;Villoslada de Cameros;348,0;48,14;30-60 km;-11,99;8,92;-1,69;<1,000 (very small rural);SIERRA RIOJA MEDIA;La Rioja;La Rioja
25190;Salàs de Pallars;349,0;71,48;>60 km;-4,53;5,86;1,75;<1,000 (very small rural);PALLARS JUSSA;Lleida;Cataluña/Catalunya
40156;Pedraza;349,0;39,62;30-60 km;-16,92;-4,74;2,05;<1,000 (very small rural);SEGOVIA;Segovia;Castilla y León
10036;Cabrero;349,0;90,66;>60 km;-3,48;-6,38;8,05;<1,000 (very small rural);PLASENCIA;Cáceres;Extremadura
24120;Prioro;349,0;59,92;30-60 km;-7,65;-5,07;3,56;<1,000 (very small rural);LA MONTAÑA DE RIAÑO;León;Castilla y León
48031;Elantxobe;349,0;29,32;<=30 km;-14,18;-0,58;1,45;<1,000 (very small rural);GUERNIKA-BERMEO;Bizkaia;País Vasco/Euskadi
22905;Lupiñén-Ortilla;349,0;17,22;<=30 km;-13,88;2,05;0,29;<1,000 (very small rural);HOYA DE HUESCA;Huesca;Aragón
17105;Mieres;349,0;22,81;<=30 km;-5,07;11,86;0,0;<1,000 (very small rural);GARROTXA;Girona;Cataluña/Catalunya
24093;Magaz de Cepeda;349,0;38,22;30-60 km;-8,89;-1,1;-2,51;<1,000 (very small rural);ASTORGA;León;Castilla y León
37285;San Felices de los Gallegos;350,0;86,7;>60 km;-15,08;-11,14;-4,63;<1,000 (very small rural);VITIGUDINO;Salamanca;Castilla y León
09241;Orbaneja Riopico;350,0;8,47;<=30 km;21,52;8,23;-1,41;<1,000 (very small rural);ARLANZON;Burgos;Castilla y León
47115;Peñaflor de Hornija;350,0;17,96;<=30 km;-12,36;10,74;6,06;<1,000 (very small rural);CENTRO;Valladolid;Castilla y León
08150;Orís;350,0;50,99;30-60 km;8,59;9,35;3,24;<1,000 (very small rural);OSONA;Barcelona;Cataluña/Catalunya
18120;Lentegí;350,0;21,21;<=30 km;-4,17;2,74;3,86;<1,000 (very small rural);LA COSTA;Granada;Andalucía
04096;Urrácal;350,0;57,38;30-60 km;-8,03;12,16;-5,15;<1,000 (very small rural);ALTO ALMAZORA;Almería;Andalucía
49110;Manzanal de Arriba;350,0;59,78;30-60 km;-8,5;-3,35;1,16;<1,000 (very small rural);SANABRIA;Zamora;Castilla y León
22080;Capella;351,0;62,23;>60 km;-3,76;-1,13;0,29;<1,000 (very small rural);RIBARGORZA;Huesca;Aragón
08071;Copons;351,0;28,09;<=30 km;-4,82;5,23;9,01;<1,000 (very small rural);ANOIA;Barcelona;Cataluña/Catalunya
45130;Parrillas;351,0;22,7;<=30 km;-15,07;-5,25;8,0;<1,000 (very small rural);TALAVERA;Toledo;Castilla-La Mancha
49116;Melgar de Tera;351,0;52,27;30-60 km;-9,93;-7,93;-2,5;<1,000 (very small rural);BENAVENTE Y LOS VALLES;Zamora;Castilla y León
31155;Liédena;351,0;38,92;30-60 km;-7,67;8,59;11,08;<1,000 (very small rural);NAVARRA MEDIA;Navarra;Comunidad Foral de Navarra
22149;Loarre;351,0;27,72;<=30 km;-10,03;4,23;1,74;<1,000 (very small rural);HOYA DE HUESCA;Huesca;Aragón
37263;Puerto de Béjar;352,0;68,84;>60 km;-7,3;0,0;-4,86;<1,000 (very small rural);LA SIERRA;Salamanca;Castilla y León
44047;Burbáguena;352,0;81,62;>60 km;-15,33;-14,81;70,05;<1,000 (very small rural);CUENCA DEL JILOCA;Teruel;Aragón
40072;Encinillas;352,0;13,75;<=30 km;45,64;16,85;10,34;<1,000 (very small rural);SEGOVIA;Segovia;Castilla y León
10016;Aldehuela de Jerte;352,0;73,85;>60 km;-5,7;0,54;-5,38;<1,000 (very small rural);PLASENCIA;Cáceres;Extremadura
12018;Azuébar;352,0;19,36;<=30 km;-13,83;-1,54;10,34;<1,000 (very small rural);PALANCIA;Castelló/Castellón;Comunitat Valenciana
31073;Ziordia;353,0;37,65;30-60 km;-10,53;-2,49;0,28;<1,000 (very small rural);NORD OCCIDENTAL;Navarra;Comunidad Foral de Navarra
05156;Navahondilla;353,0;38,23;30-60 km;-8,83;15,48;-1,4;<1,000 (very small rural);VALLE DEL TIETAR;Ávila;Castilla y León
24108;Palacios de la Valduerna;353,0;43,16;30-60 km;-11,7;-2,36;-5,36;<1,000 (very small rural);LA BAÑEZA;León;Castilla y León
48076;Sukarrieta;353,0;24,64;<=30 km;3,67;-2,8;1,73;<1,000 (very small rural);GUERNIKA-BERMEO;Bizkaia;País Vasco/Euskadi
10078;La Garganta;353,0;71,93;>60 km;-14,52;-8,67;-1,4;<1,000 (very small rural);HERVAS;Cáceres;Extremadura
24113;Pobladura de Pelayo García;354,0;32,5;30-60 km;-13,07;1,57;-8,76;<1,000 (very small rural);EL PARAMO;León;Castilla y León
26096;Medrano;355,0;11,96;<=30 km;3,75;6,23;4,11;<1,000 (very small rural);RIOJA MEDIA;La Rioja;La Rioja
24090;Lucillo;356,0;19,88;<=30 km;-6,01;-1,57;-5,57;<1,000 (very small rural);LA CABRERA;León;Castilla y León
50139;Letux;356,0;50,87;30-60 km;-18,46;0,29;3,79;<1,000 (very small rural);ZARAGOZA;Zaragoza;Aragón
25165;Peramola;357,0;61,48;>60 km;-11,2;-1,42;2,59;<1,000 (very small rural);ALT URGELL;Lleida;Cataluña/Catalunya
16096;Graja de Iniesta;357,0;64,9;>60 km;-15,12;-3,01;0,85;<1,000 (very small rural);MANCHUELA;Cuenca;Castilla-La Mancha
49205;Santibáñez de Tera;358,0;53,85;30-60 km;-17,09;-5,14;-2,98;<1,000 (very small rural);BENAVENTE Y LOS VALLES;Zamora;Castilla y León
47051;Ciguñuela;358,0;7,25;<=30 km;-6,1;-1,57;-4,53;<1,000 (very small rural);CENTRO;Valladolid;Castilla y León
02041;Jorquera;358,0;37,56;30-60 km;-14,09;0,83;-1,38;<1,000 (very small rural);MANCHUELA;Albacete;Castilla-La Mancha
49067;Ferreras de Arriba;358,0;54,9;30-60 km;-15,38;-6,91;2,29;<1,000 (very small rural);SANABRIA;Zamora;Castilla y León
18096;Huélago;358,0;38,58;30-60 km;12,54;-1,03;-6,77;<1,000 (very small rural);GUADIX;Granada;Andalucía
50231;Salillas de Jalón;359,0;35,61;30-60 km;-20,37;11,18;6,21;<1,000 (very small rural);LA ALMUNIA DE DOÑA GODINA;Zaragoza;Aragón
24161;Santiago Millas;359,0;38,81;30-60 km;-9,38;2,69;4,66;<1,000 (very small rural);ASTORGA;León;Castilla y León
13051;Luciana;360,0;35,07;30-60 km;-6,6;-2,41;-1,37;<1,000 (very small rural);MONTES NORTE;Ciudad Real;Castilla-La Mancha
08228;Sant Martí Sesgueioles;360,0;26,94;<=30 km;-5,85;0,0;4,65;<1,000 (very small rural);ANOIA;Barcelona;Cataluña/Catalunya
08249;Santa Fe del Penedès;360,0;16,9;<=30 km;-6,86;-0,26;-4,76;<1,000 (very small rural);ALT PENEDÉS;Barcelona;Cataluña/Catalunya
43008;Alfara de Carles;361,0;71,27;>60 km;-7,75;2,17;-3,99;<1,000 (very small rural);BAIX EBRE;Tarragona;Cataluña/Catalunya
05121;Martiherrero;361,0;11,65;<=30 km;3,72;5,99;7,44;<1,000 (very small rural);AVILA;Ávila;Castilla y León
49082;Fuentes de Ropel;361,0;58,63;30-60 km;-18,12;-1,85;-2,96;<1,000 (very small rural);BENAVENTE Y LOS VALLES;Zamora;Castilla y León
50183;Munébrega;361,0;82,08;>60 km;-13,7;-6,49;0,28;<1,000 (very small rural);CALATAYUD;Zaragoza;Aragón
31207;Pueyo/Puiu;361,0;27,52;<=30 km;-0,29;-1,15;4,64;<1,000 (very small rural);NAVARRA MEDIA;Navarra;Comunidad Foral de Navarra
12139;Vistabella del Maestrat;361,0;40,62;30-60 km;-14,77;-1,46;7,12;<1,000 (very small rural);PEÑAGOLOSA;Castelló/Castellón;Comunitat Valenciana
13022;Ballesteros de Calatrava;361,0;17,25;<=30 km;-17,24;-4,39;-2,43;<1,000 (very small rural);CAMPO DE CALATRAVA;Ciudad Real;Castilla-La Mancha
50110;El Frasno;361,0;56,22;30-60 km;-19,08;2,6;-8,38;<1,000 (very small rural);CALATAYUD;Zaragoza;Aragón
37221;Navasfrías;362,0;106,49;>60 km;-8,93;-11,3;-11,27;<1,000 (very small rural);CIUDAD RODRIGO;Salamanca;Castilla y León
14064;Valsequillo;362,0;89,8;>60 km;-10,71;-5,98;4,62;<1,000 (very small rural);PEDROCHES;Córdoba;Andalucía
10091;Guijo de Santa Bárbara;363,0;72,13;>60 km;0,49;0,26;-6,44;<1,000 (very small rural);JARAIZ DE LA VERA;Cáceres;Extremadura
21028;Cumbres de San Bartolomé;364,0;88,06;>60 km;-14,35;0,27;-2,67;<1,000 (very small rural);SIERRA;Huelva;Andalucía
20006;Alkiza;364,0;17,25;<=30 km;2,8;-3,21;0,55;<1,000 (very small rural);TOLOSA;Gipuzkoa;País Vasco/Euskadi
10080;Gargantilla;364,0;82,96;>60 km;-7,18;-7,2;-2,67;<1,000 (very small rural);HERVAS;Cáceres;Extremadura
31239;Urdazubi/Urdax;364,0;22,68;<=30 km;1,55;-1,97;4,6;<1,000 (very small rural);NORD OCCIDENTAL;Navarra;Comunidad Foral de Navarra
09400;Vadocondes;364,0;80,8;>60 km;-9,66;-3,79;2,54;<1,000 (very small rural);LA RIBERA;Burgos;Castilla y León
22027;Angüés;364,0;22,86;<=30 km;-18,0;0,82;-1,62;<1,000 (very small rural);HOYA DE HUESCA;Huesca;Aragón
31217;San Martín de Unx;364,0;33,59;30-60 km;-16,38;-1,26;-7,38;<1,000 (very small rural);NAVARRA MEDIA;Navarra;Comunidad Foral de Navarra
45105;Montesclaros;365,0;16,78;<=30 km;-6,92;-4,66;-6,17;<1,000 (very small rural);TALAVERA;Toledo;Castilla-La Mancha
49255;Villamor de los Escuderos;365,0;33,54;30-60 km;-14,29;-3,52;-4,95;<1,000 (very small rural);DUERO BAJO;Zamora;Castilla y León
37102;El Cerro;365,0;75,34;>60 km;-7,13;-2,93;-8,06;<1,000 (very small rural);LA SIERRA;Salamanca;Castilla y León
37060;Buenavista;365,0;19,79;<=30 km;32,52;3,99;0,0;<1,000 (very small rural);ALBA DE TORMES;Salamanca;Castilla y León
40146;Navas de San Antonio;366,0;25,15;<=30 km;-22,05;13,66;0,0;<1,000 (very small rural);SEGOVIA;Segovia;Castilla y León
32010;Beade;366,0;20,28;<=30 km;-20,19;-6,19;-3,43;<1,000 (very small rural);ORENSE;Ourense;Galicia
37288;San Morales;366,0;15,05;<=30 km;16,08;-1,48;10,24;<1,000 (very small rural);SALAMANCA;Salamanca;Castilla y León
34238;Villaviudas;366,0;19,81;<=30 km;-4,29;-2,74;3,1;<1,000 (very small rural);EL CERRATO;Palencia;Castilla y León
26158;Tudelilla;367,0;33,96;30-60 km;-9,59;-6,96;9,88;<1,000 (very small rural);RIOJA BAJA;La Rioja;La Rioja
47146;San Miguel del Pino;367,0;19,73;<=30 km;12,59;3,24;4,86;<1,000 (very small rural);SUR;Valladolid;Castilla y León
44172;Oliete;367,0;80,04;>60 km;-24,04;-6,59;7,94;<1,000 (very small rural);BAJO ARAGON;Teruel;Aragón
46096;Cerdà;367,0;32,98;30-60 km;-13,45;3,29;6,38;<1,000 (very small rural);LA COSTERA DE JATIVA;València/Valencia;Comunitat Valenciana
16253;Villar de Cañas;368,0;67,12;>60 km;-9,87;2,12;-4,66;<1,000 (very small rural);MANCHA ALTA;Cuenca;Castilla-La Mancha
10002;Abertura;368,0;56,94;30-60 km;-8,72;-0,74;-8,0;<1,000 (very small rural);LOGROSAN;Cáceres;Extremadura
24229;Villazanzo de Valderaduey;368,0;51,84;30-60 km;-17,14;-8,62;-6,12;<1,000 (very small rural);SAHAGUN;León;Castilla y León
10158;Robledillo de Trujillo;368,0;42,59;30-60 km;-12,93;-1,9;1,66;<1,000 (very small rural);TRUJILLO;Cáceres;Extremadura
10129;Morcillo;369,0;70,04;>60 km;-7,64;-1,85;-0,54;<1,000 (very small rural);CORIA;Cáceres;Extremadura
10051;Casares de las Hurdes;369,0;78,99;>60 km;-23,58;-0,78;-3,66;<1,000 (very small rural);HERVAS;Cáceres;Extremadura
10085;El Gordo;369,0;44,93;30-60 km;-2,6;5,23;-3,4;<1,000 (very small rural);NAVALMORAL DE LA MATA;Cáceres;Extremadura
44144;Martín del Río;370,0;93,7;>60 km;0,0;-10,79;-0,54;<1,000 (very small rural);SERRANIA DE MONTALBAN;Teruel;Aragón
45174;Totanés;371,0;24,98;<=30 km;-16,47;0,0;7,23;<1,000 (very small rural);SAGRA-TOLEDO;Toledo;Castilla-La Mancha
50100;Erla;371,0;45,36;30-60 km;-12,81;3,19;4,21;<1,000 (very small rural);EGEA DE LOS CABALLEROS;Zaragoza;Aragón
29004;Alfarnatejo;371,0;24,19;<=30 km;-27,29;-9,14;3,63;<1,000 (very small rural);NORTE O ANTEQUERA;Málaga;Andalucía
50125;Ibdes;372,0;92,75;>60 km;-14,32;-3,96;-4,12;<1,000 (very small rural);CALATAYUD;Zaragoza;Aragón
22015;Alcalá del Obispo;372,0;13,77;<=30 km;-19,22;3,69;10,39;<1,000 (very small rural);HOYA DE HUESCA;Huesca;Aragón
37284;San Esteban de la Sierra;372,0;52,57;30-60 km;-5,48;2,88;4,2;<1,000 (very small rural);LA SIERRA;Salamanca;Castilla y León
17183;Sant Aniol de Finestres;372,0;21,78;<=30 km;5,22;0,57;5,38;<1,000 (very small rural);GARROTXA;Girona;Cataluña/Catalunya
18086;Gorafe;373,0;61,58;>60 km;-17,2;0,79;-2,36;<1,000 (very small rural);GUADIX;Granada;Andalucía
14020;Conquista;373,0;64,41;>60 km;-10,3;-7,23;0,27;<1,000 (very small rural);PEDROCHES;Córdoba;Andalucía
49039;Casaseca de las Chanas;373,0;14,66;<=30 km;-8,55;-4,36;0,0;<1,000 (very small rural);DUERO BAJO;Zamora;Castilla y León
18070;Dúdar;373,0;8,98;<=30 km;0,31;13,12;3,04;<1,000 (very small rural);DE LA VEGA;Granada;Andalucía
26157;Tricio;374,0;22,43;<=30 km;-3,82;0,56;3,89;<1,000 (very small rural);RIOJA ALTA;La Rioja;La Rioja
28088;Montejo de la Sierra;374,0;51,46;30-60 km;-0,28;0,55;2,47;<1,000 (very small rural);LOZOYA SOMOSIERRA;Madrid;Comunidad de Madrid
17107;Molló;374,0;55,98;30-60 km;-4,47;5,79;7,78;<1,000 (very small rural);RIPOLLES;Girona;Cataluña/Catalunya
07021;Estellencs;374,0;11,22;<=30 km;-24,13;2,52;14,72;<1,000 (very small rural);MALLORCA;Illes Balears;Illes Balears
49149;Peñausende;375,0;26,49;<=30 km;-12,77;-4,51;-1,57;<1,000 (very small rural);SAYAGO;Zamora;Castilla y León
05061;La Colilla;375,0;9,75;<=30 km;-4,93;3,65;9,97;<1,000 (very small rural);AVILA;Ávila;Castilla y León
25901;Vall de Cardós;375,0;108,75;>60 km;-10,89;2,69;-1,83;<1,000 (very small rural);PALLARS SOBIRA;Lleida;Cataluña/Catalunya
39086;Los Tojos;375,0;26,0;<=30 km;-7,37;-0,75;-5,54;<1,000 (very small rural);TUDANCA-CABUERNIGA;Cantabria;Cantabria
09406;Valdorros;375,0;20,03;<=30 km;5,23;2,7;9,65;<1,000 (very small rural);ARLANZA;Burgos;Castilla y León
04090;Tahal;375,0;35,16;30-60 km;-37,43;7,72;7,45;<1,000 (very small rural);CAMPO TABERNAS;Almería;Andalucía
47164;Tordehumos;375,0;35,73;30-60 km;-5,77;-6,24;-7,64;<1,000 (very small rural);TIERRA DE CAMPOS;Valladolid;Castilla y León
50290;Villanueva de Huerva;376,0;36,6;30-60 km;-17,5;-11,02;-8,74;<1,000 (very small rural);LA ALMUNIA DE DOÑA GODINA;Zaragoza;Aragón
04084;Sierro;376,0;46,63;30-60 km;-11,7;-3,31;-1,05;<1,000 (very small rural);ALTO ALMAZORA;Almería;Andalucía
17225;Vilamacolum;376,0;30,13;30-60 km;8,7;18,91;1,35;<1,000 (very small rural);ALT EMPORDA;Girona;Cataluña/Catalunya
45022;Buenaventura;377,0;24,07;<=30 km;-12,24;-2,56;-10,02;<1,000 (very small rural);TALAVERA;Toledo;Castilla-La Mancha
37113;El Cubo de Don Sancho;377,0;53,48;30-60 km;-9,11;-5,11;-11,71;<1,000 (very small rural);VITIGUDINO;Salamanca;Castilla y León
16266;Villarejo-Periesteban;377,0;52,68;30-60 km;-9,47;-0,26;-1,82;<1,000 (very small rural);MANCHA ALTA;Cuenca;Castilla-La Mancha
44126;La Iglesuela del Cid;377,0;58,81;30-60 km;-17,37;-1,69;-7,37;<1,000 (very small rural);MAESTRAZGO;Teruel;Aragón
10132;Navalvillar de Ibor;378,0;61,25;>60 km;-10,95;-5,53;-3,82;<1,000 (very small rural);NAVALMORAL DE LA MATA;Cáceres;Extremadura
44012;Alcalá de la Selva;378,0;69,11;>60 km;-28,49;1,44;7,39;<1,000 (very small rural);MAESTRAZGO;Teruel;Aragón
24051;Cea;378,0;49,98;30-60 km;-15,34;-5,63;-5,97;<1,000 (very small rural);SAHAGUN;León;Castilla y León
31186;Odieta;378,0;13,01;<=30 km;1,4;-1,9;4,42;<1,000 (very small rural);NORD OCCIDENTAL;Navarra;Comunidad Foral de Navarra
24193;La Vecilla;378,0;29,54;<=30 km;-3,99;5,34;-8,7;<1,000 (very small rural);LA MONTAÑA DE RIAÑO;León;Castilla y León
26165;Viguera;379,0;19,56;<=30 km;-1,92;1,79;-4,53;<1,000 (very small rural);SIERRA RIOJA MEDIA;La Rioja;La Rioja
49247;Villalcampo;379,0;20,96;<=30 km;-18,02;-8,78;-6,42;<1,000 (very small rural);ALISTE;Zamora;Castilla y León
10171;Santibáñez el Alto;379,0;91,07;>60 km;-18,55;-7,33;7,06;<1,000 (very small rural);CORIA;Cáceres;Extremadura
22109;Fiscal;379,0;49,76;30-60 km;1,57;5,2;10,17;<1,000 (very small rural);SOBRARBE;Huesca;Aragón
10210;Villamiel;379,0;92,54;>60 km;-30,63;-4,93;-6,42;<1,000 (very small rural);CORIA;Cáceres;Extremadura
25191;Sanaüja;379,0;45,95;30-60 km;-12,83;0,76;-4,29;<1,000 (very small rural);SEGARRA;Lleida;Cataluña/Catalunya
25082;Espot;379,0;110,73;>60 km;4,29;3,98;3,55;<1,000 (very small rural);PALLARS SOBIRA;Lleida;Cataluña/Catalunya
10150;Portaje;380,0;57,73;30-60 km;-7,09;2,49;2,43;<1,000 (very small rural);CORIA;Cáceres;Extremadura
08137;Montseny;380,0;22,71;<=30 km;9,24;12,77;4,97;<1,000 (very small rural);VALLES ORIENTAL;Barcelona;Cataluña/Catalunya
48062;Mendata;380,0;24,64;<=30 km;3,67;-0,52;0,26;<1,000 (very small rural);GUERNIKA-BERMEO;Bizkaia;País Vasco/Euskadi
21075;Villanueva de las Cruces;380,0;39,23;30-60 km;-7,66;0,79;-1,3;<1,000 (very small rural);ANDEVALO OCCIDENTAL;Huelva;Andalucía
45074;Hinojosa de San Vicente;380,0;19,54;<=30 km;-9,98;4,31;-7,54;<1,000 (very small rural);TALAVERA;Toledo;Castilla-La Mancha
50170;Monegrillo;380,0;42,64;30-60 km;-11,23;-5,81;-2,31;<1,000 (very small rural);ZARAGOZA;Zaragoza;Aragón
09152;Gumiel de Mercado;380,0;68,9;>60 km;-11,32;20,65;1,6;<1,000 (very small rural);LA RIBERA;Burgos;Castilla y León
50130;Jarque de Moncayo;381,0;65,13;>60 km;-17,5;-5,28;-7,75;<1,000 (very small rural);CALATAYUD;Zaragoza;Aragón
37193;Miranda del Castañar;381,0;60,75;>60 km;-17,62;-4,26;-0,26;<1,000 (very small rural);LA SIERRA;Salamanca;Castilla y León
21020;Cañaveral de León;381,0;82,3;>60 km;-4,76;-2,43;-4,99;<1,000 (very small rural);SIERRA;Huelva;Andalucía
49257;Villanueva de Azoague;381,0;51,77;30-60 km;4,62;7,14;5,83;<1,000 (very small rural);BENAVENTE Y LOS VALLES;Zamora;Castilla y León
25200;Sarroca de Lleida;381,0;18,67;<=30 km;-14,55;-1,11;6,72;<1,000 (very small rural);SEGRIA;Lleida;Cataluña/Catalunya
31091;Ergoiena;382,0;31,76;30-60 km;-5,45;-4,69;4,37;<1,000 (very small rural);NORD OCCIDENTAL;Navarra;Comunidad Foral de Navarra
05225;Santa María del Berrocal;382,0;55,23;30-60 km;-10,73;-7,44;2,41;<1,000 (very small rural);BARCO AVILA-PIEDRAHITA;Ávila;Castilla y León
50211;Plasencia de Jalón;382,0;28,06;<=30 km;-19,02;1,98;23,62;<1,000 (very small rural);LA ALMUNIA DE DOÑA GODINA;Zaragoza;Aragón
10025;Barrado;382,0;90,22;>60 km;-7,42;-10,81;5,23;<1,000 (very small rural);PLASENCIA;Cáceres;Extremadura
31005;Aberin;383,0;35,49;30-60 km;-6,53;-2,81;10,69;<1,000 (very small rural);TIERRA ESTELLA;Navarra;Comunidad Foral de Navarra
31055;Betelu;383,0;31,04;30-60 km;0,29;7,1;1,59;<1,000 (very small rural);NORD OCCIDENTAL;Navarra;Comunidad Foral de Navarra
46225;Sellent;383,0;33,1;30-60 km;-11,94;-0,53;1,59;<1,000 (very small rural);RIBERAS DEL JUCAR;València/Valencia;Comunitat Valenciana
18064;Dehesas de Guadix;383,0;63,92;>60 km;-16,03;-1,9;-7,04;<1,000 (very small rural);GUADIX;Granada;Andalucía
04091;Terque;384,0;19,14;<=30 km;-15,16;-2,36;3,23;<1,000 (very small rural);ALTO ANDARAX;Almería;Andalucía
37232;Paradinas de San Juan;384,0;43,25;30-60 km;-12,87;-4,43;-1,03;<1,000 (very small rural);PEÑARANDA DE BRACAMONTE;Salamanca;Castilla y León
31128;Isaba/Izaba;385,0;65,81;>60 km;-14,2;-2,38;-6,1;<1,000 (very small rural);PIRINEOS;Navarra;Comunidad Foral de Navarra
18163;Pórtugos;385,0;29,74;<=30 km;4,95;-0,51;-0,52;<1,000 (very small rural);LAS ALPUJARRAS;Granada;Andalucía
24063;Cubillas de Rueda;385,0;35,82;30-60 km;-15,43;-3,71;-1,03;<1,000 (very small rural);TIERRAS DE LEON;León;Castilla y León
49121;Mombuey;386,0;57,92;30-60 km;-11,21;-0,49;-5,16;<1,000 (very small rural);SANABRIA;Zamora;Castilla y León
46263;Zarra;386,0;62,33;>60 km;-32,69;-0,27;6,04;<1,000 (very small rural);VALLE DE AYORA;València/Valencia;Comunitat Valenciana
47171;Torrelobatón;386,0;19,57;<=30 km;-13,05;-8,24;-1,03;<1,000 (very small rural);CENTRO;Valladolid;Castilla y León
22115;El Grado;386,0;52,31;30-60 km;-12,81;-7,75;-1,78;<1,000 (very small rural);SOMONTANO;Huesca;Aragón
02064;Pozo-Lorente;386,0;37,25;30-60 km;-11,35;-1,75;-2,03;<1,000 (very small rural);MANCHUELA;Albacete;Castilla-La Mancha
42001;Abejar;386,0;78,59;>60 km;-15,87;-9,6;41,39;<1,000 (very small rural);PINARES;Soria;Castilla y León
09391;Tórtoles de Esgueva;387,0;48,31;30-60 km;-5,99;-13,32;-2,52;<1,000 (very small rural);ARLANZA;Burgos;Castilla y León
37183;Martín de Yeltes;387,0;56,53;30-60 km;-6,81;-3,09;-5,15;<1,000 (very small rural);FUENTE DE SAN ESTEBAN;Salamanca;Castilla y León
17085;Jafre;387,0;17,74;<=30 km;-4,84;-2,05;1,31;<1,000 (very small rural);BAIX EMPORDA;Girona;Cataluña/Catalunya
09297;Las Quintanillas;388,0;13,84;<=30 km;-5,45;0,8;2,37;<1,000 (very small rural);ARLANZON;Burgos;Castilla y León
10098;Hinojal;388,0;38,16;30-60 km;-8,95;-1,26;-0,77;<1,000 (very small rural);CACERES;Cáceres;Extremadura
16065;Casas de los Pinos;389,0;56,67;30-60 km;-23,88;-9,15;-6,71;<1,000 (very small rural);MANCHA BAJA;Cuenca;Castilla-La Mancha
18040;Cáñar;389,0;24,42;<=30 km;-16,75;13,12;0,26;<1,000 (very small rural);LAS ALPUJARRAS;Granada;Andalucía
20050;Leaburu;389,0;20,08;<=30 km;-5,22;0,8;2,37;<1,000 (very small rural);TOLOSA;Gipuzkoa;País Vasco/Euskadi
08070;Collsuspina;389,0;27,84;<=30 km;-2,59;14,16;0,52;<1,000 (very small rural);OSONA;Barcelona;Cataluña/Catalunya
45035;Cardiel de los Montes;390,0;21,84;<=30 km;-9,61;11,11;2,63;<1,000 (very small rural);TALAVERA;Toledo;Castilla-La Mancha
24164;Sena de Luna;390,0;46,31;30-60 km;-6,94;-4,68;6,27;<1,000 (very small rural);LA MONTAÑA DE LUNA;León;Castilla y León
25118;Juncosa;390,0;32,72;30-60 km;-13,19;1,02;-1,76;<1,000 (very small rural);GARRIGUES;Lleida;Cataluña/Catalunya
37040;Barbadillo;390,0;14,54;<=30 km;-10,39;-1,95;-2,99;<1,000 (very small rural);SALAMANCA;Salamanca;Castilla y León
26083;Lagunilla del Jubera;390,0;17,23;<=30 km;-17,98;13,65;17,12;<1,000 (very small rural);RIOJA MEDIA;La Rioja;La Rioja
23101;Villarrodrigo;390,0;85,74;>60 km;-5,35;-5,77;-0,51;<1,000 (very small rural);SIERRA DE SEGURA;Jaén;Andalucía
46242;Torrebaja;391,0;63,6;>60 km;-9,85;1,51;-2,98;<1,000 (very small rural);RINCON DE ADEMUZ;València/Valencia;Comunitat Valenciana
02062;Povedilla;392,0;69,0;>60 km;-16,76;-10,09;-2,24;<1,000 (very small rural);SIERRA ALCARAZ;Albacete;Castilla-La Mancha
24117;Pozuelo del Páramo;392,0;49,77;30-60 km;-11,82;-7,97;-2,97;<1,000 (very small rural);EL PARAMO;León;Castilla y León
25177;Preixens;392,0;42,12;30-60 km;-7,13;-1,64;-6,89;<1,000 (very small rural);NOGUERA;Lleida;Cataluña/Catalunya
47212;Villalba de los Alcores;392,0;21,22;<=30 km;-14,97;-7,5;5,95;<1,000 (very small rural);CENTRO;Valladolid;Castilla y León
24172;Truchas;392,0;28,35;<=30 km;-19,47;1,21;-6,22;<1,000 (very small rural);LA CABRERA;León;Castilla y León
49262;Villardeciervos;392,0;62,41;>60 km;-9,49;-3,59;-2,73;<1,000 (very small rural);SANABRIA;Zamora;Castilla y León
46041;Aras de los Olmos;392,0;73,65;>60 km;-15,16;0,0;4,81;<1,000 (very small rural);ALTO TURIA;València/Valencia;Comunitat Valenciana
04058;Líjar;393,0;47,35;30-60 km;-17,36;2,05;-1,26;<1,000 (very small rural);ALTO ALMAZORA;Almería;Andalucía
47044;Castronuevo de Esgueva;393,0;15,7;<=30 km;1,58;1,88;3,69;<1,000 (very small rural);CENTRO;Valladolid;Castilla y León
13012;Almadenejos;393,0;64,1;>60 km;-12,35;-4,56;-1,26;<1,000 (very small rural);MONTES SUR;Ciudad Real;Castilla-La Mancha
43029;Blancafort;393,0;33,54;30-60 km;-8,19;5,01;-1,26;<1,000 (very small rural);CONCA DE BARBERA;Tarragona;Cataluña/Catalunya
34088;Husillos;393,0;12,3;<=30 km;20,72;14,38;9,78;<1,000 (very small rural);CAMPOS;Palencia;Castilla y León
02068;Robledo;393,0;50,78;30-60 km;-20,95;7,71;0,51;<1,000 (very small rural);SIERRA ALCARAZ;Albacete;Castilla-La Mancha
22909;Vencillón;393,0;22,95;<=30 km;-16,06;0,0;-1,5;<1,000 (very small rural);LA LITERA;Huesca;Aragón
50104;Farlete;394,0;32,46;30-60 km;-10,11;-2,07;4,23;<1,000 (very small rural);ZARAGOZA;Zaragoza;Aragón
48004;Amoroto;394,0;35,4;30-60 km;2,91;-1,19;-4,83;<1,000 (very small rural);ONDARROA;Bizkaia;País Vasco/Euskadi
48006;Arantzazu;394,0;16,38;<=30 km;16,1;1,53;-1,25;<1,000 (very small rural);ARRATIA-NERVION;Bizkaia;País Vasco/Euskadi
46221;Salem;394,0;20,85;<=30 km;-6,82;-4,39;-4,83;<1,000 (very small rural);VALLES DE ALBAIDA;València/Valencia;Comunitat Valenciana
45058;Domingo Pérez;395,0;29,32;<=30 km;-17,1;-19,55;21,54;<1,000 (very small rural);TORRIJOS;Toledo;Castilla-La Mancha
37350;Vilvestre;395,0;89,37;>60 km;-11,02;-2,61;-3,89;<1,000 (very small rural);VITIGUDINO;Salamanca;Castilla y León
17224;Vilallonga de Ter;395,0;60,88;>60 km;-14,71;-4,46;2,33;<1,000 (very small rural);RIPOLLES;Girona;Cataluña/Catalunya
10029;Berzocana;395,0;79,51;>60 km;-9,07;-4,81;-5,05;<1,000 (very small rural);LOGROSAN;Cáceres;Extremadura
40083;Fuente el Olmo de Fuentidueña;395,0;56,53;30-60 km;-1,16;-21,51;192,59;<1,000 (very small rural);SEPULVEDA;Segovia;Castilla y León
06157;Villarta de los Montes;395,0;74,96;>60 km;-17,22;-5,86;-5,5;<1,000 (very small rural);HERRERA DUQUE;Badajoz;Extremadura
17028;Brunyola i Sant Martí Sapresa;395,0;15,79;<=30 km;-4,9;5,69;1,28;<1,000 (very small rural);SELVA;Girona;Cataluña/Catalunya
19036;Aranzueque;396,0;18,48;<=30 km;-10,97;-5,13;7,03;<1,000 (very small rural);CAMPIÑA;Guadalajara;Castilla-La Mancha
04073;Paterna del Río;396,0;36,52;30-60 km;-17,27;6,91;2,33;<1,000 (very small rural);ALTO ANDARAX;Almería;Andalucía
29057;Genalguacil;397,0;9,84;<=30 km;-25,55;-0,51;1,53;<1,000 (very small rural);SERRANIA DE RONDA;Málaga;Andalucía
16017;Almodóvar del Pinar;397,0;56,41;30-60 km;-9,27;-1,79;3,66;<1,000 (very small rural);SERRANIA MEDIA;Cuenca;Castilla-La Mancha
05178;Palacios de Goda;397,0;50,84;30-60 km;-8,77;-3,73;2,58;<1,000 (very small rural);AREVALO-MADRIGAL;Ávila;Castilla y León
17182;Santa Llogaia d'Àlguema;397,0;29,29;<=30 km;3,22;4,13;5,03;<1,000 (very small rural);ALT EMPORDA;Girona;Cataluña/Catalunya
49007;Almaraz de Duero;397,0;9,47;<=30 km;0,0;1,24;-2,46;<1,000 (very small rural);CAMPOS-PAN;Zamora;Castilla y León
28063;Gargantilla del Lozoya y Pinilla de Buitrago;397,0;33,81;30-60 km;-16,89;8,18;15,41;<1,000 (very small rural);LOZOYA SOMOSIERRA;Madrid;Comunidad de Madrid
45090;Manzaneque;398,0;31,69;30-60 km;-12,31;-5,05;5,85;<1,000 (very small rural);LA MANCHA;Toledo;Castilla-La Mancha
39045;Miera;398,0;21,89;<=30 km;-10,48;-0,77;3,11;<1,000 (very small rural);PAS-IGUÑA;Cantabria;Cantabria
29063;Jimera de Líbar;398,0;24,45;<=30 km;-15,92;3,19;2,58;<1,000 (very small rural);SERRANIA DE RONDA;Málaga;Andalucía
47179;Valbuena de Duero;399,0;41,11;30-60 km;-4,81;-7,43;-8,49;<1,000 (very small rural);SURESTE;Valladolid;Castilla y León
24133;Rioseco de Tapia;399,0;20,16;<=30 km;-6,02;1,85;3,37;<1,000 (very small rural);TIERRAS DE LEON;León;Castilla y León
12022;Bejís;400,0;45,7;30-60 km;-10,64;4,56;2,56;<1,000 (very small rural);PALANCIA;Castelló/Castellón;Comunitat Valenciana
17115;Ordis;400,0;26,2;<=30 km;-3,96;-3,4;8,4;<1,000 (very small rural);ALT EMPORDA;Girona;Cataluña/Catalunya
49179;Robleda-Cervantes;400,0;46,11;30-60 km;-13,14;-6,0;2,04;<1,000 (very small rural);SANABRIA;Zamora;Castilla y León
34169;Santervás de la Vega;400,0;61,32;>60 km;-6,8;-10,02;-3,15;<1,000 (very small rural);SALDAÑA-VALDAVIA;Palencia;Castilla y León
22018;Alcubierre;400,0;37,42;30-60 km;-14,12;2,48;7,53;<1,000 (very small rural);MONEGROS;Huesca;Aragón
16264;Villarejo de Fuentes;400,0;76,68;>60 km;-31,36;-11,67;-0,25;<1,000 (very small rural);MANCHA ALTA;Cuenca;Castilla-La Mancha
09064;Caleruega;400,0;61,12;>60 km;-12,5;-3,23;-4,53;<1,000 (very small rural);LA RIBERA;Burgos;Castilla y León
33063;San Tirso de Abres;400,0;56,68;30-60 km;-15,82;-3,23;-4,53;<1,000 (very small rural);VEGADEO;Asturias;Principado de Asturias
37143;Galinduste;400,0;35,68;30-60 km;-7,17;-3,5;-3,38;<1,000 (very small rural);ALBA DE TORMES;Salamanca;Castilla y León
08079;L'Estany;401,0;29,01;<=30 km;3,05;3,82;-1,72;<1,000 (very small rural);BAGES;Barcelona;Cataluña/Catalunya
09217;Merindad de Valdivielso;401,0;53,45;30-60 km;-10,75;0,0;3,89;<1,000 (very small rural);MERINDADES;Burgos;Castilla y León
24230;Zotes del Páramo;402,0;38,2;30-60 km;-9,22;-4,56;-4,06;<1,000 (very small rural);EL PARAMO;León;Castilla y León
17228;Vilanant;402,0;30,5;30-60 km;7,51;0,0;0,75;<1,000 (very small rural);ALT EMPORDA;Girona;Cataluña/Catalunya
43134;El Rourell;403,0;10,84;<=30 km;-4,4;4,69;0,25;<1,000 (very small rural);ALT CAMP;Tarragona;Cataluña/Catalunya
50169;Miedes de Aragón;403,0;65,69;>60 km;-1,73;-0,69;-6,06;<1,000 (very small rural);CALATAYUD;Zaragoza;Aragón
47057;Cubillas de Santa Marta;404,0;18,67;<=30 km;2,43;14,66;14,77;<1,000 (very small rural);CENTRO;Valladolid;Castilla y León
26043;Castañares de Rioja;404,0;38,69;30-60 km;-11,52;-4,01;-0,74;<1,000 (very small rural);RIOJA ALTA;La Rioja;La Rioja
37335;Valdelosa;404,0;26,36;<=30 km;-13,57;-0,74;0,0;<1,000 (very small rural);LEDESMA;Salamanca;Castilla y León
31243;Urroz-Villa;404,0;16,72;<=30 km;-2,28;6,95;1,0;<1,000 (very small rural);PIRINEOS;Navarra;Comunidad Foral de Navarra
24116;Posada de Valdeón;405,0;67,59;>60 km;-7,94;-2,08;-4,48;<1,000 (very small rural);LA MONTAÑA DE RIAÑO;León;Castilla y León
25176;Preixana;406,0;38,93;30-60 km;-10,56;1,56;3,84;<1,000 (very small rural);URGELL;Lleida;Cataluña/Catalunya
13021;Arroba de los Montes;406,0;54,9;30-60 km;-10,67;-9,13;-0,49;<1,000 (very small rural);MONTES NORTE;Ciudad Real;Castilla-La Mancha
49222;Torres del Carrizal;407,0;16,62;<=30 km;-5,22;2,73;-1,69;<1,000 (very small rural);CAMPOS-PAN;Zamora;Castilla y León
10176;Serrejón;407,0;73,58;>60 km;-7,08;-2,62;-0,49;<1,000 (very small rural);NAVALMORAL DE LA MATA;Cáceres;Extremadura
10039;Cadalso;407,0;97,61;>60 km;-10,14;-2,57;-2,4;<1,000 (very small rural);CORIA;Cáceres;Extremadura
10033;Cabañas del Castillo;407,0;71,88;>60 km;-6,49;-3,46;-2,86;<1,000 (very small rural);LOGROSAN;Cáceres;Extremadura
26066;Galilea;407,0;21,36;<=30 km;-14,71;15,96;5,71;<1,000 (very small rural);RIOJA MEDIA;La Rioja;La Rioja
31188;Olaibar;407,0;9,87;<=30 km;49,38;7,16;4,63;<1,000 (very small rural);NORD OCCIDENTAL;Navarra;Comunidad Foral de Navarra
34159;San Cebrián de Campos;407,0;24,23;<=30 km;-7,48;-4,62;-1,45;<1,000 (very small rural);CAMPOS;Palencia;Castilla y León
01020;Kuartango;408,0;20,86;<=30 km;5,98;3,94;3,03;<1,000 (very small rural);VALLES ALAVESES;Araba/Álava;País Vasco/Euskadi
28101;Olmeda de las Fuentes;408,0;19,7;<=30 km;-7,0;3,18;14,29;<1,000 (very small rural);CAMPIÑA;Madrid;Comunidad de Madrid
40234;Zarzuela del Pinar;408,0;40,07;30-60 km;-11,78;-5,18;-3,09;<1,000 (very small rural);CUELLAR;Segovia;Castilla y León
24028;Cabreros del Río;408,0;20,95;<=30 km;-8,68;-0,73;-0,24;<1,000 (very small rural);ESLA-CAMPOS;León;Castilla y León
09905;Valle de Sedano;409,0;42,5;30-60 km;-12,92;-4,22;0,0;<1,000 (very small rural);PARAMOS;Burgos;Castilla y León
48915;Ziortza-Bolibar;409,0;31,1;30-60 km;2,44;-3,75;-0,49;<1,000 (very small rural);ONDARROA;Bizkaia;País Vasco/Euskadi
45103;Mohedas de la Jara;410,0;47,12;30-60 km;-15,32;-1,97;2,76;<1,000 (very small rural);LA JARA;Toledo;Castilla-La Mancha
05128;Mingorría;410,0;11,75;<=30 km;-6,19;-4,56;8,75;<1,000 (very small rural);AREVALO-MADRIGAL;Ávila;Castilla y León
09442;Villalmanzo;410,0;32,04;30-60 km;-5,59;-5,25;-1,2;<1,000 (very small rural);ARLANZA;Burgos;Castilla y León
34011;Amusco;410,0;20,96;<=30 km;-2,49;-2,13;-0,97;<1,000 (very small rural);CAMPOS;Palencia;Castilla y León
22096;Chimillas;410,0;5,64;<=30 km;8,66;5,12;-0,24;<1,000 (very small rural);HOYA DE HUESCA;Huesca;Aragón
10093;Hernán-Pérez;411,0;94,25;>60 km;-7,84;-9,19;-0,96;<1,000 (very small rural);CORIA;Cáceres;Extremadura
29016;Árchez;411,0;13,8;<=30 km;-14,92;1,79;3,27;<1,000 (very small rural);VELEZ MALAGA;Málaga;Andalucía
37148;Garcihernández;411,0;22,69;<=30 km;-11,17;-7,97;-3,75;<1,000 (very small rural);ALBA DE TORMES;Salamanca;Castilla y León
05158;Navalmoral;412,0;23,79;<=30 km;-20,56;1,19;21,18;<1,000 (very small rural);VALLE BAJO ALBERCHE;Ávila;Castilla y León
31126;Imotz;412,0;19,51;<=30 km;0,0;2,35;-5,29;<1,000 (very small rural);NORD OCCIDENTAL;Navarra;Comunidad Foral de Navarra
37152;Gomecello;412,0;14,71;<=30 km;-17,87;-2,7;-4,63;<1,000 (very small rural);SALAMANCA;Salamanca;Castilla y León
48066;Morga;412,0;15,29;<=30 km;3,65;-3,55;0,98;<1,000 (very small rural);GUERNIKA-BERMEO;Bizkaia;País Vasco/Euskadi
09215;Merindad de Sotoscueva;412,0;45,49;30-60 km;-18,36;1,74;0,73;<1,000 (very small rural);MERINDADES;Burgos;Castilla y León
17064;Espolla;412,0;51,47;30-60 km;1,44;-3,06;0,0;<1,000 (very small rural);ALT EMPORDA;Girona;Cataluña/Catalunya
50293;Villarroya de la Sierra;413,0;74,44;>60 km;-18,78;-4,51;-7,19;<1,000 (very small rural);CALATAYUD;Zaragoza;Aragón
22028;Ansó;413,0;72,21;>60 km;-13,47;-7,89;4,03;<1,000 (very small rural);JACETANIA;Huesca;Aragón
45010;Aldeanueva de San Bartolomé;413,0;41,04;30-60 km;-11,2;-4,84;0,0;<1,000 (very small rural);LA JARA;Toledo;Castilla-La Mancha
03010;Alfafara;413,0;11,69;<=30 km;-4,48;0,25;1,23;<1,000 (very small rural);MONTAÑA;Alacant/Alicante;Comunitat Valenciana
02014;El Ballestero;413,0;52,16;30-60 km;-12,47;0,98;0,0;<1,000 (very small rural);SIERRA ALCARAZ;Albacete;Castilla-La Mancha
48914;Arratzu;414,0;25,47;<=30 km;3,34;1,44;-2,36;<1,000 (very small rural);GUERNIKA-BERMEO;Bizkaia;País Vasco/Euskadi
14032;La Granjuela;414,0;79,54;>60 km;-8,49;-5,26;-4,17;<1,000 (very small rural);PEDROCHES;Córdoba;Andalucía
49117;Micereces de Tera;414,0;51,83;30-60 km;-12,91;-5,54;-6,55;<1,000 (very small rural);BENAVENTE Y LOS VALLES;Zamora;Castilla y León
49227;Valcabado;415,0;5,72;<=30 km;16,35;12,46;4,53;<1,000 (very small rural);CAMPOS-PAN;Zamora;Castilla y León
09218;Milagros;415,0;85,19;>60 km;-10,35;-2,88;-5,25;<1,000 (very small rural);LA RIBERA;Burgos;Castilla y León
49268;Villarrín de Campos;415,0;33,78;30-60 km;-20,96;-4,21;7,24;<1,000 (very small rural);CAMPOS-PAN;Zamora;Castilla y León
21065;Sanlúcar de Guadiana;416,0;46,38;30-60 km;-4,77;-4,04;9,47;<1,000 (very small rural);ANDEVALO OCCIDENTAL;Huelva;Andalucía
24182;Valderrey;416,0;43,21;30-60 km;-11,76;-0,23;-4,37;<1,000 (very small rural);ASTORGA;León;Castilla y León
28062;Garganta de los Montes;416,0;29,9;<=30 km;-15,13;18,1;1,22;<1,000 (very small rural);LOZOYA SOMOSIERRA;Madrid;Comunidad de Madrid
43157;Ulldemolins;416,0;29,62;<=30 km;-12,03;-0,5;4,0;<1,000 (very small rural);PRIORAT;Tarragona;Cataluña/Catalunya
24125;Quintana y Congosto;416,0;48,06;30-60 km;-32,61;16,1;1,22;<1,000 (very small rural);LA BAÑEZA;León;Castilla y León
16018;Almonacid del Marquesado;417,0;76,62;>60 km;-9,41;2,09;-5,23;<1,000 (very small rural);MANCHA ALTA;Cuenca;Castilla-La Mancha
43114;Porrera;417,0;22,89;<=30 km;-5,77;-2,95;-2,57;<1,000 (very small rural);PRIORAT;Tarragona;Cataluña/Catalunya
45063;Espinoso del Rey;418,0;35,09;30-60 km;-20,88;-0,91;-3,91;<1,000 (very small rural);LA JARA;Toledo;Castilla-La Mancha
17116;Osor;418,0;23,15;<=30 km;-7,68;2,4;-1,88;<1,000 (very small rural);SELVA;Girona;Cataluña/Catalunya
13008;Alcubillas;418,0;75,7;>60 km;-14,85;-3,92;-10,3;<1,000 (very small rural);CAMPO DE MONTIEL;Ciudad Real;Castilla-La Mancha
49068;Ferreruela;419,0;36,36;30-60 km;-11,55;-7,35;-4,99;<1,000 (very small rural);ALISTE;Zamora;Castilla y León
05049;Cardeñosa;419,0;11,02;<=30 km;-14,23;-5,53;-1,87;<1,000 (very small rural);AVILA;Ávila;Castilla y León
08024;Borredà;419,0;47,95;30-60 km;-19,33;-0,22;-7,91;<1,000 (very small rural);BERGUEDA;Barcelona;Cataluña/Catalunya
17081;Gualta;419,0;23,83;<=30 km;9,5;7,4;-0,48;<1,000 (very small rural);BAIX EMPORDA;Girona;Cataluña/Catalunya
47160;Siete Iglesias de Trabancos;419,0;46,84;30-60 km;-17,84;-0,93;-1,87;<1,000 (very small rural);SUR;Valladolid;Castilla y León
09373;Sotresgudo;420,0;50,47;30-60 km;-11,52;-0,67;-5,62;<1,000 (very small rural);PISUERGA;Burgos;Castilla y León
49009;Andavías;420,0;10,18;<=30 km;-10,2;2,51;-6,46;<1,000 (very small rural);CAMPOS-PAN;Zamora;Castilla y León
49034;Cañizal;421,0;34,99;30-60 km;-11,54;-5,93;-1,64;<1,000 (very small rural);DUERO BAJO;Zamora;Castilla y León
37044;Barruecopardo;421,0;83,57;>60 km;-11,52;0,23;-4,97;<1,000 (very small rural);VITIGUDINO;Salamanca;Castilla y León
09216;Merindad de Valdeporres;421,0;41,89;30-60 km;-4,76;0,47;-2,32;<1,000 (very small rural);MERINDADES;Burgos;Castilla y León
12078;Montán;421,0;37,57;30-60 km;-14,12;1,67;15,34;<1,000 (very small rural);PALANCIA;Castelló/Castellón;Comunitat Valenciana
49193;San Pedro de Ceque;421,0;62,38;>60 km;-16,12;-5,62;-3,66;<1,000 (very small rural);BENAVENTE Y LOS VALLES;Zamora;Castilla y León
49008;Almeida de Sayago;422,0;35,54;30-60 km;-15,07;-8,44;-0,24;<1,000 (very small rural);SAYAGO;Zamora;Castilla y León
22077;Candasnos;422,0;45,26;30-60 km;-20,25;26,81;4,98;<1,000 (very small rural);BAJO CINCA;Huesca;Aragón
18005;Albuñán;422,0;40,35;30-60 km;-3,02;-2,89;4,71;<1,000 (very small rural);GUADIX;Granada;Andalucía
19044;Atienza;422,0;68,13;>60 km;-4,44;-8,35;6,84;<1,000 (very small rural);SIERRA;Guadalajara;Castilla-La Mancha
47087;Megeces;422,0;32,74;30-60 km;-5,27;1,17;-2,54;<1,000 (very small rural);SURESTE;Valladolid;Castilla y León
47116;Pesquera de Duero;423,0;46,43;30-60 km;-12,9;-5,03;-2,53;<1,000 (very small rural);SURESTE;Valladolid;Castilla y León
16041;Buendía;423,0;45,86;30-60 km;-14,02;-0,97;3,17;<1,000 (very small rural);ALCARRIA;Cuenca;Castilla-La Mancha
16015;La Almarcha;423,0;66,24;>60 km;-29,19;10,4;2,17;<1,000 (very small rural);MANCHA ALTA;Cuenca;Castilla-La Mancha
42181;Tardelcuende;424,0;99,07;>60 km;-13,17;-2,33;0,95;<1,000 (very small rural);SORIA;Soria;Castilla y León
09067;Canicosa de la Sierra;424,0;71,53;>60 km;-14,18;-7,23;-2,75;<1,000 (very small rural);DEMANDA;Burgos;Castilla y León
09026;Arlanzón;424,0;20,39;<=30 km;-2,59;2,7;1,19;<1,000 (very small rural);ARLANZON;Burgos;Castilla y León
43177;Vinebre;424,0;42,45;30-60 km;-6,96;-1,16;-0,7;<1,000 (very small rural);RIBERA D'EBRE;Tarragona;Cataluña/Catalunya
48063;Mendexa;424,0;37,95;30-60 km;2,97;-2,31;0,47;<1,000 (very small rural);ONDARROA;Bizkaia;País Vasco/Euskadi
43062;Freginals;424,0;74,44;>60 km;-14,44;5,96;8,44;<1,000 (very small rural);MONTSIA;Tarragona;Cataluña/Catalunya
24066;Destriana;424,0;42,87;30-60 km;-15,12;-10,91;-3,85;<1,000 (very small rural);LA BAÑEZA;León;Castilla y León
25015;Algerri;424,0;21,83;<=30 km;-7,33;6,02;0,24;<1,000 (very small rural);NOGUERA;Lleida;Cataluña/Catalunya
45094;Mascaraque;424,0;22,89;<=30 km;-14,94;-5,92;2,66;<1,000 (very small rural);LA MANCHA;Toledo;Castilla-La Mancha
21048;Los Marines;424,0;75,07;>60 km;13,26;1,99;3,41;<1,000 (very small rural);SIERRA;Huelva;Andalucía
45048;Los Cerralbos;425,0;23,95;<=30 km;-18,18;0,0;1,67;<1,000 (very small rural);TALAVERA;Toledo;Castilla-La Mancha
24068;La Ercina;425,0;35,88;30-60 km;-12,73;-2,6;-5,56;<1,000 (very small rural);LA MONTAÑA DE RIAÑO;León;Castilla y León
18128;Marchal;425,0;37,21;30-60 km;-0,24;1,22;2,66;<1,000 (very small rural);GUADIX;Granada;Andalucía
33062;Santa Eulalia de Oscos;425,0;52,12;30-60 km;-9,61;-4,19;-2,07;<1,000 (very small rural);VEGADEO;Asturias;Principado de Asturias
05211;San Juan de la Nava;426,0;21,77;<=30 km;-3,1;-1,48;-8,58;<1,000 (very small rural);VALLE BAJO ALBERCHE;Ávila;Castilla y León
24020;Boca de Huérgano;426,0;74,0;>60 km;-10,13;-6,53;-4,05;<1,000 (very small rural);LA MONTAÑA DE RIAÑO;León;Castilla y León
26003;Aguilar del Río Alhama;426,0;68,55;>60 km;-12,75;-2,77;-6,78;<1,000 (very small rural);RIOJA BAJA;La Rioja;La Rioja
10022;Arroyomolinos de la Vera;426,0;87,94;>60 km;-7,0;-2,48;-1,62;<1,000 (very small rural);PLASENCIA;Cáceres;Extremadura
18170;Rubite;426,0;13,63;<=30 km;-16,23;0,52;10,94;<1,000 (very small rural);LA COSTA;Granada;Andalucía
17126;Parlavà;427,0;17,64;<=30 km;2,87;4,82;3,39;<1,000 (very small rural);BAIX EMPORDA;Girona;Cataluña/Catalunya
26013;Anguciana;427,0;35,57;30-60 km;-8,07;-2,53;0,95;<1,000 (very small rural);RIOJA ALTA;La Rioja;La Rioja
22187;La Puebla de Castro;427,0;60,11;>60 km;-13,22;5,11;9,21;<1,000 (very small rural);RIBARGORZA;Huesca;Aragón
37168;Lagunilla;428,0;74,45;>60 km;-12,39;-8,02;-4,25;<1,000 (very small rural);LA SIERRA;Salamanca;Castilla y León
43040;Capçanes;428,0;27,61;<=30 km;-4,05;-1,01;8,63;<1,000 (very small rural);PRIORAT;Tarragona;Cataluña/Catalunya
26017;Arnedillo;428,0;32,75;30-60 km;-5,45;6,1;-5,31;<1,000 (very small rural);SIERRA RIOJA BAJA;La Rioja;La Rioja
10152;Pozuelo de Zarzón;428,0;85,37;>60 km;-14,62;-7,64;-1,61;<1,000 (very small rural);CORIA;Cáceres;Extremadura
50199;Osera de Ebro;428,0;34,12;30-60 km;-14,29;0,0;8,35;<1,000 (very small rural);ZARAGOZA;Zaragoza;Aragón
50296;La Zaida;428,0;55,92;30-60 km;-9,92;-5,05;-0,93;<1,000 (very small rural);CASPE;Zaragoza;Aragón
25125;Llardecans;428,0;27,37;<=30 km;-8,74;-6,74;-0,23;<1,000 (very small rural);SEGRIA;Lleida;Cataluña/Catalunya
46902;Gátova;429,0;23,02;<=30 km;-13,48;6,89;2,39;<1,000 (very small rural);PALANCIA;València/Valencia;Comunitat Valenciana
06112;Retamal de Llerena;429,0;64,39;>60 km;-8,45;-2,48;-0,69;<1,000 (very small rural);AZUAGA;Badajoz;Extremadura
23016;Benatae;429,0;90,44;>60 km;-14,47;-3,06;-3,16;<1,000 (very small rural);SIERRA DE SEGURA;Jaén;Andalucía
49209;San Vitero;429,0;54,79;30-60 km;-15,64;-9,04;-9,3;<1,000 (very small rural);ALISTE;Zamora;Castilla y León
34059;Cisneros;430,0;35,64;30-60 km;-13,26;-4,24;0,23;<1,000 (very small rural);CAMPOS;Palencia;Castilla y León
50105;Fayón;430,0;46,29;30-60 km;-14,53;7,91;12,57;<1,000 (very small rural);CASPE;Zaragoza;Aragón
25037;Les Avellanes i Santa Linya;430,0;36,17;30-60 km;-3,19;-1,76;-3,8;<1,000 (very small rural);NOGUERA;Lleida;Cataluña/Catalunya
49041;Castrogonzalo;430,0;54,31;30-60 km;-5,7;-4,6;-5,7;<1,000 (very small rural);BENAVENTE Y LOS VALLES;Zamora;Castilla y León
49234;Venialbo;431,0;27,18;<=30 km;-6,79;-3,03;3,61;<1,000 (very small rural);DUERO BAJO;Zamora;Castilla y León
45126;Otero;431,0;30,14;30-60 km;-9,97;-8,28;39,03;<1,000 (very small rural);TORRIJOS;Toledo;Castilla-La Mancha
26075;Hormilla;431,0;26,81;<=30 km;-4,86;-2,5;0,47;<1,000 (very small rural);RIOJA ALTA;La Rioja;La Rioja
46234;Sot de Chera;432,0;39,52;30-60 km;-19,21;9,94;11,63;<1,000 (very small rural);ALTO TURIA;València/Valencia;Comunitat Valenciana
39071;San Pedro del Romeral;432,0;29,79;<=30 km;-14,39;1,72;-8,86;<1,000 (very small rural);PAS-IGUÑA;Cantabria;Cantabria
12111;Tírig;432,0;49,36;30-60 km;-21,96;-3,68;3,1;<1,000 (very small rural);BAJO MAESTRAZGO;Castelló/Castellón;Comunitat Valenciana
31130;Iturmendi;432,0;40,0;30-60 km;-1,24;12,83;0,23;<1,000 (very small rural);NORD OCCIDENTAL;Navarra;Comunidad Foral de Navarra
31120;Guesálaz/Gesalatz;433,0;22,89;<=30 km;-0,66;-1,35;-1,14;<1,000 (very small rural);TIERRA ESTELLA;Navarra;Comunidad Foral de Navarra
25161;Conca de Dalt;434,0;76,52;>60 km;5,95;-1,64;3,09;<1,000 (very small rural);PALLARS JUSSA;Lleida;Cataluña/Catalunya
10062;Cedillo;434,0;93,14;>60 km;-6,53;-5,57;2,36;<1,000 (very small rural);VALENCIA DE ALCANTARA;Cáceres;Extremadura
47148;San Pedro de Latarce;434,0;45,91;30-60 km;-6,93;-6,87;-5,86;<1,000 (very small rural);TIERRA DE CAMPOS;Valladolid;Castilla y León
44112;Fuentes Claras;435,0;92,6;>60 km;-17,18;-6,07;0,46;<1,000 (very small rural);CUENCA DEL JILOCA;Teruel;Aragón
24054;Cimanes de la Vega;435,0;53,42;30-60 km;-15,74;-6,57;-1,36;<1,000 (very small rural);ESLA-CAMPOS;León;Castilla y León
24053;Cebrones del Río;435,0;42,73;30-60 km;-15,56;-8,24;2,84;<1,000 (very small rural);LA BAÑEZA;León;Castilla y León
25164;Penelles;435,0;32,57;30-60 km;-8,32;-4,11;-1,81;<1,000 (very small rural);NOGUERA;Lleida;Cataluña/Catalunya
25233;Torre-serona;435,0;6,77;<=30 km;4,31;-0,78;13,58;<1,000 (very small rural);SEGRIA;Lleida;Cataluña/Catalunya
23054;Larva;436,0;49,1;30-60 km;-1,62;-3,11;-6,64;<1,000 (very small rural);MAGINA;Jaén;Andalucía
44221;Torrecilla de Alcañiz;436,0;92,37;>60 km;-2,52;6,38;-3,11;<1,000 (very small rural);BAJO ARAGON;Teruel;Aragón
31194;Valle de Ollo/Ollaran;436,0;17,12;<=30 km;6,68;-0,48;5,57;<1,000 (very small rural);CUENCA PAMPLONA;Navarra;Comunidad Foral de Navarra
10103;Jaraicejo;436,0;64,25;>60 km;-12,65;-6,54;-4,6;<1,000 (very small rural);TRUJILLO;Cáceres;Extremadura
18141;Murtas;437,0;33,8;30-60 km;-27,01;-0,86;-5,0;<1,000 (very small rural);LAS ALPUJARRAS;Granada;Andalucía
32038;Larouco;437,0;52,06;30-60 km;-15,26;-6,15;2,34;<1,000 (very small rural);EL BARCO DE VALDEORRAS;Ourense;Galicia
16032;Belinchón;437,0;43,79;30-60 km;-14,91;12,5;18,43;<1,000 (very small rural);MANCHA ALTA;Cuenca;Castilla-La Mancha
09251;Pancorbo;437,0;42,23;30-60 km;-10,58;-2,98;3,31;<1,000 (very small rural);BUREBA-EBRO;Burgos;Castilla y León
24199;Vegaquemada;437,0;30,88;30-60 km;-2,2;-2,52;2,58;<1,000 (very small rural);LA MONTAÑA DE RIAÑO;León;Castilla y León
17065;Esponellà;438,0;20,96;<=30 km;-4,21;8,31;-6,61;<1,000 (very small rural);PLA DE L'ESTANY;Girona;Cataluña/Catalunya
08160;Perafita;438,0;43,31;30-60 km;2,75;0,0;6,31;<1,000 (very small rural);OSONA;Barcelona;Cataluña/Catalunya
49108;Manganeses de la Lampreana;439,0;28,17;<=30 km;-10,43;-7,05;-2,01;<1,000 (very small rural);CAMPOS-PAN;Zamora;Castilla y León
19142;Hontoba;439,0;24,27;<=30 km;-8,06;26,42;16,14;<1,000 (very small rural);CAMPIÑA;Guadalajara;Castilla-La Mancha
49235;Vezdemarbán;439,0;40,3;30-60 km;-26,55;16,97;-2,01;<1,000 (very small rural);CAMPOS-PAN;Zamora;Castilla y León
10207;Villa del Campo;439,0;86,33;>60 km;-4,2;-9,16;-3,73;<1,000 (very small rural);CORIA;Cáceres;Extremadura
40904;Navas de Riofrío;439,0;7,44;<=30 km;-3,16;-7,09;19,62;<1,000 (very small rural);SEGOVIA;Segovia;Castilla y León
50269;Urrea de Jalón;440,0;25,2;<=30 km;-0,25;6,94;-1,57;<1,000 (very small rural);LA ALMUNIA DE DOÑA GODINA;Zaragoza;Aragón
04071;Padules;440,0;24,02;<=30 km;-14,51;4,06;0,92;<1,000 (very small rural);ALTO ANDARAX;Almería;Andalucía
16039;Buenache de Alarcón;440,0;62,94;>60 km;-21,86;1,79;-3,08;<1,000 (very small rural);MANCHUELA;Cuenca;Castilla-La Mancha
16053;Cañizares;440,0;37,97;30-60 km;-10,61;-6,14;2,8;<1,000 (very small rural);SERRANIA ALTA;Cuenca;Castilla-La Mancha
49242;Villafáfila;440,0;39,52;30-60 km;-13,96;-1,66;-7,37;<1,000 (very small rural);CAMPOS-PAN;Zamora;Castilla y León
24040;Carrocera;440,0;27,7;<=30 km;-12,59;-2,8;-2,65;<1,000 (very small rural);LA MONTAÑA DE LUNA;León;Castilla y León
44237;Urrea de Gaén;440,0;68,18;>60 km;-12,52;-0,23;1,15;<1,000 (very small rural);BAJO ARAGON;Teruel;Aragón
46185;Otos;440,0;21,57;<=30 km;-8,16;-4,04;2,8;<1,000 (very small rural);VALLES DE ALBAIDA;València/Valencia;Comunitat Valenciana
03115;Sagra;441,0;22,51;<=30 km;-13,44;9,77;3,28;<1,000 (very small rural);MARQUESADO;Alacant/Alicante;Comunitat Valenciana
05099;Horcajo de las Torres;441,0;49,41;30-60 km;-13,38;-6,05;-8,32;<1,000 (very small rural);AREVALO-MADRIGAL;Ávila;Castilla y León
50157;Malón;442,0;68,58;>60 km;-6,93;14,86;19,14;<1,000 (very small rural);BORJA;Zaragoza;Aragón
01062;Zambrana;442,0;24,09;<=30 km;-4,96;8,0;2,31;<1,000 (very small rural);VALLES ALAVESES;Araba/Álava;País Vasco/Euskadi
12045;Cinctorres;442,0;66,04;>60 km;-16,8;1,25;9,41;<1,000 (very small rural);ALTO MAESTRAZGO;Castelló/Castellón;Comunitat Valenciana
24016;Benuza;442,0;15,68;<=30 km;-17,6;-5,11;-4,74;<1,000 (very small rural);LA CABRERA;León;Castilla y León
02070;Salobre;442,0;70,92;>60 km;-13,41;-7,98;-4,12;<1,000 (very small rural);SIERRA ALCARAZ;Albacete;Castilla-La Mancha
24155;Santa María de la Isla;443,0;38,43;30-60 km;-12,32;-4,88;-5,34;<1,000 (very small rural);LA BAÑEZA;León;Castilla y León
16145;Osa de la Vega;443,0;87,81;>60 km;-18,0;-6,19;-2,64;<1,000 (very small rural);MANCHA BAJA;Cuenca;Castilla-La Mancha
08299;Vilada;443,0;46,97;30-60 km;-16,7;-1,4;4,48;<1,000 (very small rural);BERGUEDA;Barcelona;Cataluña/Catalunya
37297;Santibáñez de Béjar;444,0;52,71;30-60 km;-10,69;-1,07;-3,9;<1,000 (very small rural);LA SIERRA;Salamanca;Castilla y León
48907;Kortezubi;444,0;25,82;<=30 km;3,49;-1,13;1,14;<1,000 (very small rural);GUERNIKA-BERMEO;Bizkaia;País Vasco/Euskadi
22023;Almuniente;444,0;21,85;<=30 km;-11,64;-3,61;-2,2;<1,000 (very small rural);HOYA DE HUESCA;Huesca;Aragón
03054;Castell de Castells;444,0;20,63;<=30 km;-15,5;-2,3;4,47;<1,000 (very small rural);MONTAÑA;Alacant/Alicante;Comunitat Valenciana
25208;Soriguera;444,0;92,12;>60 km;9,51;8,02;3,02;<1,000 (very small rural);PALLARS SOBIRA;Lleida;Cataluña/Catalunya
10137;Palomero;445,0;94,21;>60 km;-15,95;-3,65;12,37;<1,000 (very small rural);HERVAS;Cáceres;Extremadura
03051;el Camp de Mirra/Campo de Mirra;445,0;24,95;<=30 km;-0,46;0,23;3,73;<1,000 (very small rural);VINALOPO;Alacant/Alicante;Comunitat Valenciana
20007;Altzo;445,0;22,98;<=30 km;5,43;4,68;-0,45;<1,000 (very small rural);TOLOSA;Gipuzkoa;País Vasco/Euskadi
37175;Machacón;445,0;14,86;<=30 km;-6,46;-2,83;-0,22;<1,000 (very small rural);SALAMANCA;Salamanca;Castilla y León
05165;Navarredonda de Gredos;446,0;49,51;30-60 km;-3,6;-2,3;5,19;<1,000 (very small rural);GREDOS;Ávila;Castilla y León
37192;Miranda de Azán;447,0;9,52;<=30 km;-4,06;5,4;-0,45;<1,000 (very small rural);SALAMANCA;Salamanca;Castilla y León
46079;Calles;447,0;47,93;30-60 km;-29,74;7,6;21,47;<1,000 (very small rural);ALTO TURIA;València/Valencia;Comunitat Valenciana
03038;Benimarfull;447,0;15,0;<=30 km;2,45;-3,87;12,59;<1,000 (very small rural);MONTAÑA;Alacant/Alicante;Comunitat Valenciana
49010;Arcenillas;448,0;11,14;<=30 km;4,03;5,93;4,43;<1,000 (very small rural);DUERO BAJO;Zamora;Castilla y León
40104;Ituero y Lama;448,0;20,83;<=30 km;-5,42;9,97;12,85;<1,000 (very small rural);SEGOVIA;Segovia;Castilla y León
10204;Valverde de la Vera;448,0;58,01;30-60 km;-15,51;-4,78;2,28;<1,000 (very small rural);JARAIZ DE LA VERA;Cáceres;Extremadura
37007;Alaraz;448,0;40,27;30-60 km;-11,58;-7,34;4,43;<1,000 (very small rural);PEÑARANDA DE BRACAMONTE;Salamanca;Castilla y León
24174;Urdiales del Páramo;449,0;28,67;<=30 km;-12,7;-4,57;-6,46;<1,000 (very small rural);EL PARAMO;León;Castilla y León
31161;Mañeru;450,0;24,55;<=30 km;-1,17;-3,2;6,38;<1,000 (very small rural);TIERRA ESTELLA;Navarra;Comunidad Foral de Navarra
25255;Vinaixa;450,0;34,56;30-60 km;-15,85;-3,73;-3,02;<1,000 (very small rural);GARRIGUES;Lleida;Cataluña/Catalunya
05109;Langa;450,0;41,71;30-60 km;-6,07;-4,11;-3,64;<1,000 (very small rural);AREVALO-MADRIGAL;Ávila;Castilla y León
17130;La Pera;450,0;11,87;<=30 km;5,06;0,22;0,45;<1,000 (very small rural);BAIX EMPORDA;Girona;Cataluña/Catalunya
45079;La Iglesuela del Tiétar;451,0;33,06;30-60 km;3,16;13,55;-2,17;<1,000 (very small rural);TALAVERA;Toledo;Castilla-La Mancha
44045;Bronchales;451,0;50,53;30-60 km;-6,18;-4,29;6,37;<1,000 (very small rural);SERRANIA DE ALBARRACIN;Teruel;Aragón
49066;Ferreras de Abajo;451,0;47,58;30-60 km;-10,05;-4,82;-8,7;<1,000 (very small rural);ALISTE;Zamora;Castilla y León
31081;Donamaria;452,0;27,23;<=30 km;-0,46;4,64;0,22;<1,000 (very small rural);NORD OCCIDENTAL;Navarra;Comunidad Foral de Navarra
17010;Argelaguer;452,0;30,27;30-60 km;-0,24;-1,42;8,39;<1,000 (very small rural);GARROTXA;Girona;Cataluña/Catalunya
49103;Madridanos;453,0;18,25;<=30 km;-9,4;-3,4;-0,44;<1,000 (very small rural);DUERO BAJO;Zamora;Castilla y León
29904;Serrato;453,0;39,75;30-60 km;;-0,84;-4,23;<1,000 (very small rural);SERRANIA DE RONDA;Málaga;Andalucía
03040;Benimeli;453,0;23,24;<=30 km;-6,9;1,22;9,16;<1,000 (very small rural);MARQUESADO;Alacant/Alicante;Comunitat Valenciana
18015;Alicún de Ortega;454,0;56,57;30-60 km;-6,25;-1,47;-2,99;<1,000 (very small rural);GUADIX;Granada;Andalucía
25905;Ribera d'Ondara;454,0;42,86;30-60 km;-5,66;2,13;5,34;<1,000 (very small rural);SEGARRA;Lleida;Cataluña/Catalunya
16048;Cañamares;454,0;33,53;30-60 km;-14,0;-1,71;-1,09;<1,000 (very small rural);SERRANIA MEDIA;Cuenca;Castilla-La Mancha
10040;Calzadilla;455,0;76,9;>60 km;-4,34;-5,31;-1,94;<1,000 (very small rural);CORIA;Cáceres;Extremadura
25024;Alt Àneu;455,0;123,43;>60 km;-10,0;5,91;5,81;<1,000 (very small rural);PALLARS SOBIRA;Lleida;Cataluña/Catalunya
25035;La Sentiu de Sió;455,0;31,28;30-60 km;-8,81;-0,23;6,81;<1,000 (very small rural);NOGUERA;Lleida;Cataluña/Catalunya
23004;Aldeaquemada;456,0;41,81;30-60 km;-10,18;-2,79;-6,37;<1,000 (very small rural);SIERRA MORENA;Jaén;Andalucía
37269;Robleda;457,0;101,86;>60 km;-5,09;-5,81;-2,77;<1,000 (very small rural);CIUDAD RODRIGO;Salamanca;Castilla y León
05097;La Horcajada;457,0;61,32;>60 km;-11,35;-4,44;-7,68;<1,000 (very small rural);BARCO AVILA-PIEDRAHITA;Ávila;Castilla y León
50164;Mediana de Aragón;457,0;30,52;30-60 km;-0,43;0,0;-1,72;<1,000 (very small rural);ZARAGOZA;Zaragoza;Aragón
32064;Pontedeva;458,0;28,91;<=30 km;-14,54;-11,37;-6,72;<1,000 (very small rural);ORENSE;Ourense;Galicia
26151;Torrecilla en Cameros;458,0;27,19;<=30 km;-13,15;-2,16;0,88;<1,000 (very small rural);SIERRA RIOJA MEDIA;La Rioja;La Rioja
44174;Orihuela del Tremedal;458,0;48,67;30-60 km;-15,0;-6,78;0,88;<1,000 (very small rural);SERRANIA DE ALBARRACIN;Teruel;Aragón
01014;Berantevilla;459,0;21,69;<=30 km;-10,32;4,97;-1,29;<1,000 (very small rural);VALLES ALAVESES;Araba/Álava;País Vasco/Euskadi
44108;La Fresneda;459,0;89,27;>60 km;-12,63;3,16;0,44;<1,000 (very small rural);BAJO ARAGON;Teruel;Aragón
16243;Villaescusa de Haro;459,0;84,7;>60 km;-12,72;0,21;-2,55;<1,000 (very small rural);MANCHA BAJA;Cuenca;Castilla-La Mancha
08059;Castellfollit del Boix;459,0;13,61;<=30 km;7,58;0,45;2,46;<1,000 (very small rural);BAGES;Barcelona;Cataluña/Catalunya
06106;Puebla del Prior;460,0;46,19;30-60 km;-6,78;-6,2;-1,92;<1,000 (very small rural);ALMENDRALEJO;Badajoz;Extremadura
44179;Peñarroya de Tastavins;460,0;83,77;>60 km;-9,43;2,51;2,22;<1,000 (very small rural);BAJO ARAGON;Teruel;Aragón
04054;Íllar;460,0;23,02;<=30 km;-17,26;11,79;5,5;<1,000 (very small rural);ALTO ANDARAX;Almería;Andalucía
09256;Pedrosa de Duero;460,0;54,65;30-60 km;-9,69;10,73;-5,15;<1,000 (very small rural);LA RIBERA;Burgos;Castilla y León
45009;Aldeanueva de Barbarroya;461,0;28,33;<=30 km;-14,22;-8,67;-6,87;<1,000 (very small rural);LA JARA;Toledo;Castilla-La Mancha
13003;Alamillo;461,0;79,77;>60 km;-2,26;-7,3;-1,91;<1,000 (very small rural);MONTES SUR;Ciudad Real;Castilla-La Mancha
40176;Samboal;461,0;46,58;30-60 km;-9,63;-3,24;2,9;<1,000 (very small rural);CUELLAR;Segovia;Castilla y León
11040;Villaluenga del Rosario;462,0;31,7;30-60 km;-8,04;5,94;-0,43;<1,000 (very small rural);SIERRA DE CADIZ;Cádiz;Andalucía
29029;Benarrabá;462,0;16,94;<=30 km;-18,23;-4,37;5,48;<1,000 (very small rural);SERRANIA DE RONDA;Málaga;Andalucía
43018;Arnes;463,0;77,27;>60 km;-7,46;-5,36;4,99;<1,000 (very small rural);TERRA ALTA;Tarragona;Cataluña/Catalunya
40030;Bernardos;463,0;30,2;30-60 km;-14,8;-1,62;-4,73;<1,000 (very small rural);CUELLAR;Segovia;Castilla y León
46210;Ráfol de Salem;464,0;21,4;<=30 km;-3,85;2,05;3,34;<1,000 (very small rural);VALLES DE ALBAIDA;València/Valencia;Comunitat Valenciana
16186;Saelices;464,0;69,98;>60 km;-23,22;-9,11;1,09;<1,000 (very small rural);MANCHA ALTA;Cuenca;Castilla-La Mancha
09261;Peñaranda de Duero;465,0;75,92;>60 km;-8,16;-3,04;-9,0;<1,000 (very small rural);LA RIBERA;Burgos;Castilla y León
10169;Santiago de Alcántara;465,0;73,8;>60 km;-15,93;-6,51;-4,71;<1,000 (very small rural);VALENCIA DE ALCANTARA;Cáceres;Extremadura
17123;Palol de Revardit;465,0;8,37;<=30 km;1,06;-4,5;4,26;<1,000 (very small rural);PLA DE L'ESTANY;Girona;Cataluña/Catalunya
44192;La Puebla de Valverde;465,0;76,21;>60 km;-17,21;-1,77;4,49;<1,000 (very small rural);HOYA DE TERUEL;Teruel;Aragón
05245;Tornadizos de Ávila;465,0;7,17;<=30 km;1,89;-1,38;8,39;<1,000 (very small rural);AVILA;Ávila;Castilla y León
31074;Cirauqui/Zirauki;465,0;26,6;<=30 km;-5,35;-0,41;-4,71;<1,000 (very small rural);TIERRA ESTELLA;Navarra;Comunidad Foral de Navarra
29024;Benalauría;465,0;19,71;<=30 km;-12,65;-1,58;6,65;<1,000 (very small rural);SERRANIA DE RONDA;Málaga;Andalucía
37171;Ledrada;465,0;54,04;30-60 km;-14,36;-2,51;-0,21;<1,000 (very small rural);LA SIERRA;Salamanca;Castilla y León
49036;Carbajales de Alba;466,0;21,56;<=30 km;-17,09;-11,69;-5,09;<1,000 (very small rural);ALISTE;Zamora;Castilla y León
48007;Munitibar-Arbatzegi Gerrikaitz;466,0;27,56;<=30 km;9,13;5,22;-3,72;<1,000 (very small rural);ONDARROA;Bizkaia;País Vasco/Euskadi
49210;Sanzoles;466,0;21,88;<=30 km;-9,19;-6,92;-1,06;<1,000 (very small rural);DUERO BAJO;Zamora;Castilla y León
25250;Vilanova de Meià;466,0;53,6;30-60 km;-4,98;8,1;9,13;<1,000 (very small rural);NOGUERA;Lleida;Cataluña/Catalunya
49087;Gallegos del Río;467,0;38,95;30-60 km;-17,5;-6,64;0,65;<1,000 (very small rural);ALISTE;Zamora;Castilla y León
02065;Pozuelo;467,0;23,12;<=30 km;-14,05;-4,91;0,43;<1,000 (very small rural);CENTRO;Albacete;Castilla-La Mancha
44117;Gea de Albarracín;467,0;59,62;30-60 km;-10,36;0,53;23,54;<1,000 (very small rural);SERRANIA DE ALBARRACIN;Teruel;Aragón
40162;Prádena;468,0;48,45;30-60 km;-13,96;-2,31;-7,87;<1,000 (very small rural);SEGOVIA;Segovia;Castilla y León
47205;Villafrechós;468,0;44,59;30-60 km;-9,91;-8,51;1,3;<1,000 (very small rural);TIERRA DE CAMPOS;Valladolid;Castilla y León
40073;Escalona del Prado;468,0;29,24;<=30 km;-14,38;-0,6;-6,02;<1,000 (very small rural);CUELLAR;Segovia;Castilla y León
43172;Vilaverd;468,0;20,98;<=30 km;-12,7;-2,41;5,17;<1,000 (very small rural);CONCA DE BARBERA;Tarragona;Cataluña/Catalunya
22083;Castejón de Monegros;468,0;56,6;30-60 km;-18,64;-6,4;-5,84;<1,000 (very small rural);MONEGROS;Huesca;Aragón
46138;Guadasséquies;468,0;24,97;<=30 km;5,03;3,38;1,96;<1,000 (very small rural);VALLES DE ALBAIDA;València/Valencia;Comunitat Valenciana
16089;Fuentes;468,0;30,46;30-60 km;-10,42;2,64;0,43;<1,000 (very small rural);SERRANIA MEDIA;Cuenca;Castilla-La Mancha
28034;Canencia;469,0;25,44;<=30 km;-10,58;8,98;1,74;<1,000 (very small rural);LOZOYA SOMOSIERRA;Madrid;Comunidad de Madrid
16238;Vara de Rey;470,0;63,0;>60 km;-15,34;-5,59;-0,63;<1,000 (very small rural);MANCHA BAJA;Cuenca;Castilla-La Mancha
09369;Sotillo de la Ribera;470,0;61,97;>60 km;-11,95;-4,29;0,21;<1,000 (very small rural);LA RIBERA;Burgos;Castilla y León
43021;Barberà de la Conca;471,0;30,58;30-60 km;-11,67;-0,84;-0,21;<1,000 (very small rural);CONCA DE BARBERA;Tarragona;Cataluña/Catalunya
13076;Santa Cruz de los Cáñamos;471,0;89,15;>60 km;-8,93;-1,53;-8,54;<1,000 (very small rural);CAMPO DE MONTIEL;Ciudad Real;Castilla-La Mancha
21067;Santa Ana la Real;472,0;67,19;>60 km;-5,58;1,88;-3,48;<1,000 (very small rural);SIERRA;Huelva;Andalucía
17075;Garrigàs;472,0;24,09;<=30 km;12,95;5,69;1,72;<1,000 (very small rural);ALT EMPORDA;Girona;Cataluña/Catalunya
08132;Montmajor;472,0;33,35;30-60 km;-3,37;1,51;0,0;<1,000 (very small rural);SOLSONES;Barcelona;Cataluña/Catalunya
43089;Montferri;473,0;17,28;<=30 km;-4,2;3,66;19,14;<1,000 (very small rural);ALT CAMP;Tarragona;Cataluña/Catalunya
05089;Guisando;474,0;38,73;30-60 km;-8,76;2,15;-9,2;<1,000 (very small rural);VALLE DEL TIETAR;Ávila;Castilla y León
16056;Cardenete;474,0;51,49;30-60 km;-14,07;-1,41;-2,87;<1,000 (very small rural);SERRANIA BAJA;Cuenca;Castilla-La Mancha
24130;Riaño;474,0;62,8;>60 km;-11,34;-0,63;0,64;<1,000 (very small rural);LA MONTAÑA DE RIAÑO;León;Castilla y León
25142;Montoliu de Lleida;475,0;8,71;<=30 km;-7,13;5,12;-3,65;<1,000 (very small rural);SEGRIA;Lleida;Cataluña/Catalunya
34057;Cevico de la Torre;475,0;18,77;<=30 km;-2,78;-2,24;-0,84;<1,000 (very small rural);EL CERRATO;Palencia;Castilla y León
06056;Garbayuela;475,0;90,09;>60 km;-3,45;-2,3;-6,86;<1,000 (very small rural);PUEBLA ALCOCER;Badajoz;Extremadura
48911;Ajangiz;475,0;22,52;<=30 km;3,49;0,21;-1,66;<1,000 (very small rural);GUERNIKA-BERMEO;Bizkaia;País Vasco/Euskadi
10187;Torre de Don Miguel;476,0;94,86;>60 km;-13,63;7,38;-3,84;<1,000 (very small rural);CORIA;Cáceres;Extremadura
42149;Los Rábanos;476,0;86,88;>60 km;-7,71;-2,52;2,37;<1,000 (very small rural);SORIA;Soria;Castilla y León
22217;Sena;476,0;56,37;30-60 km;-12,39;0,41;-3,05;<1,000 (very small rural);MONEGROS;Huesca;Aragón
19211;Pareja;477,0;45,23;30-60 km;-22,84;16,97;4,84;<1,000 (very small rural);ALCARRIA BAJA;Guadalajara;Castilla-La Mancha
12061;Forcall;477,0;74,7;>60 km;-17,2;0,22;5,07;<1,000 (very small rural);ALTO MAESTRAZGO;Castelló/Castellón;Comunitat Valenciana
39007;Arredondo;477,0;27,13;<=30 km;-8,35;0,0;1,49;<1,000 (very small rural);ASON;Cantabria;Cantabria
24073;Fresno de la Vega;477,0;26,98;<=30 km;-16,8;-4,4;-0,21;<1,000 (very small rural);ESLA-CAMPOS;León;Castilla y León
32029;Chandrexa de Queixa;478,0;43,9;30-60 km;-20,19;3,43;-0,83;<1,000 (very small rural);EL BARCO DE VALDEORRAS;Ourense;Galicia
17195;La Tallada d'Empordà;478,0;21,46;<=30 km;0,22;1,53;2,58;<1,000 (very small rural);BAIX EMPORDA;Girona;Cataluña/Catalunya
06101;Peraleda del Zaucejo;479,0;89,38;>60 km;-13,68;-4,3;-2,24;<1,000 (very small rural);AZUAGA;Badajoz;Extremadura
09902;Valle de Santibáñez;479,0;18,13;<=30 km;-12,86;0,42;-0,62;<1,000 (very small rural);ARLANZON;Burgos;Castilla y León
43082;El Masroig;480,0;32,64;30-60 km;-9,25;0,2;-3,81;<1,000 (very small rural);PRIORAT;Tarragona;Cataluña/Catalunya
47110;La Parrilla;480,0;24,67;<=30 km;-6,81;-0,41;-0,41;<1,000 (very small rural);SURESTE;Valladolid;Castilla y León
06139;Valencia de las Torres;480,0;71,1;>60 km;-13,04;-10,21;-7,51;<1,000 (very small rural);AZUAGA;Badajoz;Extremadura
06068;Hinojosa del Valle;480,0;58,97;30-60 km;-10,11;-2,66;0,84;<1,000 (very small rural);ALMENDRALEJO;Badajoz;Extremadura
26009;Alesanco;480,0;30,29;30-60 km;-9,61;-0,4;-4,0;<1,000 (very small rural);RIOJA ALTA;La Rioja;La Rioja
50064;Cabañas de Ebro;481,0;23,69;<=30 km;-8,91;-2,21;-1,23;<1,000 (very small rural);ZARAGOZA;Zaragoza;Aragón
44147;Mazaleón;481,0;78,37;>60 km;-3,72;-6,68;-4,37;<1,000 (very small rural);BAJO ARAGON;Teruel;Aragón
05065;Crespos;482,0;35,19;30-60 km;-5,67;-0,4;-2,43;<1,000 (very small rural);AREVALO-MADRIGAL;Ávila;Castilla y León
09413;Valle de Valdebezana;482,0;44,34;30-60 km;-16,17;-4,4;5,7;<1,000 (very small rural);MERINDADES;Burgos;Castilla y León
13014;Almedina;482,0;82,83;>60 km;-20,23;-5,51;-3,02;<1,000 (very small rural);CAMPO DE MONTIEL;Ciudad Real;Castilla-La Mancha
22074;Campo;483,0;75,87;>60 km;-2,0;42,11;5,23;<1,000 (very small rural);RIBARGORZA;Huesca;Aragón
24041;Carucedo;483,0;18,57;<=30 km;-13,55;-8,26;-5,48;<1,000 (very small rural);BIERZO;León;Castilla y León
16246;Villalba del Rey;483,0;54,15;30-60 km;-10,93;-4,47;-1,83;<1,000 (very small rural);ALCARRIA;Cuenca;Castilla-La Mancha
09072;Carcedo de Burgos;484,0;9,76;<=30 km;16,53;9,0;8,04;<1,000 (very small rural);ARLANZON;Burgos;Castilla y León
34077;Fuentes de Valdepero;484,0;11,04;<=30 km;35,78;15,85;-2,62;<1,000 (very small rural);CAMPOS;Palencia;Castilla y León
46068;Benissoda;485,0;16,06;<=30 km;8,42;5,5;9,98;<1,000 (very small rural);VALLES DE ALBAIDA;València/Valencia;Comunitat Valenciana
24177;Valdelugueros;486,0;45,44;30-60 km;-3,99;1,18;-5,63;<1,000 (very small rural);LA MONTAÑA DE RIAÑO;León;Castilla y León
31017;Anue;486,0;18,09;<=30 km;16,34;1,65;-1,42;<1,000 (very small rural);NORD OCCIDENTAL;Navarra;Comunidad Foral de Navarra
03045;Bolulla;486,0;14,45;<=30 km;-8,81;1,91;14,08;<1,000 (very small rural);CENTRAL;Alacant/Alicante;Comunitat Valenciana
18124;Lújar;487,0;9,83;<=30 km;0,22;3,03;2,31;<1,000 (very small rural);LA COSTA;Granada;Andalucía
10090;Guijo de Granadilla;487,0;93,75;>60 km;-10,31;-4,1;-5,25;<1,000 (very small rural);HERVAS;Cáceres;Extremadura
05189;Poyales del Hoyo;487,0;36,0;30-60 km;-12,88;-11,2;13,79;<1,000 (very small rural);VALLE DEL TIETAR;Ávila;Castilla y León
02020;Carcelén;487,0;54,83;30-60 km;-22,01;-2,36;-1,81;<1,000 (very small rural);MANCHUELA;Albacete;Castilla-La Mancha
22057;Bielsa;487,0;78,23;>60 km;-4,44;1,05;1,25;<1,000 (very small rural);SOBRARBE;Huesca;Aragón
44016;Alfambra;487,0;88,05;>60 km;-18,17;-9,04;0,83;<1,000 (very small rural);HOYA DE TERUEL;Teruel;Aragón
26014;Anguiano;488,0;35,35;30-60 km;-6,81;0,39;-4,5;<1,000 (very small rural);SIERRA RIOJA ALTA;La Rioja;La Rioja
31185;Ochagavía/Otsagabia;488,0;49,63;30-60 km;-14,56;-6,42;-1,61;<1,000 (very small rural);PIRINEOS;Navarra;Comunidad Foral de Navarra
49172;Rabanales;488,0;46,18;30-60 km;-19,14;-5,49;-2,2;<1,000 (very small rural);ALISTE;Zamora;Castilla y León
13026;Cabezarrubias del Puerto;488,0;51,36;30-60 km;-10,58;-4,52;4,95;<1,000 (very small rural);PASTOS;Ciudad Real;Castilla-La Mancha
47071;Geria;488,0;13,1;<=30 km;3,04;-2,29;-4,69;<1,000 (very small rural);CENTRO;Valladolid;Castilla y León
05201;San Bartolomé de Pinares;489,0;19,44;<=30 km;-10,21;-5,79;-6,14;<1,000 (very small rural);VALLE BAJO ALBERCHE;Ávila;Castilla y León
46023;Alfauir;489,0;6,6;<=30 km;2,05;6,14;4,71;<1,000 (very small rural);GANDIA;València/Valencia;Comunitat Valenciana
12130;Villahermosa del Río;490,0;39,34;30-60 km;-4,6;3,03;2,94;<1,000 (very small rural);PEÑAGOLOSA;Castelló/Castellón;Comunitat Valenciana
47210;Villalar de los Comuneros;490,0;34,38;30-60 km;-2,55;3,28;3,59;<1,000 (very small rural);CENTRO;Valladolid;Castilla y León
34135;Pomar de Valdivia;490,0;61,94;>60 km;-9,5;2,59;3,16;<1,000 (very small rural);AGUILAR;Palencia;Castilla y León
09098;Cerezo de Río Tirón;490,0;47,89;30-60 km;-7,04;-7,48;-7,89;<1,000 (very small rural);BUREBA-EBRO;Burgos;Castilla y León
22156;Monflorite-Lascasas;490,0;6,89;<=30 km;20,32;7,2;13,43;<1,000 (very small rural);HOYA DE HUESCA;Huesca;Aragón
06082;Mengabril;491,0;41,32;30-60 km;1,08;3,6;0,41;<1,000 (very small rural);DON BENITO;Badajoz;Extremadura
17098;Maià de Montcal;491,0;26,18;<=30 km;-5,32;13,56;4,69;<1,000 (very small rural);GARROTXA;Girona;Cataluña/Catalunya
17054;Colera;491,0;52,3;30-60 km;-18,89;-0,65;6,28;<1,000 (very small rural);ALT EMPORDA;Girona;Cataluña/Catalunya
46108;Chera;491,0;42,22;30-60 km;-19,2;-0,81;0,2;<1,000 (very small rural);REQUENA-UTIEL;València/Valencia;Comunitat Valenciana
33013;Caravia;492,0;39,96;30-60 km;-9,58;6,29;-2,96;<1,000 (very small rural);GIJON;Asturias;Principado de Asturias
24185;Val de San Lorenzo;492,0;35,35;30-60 km;-10,21;-3,69;-0,81;<1,000 (very small rural);ASTORGA;León;Castilla y León
17217;Viladamat;492,0;24,73;<=30 km;2,18;1,07;4,46;<1,000 (very small rural);ALT EMPORDA;Girona;Cataluña/Catalunya
27053;Ribeira de Piquín;492,0;36,74;30-60 km;-15,29;-5,52;-4,09;<1,000 (very small rural);TERRA CHA;Lugo;Galicia
10211;Villanueva de la Sierra;493,0;92,72;>60 km;-10,66;8,55;4,89;<1,000 (very small rural);CORIA;Cáceres;Extremadura
26023;Badarán;493,0;30,94;30-60 km;-14,79;0,0;-1,79;<1,000 (very small rural);RIOJA ALTA;La Rioja;La Rioja
19279;Torre del Burgo;493,0;19,49;<=30 km;71,5;-6,37;4,89;<1,000 (very small rural);ALCARRIA ALTA;Guadalajara;Castilla-La Mancha
12051;Culla;493,0;35,21;30-60 km;-15,13;1,19;-3,33;<1,000 (very small rural);LLANOS CENTRALES;Castelló/Castellón;Comunitat Valenciana
21037;El Granado;493,0;52,09;30-60 km;-8,11;-0,39;-4,64;<1,000 (very small rural);ANDEVALO OCCIDENTAL;Huelva;Andalucía
46241;Titaguas;494,0;67,36;>60 km;-13,13;2,4;5,11;<1,000 (very small rural);ALTO TURIA;València/Valencia;Comunitat Valenciana
17078;Ger;494,0;79,83;>60 km;-9,42;17,02;-1,59;<1,000 (very small rural);CERDANYA;Girona;Cataluña/Catalunya
24152;Santa Colomba de Somoza;494,0;22,72;<=30 km;-1,39;2,78;-4,63;<1,000 (very small rural);ASTORGA;León;Castilla y León
04081;Santa Fe de Mondújar;494,0;20,53;<=30 km;-9,87;10,42;3,56;<1,000 (very small rural);CAMPO NIJAR Y BAJO ANDARAX;Almería;Andalucía
25194;Sant Ramon;495,0;38,93;30-60 km;-8,15;0,4;-0,4;<1,000 (very small rural);SEGARRA;Lleida;Cataluña/Catalunya
16269;Villares del Saz;495,0;60,33;>60 km;-22,52;-4,08;10,74;<1,000 (very small rural);MANCHA ALTA;Cuenca;Castilla-La Mancha
45049;Cervera de los Montes;495,0;11,48;<=30 km;16,07;-0,98;-1,79;<1,000 (very small rural);TALAVERA;Toledo;Castilla-La Mancha
05093;Herradón de Pinares;495,0;12,27;<=30 km;-8,57;7,65;13,53;<1,000 (very small rural);VALLE BAJO ALBERCHE;Ávila;Castilla y León
09908;Valle de Losa;496,0;36,3;30-60 km;-13,23;-2,01;1,64;<1,000 (very small rural);MERINDADES;Burgos;Castilla y León
37103;Cespedosa de Tormes;496,0;47,58;30-60 km;-14,33;5,71;-4,25;<1,000 (very small rural);ALBA DE TORMES;Salamanca;Castilla y León
49152;Pereruela;496,0;13,84;<=30 km;-14,79;-4,81;-3,5;<1,000 (very small rural);SAYAGO;Zamora;Castilla y León
49064;Fariza;496,0;39,9;30-60 km;-13,56;-6,68;1,43;<1,000 (very small rural);SAYAGO;Zamora;Castilla y León
02002;Alatoz;497,0;47,16;30-60 km;-8,11;-6,24;0,2;<1,000 (very small rural);MANCHUELA;Albacete;Castilla-La Mancha
17024;Bolvir;497,0;77,56;>60 km;-3,31;27,68;1,64;<1,000 (very small rural);CERDANYA;Girona;Cataluña/Catalunya
45190;Villaminaya;497,0;20,84;<=30 km;-9,06;-4,82;-3,12;<1,000 (very small rural);LA MANCHA;Toledo;Castilla-La Mancha
12107;Sot de Ferrer;498,0;16,28;<=30 km;-2,94;0,0;16,36;<1,000 (very small rural);PALANCIA;Castelló/Castellón;Comunitat Valenciana
06075;Magacela;498,0;60,78;>60 km;-7,76;-2,85;-2,54;<1,000 (very small rural);DON BENITO;Badajoz;Extremadura
40233;Zarzuela del Monte;498,0;17,74;<=30 km;-14,38;1,39;-2,73;<1,000 (very small rural);SEGOVIA;Segovia;Castilla y León
43113;El Pont d'Armentera;498,0;31,11;30-60 km;-14,07;-3,71;1,01;<1,000 (very small rural);ALT CAMP;Tarragona;Cataluña/Catalunya
43107;Pira;498,0;30,83;30-60 km;0,0;-0,99;0,0;<1,000 (very small rural);CONCA DE BARBERA;Tarragona;Cataluña/Catalunya
19327;Yebra;498,0;37,02;30-60 km;-29,25;4,73;7,1;<1,000 (very small rural);CAMPIÑA;Guadalajara;Castilla-La Mancha
04055;Instinción;498,0;22,03;<=30 km;-11,16;7,69;7,79;<1,000 (very small rural);ALTO ANDARAX;Almería;Andalucía
24168;Toral de los Guzmanes;499,0;38,57;30-60 km;-14,59;0,0;-1,77;<1,000 (very small rural);ESLA-CAMPOS;León;Castilla y León
20002;Aduna;499,0;10,72;<=30 km;4,42;2,77;3,53;<1,000 (very small rural);TOLOSA;Gipuzkoa;País Vasco/Euskadi
24136;Roperuelos del Páramo;499,0;43,88;30-60 km;-11,99;-6,91;-2,54;<1,000 (very small rural);EL PARAMO;León;Castilla y León
47124;Pozaldez;500,0;32,24;30-60 km;-14,58;-4,64;5,71;<1,000 (very small rural);SUR;Valladolid;Castilla y León
34181;Tariego de Cerrato;500,0;12,95;<=30 km;-4,29;-1,02;3,09;<1,000 (very small rural);EL CERRATO;Palencia;Castilla y León
50092;Chiprana;500,0;75,45;>60 km;3,44;-0,98;-0,6;<1,000 (very small rural);CASPE;Zaragoza;Aragón
05220;San Pedro del Arroyo;501,0;23,9;<=30 km;-12,32;3,97;12,58;<1,000 (very small rural);AREVALO-MADRIGAL;Ávila;Castilla y León
04065;Nacimiento;501,0;40,02;30-60 km;-7,05;5,43;3,3;<1,000 (very small rural);RIO NACIMIENTO;Almería;Andalucía
44232;Torrijo del Campo;502,0;87,98;>60 km;-13,71;5,15;6,81;<1,000 (very small rural);CUENCA DEL JILOCA;Teruel;Aragón
20044;Ikaztegieta;502,0;25,14;<=30 km;1,7;-0,61;3,51;<1,000 (very small rural);TOLOSA;Gipuzkoa;País Vasco/Euskadi
08081;Fogars de Montclús;502,0;22,25;<=30 km;1,1;0,21;7,49;<1,000 (very small rural);VALLES ORIENTAL;Barcelona;Cataluña/Catalunya
05135;Muñana;502,0;32,58;30-60 km;-17,91;-13,2;46,78;<1,000 (very small rural);AVILA;Ávila;Castilla y León
50191;Novillas;502,0;45,51;30-60 km;-9,45;-7,04;0,0;<1,000 (very small rural);BORJA;Zaragoza;Aragón
24218;Villanueva de las Manzanas;502,0;16,34;<=30 km;-7,73;2,06;1,41;<1,000 (very small rural);ESLA-CAMPOS;León;Castilla y León
46061;Beniflá;502,0;6,75;<=30 km;2,92;1,76;8,42;<1,000 (very small rural);GANDIA;València/Valencia;Comunitat Valenciana
40149;Olombrada;503,0;57,14;30-60 km;-15,27;-7,49;-3,08;<1,000 (very small rural);CUELLAR;Segovia;Castilla y León
10030;Bohonal de Ibor;503,0;55,04;30-60 km;-10,27;-3,0;3,71;<1,000 (very small rural);NAVALMORAL DE LA MATA;Cáceres;Extremadura
09425;Vilviestre del Pinar;504,0;68,12;>60 km;-13,98;-3,1;-5,26;<1,000 (very small rural);DEMANDA;Burgos;Castilla y León
50124;Herrera de los Navarros;504,0;52,55;30-60 km;-12,91;-1,98;1,61;<1,000 (very small rural);DAROCA;Zaragoza;Aragón
43010;Alió;504,0;18,64;<=30 km;7,37;12,21;5,44;<1,000 (very small rural);ALT CAMP;Tarragona;Cataluña/Catalunya
45091;Maqueda;504,0;37,83;30-60 km;-16,7;-2,17;11,75;<1,000 (very small rural);TORRIJOS;Toledo;Castilla-La Mancha
09113;Covarrubias;505,0;34,89;30-60 km;-10,69;-1,1;-6,31;<1,000 (very small rural);ARLANZA;Burgos;Castilla y León
43164;Vespella de Gaià;506,0;11,05;<=30 km;2,17;11,71;10,48;<1,000 (very small rural);TARRAGONES;Tarragona;Cataluña/Catalunya
25245;Vilaller;506,0;102,19;>60 km;-20,84;3,36;-8,66;<1,000 (very small rural);ALTA RIBAGORÇA;Lleida;Cataluña/Catalunya
29066;Macharaviaya;506,0;6,11;<=30 km;-13,68;18,55;-3,44;<1,000 (very small rural);VELEZ MALAGA;Málaga;Andalucía
47195;Villabáñez;507,0;21,98;<=30 km;-2,08;-2,38;3,05;<1,000 (very small rural);CENTRO;Valladolid;Castilla y León
22245;Velilla de Cinca;507,0;27,81;<=30 km;-0,22;3,67;5,62;<1,000 (very small rural);BAJO CINCA;Huesca;Aragón
24151;Santa Colomba de Curueño;507,0;22,53;<=30 km;-10,56;-2,45;6,07;<1,000 (very small rural);TIERRAS DE LEON;León;Castilla y León
13048;Hinojosas de Calatrava;508,0;49,24;30-60 km;-1,86;-5,45;0,99;<1,000 (very small rural);PASTOS;Ciudad Real;Castilla-La Mancha
39081;Saro;508,0;20,96;<=30 km;2,18;1,37;-2,12;<1,000 (very small rural);PAS-IGUÑA;Cantabria;Cantabria
32092;Vilariño de Conso;510,0;56,1;30-60 km;-17,09;-4,11;-0,58;<1,000 (very small rural);EL BARCO DE VALDEORRAS;Ourense;Galicia
10215;Villasbuenas de Gata;510,0;89,45;>60 km;-20,67;13,78;31,44;<1,000 (very small rural);CORIA;Cáceres;Extremadura
37209;Mozárbez;510,0;12,99;<=30 km;4,67;2,84;0,59;<1,000 (very small rural);SALAMANCA;Salamanca;Castilla y León
18177;Sorvilán;511,0;20,4;<=30 km;-7,09;-3,85;-2,48;<1,000 (very small rural);LA COSTA;Granada;Andalucía
48079;Errigoiti;511,0;18,74;<=30 km;-9,87;0,41;4,5;<1,000 (very small rural);GUERNIKA-BERMEO;Bizkaia;País Vasco/Euskadi
37323;Topas;511,0;24,64;<=30 km;-10,29;0,75;-4,31;<1,000 (very small rural);SALAMANCA;Salamanca;Castilla y León
31172;Monreal/Elo;512,0;15,94;<=30 km;-2,24;3,0;6,67;<1,000 (very small rural);PIRINEOS;Navarra;Comunidad Foral de Navarra
42144;Quintana Redonda;512,0;93,55;>60 km;-9,71;1,64;3,23;<1,000 (very small rural);SORIA;Soria;Castilla y León
25911;Els Plans de Sió;512,0;51,6;30-60 km;-8,94;-0,79;1,79;<1,000 (very small rural);SEGARRA;Lleida;Cataluña/Catalunya
24060;Crémenes;512,0;51,98;30-60 km;-16,05;-4,04;-1,92;<1,000 (very small rural);LA MONTAÑA DE RIAÑO;León;Castilla y León
37313;Sotoserrano;513,0;70,59;>60 km;-9,92;-4,66;-7,23;<1,000 (very small rural);LA SIERRA;Salamanca;Castilla y León
22165;Ontiñena;513,0;44,85;30-60 km;-10,05;-6,19;2,6;<1,000 (very small rural);BAJO CINCA;Huesca;Aragón
49264;Villar del Buey;514,0;44,54;30-60 km;-14,53;-7,6;-3,93;<1,000 (very small rural);SAYAGO;Zamora;Castilla y León
40094;Garcillán;515,0;12,9;<=30 km;-4,66;13,78;0,59;<1,000 (very small rural);CUELLAR;Segovia;Castilla y León
45108;La Nava de Ricomalillo;515,0;36,25;30-60 km;-15,8;-3,16;-1,15;<1,000 (very small rural);LA JARA;Toledo;Castilla-La Mancha
48087;Trucios-Turtzioz;515,0;22,85;<=30 km;-5,03;-1,76;2,59;<1,000 (very small rural);ENCARTACIONES;Bizkaia;País Vasco/Euskadi
17091;Llanars;515,0;56,7;30-60 km;-9,63;4,09;-3,74;<1,000 (very small rural);RIPOLLES;Girona;Cataluña/Catalunya
18174;Santa Cruz del Comercio;515,0;35,37;30-60 km;-7,58;0,37;-5,16;<1,000 (very small rural);ALHAMA;Granada;Andalucía
20038;Gabiria;516,0;36,84;30-60 km;0,2;2,87;2,79;<1,000 (very small rural);GOIERRI;Gipuzkoa;País Vasco/Euskadi
05066;Cuevas del Valle;517,0;40,99;30-60 km;-8,55;4,68;0,58;<1,000 (very small rural);VALLE DEL TIETAR;Ávila;Castilla y León
49128;Morales de Rey;517,0;60,35;>60 km;-12,61;-1,04;-9,3;<1,000 (very small rural);BENAVENTE Y LOS VALLES;Zamora;Castilla y León
25046;Belianes;517,0;34,97;30-60 km;-10,21;-0,76;-0,77;<1,000 (very small rural);URGELL;Lleida;Cataluña/Catalunya
10188;Torre de Santa María;517,0;33,2;30-60 km;-14,49;-0,75;-2,08;<1,000 (very small rural);CACERES;Cáceres;Extremadura
10149;Plasenzuela;518,0;34,58;30-60 km;-6,11;-2,05;8,6;<1,000 (very small rural);TRUJILLO;Cáceres;Extremadura
13073;Saceruela;518,0;54,6;30-60 km;-7,17;-6,41;-4,07;<1,000 (very small rural);MONTES SUR;Ciudad Real;Castilla-La Mancha
08168;Pontons;518,0;25,35;<=30 km;-20,28;14,19;-0,96;<1,000 (very small rural);ALT PENEDÉS;Barcelona;Cataluña/Catalunya
06078;Malpartida de la Serena;518,0;75,27;>60 km;-11,04;-5,8;-3,36;<1,000 (very small rural);CASTUERA;Badajoz;Extremadura
12060;Figueroles;518,0;20,98;<=30 km;-7,89;1,14;-2,45;<1,000 (very small rural);PEÑAGOLOSA;Castelló/Castellón;Comunitat Valenciana
45030;Calzada de Oropesa;518,0;38,87;30-60 km;-6,32;-4,82;0,97;<1,000 (very small rural);TALAVERA;Toledo;Castilla-La Mancha
33046;Peñamellera Alta;518,0;54,71;30-60 km;-11,83;-3,58;1,17;<1,000 (very small rural);CANGAS DE ONIS;Asturias;Principado de Asturias
24219;Villaobispo de Otero;518,0;40,51;30-60 km;-12,86;-8,53;0,58;<1,000 (very small rural);ASTORGA;León;Castilla y León
31002;Abárzuza/Abartzuza;518,0;32,58;30-60 km;-4,38;-2,18;-3,72;<1,000 (very small rural);TIERRA ESTELLA;Navarra;Comunidad Foral de Navarra
32070;San Xoán de Río;518,0;47,71;30-60 km;-20,76;-8,01;2,57;<1,000 (very small rural);EL BARCO DE VALDEORRAS;Ourense;Galicia
10217;Zarza de Montánchez;519,0;38,63;30-60 km;-7,55;-3,82;-1,89;<1,000 (very small rural);CACERES;Cáceres;Extremadura
03017;l'Alqueria d'Asnar;519,0;12,95;<=30 km;-2,36;1,43;4,22;<1,000 (very small rural);MONTAÑA;Alacant/Alicante;Comunitat Valenciana
37020;Aldearrubia;519,0;16,42;<=30 km;-8,73;6,79;0,0;<1,000 (very small rural);SALAMANCA;Salamanca;Castilla y León
34218;Villaluenga de la Vega;519,0;62,69;>60 km;-3,69;-3,9;-8,3;<1,000 (very small rural);SALDAÑA-VALDAVIA;Palencia;Castilla y León
18187;Villanueva de las Torres;519,0;57,17;30-60 km;-9,44;-4,1;-7,49;<1,000 (very small rural);GUADIX;Granada;Andalucía
06031;Carmonita;520,0;20,25;<=30 km;-2,77;-3,45;-2,26;<1,000 (very small rural);MERIDA;Badajoz;Extremadura
31020;Araitz;520,0;29,04;<=30 km;-7,76;-2,48;1,56;<1,000 (very small rural);NORD OCCIDENTAL;Navarra;Comunidad Foral de Navarra
43132;Rodonyà;521,0;20,01;<=30 km;-0,4;5,62;2,76;<1,000 (very small rural);ALT CAMP;Tarragona;Cataluña/Catalunya
32057;Parada de Sil;522,0;27,08;<=30 km;-8,49;-3,55;-4,04;<1,000 (very small rural);EL BARCO DE VALDEORRAS;Ourense;Galicia
24017;Bercianos del Páramo;522,0;27,94;<=30 km;-14,96;-6,72;-3,51;<1,000 (very small rural);EL PARAMO;León;Castilla y León
09350;Santa María del Campo;523,0;36,6;30-60 km;-11,29;-3,54;0,97;<1,000 (very small rural);ARLANZA;Burgos;Castilla y León
46149;Losa del Obispo;523,0;39,26;30-60 km;-9,57;5,36;-1,51;<1,000 (very small rural);ALTO TURIA;València/Valencia;Comunitat Valenciana
04085;Somontín;524,0;60,24;>60 km;-13,1;-4,1;18,02;<1,000 (very small rural);ALTO ALMAZORA;Almería;Andalucía
43135;Salomó;525,0;14,35;<=30 km;3,81;-3,55;-3,49;<1,000 (very small rural);TARRAGONES;Tarragona;Cataluña/Catalunya
16195;Santa María del Campo Rus;525,0;80,76;>60 km;-13,66;-9,49;-1,69;<1,000 (very small rural);MANCHA BAJA;Cuenca;Castilla-La Mancha
31129;Ituren;526,0;20,99;<=30 km;-0,76;0,79;3,54;<1,000 (very small rural);NORD OCCIDENTAL;Navarra;Comunidad Foral de Navarra
46222;Sant Joanet;526,0;25,62;<=30 km;-2,81;6,79;1,35;<1,000 (very small rural);RIBERAS DEL JUCAR;València/Valencia;Comunitat Valenciana
31114;Garínoain;526,0;24,53;<=30 km;-11,97;5,01;4,57;<1,000 (very small rural);NAVARRA MEDIA;Navarra;Comunidad Foral de Navarra
17168;Sant Joan de Mollet;526,0;10,95;<=30 km;-4,6;-0,2;4,99;<1,000 (very small rural);GIRONES;Girona;Cataluña/Catalunya
24143;Sancedo;528,0;20,31;<=30 km;0,54;-4,46;-1,49;<1,000 (very small rural);BIERZO;León;Castilla y León
05082;Gavilanes;529,0;35,52;30-60 km;-7,86;-1,87;-8,16;<1,000 (very small rural);VALLE DEL TIETAR;Ávila;Castilla y León
47228;Villaverde de Medina;529,0;43,3;30-60 km;-5,31;0,78;2,12;<1,000 (very small rural);SUR;Valladolid;Castilla y León
17149;Riudaura;529,0;43,54;30-60 km;8,2;10,61;3,52;<1,000 (very small rural);GARROTXA;Girona;Cataluña/Catalunya
31205;Pitillas;529,0;43,67;30-60 km;-11,35;7,91;-0,56;<1,000 (very small rural);NAVARRA MEDIA;Navarra;Comunidad Foral de Navarra
06057;Garlitos;530,0;89,62;>60 km;-4,36;-7,51;-4,33;<1,000 (very small rural);PUEBLA ALCOCER;Badajoz;Extremadura
12101;San Rafael del Río;530,0;73,89;>60 km;-15,94;1,3;13,25;<1,000 (very small rural);BAJO MAESTRAZGO;Castelló/Castellón;Comunitat Valenciana
40113;La Losa;531,0;7,7;<=30 km;-1,1;-0,38;1,92;<1,000 (very small rural);SEGOVIA;Segovia;Castilla y León
18077;Fornes;531,0;32,51;30-60 km;;;-0,56;<1,000 (very small rural);ALHAMA;Granada;Andalucía
22197;Robres;531,0;29,34;<=30 km;-7,43;-2,96;1,14;<1,000 (very small rural);HOYA DE HUESCA;Huesca;Aragón
48059;Mañaria;531,0;26,14;<=30 km;2,34;0,39;1,92;<1,000 (very small rural);DURANGUESADO;Bizkaia;País Vasco/Euskadi
17069;Fontanals de Cerdanya;531,0;74,38;>60 km;-3,66;11,21;4,94;<1,000 (very small rural);CERDANYA;Girona;Cataluña/Catalunya
20024;Bidania-Goiatz;532,0;22,87;<=30 km;-4,69;5,12;-0,37;<1,000 (very small rural);TOLOSA;Gipuzkoa;País Vasco/Euskadi
30031;Ojós;532,0;14,33;<=30 km;-19,02;-1,0;7,47;<1,000 (very small rural);RIO SEGURA;Murcia;Región de Murcia
13902;Ruidera;533,0;87,65;>60 km;-6,06;2,74;-5,33;<1,000 (very small rural);MANCHA;Ciudad Real;Castilla-La Mancha
02054;Navas de Jorquera;533,0;39,08;30-60 km;-5,08;3,47;-0,56;<1,000 (very small rural);MANCHUELA;Albacete;Castilla-La Mancha
46141;Higueruelas;534,0;43,74;30-60 km;-0,4;3,15;1,91;<1,000 (very small rural);ALTO TURIA;València/Valencia;Comunitat Valenciana
10190;Torrejón el Rubio;535,0;58,96;30-60 km;-3,1;-3,68;-2,73;<1,000 (very small rural);PLASENCIA;Cáceres;Extremadura
12049;Costur;535,0;17,18;<=30 km;-8,43;3,91;0,75;<1,000 (very small rural);LLANOS CENTRALES;Castelló/Castellón;Comunitat Valenciana
40189;Santiuste de San Juan Bautista;535,0;44,5;30-60 km;-8,87;-3,78;0,0;<1,000 (very small rural);CUELLAR;Segovia;Castilla y León
10162;Salorino;537,0;49,09;30-60 km;-10,64;-2,58;-5,12;<1,000 (very small rural);VALENCIA DE ALCANTARA;Cáceres;Extremadura
50039;Azuara;537,0;49,07;30-60 km;-21,51;0,18;-1,29;<1,000 (very small rural);ZARAGOZA;Zaragoza;Aragón
04051;Huécija;537,0;19,1;<=30 km;-5,47;1,03;9,37;<1,000 (very small rural);ALTO ANDARAX;Almería;Andalucía
18034;Cacín;537,0;31,19;30-60 km;-3,61;-3,98;-3,24;<1,000 (very small rural);ALHAMA;Granada;Andalucía
43003;L'Albiol;537,0;10,89;<=30 km;6,21;10,99;4,27;<1,000 (very small rural);BAIX CAMP;Tarragona;Cataluña/Catalunya
47123;Pozal de Gallinas;538,0;37,73;30-60 km;2,04;-0,74;0,19;<1,000 (very small rural);SUR;Valladolid;Castilla y León
25215;Talarn;539,0;66,2;>60 km;34,23;-24,88;10,22;<1,000 (very small rural);PALLARS JUSSA;Lleida;Cataluña/Catalunya
44143;Manzanera;539,0;62,74;>60 km;-8,9;1,54;2,28;<1,000 (very small rural);HOYA DE TERUEL;Teruel;Aragón
37347;La Vellés;540,0;16,04;<=30 km;-6,15;-7,22;5,06;<1,000 (very small rural);SALAMANCA;Salamanca;Castilla y León
39013;Cabezón de Liébana;540,0;46,56;30-60 km;-14,88;-2,03;-6,9;<1,000 (very small rural);LIEBANA;Cantabria;Cantabria
06045;Entrín Bajo;540,0;21,76;<=30 km;-4,43;-2,99;-2,17;<1,000 (very small rural);BADAJOZ;Badajoz;Extremadura
45149;El Romeral;541,0;36,56;30-60 km;-20,6;-4,38;-4,75;<1,000 (very small rural);LA MANCHA;Toledo;Castilla-La Mancha
46028;Algar de Palància;542,0;12,93;<=30 km;-18,23;6,17;8,62;<1,000 (very small rural);SAGUNTO;València/Valencia;Comunitat Valenciana
18117;Lanteira;543,0;40,45;30-60 km;-2,27;-0,87;-4,9;<1,000 (very small rural);GUADIX;Granada;Andalucía
50022;La Almolda;543,0;59,14;30-60 km;-8,62;-2,12;-2,16;<1,000 (very small rural);CASPE;Zaragoza;Aragón
09904;Valle de las Navas;543,0;15,71;<=30 km;-15,53;3,11;2,45;<1,000 (very small rural);ARLANZON;Burgos;Castilla y León
18002;Alamedilla;543,0;51,12;30-60 km;-13,92;-5,84;-3,72;<1,000 (very small rural);IZNALLOZ;Granada;Andalucía
49123;Montamarta;543,0;14,96;<=30 km;-4,07;-7,3;-2,86;<1,000 (very small rural);CAMPOS-PAN;Zamora;Castilla y León
43065;Garcia;543,0;39,34;30-60 km;-8,45;1,9;1,5;<1,000 (very small rural);RIBERA D'EBRE;Tarragona;Cataluña/Catalunya
50206;Perdiguera;544,0;27,25;<=30 km;-8,45;-1,73;-4,06;<1,000 (very small rural);ZARAGOZA;Zaragoza;Aragón
25069;Castelló de Farfanya;544,0;23,23;<=30 km;-3,04;-1,67;2,84;<1,000 (very small rural);NOGUERA;Lleida;Cataluña/Catalunya
43102;Paüls;544,0;64,72;>60 km;-6,28;0,36;-3,37;<1,000 (very small rural);BAIX EBRE;Tarragona;Cataluña/Catalunya
17038;Campllong;544,0;9,67;<=30 km;5,63;-0,37;2,06;<1,000 (very small rural);GIRONES;Girona;Cataluña/Catalunya
44160;Mosqueruela;544,0;54,57;30-60 km;-10,72;-3,63;2,45;<1,000 (very small rural);MAESTRAZGO;Teruel;Aragón
49050;Cobreros;545,0;48,82;30-60 km;-13,21;-4,17;-1,27;<1,000 (very small rural);SANABRIA;Zamora;Castilla y León
10102;Ibahernando;545,0;46,1;30-60 km;27,87;-4,26;0,93;<1,000 (very small rural);TRUJILLO;Cáceres;Extremadura
01016;Bernedo;546,0;21,95;<=30 km;-10,8;5,28;1,49;<1,000 (very small rural);MONTAÑA ALAVESA;Araba/Álava;País Vasco/Euskadi
50217;Pradilla de Ebro;546,0;30,37;30-60 km;-9,21;-6,97;2,25;<1,000 (very small rural);EGEA DE LOS CABALLEROS;Zaragoza;Aragón
39021;Cieza;546,0;14,46;<=30 km;-11,7;1,67;-0,36;<1,000 (very small rural);PAS-IGUÑA;Cantabria;Cantabria
06041;Cristina;547,0;31,79;30-60 km;0,35;-2,82;-0,73;<1,000 (very small rural);DON BENITO;Badajoz;Extremadura
13050;Las Labores;547,0;48,36;30-60 km;-10,77;-1,05;-2,84;<1,000 (very small rural);MANCHA;Ciudad Real;Castilla-La Mancha
44004;Aguaviva;547,0;92,09;>60 km;-23,38;4,79;0,0;<1,000 (very small rural);BAJO ARAGON;Teruel;Aragón
23037;Génave;547,0;86,35;>60 km;-4,06;-3,42;-7,76;<1,000 (very small rural);SIERRA DE SEGURA;Jaén;Andalucía
43077;Mas de Barberans;547,0;80,08;>60 km;-8,03;-0,87;-4,37;<1,000 (very small rural);MONTSIA;Tarragona;Cataluña/Catalunya
04067;Ohanes;547,0;34,2;30-60 km;-15,97;-5,87;-2,5;<1,000 (very small rural);ALTO ANDARAX;Almería;Andalucía
17060;Darnius;548,0;42,18;30-60 km;6,82;-3,05;1,48;<1,000 (very small rural);ALT EMPORDA;Girona;Cataluña/Catalunya
03037;Benimantell;548,0;11,95;<=30 km;-3,32;2,24;9,38;<1,000 (very small rural);MONTAÑA;Alacant/Alicante;Comunitat Valenciana
02023;Casas de Ves;548,0;60,57;>60 km;-16,04;-4,08;-2,84;<1,000 (very small rural);MANCHUELA;Albacete;Castilla-La Mancha
26056;Cuzcurrita de Río Tirón;549,0;40,7;30-60 km;-8,82;6,97;5,17;<1,000 (very small rural);RIOJA ALTA;La Rioja;La Rioja
24006;Ardón;550,0;17,65;<=30 km;-10,02;5,44;-2,14;<1,000 (very small rural);EL PARAMO;León;Castilla y León
44022;Alloza;551,0;85,98;>60 km;-15,26;-0,86;-4,51;<1,000 (very small rural);BAJO ARAGON;Teruel;Aragón
44263;Villastar;551,0;70,71;>60 km;11,83;10,93;0,55;<1,000 (very small rural);HOYA DE TERUEL;Teruel;Aragón
02016;Bienservida;552,0;81,01;>60 km;-15,64;-2,46;-7,23;<1,000 (very small rural);SIERRA ALCARAZ;Albacete;Castilla-La Mancha
24198;Vega de Valcarce;552,0;39,46;30-60 km;-11,66;-4,3;-4,5;<1,000 (very small rural);BIERZO;León;Castilla y León
43098;Nulles;552,0;13,51;<=30 km;0,65;8,18;6,98;<1,000 (very small rural);ALT CAMP;Tarragona;Cataluña/Catalunya
50081;Cetina;552,0;97,9;>60 km;-11,79;-2,36;-4,5;<1,000 (very small rural);CALATAYUD;Zaragoza;Aragón
28166;Valverde de Alcalá;553,0;11,53;<=30 km;-2,29;19,91;6,76;<1,000 (very small rural);CAMPIÑA;Madrid;Comunidad de Madrid
05227;Santa María del Tiétar;553,0;40,47;30-60 km;-22,43;11,01;14,26;<1,000 (very small rural);VALLE DEL TIETAR;Ávila;Castilla y León
03072;Gaianes;553,0;17,46;<=30 km;1,36;7,22;9,5;<1,000 (very small rural);MONTAÑA;Alacant/Alicante;Comunitat Valenciana
43169;Vilaplana;553,0;13,28;<=30 km;-8,45;-7,43;3,17;<1,000 (very small rural);BAIX CAMP;Tarragona;Cataluña/Catalunya
20023;Berrobi;553,0;16,89;<=30 km;0,52;-0,66;-7,53;<1,000 (very small rural);TOLOSA;Gipuzkoa;País Vasco/Euskadi
01027;Iruraiz-Gauna;553,0;17,57;<=30 km;-0,75;2,32;4,54;<1,000 (very small rural);LLANADA ALAVESA;Araba/Álava;País Vasco/Euskadi
08170;Els Prats de Rei;553,0;22,87;<=30 km;0,56;1,1;0,36;<1,000 (very small rural);ANOIA;Barcelona;Cataluña/Catalunya
24091;Luyego;554,0;32,47;30-60 km;-12,85;-12,56;-1,77;<1,000 (very small rural);LA CABRERA;León;Castilla y León
19092;Cogolludo;554,0;33,46;30-60 km;-13,41;0,55;0,36;<1,000 (very small rural);SIERRA;Guadalajara;Castilla-La Mancha
43032;Bot;554,0;64,6;>60 km;-12,12;-5,82;-2,12;<1,000 (very small rural);TERRA ALTA;Tarragona;Cataluña/Catalunya
16148;Palomares del Campo;555,0;61,36;>60 km;-15,86;-8,64;-2,8;<1,000 (very small rural);MANCHA ALTA;Cuenca;Castilla-La Mancha
10213;Villar del Pedroso;556,0;48,48;30-60 km;-7,36;-9,39;-0,71;<1,000 (very small rural);NAVALMORAL DE LA MATA;Cáceres;Extremadura
22150;Loporzano;557,0;14,59;<=30 km;-7,28;9,96;-2,96;<1,000 (very small rural);HOYA DE HUESCA;Huesca;Aragón
18018;Alquife;557,0;42,76;30-60 km;-9,89;-10,1;-0,71;<1,000 (very small rural);GUADIX;Granada;Andalucía
04008;Alcóntar;557,0;54,63;30-60 km;-4,63;2,65;2,77;<1,000 (very small rural);ALTO ALMAZORA;Almería;Andalucía
09276;La Puebla de Arganzón;557,0;13,78;<=30 km;-2,9;3,64;8,58;<1,000 (very small rural);BUREBA-EBRO;Burgos;Castilla y León
33071;Taramundi;558,0;56,27;30-60 km;-10,93;-8,36;-5,74;<1,000 (very small rural);VEGADEO;Asturias;Principado de Asturias
03029;Benigembla;559,0;21,35;<=30 km;-28,55;8,78;15,73;<1,000 (very small rural);MARQUESADO;Alacant/Alicante;Comunitat Valenciana
46133;Gestalgar;560,0;32,86;30-60 km;-27,05;-2,35;3,51;<1,000 (very small rural);CAMPOS DE LIRIA;València/Valencia;Comunitat Valenciana
46071;Bicorp;560,0;44,0;30-60 km;-8,52;0,57;6,26;<1,000 (very small rural);ENGUERA Y LA CANAL;València/Valencia;Comunitat Valenciana
10194;Torrequemada;560,0;19,08;<=30 km;-3,93;-0,7;-1,06;<1,000 (very small rural);CACERES;Cáceres;Extremadura
16245;Villalba de la Sierra;561,0;8,33;<=30 km;-10,57;-1,47;19,62;<1,000 (very small rural);SERRANIA MEDIA;Cuenca;Castilla-La Mancha
47121;Pollos;562,0;38,39;30-60 km;-12,11;3,04;-8,02;<1,000 (very small rural);SUR;Valladolid;Castilla y León
44037;Beceite;562,0;86,14;>60 km;-9,38;0,55;3,31;<1,000 (very small rural);BAJO ARAGON;Teruel;Aragón
02080;Villapalacios;562,0;77,35;>60 km;-15,5;-5,6;1,08;<1,000 (very small rural);SIERRA ALCARAZ;Albacete;Castilla-La Mancha
06062;Helechosa de los Montes;562,0;67,64;>60 km;-9,89;-6,28;-8,17;<1,000 (very small rural);HERRERA DUQUE;Badajoz;Extremadura
24224;Villares de Órbigo;563,0;31,69;30-60 km;-10,45;-4,55;-4,09;<1,000 (very small rural);ASTORGA;León;Castilla y León
40004;Aguilafuente;564,0;37,45;30-60 km;-16,43;-5,11;1,26;<1,000 (very small rural);CUELLAR;Segovia;Castilla y León
10056;Casas de Millán;564,0;48,99;30-60 km;-9,96;-4,96;1,44;<1,000 (very small rural);CACERES;Cáceres;Extremadura
26019;Arrúbal;565,0;17,07;<=30 km;-2,44;10,04;5,21;<1,000 (very small rural);RIOJA MEDIA;La Rioja;La Rioja
45179;Valdeverdeja;565,0;39,91;30-60 km;-17,29;-6,66;3,29;<1,000 (very small rural);TALAVERA;Toledo;Castilla-La Mancha
31136;Juslapeña/Txulapain;565,0;10,8;<=30 km;-2,83;6,36;-3,42;<1,000 (very small rural);CUENCA PAMPLONA;Navarra;Comunidad Foral de Navarra
37207;Moriscos;566,0;9,96;<=30 km;7,06;26,82;16,22;<1,000 (very small rural);SALAMANCA;Salamanca;Castilla y León
06144;Valverde de Llerena;566,0;91,34;>60 km;-9,87;-6,14;0,0;<1,000 (very small rural);AZUAGA;Badajoz;Extremadura
17082;Guils de Cerdanya;566,0;81,34;>60 km;-7,08;11,15;-3,74;<1,000 (very small rural);CERDANYA;Girona;Cataluña/Catalunya
34076;Fuentes de Nava;567,0;20,53;<=30 km;-9,05;-5,16;-9,28;<1,000 (very small rural);CAMPOS;Palencia;Castilla y León
13006;Alcoba;567,0;53,6;30-60 km;-13,6;-10,3;5,0;<1,000 (very small rural);MONTES NORTE;Ciudad Real;Castilla-La Mancha
22163;Nueno;568,0;19,34;<=30 km;-3,94;10,34;-3,24;<1,000 (very small rural);HOYA DE HUESCA;Huesca;Aragón
43124;La Riba;569,0;18,1;<=30 km;-13,36;-0,17;-1,04;<1,000 (very small rural);ALT CAMP;Tarragona;Cataluña/Catalunya
08151;Oristà;569,0;32,56;30-60 km;-3,87;1,86;4,02;<1,000 (very small rural);OSONA;Barcelona;Cataluña/Catalunya
44086;Cretas;570,0;80,98;>60 km;-5,77;-2,8;2,7;<1,000 (very small rural);BAJO ARAGON;Teruel;Aragón
31080;Dicastillo;571,0;35,68;30-60 km;-10,92;-1,67;-3,06;<1,000 (very small rural);TIERRA ESTELLA;Navarra;Comunidad Foral de Navarra
22250;Villanúa;571,0;62,15;>60 km;-12,11;17,23;8,97;<1,000 (very small rural);JACETANIA;Huesca;Aragón
44161;Muniesa;572,0;68,57;>60 km;-5,26;-4,67;0,18;<1,000 (very small rural);BAJO ARAGON;Teruel;Aragón
10119;Membrío;572,0;59,42;30-60 km;-15,53;-7,41;-2,56;<1,000 (very small rural);VALENCIA DE ALCANTARA;Cáceres;Extremadura
24003;Alija del Infantado;573,0;53,27;30-60 km;-16,93;-11,48;-3,54;<1,000 (very small rural);LA BAÑEZA;León;Castilla y León
43079;Masllorenç;573,0;19,87;<=30 km;-7,81;2,01;12,8;<1,000 (very small rural);BAIX PENEDES;Tarragona;Cataluña/Catalunya
21024;Corteconcepción;573,0;76,55;>60 km;-9,87;5,16;0,35;<1,000 (very small rural);SIERRA;Huelva;Andalucía
23043;Hornos;573,0;79,85;>60 km;-6,52;-3,06;-4,66;<1,000 (very small rural);SIERRA DE SEGURA;Jaén;Andalucía
47011;Ataquines;573,0;52,77;30-60 km;-16,25;2,73;1,6;<1,000 (very small rural);SUR;Valladolid;Castilla y León
12108;Suera/Sueras;573,0;19,34;<=30 km;-22,32;6,54;3,43;<1,000 (very small rural);PALANCIA;Castelló/Castellón;Comunitat Valenciana
04901;Las Tres Villas;574,0;43,61;30-60 km;-15,3;-1,05;1,77;<1,000 (very small rural);RIO NACIMIENTO;Almería;Andalucía
09390;Torresandino;574,0;54,28;30-60 km;-7,92;-10,05;-2,88;<1,000 (very small rural);ARLANZA;Burgos;Castilla y León
08201;Sant Boi de Lluçanès;575,0;46,23;30-60 km;-1,53;7,71;0,35;<1,000 (very small rural);OSONA;Barcelona;Cataluña/Catalunya
50200;Paniza;575,0;50,71;30-60 km;-15,14;-3,94;-5,58;<1,000 (very small rural);LA ALMUNIA DE DOÑA GODINA;Zaragoza;Aragón
18042;Capileira;576,0;29,12;<=30 km;4,1;3,94;-0,69;<1,000 (very small rural);LAS ALPUJARRAS;Granada;Andalucía
17135;Pont de Molins;576,0;38,09;30-60 km;4,32;-2,26;11,2;<1,000 (very small rural);ALT EMPORDA;Girona;Cataluña/Catalunya
48035;Fruiz;576,0;14,27;<=30 km;16,42;0,55;5,11;<1,000 (very small rural);MUNGUIA;Bizkaia;País Vasco/Euskadi
10003;Acebo;576,0;96,85;>60 km;-11,49;-3,45;2,86;<1,000 (very small rural);CORIA;Cáceres;Extremadura
33050;Ponga;576,0;47,44;30-60 km;-9,45;-4,01;0,35;<1,000 (very small rural);CANGAS DE ONIS;Asturias;Principado de Asturias
07007;Banyalbufar;577,0;14,6;<=30 km;-16,39;7,75;6,46;<1,000 (very small rural);MALLORCA;Illes Balears;Illes Balears
46175;Montitxelvo/Montichelvo;577,0;14,57;<=30 km;-8,08;-2,81;-1,87;<1,000 (very small rural);VALLES DE ALBAIDA;València/Valencia;Comunitat Valenciana
37160;Hinojosa de Duero;577,0;92,61;>60 km;-4,29;-7,92;-6,33;<1,000 (very small rural);VITIGUDINO;Salamanca;Castilla y León
10054;Casas del Castañar;578,0;91,91;>60 km;-4,19;-8,61;8,85;<1,000 (very small rural);PLASENCIA;Cáceres;Extremadura
29064;Jubrique;578,0;11,9;<=30 km;-24,58;-1,07;4,52;<1,000 (very small rural);SERRANIA DE RONDA;Málaga;Andalucía
34010;Ampudia;579,0;19,29;<=30 km;0,0;-3,54;-3,5;<1,000 (very small rural);CAMPOS;Palencia;Castilla y León
48010;Arrieta;579,0;17,43;<=30 km;4,06;1,41;0,7;<1,000 (very small rural);MUNGUIA;Bizkaia;País Vasco/Euskadi
28025;Brea de Tajo;579,0;28,18;<=30 km;-2,88;-0,38;10,71;<1,000 (very small rural);VEGAS;Madrid;Comunidad de Madrid
50056;Botorrita;579,0;22,91;<=30 km;-3,8;3,61;12,21;<1,000 (very small rural);ZARAGOZA;Zaragoza;Aragón
37300;Los Santos;580,0;48,54;30-60 km;-2,91;-3,09;-2,52;<1,000 (very small rural);LA SIERRA;Salamanca;Castilla y León
28128;Rozas de Puerto Real;580,0;41,42;30-60 km;14,59;11,95;-1,69;<1,000 (very small rural);SUR OCCIDENTAL;Madrid;Comunidad de Madrid
44241;Valdealgorfa;580,0;86,12;>60 km;-6,37;-5,31;-1,53;<1,000 (very small rural);BAJO ARAGON;Teruel;Aragón
20066;Errezil;580,0;20,81;<=30 km;-4,45;-1,87;0,35;<1,000 (very small rural);UROLA COSTA;Gipuzkoa;País Vasco/Euskadi
39033;Herrerías;581,0;35,49;30-60 km;-2,81;-3,28;-1,36;<1,000 (very small rural);COSTERA;Cantabria;Cantabria
03084;l'Orxa/Lorcha;581,0;17,0;<=30 km;-19,63;-2,01;-0,51;<1,000 (very small rural);MONTAÑA;Alacant/Alicante;Comunitat Valenciana
10005;Aceituna;581,0;85,61;>60 km;-3,06;-3,29;-1,02;<1,000 (very small rural);PLASENCIA;Cáceres;Extremadura
24132;Riello;582,0;43,75;30-60 km;-13,25;-0,96;-5,52;<1,000 (very small rural);LA MONTAÑA DE LUNA;León;Castilla y León
19124;Fuentenovilla;583,0;26,24;<=30 km;-13,21;7,6;3,0;<1,000 (very small rural);CAMPIÑA;Guadalajara;Castilla-La Mancha
34108;Monzón de Campos;583,0;15,65;<=30 km;-7,92;-2,3;-2,18;<1,000 (very small rural);CAMPOS;Palencia;Castilla y León
09151;Gumiel de Izán;584,0;64,49;>60 km;-14,44;1,46;5,04;<1,000 (very small rural);LA RIBERA;Burgos;Castilla y León
03136;la Vall de Gallinera;584,0;17,24;<=30 km;-14,41;-5,43;4,85;<1,000 (very small rural);MARQUESADO;Alacant/Alicante;Comunitat Valenciana
25131;Massalcoreig;584,0;26,69;<=30 km;1,2;2,39;-2,5;<1,000 (very small rural);SEGRIA;Lleida;Cataluña/Catalunya
17128;Pau;584,0;42,87;30-60 km;-8,83;7,5;-0,68;<1,000 (very small rural);ALT EMPORDA;Girona;Cataluña/Catalunya
04005;Alboloduy;585,0;31,82;30-60 km;-12,61;-1,45;-4,41;<1,000 (very small rural);RIO NACIMIENTO;Almería;Andalucía
03091;Murla;585,0;23,86;<=30 km;-21,67;11,36;6,56;<1,000 (very small rural);MARQUESADO;Alacant/Alicante;Comunitat Valenciana
12132;Vilanova d'Alcolea;585,0;29,2;<=30 km;-16,64;0,52;1,21;<1,000 (very small rural);LLANOS CENTRALES;Castelló/Castellón;Comunitat Valenciana
50253;Terrer;585,0;77,38;>60 km;-4,2;9,28;10,38;<1,000 (very small rural);CALATAYUD;Zaragoza;Aragón
50248;Sos del Rey Católico;585,0;51,85;30-60 km;-11,71;-2,38;1,92;<1,000 (very small rural);EGEA DE LOS CABALLEROS;Zaragoza;Aragón
49239;Villabuena del Puente;586,0;37,79;30-60 km;-14,88;-11,63;-5,94;<1,000 (very small rural);DUERO BAJO;Zamora;Castilla y León
13081;Terrinches;586,0;87,28;>60 km;-21,78;-9,18;-7,42;<1,000 (very small rural);CAMPO DE MONTIEL;Ciudad Real;Castilla-La Mancha
46153;Llocnou de Sant Jeroni;586,0;11,13;<=30 km;-4,56;2,77;5,21;<1,000 (very small rural);GANDIA;València/Valencia;Comunitat Valenciana
18909;Morelábor;587,0;37,18;30-60 km;-15,03;-4,85;-0,34;<1,000 (very small rural);IZNALLOZ;Granada;Andalucía
22174;Peralta de Alcofea;587,0;41,42;30-60 km;-6,95;2,49;1,91;<1,000 (very small rural);MONEGROS;Huesca;Aragón
29050;Cútar;587,0;12,83;<=30 km;-11,42;-1,95;-2,49;<1,000 (very small rural);VELEZ MALAGA;Málaga;Andalucía
25077;Coll de Nargó;587,0;68,64;>60 km;-8,07;-0,18;7,12;<1,000 (very small rural);ALT URGELL;Lleida;Cataluña/Catalunya
40901;Ortigosa del Monte;587,0;9,07;<=30 km;-0,54;2,11;1,21;<1,000 (very small rural);SEGOVIA;Segovia;Castilla y León
45104;Montearagón;588,0;18,45;<=30 km;-8,61;3,16;12,64;<1,000 (very small rural);TALAVERA;Toledo;Castilla-La Mancha
20035;Ezkio-Itsaso;588,0;32,66;30-60 km;0,0;6,78;-4,23;<1,000 (very small rural);GOIERRI;Gipuzkoa;País Vasco/Euskadi
29903;Montecorto;589,0;41,68;30-60 km;;-2,22;2,97;<1,000 (very small rural);SERRANIA DE RONDA;Málaga;Andalucía
50026;Alpartir;589,0;48,66;30-60 km;-4,21;4,32;-2,48;<1,000 (very small rural);LA ALMUNIA DE DOÑA GODINA;Zaragoza;Aragón
05076;El Fresno;591,0;10,05;<=30 km;5,11;-2,0;0,34;<1,000 (very small rural);AVILA;Ávila;Castilla y León
23032;Espeluy;591,0;21,42;<=30 km;-10,72;-5,29;-2,96;<1,000 (very small rural);CAMPIÑA DEL NORTE;Jaén;Andalucía
43120;Querol;591,0;30,78;30-60 km;-2,21;4,41;8,64;<1,000 (very small rural);ALT CAMP;Tarragona;Cataluña/Catalunya
31259;Igantzi;591,0;13,43;<=30 km;-1,42;-5,63;0,68;<1,000 (very small rural);NORD OCCIDENTAL;Navarra;Comunidad Foral de Navarra
23041;Higuera de Calatrava;591,0;35,48;30-60 km;-7,16;-2,44;-1,66;<1,000 (very small rural);CAMPIÑA DEL NORTE;Jaén;Andalucía
18010;Aldeire;592,0;45,77;30-60 km;-6,2;-0,8;-4,98;<1,000 (very small rural);GUADIX;Granada;Andalucía
10138;Pasarón de la Vera;592,0;82,85;>60 km;-3,55;-5,46;-2,31;<1,000 (very small rural);PLASENCIA;Cáceres;Extremadura
40228;Villaverde de Íscar;593,0;44,73;30-60 km;-13,26;-9,82;5,89;<1,000 (very small rural);CUELLAR;Segovia;Castilla y León
06134;Trasierra;593,0;84,94;>60 km;-7,2;-2,53;-3,89;<1,000 (very small rural);LLERENA;Badajoz;Extremadura
10099;Holguera;593,0;58,19;30-60 km;-13,52;-4,17;-4,35;<1,000 (very small rural);CORIA;Cáceres;Extremadura
02040;Hoya-Gonzalo;593,0;28,55;<=30 km;-14,49;-3,7;-0,84;<1,000 (very small rural);CENTRO;Albacete;Castilla-La Mancha
10011;Aldeacentenera;593,0;72,1;>60 km;-16,92;-1,39;4,4;<1,000 (very small rural);TRUJILLO;Cáceres;Extremadura
03001;l'Atzúbia;594,0;14,49;<=30 km;-9,04;-7,87;-2,46;<1,000 (very small rural);MARQUESADO;Alacant/Alicante;Comunitat Valenciana
08178;Rajadell;594,0;9,4;<=30 km;2,29;1,86;8,2;<1,000 (very small rural);BAGES;Barcelona;Cataluña/Catalunya
32066;Quintela de Leirado;594,0;30,21;30-60 km;-15,06;0,49;-3,26;<1,000 (very small rural);ORENSE;Ourense;Galicia
31045;Barásoain;594,0;22,56;<=30 km;0,78;-4,07;-3,1;<1,000 (very small rural);NAVARRA MEDIA;Navarra;Comunidad Foral de Navarra
46259;Villargordo del Cabriel;594,0;74,37;>60 km;-20,52;-0,17;1,54;<1,000 (very small rural);REQUENA-UTIEL;València/Valencia;Comunitat Valenciana
24145;San Emiliano;596,0;42,18;30-60 km;-3,97;-5,26;-5,4;<1,000 (very small rural);LA MONTAÑA DE LUNA;León;Castilla y León
24228;Villazala;596,0;32,84;30-60 km;-14,97;-5,5;-6,29;<1,000 (very small rural);EL PARAMO;León;Castilla y León
22113;La Fueva;597,0;63,59;>60 km;-4,1;2,51;-2,45;<1,000 (very small rural);SOBRARBE;Huesca;Aragón
23021;Carboneros;597,0;13,44;<=30 km;-5,45;0,33;-1,81;<1,000 (very small rural);SIERRA MORENA;Jaén;Andalucía
04041;Enix;598,0;11,23;<=30 km;-4,19;29,19;10,74;<1,000 (very small rural);CAMPO DALIAS;Almería;Andalucía
43076;Marçà;598,0;26,89;<=30 km;-5,64;2,17;-2,29;<1,000 (very small rural);PRIORAT;Tarragona;Cataluña/Catalunya
46189;el Palomar;598,0;19,12;<=30 km;-3,66;-2,43;6,41;<1,000 (very small rural);VALLES DE ALBAIDA;València/Valencia;Comunitat Valenciana
45114;Navamorcuende;599,0;20,52;<=30 km;-5,44;-2,4;-1,96;<1,000 (very small rural);TALAVERA;Toledo;Castilla-La Mancha
50136;Lécera;599,0;58,29;30-60 km;-9,49;-2,87;-6,7;<1,000 (very small rural);ZARAGOZA;Zaragoza;Aragón
49080;Fuentelapeña;599,0;39,71;30-60 km;-12,59;-4,99;-10,19;<1,000 (very small rural);DUERO BAJO;Zamora;Castilla y León
49176;Riofrío de Aliste;599,0;47,52;30-60 km;-17,43;-8,04;-4,77;<1,000 (very small rural);ALISTE;Zamora;Castilla y León
50004;Aguarón;599,0;48,74;30-60 km;-21,65;-2,38;-2,76;<1,000 (very small rural);LA ALMUNIA DE DOÑA GODINA;Zaragoza;Aragón
29087;Sedella;600,0;12,89;<=30 km;-13,51;-2,31;1,35;<1,000 (very small rural);VELEZ MALAGA;Málaga;Andalucía
10012;Aldea del Cano;600,0;15,25;<=30 km;-9,59;-1,61;-1,64;<1,000 (very small rural);CACERES;Cáceres;Extremadura
27033;Muras;600,0;49,19;30-60 km;-17,35;-3,93;-1,8;<1,000 (very small rural);TERRA CHA;Lugo;Galicia
41088;San Nicolás del Puerto;600,0;71,32;>60 km;-5,27;1,5;-1,32;<1,000 (very small rural);LA SIERRA NORTE;Sevilla;Andalucía
28107;Patones;602,0;32,8;30-60 km;3,17;0,19;14,89;<1,000 (very small rural);LOZOYA SOMOSIERRA;Madrid;Comunidad de Madrid
25002;Àger;602,0;43,1;30-60 km;-0,68;-3,76;2,38;<1,000 (very small rural);NOGUERA;Lleida;Cataluña/Catalunya
45150;San Bartolomé de las Abiertas;603,0;16,02;<=30 km;-21,36;-2,51;41,22;<1,000 (very small rural);TALAVERA;Toledo;Castilla-La Mancha
33003;Amieva;603,0;50,81;30-60 km;-13,06;-8,74;-2,11;<1,000 (very small rural);CANGAS DE ONIS;Asturias;Principado de Asturias
44056;Caminreal;603,0;89,38;>60 km;-14,21;2,42;-4,89;<1,000 (very small rural);CUENCA DEL JILOCA;Teruel;Aragón
45152;San Martín de Pusa;604,0;23,53;<=30 km;-19,13;-12,1;-0,98;<1,000 (very small rural);LA JARA;Toledo;Castilla-La Mancha
03124;Sella;604,0;14,82;<=30 km;-8,96;-1,2;4,5;<1,000 (very small rural);CENTRAL;Alacant/Alicante;Comunitat Valenciana
24102;Noceda del Bierzo;605,0;27,34;<=30 km;-11,28;-8,09;-3,2;<1,000 (very small rural);BIERZO;León;Castilla y León
02031;Férez;605,0;63,35;>60 km;-10,32;-6,82;-3,66;<1,000 (very small rural);SIERRA SEGURA;Albacete;Castilla-La Mancha
46239;Teresa de Cofrentes;605,0;52,27;30-60 km;-4,83;-4,92;-2,1;<1,000 (very small rural);VALLE DE AYORA;València/Valencia;Comunitat Valenciana
46057;Benicolet;605,0;12,36;<=30 km;-8,45;0,86;3,07;<1,000 (very small rural);VALLES DE ALBAIDA;València/Valencia;Comunitat Valenciana
25907;Torrefeta i Florejacs;605,0;47,76;30-60 km;-6,78;2,03;0,5;<1,000 (very small rural);SEGARRA;Lleida;Cataluña/Catalunya
45032;Camarenilla;606,0;16,55;<=30 km;-12,03;5,76;3,06;<1,000 (very small rural);TORRIJOS;Toledo;Castilla-La Mancha
18069;Dólar;606,0;53,88;30-60 km;2,9;2,58;-4,87;<1,000 (very small rural);GUADIX;Granada;Andalucía
08039;Campins;606,0;19,21;<=30 km;3,75;4,85;12,22;<1,000 (very small rural);VALLES ORIENTAL;Barcelona;Cataluña/Catalunya
47157;Sardón de Duero;607,0;30,34;30-60 km;-12,59;3,26;0,83;<1,000 (very small rural);SURESTE;Valladolid;Castilla y León
50201;Paracuellos de Jiloca;607,0;73,72;>60 km;-1,19;-5,66;7,05;<1,000 (very small rural);CALATAYUD;Zaragoza;Aragón
46140;Guardamar de la Safor;607,0;6,44;<=30 km;-5,98;11,41;10,97;<1,000 (very small rural);GANDIA;València/Valencia;Comunitat Valenciana
22069;Broto;608,0;54,32;30-60 km;1,66;6,21;7,8;<1,000 (very small rural);SOBRARBE;Huesca;Aragón
14075;Zuheros;608,0;48,39;30-60 km;-13,67;-1,09;-4,1;<1,000 (very small rural);PENIBETICA;Córdoba;Andalucía
39039;Luena;608,0;27,87;<=30 km;-13,94;3,66;-2,41;<1,000 (very small rural);PAS-IGUÑA;Cantabria;Cantabria
02011;Ayna;608,0;47,16;30-60 km;-16,63;-8,78;4,47;<1,000 (very small rural);SIERRA SEGURA;Albacete;Castilla-La Mancha
19007;Albares;608,0;34,68;30-60 km;-3,17;-11,3;26,93;<1,000 (very small rural);CAMPIÑA;Guadalajara;Castilla-La Mancha
43175;Vilalba dels Arcs;608,0;55,81;30-60 km;-9,56;-0,79;-3,49;<1,000 (very small rural);TERRA ALTA;Tarragona;Cataluña/Catalunya
27062;Triacastela;609,0;39,01;30-60 km;-14,77;-2,49;-2,87;<1,000 (very small rural);MONTAÑA;Lugo;Galicia
24004;Almanza;609,0;47,36;30-60 km;-10,08;6,81;2,18;<1,000 (very small rural);TIERRAS DE LEON;León;Castilla y León
18020;Arenas del Rey;610,0;30,32;30-60 km;-40,48;-47,03;-2,24;<1,000 (very small rural);ALHAMA;Granada;Andalucía
03003;Agres;610,0;11,63;<=30 km;-10,0;5,26;5,17;<1,000 (very small rural);MONTAÑA;Alacant/Alicante;Comunitat Valenciana
10202;Valdeobispo;610,0;81,27;>60 km;-9,52;-1,51;-6,73;<1,000 (very small rural);PLASENCIA;Cáceres;Extremadura
09163;Hontoria del Pinar;610,0;70,02;>60 km;-14,47;-3,74;-5,28;<1,000 (very small rural);DEMANDA;Burgos;Castilla y León
43167;Vilanova d'Escornalbou;610,0;16,69;<=30 km;-8,27;6,01;4,81;<1,000 (very small rural);BAIX CAMP;Tarragona;Cataluña/Catalunya
16904;Fuentenava de Jábaga;610,0;27,92;<=30 km;-7,37;0,38;15,75;<1,000 (very small rural);SERRANIA MEDIA;Cuenca;Castilla-La Mancha
16014;Aliaguilla;611,0;76,88;>60 km;-11,32;-2,28;-5,12;<1,000 (very small rural);SERRANIA BAJA;Cuenca;Castilla-La Mancha
43097;La Nou de Gaià;611,0;11,02;<=30 km;5,23;8,07;-0,81;<1,000 (very small rural);TARRAGONES;Tarragona;Cataluña/Catalunya
22078;Canfranc;612,0;69,63;>60 km;-12,58;12,59;2,17;<1,000 (very small rural);JACETANIA;Huesca;Aragón
09058;Buniel;612,0;11,14;<=30 km;13,28;11,42;1,16;<1,000 (very small rural);ARLANZON;Burgos;Castilla y León
18106;Játar;612,0;26,53;<=30 km;;1,67;0,49;<1,000 (very small rural);ALHAMA;Granada;Andalucía
43068;Godall;612,0;77,37;>60 km;-26,03;3,89;-0,33;<1,000 (very small rural);MONTSIA;Tarragona;Cataluña/Catalunya
41030;Castilleja del Campo;612,0;33,78;30-60 km;-3,09;1,28;-3,32;<1,000 (very small rural);EL ALJARAFE;Sevilla;Andalucía
37187;Matilla de los Caños del Río;613,0;25,49;<=30 km;-3,47;1,91;-4,07;<1,000 (very small rural);FUENTE DE SAN ESTEBAN;Salamanca;Castilla y León
45191;Villamuelas;613,0;21,41;<=30 km;-13,07;-1,13;0,0;<1,000 (very small rural);LA MANCHA;Toledo;Castilla-La Mancha
06111;Rena;613,0;53,68;30-60 km;-5,74;-2,41;0,99;<1,000 (very small rural);DON BENITO;Badajoz;Extremadura
47005;Alcazarén;614,0;32,34;30-60 km;-10,88;-1,25;-2,85;<1,000 (very small rural);SURESTE;Valladolid;Castilla y León
46024;Alfara de la Baronia;614,0;10,76;<=30 km;-4,8;9,46;4,07;<1,000 (very small rural);SAGUNTO;València/Valencia;Comunitat Valenciana
37070;Calvarrasa de Arriba;615,0;11,48;<=30 km;-9,46;-1,0;3,54;<1,000 (very small rural);ALBA DE TORMES;Salamanca;Castilla y León
44201;Rubielos de Mora;615,0;53,85;30-60 km;-16,64;0,8;-2,69;<1,000 (very small rural);MAESTRAZGO;Teruel;Aragón
50267;Uncastillo;615,0;64,52;>60 km;-12,2;-2,46;-3,0;<1,000 (very small rural);EGEA DE LOS CABALLEROS;Zaragoza;Aragón
24067;Encinedo;616,0;26,81;<=30 km;-15,48;-3,64;-6,81;<1,000 (very small rural);LA CABRERA;León;Castilla y León
10191;Torremenga;616,0;79,96;>60 km;-5,87;-3,77;4,94;<1,000 (very small rural);PLASENCIA;Cáceres;Extremadura
49135;Muelas del Pan;616,0;16,2;<=30 km;-14,3;-5,01;1,48;<1,000 (very small rural);CAMPOS-PAN;Zamora;Castilla y León
26170;El Villar de Arnedo;617,0;35,67;30-60 km;-8,33;-1,17;4,58;<1,000 (very small rural);RIOJA BAJA;La Rioja;La Rioja
13903;Arenales de San Gregorio;617,0;88,31;>60 km;-13,37;-3,87;7,87;<1,000 (very small rural);MANCHA;Ciudad Real;Castilla-La Mancha
28076;Lozoya;617,0;33,05;30-60 km;-13,6;6,08;4,05;<1,000 (very small rural);LOZOYA SOMOSIERRA;Madrid;Comunidad de Madrid
49029;Burganes de Valverde;618,0;43,37;30-60 km;-12,79;-2,59;-3,29;<1,000 (very small rural);BENAVENTE Y LOS VALLES;Zamora;Castilla y León
42165;San Pedro Manrique;619,0;51,64;30-60 km;-8,65;6,16;-5,5;<1,000 (very small rural);TIERRAS ALTAS Y VALLE DEL TERA;Soria;Castilla y León
31022;Arantza;619,0;14,61;<=30 km;-3,26;-1,3;2,15;<1,000 (very small rural);NORD OCCIDENTAL;Navarra;Comunidad Foral de Navarra
37121;Encinas de Abajo;619,0;19,33;<=30 km;5,0;-2,83;0,32;<1,000 (very small rural);SALAMANCA;Salamanca;Castilla y León
13091;Villamayor de Calatrava;619,0;26,6;<=30 km;-7,52;1,66;1,14;<1,000 (very small rural);CAMPO DE CALATRAVA;Ciudad Real;Castilla-La Mancha
28163;Valdepiélagos;619,0;23,64;<=30 km;8,5;6,62;1,14;<1,000 (very small rural);CAMPIÑA;Madrid;Comunidad de Madrid
25139;Montellà i Martinet;620,0;67,74;>60 km;-18,89;7,58;4,03;<1,000 (very small rural);CERDANYA;Lleida;Cataluña/Catalunya
45162;Sevilleja de la Jara;620,0;47,93;30-60 km;-15,94;-8,31;-3,12;<1,000 (very small rural);LA JARA;Toledo;Castilla-La Mancha
18179;Torvizcón;621,0;21,7;<=30 km;-13,91;-4,37;-2,05;<1,000 (very small rural);LAS ALPUJARRAS;Granada;Andalucía
09085;Castrillo de la Vega;621,0;75,7;>60 km;-4,5;2,53;-4,17;<1,000 (very small rural);LA RIBERA;Burgos;Castilla y León
34237;Villaumbrales;623,0;10,98;<=30 km;-10,11;-1,8;-4,59;<1,000 (very small rural);CAMPOS;Palencia;Castilla y León
24144;San Cristóbal de la Polantera;625,0;35,22;30-60 km;-12,97;-8,1;-5,02;<1,000 (very small rural);LA BAÑEZA;León;Castilla y León
40095;Gomezserracín;625,0;44,1;30-60 km;-2,1;-4,07;-5,3;<1,000 (very small rural);CUELLAR;Segovia;Castilla y León
24087;Laguna Dalga;626,0;33,75;30-60 km;-8,08;-4,95;-1,11;<1,000 (very small rural);EL PARAMO;León;Castilla y León
17005;El Far d'Empordà;626,0;31,86;30-60 km;2,34;7,47;1,13;<1,000 (very small rural);ALT EMPORDA;Girona;Cataluña/Catalunya
43147;Solivella;626,0;35,45;30-60 km;-10,63;3,39;-2,19;<1,000 (very small rural);CONCA DE BARBERA;Tarragona;Cataluña/Catalunya
42019;Almarza;626,0;58,58;30-60 km;-8,9;11,89;-2,19;<1,000 (very small rural);TIERRAS ALTAS Y VALLE DEL TERA;Soria;Castilla y León
31018;Añorbe;627,0;20,69;<=30 km;-3,38;8,1;2,12;<1,000 (very small rural);CUENCA PAMPLONA;Navarra;Comunidad Foral de Navarra
08174;Puigdàlber;629,0;18,53;<=30 km;-3,62;6,37;14,16;<1,000 (very small rural);ALT PENEDÉS;Barcelona;Cataluña/Catalunya
45086;Lucillos;629,0;19,94;<=30 km;-12,18;3,14;6,43;<1,000 (very small rural);TALAVERA;Toledo;Castilla-La Mancha
08212;Sant Feliu Sasserra;629,0;28,56;<=30 km;-9,42;2,83;1,94;<1,000 (very small rural);BAGES;Barcelona;Cataluña/Catalunya
43152;La Torre de l'Espanyol;631,0;39,82;30-60 km;-9,17;-4,78;5,52;<1,000 (very small rural);RIBERA D'EBRE;Tarragona;Cataluña/Catalunya
10123;Mirabel;632,0;57,51;30-60 km;-6,82;2,45;-5,53;<1,000 (very small rural);PLASENCIA;Cáceres;Extremadura
50123;Grisén;632,0;20,68;<=30 km;11,01;1,34;4,46;<1,000 (very small rural);ZARAGOZA;Zaragoza;Aragón
44029;Ariño;632,0;75,22;>60 km;-19,8;-3,25;-7,74;<1,000 (very small rural);BAJO ARAGON;Teruel;Aragón
25244;Vilagrassa;633,0;42,26;30-60 km;10,83;15,1;7,84;<1,000 (very small rural);URGELL;Lleida;Cataluña/Catalunya
03127;Tàrbena;634,0;17,14;<=30 km;-20,89;2,39;-1,25;<1,000 (very small rural);CENTRAL;Alacant/Alicante;Comunitat Valenciana
09125;Estépar;634,0;18,83;<=30 km;-14,48;-0,66;4,97;<1,000 (very small rural);ARLANZON;Burgos;Castilla y León
09315;Revillarruz;634,0;13,89;<=30 km;5,01;7,84;12,41;<1,000 (very small rural);ARLANZON;Burgos;Castilla y León
14068;Villaharta;634,0;36,52;30-60 km;-13,58;-0,47;-0,94;<1,000 (very small rural);LA SIERRA;Córdoba;Andalucía
14011;Los Blázquez;635,0;91,8;>60 km;-7,25;-3,23;-3,64;<1,000 (very small rural);PEDROCHES;Córdoba;Andalucía
49171;Quiruelas de Vidriales;635,0;55,3;30-60 km;-10,0;-4,19;-0,78;<1,000 (very small rural);BENAVENTE Y LOS VALLES;Zamora;Castilla y León
24210;Villagatón;636,0;35,27;30-60 km;-8,41;8,16;0,0;<1,000 (very small rural);ASTORGA;León;Castilla y León
25138;Montgai;637,0;37,31;30-60 km;-11,67;3,15;-2,75;<1,000 (very small rural);NOGUERA;Lleida;Cataluña/Catalunya
08229;Sant Mateu de Bages;637,0;16,75;<=30 km;-4,83;2,33;3,75;<1,000 (very small rural);BAGES;Barcelona;Cataluña/Catalunya
18049;Cogollos de Guadix;639,0;37,13;30-60 km;-11,78;-3,96;1,43;<1,000 (very small rural);GUADIX;Granada;Andalucía
22016;Alcampell;639,0;30,08;30-60 km;-11,94;-3,83;1,91;<1,000 (very small rural);LA LITERA;Huesca;Aragón
46047;Bèlgida;640,0;20,71;<=30 km;-4,56;-2,68;-2,14;<1,000 (very small rural);VALLES DE ALBAIDA;València/Valencia;Comunitat Valenciana
06092;Nogales;640,0;30,95;30-60 km;-5,15;-3,0;-0,93;<1,000 (very small rural);BADAJOZ;Badajoz;Extremadura
18065;Dehesas Viejas;640,0;33,36;30-60 km;;-5,26;-6,57;<1,000 (very small rural);IZNALLOZ;Granada;Andalucía
10185;Torrecilla de los Ángeles;640,0;98,24;>60 km;-2,9;4,18;-1,23;<1,000 (very small rural);CORIA;Cáceres;Extremadura
02006;Alcadozo;641,0;35,57;30-60 km;-9,81;-3,51;1,42;<1,000 (very small rural);CENTRO;Albacete;Castilla-La Mancha
49109;Manganeses de la Polvorosa;641,0;57,59;30-60 km;-9,42;-6,28;2,23;<1,000 (very small rural);BENAVENTE Y LOS VALLES;Zamora;Castilla y León
22205;San Esteban de Litera;641,0;36,21;30-60 km;-4,72;12,65;12,46;<1,000 (very small rural);LA LITERA;Huesca;Aragón
25073;Cervià de les Garrigues;641,0;30,64;30-60 km;-18,32;2,62;-3,61;<1,000 (very small rural);GARRIGUES;Lleida;Cataluña/Catalunya
31240;Urdiain;642,0;41,58;30-60 km;-6,02;-1,63;-3,31;<1,000 (very small rural);NORD OCCIDENTAL;Navarra;Comunidad Foral de Navarra
01021;Elburgo/Burgelu;642,0;11,61;<=30 km;-2,57;5,14;1,26;<1,000 (very small rural);LLANADA ALAVESA;Araba/Álava;País Vasco/Euskadi
12079;Montanejos;643,0;37,86;30-60 km;-20,32;-0,73;18,2;<1,000 (very small rural);PALANCIA;Castelló/Castellón;Comunitat Valenciana
48070;Aulesti;643,0;31,22;30-60 km;-3,38;-0,31;-0,46;<1,000 (very small rural);ONDARROA;Bizkaia;País Vasco/Euskadi
12044;Cervera del Maestre;643,0;56,78;30-60 km;-14,72;-3,67;11,44;<1,000 (very small rural);BAJO MAESTRAZGO;Castelló/Castellón;Comunitat Valenciana
32016;Calvos de Randín;644,0;46,41;30-60 km;-30,44;-7,96;-10,18;<1,000 (very small rural);VERIN;Ourense;Galicia
47054;Cogeces del Monte;644,0;39,71;30-60 km;-13,85;-7,81;1,1;<1,000 (very small rural);SURESTE;Valladolid;Castilla y León
21066;San Silvestre de Guzmán;644,0;41,83;30-60 km;-16,42;7,58;-1,38;<1,000 (very small rural);ANDEVALO OCCIDENTAL;Huelva;Andalucía
28155;Valdaracete;645,0;23,39;<=30 km;-5,3;-2,24;5,39;<1,000 (very small rural);VEGAS;Madrid;Comunidad de Madrid
47145;San Miguel del Arroyo;646,0;35,01;30-60 km;-9,37;-1,94;-1,82;<1,000 (very small rural);SURESTE;Valladolid;Castilla y León
26007;Alcanadre;647,0;25,42;<=30 km;-11,01;0,47;0,0;<1,000 (very small rural);RIOJA MEDIA;La Rioja;La Rioja
13069;Puebla del Príncipe;647,0;81,07;>60 km;-9,55;-2,0;-5,82;<1,000 (very small rural);CAMPO DE MONTIEL;Ciudad Real;Castilla-La Mancha
44074;Cedrillas;647,0;82,66;>60 km;-1,45;-3,33;6,24;<1,000 (very small rural);MAESTRAZGO;Teruel;Aragón
16155;El Peral;648,0;59,47;30-60 km;-26,89;3,6;2,37;<1,000 (very small rural);MANCHUELA;Cuenca;Castilla-La Mancha
16901;Campos del Paraíso;648,0;63,59;>60 km;-16,18;-6,91;-9,24;<1,000 (very small rural);MANCHA ALTA;Cuenca;Castilla-La Mancha
10134;Navezuelas;649,0;70,25;>60 km;-4,62;-2,32;2,85;<1,000 (very small rural);LOGROSAN;Cáceres;Extremadura
26080;Igea;649,0;57,15;30-60 km;-16,74;3,78;2,85;<1,000 (very small rural);RIOJA BAJA;La Rioja;La Rioja
46053;Beneixida;649,0;30,42;30-60 km;-10,12;-1,39;1,56;<1,000 (very small rural);RIBERAS DEL JUCAR;València/Valencia;Comunitat Valenciana
49151;El Perdigón;650,0;11,3;<=30 km;-11,25;-6,5;0,46;<1,000 (very small rural);DUERO BAJO;Zamora;Castilla y León
12067;Geldo;651,0;22,81;<=30 km;-9,44;-0,79;3,66;<1,000 (very small rural);PALANCIA;Castelló/Castellón;Comunitat Valenciana
37136;Fuenteguinaldo;652,0;103,17;>60 km;-12,4;-0,88;-3,26;<1,000 (very small rural);CIUDAD RODRIGO;Salamanca;Castilla y León
22167;Osso de Cinca;652,0;30,29;30-60 km;-10,03;-2,33;-2,83;<1,000 (very small rural);BAJO CINCA;Huesca;Aragón
13088;Valenzuela de Calatrava;653,0;21,96;<=30 km;-9,09;-4,91;-0,76;<1,000 (very small rural);CAMPO DE CALATRAVA;Ciudad Real;Castilla-La Mancha
24214;Villamejil;653,0;36,42;30-60 km;-11,56;-2,01;-4,25;<1,000 (very small rural);ASTORGA;León;Castilla y León
25168;El Poal;653,0;24,66;<=30 km;-1,24;6,55;-2,1;<1,000 (very small rural);PLA D'URGELL;Lleida;Cataluña/Catalunya
24121;Puebla de Lillo;654,0;51,67;30-60 km;-2,39;0,15;-2,68;<1,000 (very small rural);LA MONTAÑA DE RIAÑO;León;Castilla y León
31054;Bertizarana;654,0;23,61;<=30 km;-8,51;-1,81;9,73;<1,000 (very small rural);NORD OCCIDENTAL;Navarra;Comunidad Foral de Navarra
40036;Cabezuela;656,0;40,26;30-60 km;-2,44;-4,62;2,5;<1,000 (very small rural);SEPULVEDA;Segovia;Castilla y León
03062;Daya Vieja;657,0;12,0;<=30 km;-1,79;3,21;-7,07;<1,000 (very small rural);MERIDIONAL;Alacant/Alicante;Comunitat Valenciana
23077;Santiago de Calatrava;657,0;39,4;30-60 km;-15,39;-3,87;-1,94;<1,000 (very small rural);CAMPIÑA DEL NORTE;Jaén;Andalucía
10007;Albalá;657,0;23,8;<=30 km;-15,03;2,71;-3,52;<1,000 (very small rural);CACERES;Cáceres;Extremadura
13055;Mestanza;657,0;52,66;30-60 km;-12,76;-3,78;-0,76;<1,000 (very small rural);PASTOS;Ciudad Real;Castilla-La Mancha
13904;Llanos del Caudillo;657,0;56,6;30-60 km;1,98;-2,64;-6,14;<1,000 (very small rural);MANCHA;Ciudad Real;Castilla-La Mancha
18037;Calicasas;658,0;10,98;<=30 km;6,54;5,75;2,17;<1,000 (very small rural);DE LA VEGA;Granada;Andalucía
06105;Puebla del Maestre;658,0;77,19;>60 km;-8,21;-4,73;-1,05;<1,000 (very small rural);LLERENA;Badajoz;Extremadura
08063;Castellolí;658,0;17,16;<=30 km;8,91;7,05;0,77;<1,000 (very small rural);ANOIA;Barcelona;Cataluña/Catalunya
26143;Sojuela;659,0;14,42;<=30 km;22,65;57,09;41,72;<1,000 (very small rural);RIOJA MEDIA;La Rioja;La Rioja
19022;Almonacid de Zorita;659,0;48,29;30-60 km;-9,43;-3,61;-5,04;<1,000 (very small rural);CAMPIÑA;Guadalajara;Castilla-La Mancha
06129;Táliga;660,0;40,2;30-60 km;-10,3;-1,03;-2,08;<1,000 (very small rural);OLIVENZA;Badajoz;Extremadura
31228;Tiebas-Muruarte de Reta;660,0;14,36;<=30 km;-9,19;8,03;2,17;<1,000 (very small rural);CUENCA PAMPLONA;Navarra;Comunidad Foral de Navarra
06053;Fuente del Arco;660,0;79,27;>60 km;-8,58;-2,3;-3,08;<1,000 (very small rural);LLERENA;Badajoz;Extremadura
18183;Válor;660,0;41,53;30-60 km;-4,79;4,91;-6,38;<1,000 (very small rural);LAS ALPUJARRAS;Granada;Andalucía
46052;Benavites;661,0;6,06;<=30 km;-6,13;9,93;1,23;<1,000 (very small rural);SAGUNTO;València/Valencia;Comunitat Valenciana
31085;Etxauri;662,0;13,01;<=30 km;1,86;1,9;2,64;<1,000 (very small rural);CUENCA PAMPLONA;Navarra;Comunidad Foral de Navarra
06098;Palomas;662,0;37,37;30-60 km;1,15;-1,9;-1,63;<1,000 (very small rural);ALMENDRALEJO;Badajoz;Extremadura
02004;Albatana;663,0;53,3;30-60 km;-12,09;-1,73;-2,64;<1,000 (very small rural);HELLIN;Albacete;Castilla-La Mancha
05152;Nava de Arévalo;663,0;38,49;30-60 km;-12,33;-5,18;-7,14;<1,000 (very small rural);AREVALO-MADRIGAL;Ávila;Castilla y León
44071;Castellote;663,0;88,14;>60 km;-14,53;1,63;-3,49;<1,000 (very small rural);BAJO ARAGON;Teruel;Aragón
22099;Esplús;664,0;27,9;<=30 km;-11,16;19,96;2,31;<1,000 (very small rural);LA LITERA;Huesca;Aragón
25183;Rialp;664,0;99,74;>60 km;0,3;-0,75;0,91;<1,000 (very small rural);PALLARS SOBIRA;Lleida;Cataluña/Catalunya
31179;Murillo el Fruto;664,0;48,44;30-60 km;-14,59;4,07;-0,15;<1,000 (very small rural);RIBERA ALTA ARAGON;Navarra;Comunidad Foral de Navarra
10077;Garciaz;664,0;71,84;>60 km;-8,38;-3,45;-5,14;<1,000 (very small rural);TRUJILLO;Cáceres;Extremadura
32033;Gomesende;664,0;24,92;<=30 km;-17,76;-7,6;-4,18;<1,000 (very small rural);ORENSE;Ourense;Galicia
46064;Benimuslem;665,0;29,58;<=30 km;-3,95;-1,06;1,84;<1,000 (very small rural);RIBERAS DEL JUCAR;València/Valencia;Comunitat Valenciana
02061;Pétrola;665,0;36,48;30-60 km;-14,71;-2,87;-1,63;<1,000 (very small rural);CENTRO;Albacete;Castilla-La Mancha
43116;Prades;665,0;21,38;<=30 km;-9,52;2,21;10,47;<1,000 (very small rural);BAIX CAMP;Tarragona;Cataluña/Catalunya
20054;Lizartza;667,0;22,64;<=30 km;-7,3;3,82;6,72;<1,000 (very small rural);TOLOSA;Gipuzkoa;País Vasco/Euskadi
16196;Santa María de los Llanos;668,0;93,68;>60 km;-8,08;-1,02;-1,91;<1,000 (very small rural);MANCHA BAJA;Cuenca;Castilla-La Mancha
02052;Motilleja;668,0;25,79;<=30 km;-8,5;10,4;10,41;<1,000 (very small rural);MANCHUELA;Albacete;Castilla-La Mancha
05055;Casillas;669,0;37,18;30-60 km;-22,71;1,41;3,56;<1,000 (very small rural);VALLE DEL TIETAR;Ávila;Castilla y León
08239;Sant Quirze Safaja;669,0;16,67;<=30 km;-5,14;3,61;1,36;<1,000 (very small rural);VALLES ORIENTAL;Barcelona;Cataluña/Catalunya
24047;Castrocontrigo;669,0;44,41;30-60 km;-11,03;-9,32;-7,08;<1,000 (very small rural);LA CABRERA;León;Castilla y León
32049;Montederramo;670,0;32,81;30-60 km;-18,72;-2,35;-4,96;<1,000 (very small rural);EL BARCO DE VALDEORRAS;Ourense;Galicia
20047;Itsasondo;670,0;28,39;<=30 km;-3,17;2,65;1,82;<1,000 (very small rural);GOIERRI;Gipuzkoa;País Vasco/Euskadi
42113;Medinaceli;671,0;85,4;>60 km;-9,05;-7,91;1,05;<1,000 (very small rural);ARCOS DE JALON;Soria;Castilla y León
25902;Sant Martí de Riucorb;673,0;41,11;30-60 km;-3,22;0,15;3,7;<1,000 (very small rural);URGELL;Lleida;Cataluña/Catalunya
32037;Xunqueira de Espadanedo;673,0;21,17;<=30 km;-17,29;-0,4;-8,81;<1,000 (very small rural);ORENSE;Ourense;Galicia
39017;Campoo de Yuso;673,0;34,51;30-60 km;-2,15;1,8;-1,03;<1,000 (very small rural);REINOSA;Cantabria;Cantabria
39010;Bárcena de Pie de Concha;674,0;24,78;<=30 km;-10,78;-1,32;0,45;<1,000 (very small rural);PAS-IGUÑA;Cantabria;Cantabria
18185;Ventas de Huelma;674,0;25,18;<=30 km;-11,93;9,18;1,2;<1,000 (very small rural);ALHAMA;Granada;Andalucía
31226;Sunbilla;674,0;18,29;<=30 km;1,81;0,45;0,0;<1,000 (very small rural);NORD OCCIDENTAL;Navarra;Comunidad Foral de Navarra
31053;Berbinzana;674,0;36,34;30-60 km;-15,27;10,98;-0,44;<1,000 (very small rural);NAVARRA MEDIA;Navarra;Comunidad Foral de Navarra
33052;Proaza;675,0;19,34;<=30 km;-8,38;-2,04;-6,51;<1,000 (very small rural);BELMONTE DE MIRANDA;Asturias;Principado de Asturias
09246;Palacios de la Sierra;675,0;63,62;>60 km;-8,72;-2,64;-3,85;<1,000 (very small rural);DEMANDA;Burgos;Castilla y León
17158;Sant Climent Sescebes;675,0;46,21;30-60 km;16,7;12,13;-5,2;<1,000 (very small rural);ALT EMPORDA;Girona;Cataluña/Catalunya
46206;Quesa;675,0;41,22;30-60 km;-8,31;1,06;0,9;<1,000 (very small rural);ENGUERA Y LA CANAL;València/Valencia;Comunitat Valenciana
50151;Luna;675,0;41,18;30-60 km;-13,47;1,14;-4,8;<1,000 (very small rural);EGEA DE LOS CABALLEROS;Zaragoza;Aragón
45193;Villanueva de Bogas;676,0;30,05;30-60 km;-8,05;-4,67;-2,59;<1,000 (very small rural);LA MANCHA;Toledo;Castilla-La Mancha
49024;La Bóveda de Toro;676,0;40,05;30-60 km;-15,1;-5,98;-2,31;<1,000 (very small rural);DUERO BAJO;Zamora;Castilla y León
02005;Alborea;676,0;57,45;30-60 km;-17,81;3,08;0,9;<1,000 (very small rural);MANCHUELA;Albacete;Castilla-La Mancha
46112;Chulilla;677,0;36,5;30-60 km;-16,49;13,82;-3,29;<1,000 (very small rural);ALTO TURIA;València/Valencia;Comunitat Valenciana
09108;Cogollos;677,0;16,94;<=30 km;6,63;8,62;14,36;<1,000 (very small rural);ARLANZA;Burgos;Castilla y León
12098;la Salzadella;678,0;49,41;30-60 km;-14,6;-6,31;-0,73;<1,000 (very small rural);BAJO MAESTRAZGO;Castelló/Castellón;Comunitat Valenciana
45050;Ciruelos;679,0;6,93;<=30 km;-16,18;15,79;10,23;<1,000 (very small rural);LA MANCHA;Toledo;Castilla-La Mancha
48048;Ibarrangelu;680,0;27,72;<=30 km;2,36;5,35;1,49;<1,000 (very small rural);GUERNIKA-BERMEO;Bizkaia;País Vasco/Euskadi
22222;Siétamo;681,0;14,37;<=30 km;3,5;6,93;-4,08;<1,000 (very small rural);HOYA DE HUESCA;Huesca;Aragón
18114;La Calahorra;681,0;48,89;30-60 km;-15,56;0,45;2,56;<1,000 (very small rural);GUADIX;Granada;Andalucía
14031;Fuente-Tójar;681,0;46,36;30-60 km;-8,44;-0,59;0,74;<1,000 (very small rural);PENIBETICA;Córdoba;Andalucía
04004;Albanchez;682,0;48,19;30-60 km;-8,38;-3,59;-6,06;<1,000 (very small rural);ALTO ALMAZORA;Almería;Andalucía
10070;Deleitosa;682,0;75,31;>60 km;-9,44;-6,04;-0,29;<1,000 (very small rural);NAVALMORAL DE LA MATA;Cáceres;Extremadura
50029;Aniñón;683,0;68,8;>60 km;-9,96;-5,23;1,79;<1,000 (very small rural);CALATAYUD;Zaragoza;Aragón
24216;Villamontán de la Valduerna;683,0;48,11;30-60 km;-13,07;-3,4;-3,94;<1,000 (very small rural);LA BAÑEZA;León;Castilla y León
46018;Alcublas;683,0;35,97;30-60 km;-15,99;-6,73;11,97;<1,000 (very small rural);ALTO TURIA;València/Valencia;Comunitat Valenciana
01032;Lanciego/Lantziego;685,0;9,67;<=30 km;-1,32;3,75;-1,01;<1,000 (very small rural);RIOJA ALAVESA;Araba/Álava;País Vasco/Euskadi
06027;Calzadilla de los Barros;685,0;73,57;>60 km;-15,71;-6,24;-4,99;<1,000 (very small rural);LLERENA;Badajoz;Extremadura
12052;Xert;686,0;61,49;>60 km;-17,55;-5,38;0,0;<1,000 (very small rural);BAJO MAESTRAZGO;Castelló/Castellón;Comunitat Valenciana
13045;Granátula de Calatrava;686,0;33,31;30-60 km;-14,73;-1,64;-4,59;<1,000 (very small rural);CAMPO DE CALATRAVA;Ciudad Real;Castilla-La Mancha
43084;Miravet;688,0;47,19;30-60 km;-5,71;-2,97;0,44;<1,000 (very small rural);RIBERA D'EBRE;Tarragona;Cataluña/Catalunya
37373;Villavieja de Yeltes;688,0;67,03;>60 km;-12,45;-5,1;-7,65;<1,000 (very small rural);VITIGUDINO;Salamanca;Castilla y León
12070;la Jana;688,0;61,01;>60 km;-13,09;-0,3;3,61;<1,000 (very small rural);BAJO MAESTRAZGO;Castelló/Castellón;Comunitat Valenciana
19113;Espinosa de Henares;690,0;30,72;30-60 km;-16,18;-5,71;10,05;<1,000 (very small rural);ALCARRIA ALTA;Guadalajara;Castilla-La Mancha
24024;El Burgo Ranero;690,0;34,62;30-60 km;-9,08;-1,09;-4,83;<1,000 (very small rural);SAHAGUN;León;Castilla y León
13062;Picón;690,0;12,99;<=30 km;-4,42;1,07;4,39;<1,000 (very small rural);CAMPO DE CALATRAVA;Ciudad Real;Castilla-La Mancha
39096;Vega de Liébana;690,0;58,56;30-60 km;-10,11;-3,62;-3,9;<1,000 (very small rural);LIEBANA;Cantabria;Cantabria
46114;Domeño;691,0;43,92;30-60 km;-3,5;-4,83;3,13;<1,000 (very small rural);ALTO TURIA;València/Valencia;Comunitat Valenciana
50241;Sabiñán;691,0;58,59;30-60 km;-6,43;-0,72;0,73;<1,000 (very small rural);CALATAYUD;Zaragoza;Aragón
47098;Mucientes;691,0;11,01;<=30 km;-7,09;-4,04;7,63;<1,000 (very small rural);CENTRO;Valladolid;Castilla y León
45175;Turleque;692,0;44,47;30-60 km;-10,86;-4,17;-5,98;<1,000 (very small rural);LA MANCHA;Toledo;Castilla-La Mancha
31117;Goizueta;692,0;14,84;<=30 km;-7,0;-2,41;0,58;<1,000 (very small rural);NORD OCCIDENTAL;Navarra;Comunidad Foral de Navarra
17042;Capmany;693,0;43,47;30-60 km;0,0;0,82;12,14;<1,000 (very small rural);ALT EMPORDA;Girona;Cataluña/Catalunya
46117;Emperador;693,0;11,52;<=30 km;10,99;0,87;-0,72;<1,000 (very small rural);SAGUNTO;València/Valencia;Comunitat Valenciana
09131;Fresnillo de las Dueñas;693,0;79,23;>60 km;25,53;6,43;-0,29;<1,000 (very small rural);LA RIBERA;Burgos;Castilla y León
06104;Puebla de la Reina;695,0;45,99;30-60 km;-8,54;-3,49;-3,34;<1,000 (very small rural);ALMENDRALEJO;Badajoz;Extremadura
18030;Bérchules;695,0;39,33;30-60 km;-13,65;-0,56;-2,8;<1,000 (very small rural);LAS ALPUJARRAS;Granada;Andalucía
22172;Peñalba;695,0;55,45;30-60 km;-13,46;11,25;0,43;<1,000 (very small rural);BAJO CINCA;Huesca;Aragón
46129;Fuenterrobles;695,0;74,91;>60 km;-6,09;1,76;0,14;<1,000 (very small rural);REQUENA-UTIEL;València/Valencia;Comunitat Valenciana
03125;Senija;696,0;25,0;<=30 km;-12,56;4,13;15,04;<1,000 (very small rural);MARQUESADO;Alacant/Alicante;Comunitat Valenciana
43034;Bràfim;696,0;17,24;<=30 km;0,3;3,27;0,14;<1,000 (very small rural);ALT CAMP;Tarragona;Cataluña/Catalunya
03106;Planes;696,0;20,2;<=30 km;-12,32;-2,81;0,43;<1,000 (very small rural);MONTAÑA;Alacant/Alicante;Comunitat Valenciana
28011;Ambite;697,0;23,46;<=30 km;18,36;10,15;5,29;<1,000 (very small rural);VEGAS;Madrid;Comunidad de Madrid
24119;Priaranza del Bierzo;699,0;9,06;<=30 km;-6,66;-4,92;-7,29;<1,000 (very small rural);BIERZO;León;Castilla y León
12036;Canet lo Roig;699,0;66,96;>60 km;-17,43;-1,29;1,75;<1,000 (very small rural);BAJO MAESTRAZGO;Castelló/Castellón;Comunitat Valenciana
05115;Maello;700,0;18,65;<=30 km;-15,97;6,71;10,06;<1,000 (very small rural);AVILA;Ávila;Castilla y León
37073;Calzada de Valdunciel;700,0;14,22;<=30 km;1,52;3,25;0,29;<1,000 (very small rural);SALAMANCA;Salamanca;Castilla y León
46036;Alpuente;700,0;64,17;>60 km;-17,86;3,45;6,22;<1,000 (very small rural);ALTO TURIA;València/Valencia;Comunitat Valenciana
10164;San Martín de Trevejo;702,0;97,78;>60 km;-10,06;-4,31;-6,9;<1,000 (very small rural);CORIA;Cáceres;Extremadura
45172;Torrico;702,0;33,73;30-60 km;-16,14;-4,79;0,86;<1,000 (very small rural);TALAVERA;Toledo;Castilla-La Mancha
03110;el Ràfol d'Almúnia;703,0;22,23;<=30 km;-15,42;4,04;4,93;<1,000 (very small rural);MARQUESADO;Alacant/Alicante;Comunitat Valenciana
18180;Trevélez;703,0;33,09;30-60 km;-7,9;-2,83;-2,5;<1,000 (very small rural);LAS ALPUJARRAS;Granada;Andalucía
37185;Castellanos de Villiquera;703,0;10,6;<=30 km;-2,47;3,16;7,66;<1,000 (very small rural);SALAMANCA;Salamanca;Castilla y León
16158;El Picazo;704,0;57,36;30-60 km;-10,16;-2,8;6,67;<1,000 (very small rural);MANCHUELA;Cuenca;Castilla-La Mancha
10015;Aldeanueva del Camino;704,0;80,67;>60 km;-3,83;-3,19;-3,43;<1,000 (very small rural);HERVAS;Cáceres;Extremadura
06089;La Morera;704,0;36,96;30-60 km;-1,63;-0,7;-1,4;<1,000 (very small rural);ALMENDRALEJO;Badajoz;Extremadura
37142;Galindo y Perahuy;704,0;13,11;<=30 km;-5,26;-6,52;9,15;<1,000 (very small rural);SALAMANCA;Salamanca;Castilla y León
16130;Montalbo;705,0;67,97;>60 km;-15,92;7,03;5,22;<1,000 (very small rural);MANCHA ALTA;Cuenca;Castilla-La Mancha
09438;Villalba de Duero;706,0;74,41;>60 km;-0,44;5,05;-0,14;<1,000 (very small rural);LA RIBERA;Burgos;Castilla y León
17172;Sant Martí de Llémena;706,0;14,84;<=30 km;3,55;5,91;6,49;<1,000 (very small rural);GIRONES;Girona;Cataluña/Catalunya
16909;Sotorribas;707,0;18,68;<=30 km;-8,71;-9,92;3,82;<1,000 (very small rural);SERRANIA MEDIA;Cuenca;Castilla-La Mancha
13046;Guadalmez;707,0;89,55;>60 km;-12,7;-0,82;-2,48;<1,000 (very small rural);MONTES SUR;Ciudad Real;Castilla-La Mancha
24029;Cabrillanes;707,0;48,35;30-60 km;-16,77;-5,68;-3,28;<1,000 (very small rural);LA MONTAÑA DE LUNA;León;Castilla y León
05204;Sanchidrián;708,0;26,15;<=30 km;-12,66;0,14;-2,61;<1,000 (very small rural);AREVALO-MADRIGAL;Ávila;Castilla y León
43063;La Galera;708,0;76,4;>60 km;-15,01;0,56;-2,07;<1,000 (very small rural);MONTSIA;Tarragona;Cataluña/Catalunya
22022;Almunia de San Juan;708,0;45,61;30-60 km;0,61;5,35;2,76;<1,000 (very small rural);LA LITERA;Huesca;Aragón
22009;Albelda;709,0;25,24;<=30 km;-13,23;-4,85;3,35;<1,000 (very small rural);LA LITERA;Huesca;Aragón
14061;Santa Eufemia;710,0;85,72;>60 km;-15,98;-2,73;-4,95;<1,000 (very small rural);PEDROCHES;Córdoba;Andalucía
10172;Santibáñez el Bajo;710,0;89,61;>60 km;-6,17;-1,97;-5,08;<1,000 (very small rural);PLASENCIA;Cáceres;Extremadura
21015;Cabezas Rubias;710,0;57,13;30-60 km;-13,34;-3,37;-0,84;<1,000 (very small rural);ANDEVALO OCCIDENTAL;Huelva;Andalucía
36031;Mondariz-Balneario;711,0;20,92;<=30 km;-14,11;9,22;5,33;<1,000 (very small rural);MIÑO;Pontevedra;Galicia
17035;Camós;711,0;12,65;<=30 km;0,44;3,04;0,0;<1,000 (very small rural);PLA DE L'ESTANY;Girona;Cataluña/Catalunya
48049;Ispaster;712,0;33,5;30-60 km;3,98;4,0;-5,57;<1,000 (very small rural);ONDARROA;Bizkaia;País Vasco/Euskadi
18004;Albondón;712,0;26,99;<=30 km;-17,68;-0,96;-1,39;<1,000 (very small rural);LA COSTA;Granada;Andalucía
08129;Muntanyola;712,0;33,47;30-60 km;7,92;5,65;8,7;<1,000 (very small rural);OSONA;Barcelona;Cataluña/Catalunya
31178;Murillo el Cuende;712,0;52,49;30-60 km;0,61;4,18;5,79;<1,000 (very small rural);RIBERA ALTA ARAGON;Navarra;Comunidad Foral de Navarra
18178;Torre-Cardela;712,0;40,36;30-60 km;-16,54;-5,8;-0,42;<1,000 (very small rural);IZNALLOZ;Granada;Andalucía
06140;Valencia del Mombuey;713,0;73,05;>60 km;-7,66;-2,19;-0,28;<1,000 (very small rural);JEREZ DE LOS CABALLEROS;Badajoz;Extremadura
09394;Trespaderne;713,0;56,79;30-60 km;-21,96;-6,43;-5,81;<1,000 (very small rural);MERINDADES;Burgos;Castilla y León
37016;Aldealengua;713,0;11,47;<=30 km;3,99;-3,3;5,94;<1,000 (very small rural);SALAMANCA;Salamanca;Castilla y León
04060;Lucainena de las Torres;714,0;24,91;<=30 km;-14,29;6,96;22,26;<1,000 (very small rural);CAMPO TABERNAS;Almería;Andalucía
24131;Riego de la Vega;714,0;41,22;30-60 km;-9,38;-8,29;0,85;<1,000 (very small rural);LA BAÑEZA;León;Castilla y León
07025;Fornalutx;715,0;26,93;<=30 km;-5,01;0,59;4,84;<1,000 (very small rural);MALLORCA;Illes Balears;Illes Balears
42103;Langa de Duero;716,0;85,98;>60 km;-9,14;-3,48;3,17;<1,000 (very small rural);BURGO DE OSMA;Soria;Castilla y León
32012;Os Blancos;716,0;42,58;30-60 km;-19,36;-7,91;-3,89;<1,000 (very small rural);VERIN;Ourense;Galicia
24167;Soto y Amío;717,0;32,45;30-60 km;-10,25;-3,87;-6,88;<1,000 (very small rural);LA MONTAÑA DE LUNA;León;Castilla y León
24123;Quintana del Castillo;717,0;36,01;30-60 km;-12,26;-4,01;-0,14;<1,000 (very small rural);ASTORGA;León;Castilla y León
07018;Deià;717,0;22,21;<=30 km;-15,29;8,71;6,38;<1,000 (very small rural);MALLORCA;Illes Balears;Illes Balears
43025;Benifallet;718,0;54,11;30-60 km;-10,21;3,78;-3,1;<1,000 (very small rural);BAIX EBRE;Tarragona;Cataluña/Catalunya
32041;Lobeira;718,0;40,99;30-60 km;-16,07;-4,71;-6,63;<1,000 (very small rural);VERIN;Ourense;Galicia
09458;Villariezo;719,0;9,74;<=30 km;14,1;7,14;4,2;<1,000 (very small rural);ARLANZON;Burgos;Castilla y León
44059;Cantavieja;719,0;65,51;>60 km;-5,28;2,8;-2,04;<1,000 (very small rural);MAESTRAZGO;Teruel;Aragón
46095;Caudete de las Fuentes;720,0;67,68;>60 km;-8,79;0,72;2,71;<1,000 (very small rural);REQUENA-UTIEL;València/Valencia;Comunitat Valenciana
01053;San Millán/Donemiliaga;720,0;24,3;<=30 km;-2,21;0,99;0,56;<1,000 (very small rural);LLANADA ALAVESA;Araba/Álava;País Vasco/Euskadi
16100;Los Hinojosos;721,0;83,26;>60 km;-19,8;-3,04;-5,75;<1,000 (very small rural);MANCHA BAJA;Cuenca;Castilla-La Mancha
40032;Boceguillas;721,0;66,76;>60 km;-7,69;-2,09;2,85;<1,000 (very small rural);SEPULVEDA;Segovia;Castilla y León
03117;Sanet y Negrals;722,0;24,75;<=30 km;-11,58;8,33;2,85;<1,000 (very small rural);MARQUESADO;Alacant/Alicante;Comunitat Valenciana
12043;Caudiel;722,0;38,36;30-60 km;-13,4;2,47;8,9;<1,000 (very small rural);PALANCIA;Castelló/Castellón;Comunitat Valenciana
25068;Castellnou de Seana;723,0;32,55;30-60 km;-7,92;0,73;4,48;<1,000 (very small rural);PLA D'URGELL;Lleida;Cataluña/Catalunya
43165;Vilabella;723,0;13,56;<=30 km;-9,32;-5,5;2,55;<1,000 (very small rural);ALT CAMP;Tarragona;Cataluña/Catalunya
17177;Sant Pau de Segúries;724,0;50,16;30-60 km;-3,17;2,55;-0,14;<1,000 (very small rural);RIPOLLES;Girona;Cataluña/Catalunya
21019;Campofrío;724,0;63,24;>60 km;-15,78;4,13;-0,96;<1,000 (very small rural);ANDEVALO ORIENTAL;Huelva;Andalucía
04010;Alhabia;725,0;23,46;<=30 km;-3,97;4,17;7,41;<1,000 (very small rural);RIO NACIMIENTO;Almería;Andalucía
05074;Fontiveros;725,0;39,36;30-60 km;-10,45;-2,26;-1,23;<1,000 (very small rural);AREVALO-MADRIGAL;Ávila;Castilla y León
31013;Améscoa Baja;727,0;39,19;30-60 km;-5,42;-1,23;0,83;<1,000 (very small rural);TIERRA ESTELLA;Navarra;Comunidad Foral de Navarra
40219;Vallelado;728,0;42,12;30-60 km;-11,32;1,99;1,39;<1,000 (very small rural);CUELLAR;Segovia;Castilla y León
17090;Llambilles;730,0;7,45;<=30 km;-0,14;5,34;0,0;<1,000 (very small rural);GIRONES;Girona;Cataluña/Catalunya
44205;Samper de Calanda;730,0;76,0;>60 km;-9,68;-6,64;-0,14;<1,000 (very small rural);BAJO ARAGON;Teruel;Aragón
37375;Villoruela;731,0;24,19;<=30 km;-13,38;-2,44;-3,94;<1,000 (very small rural);SALAMANCA;Salamanca;Castilla y León
05127;Mijares;731,0;36,84;30-60 km;-14,52;5,54;-1,62;<1,000 (very small rural);VALLE DEL TIETAR;Ávila;Castilla y León
37279;Sancti-Spíritus;731,0;68,03;>60 km;-5,61;-6,17;-5,68;<1,000 (very small rural);CIUDAD RODRIGO;Salamanca;Castilla y León
31164;Mélida;732,0;53,01;30-60 km;-4,9;-1,87;-0,14;<1,000 (very small rural);RIBERA ALTA ARAGON;Navarra;Comunidad Foral de Navarra
33043;Onís;732,0;60,06;>60 km;-7,7;-1,49;0,41;<1,000 (very small rural);CANGAS DE ONIS;Asturias;Principado de Asturias
42129;Navaleno;732,0;78,61;>60 km;-11,94;-2,71;-3,05;<1,000 (very small rural);PINARES;Soria;Castilla y León
05207;San Esteban del Valle;734,0;38,11;30-60 km;-9,41;-1,47;-0,27;<1,000 (very small rural);VALLE DEL TIETAR;Ávila;Castilla y León
25174;La Portella;735,0;12,46;<=30 km;-6,1;3,41;1,1;<1,000 (very small rural);SEGRIA;Lleida;Cataluña/Catalunya
21079;Zufre;735,0;59,71;30-60 km;-9,14;-5,54;-6,37;<1,000 (very small rural);SIERRA;Huelva;Andalucía
39029;Escalante;736,0;25,52;<=30 km;-1,83;-1,17;-3,41;<1,000 (very small rural);COSTERA;Cantabria;Cantabria
10192;Torremocha;736,0;24,15;<=30 km;-14,31;-8,33;-4,42;<1,000 (very small rural);CACERES;Cáceres;Extremadura
09214;Merindad de Montija;736,0;45,24;30-60 km;-10,0;-0,41;0,82;<1,000 (very small rural);MERINDADES;Burgos;Castilla y León
48008;Artzentales;736,0;19,1;<=30 km;-0,13;-1,09;1,38;<1,000 (very small rural);ENCARTACIONES;Bizkaia;País Vasco/Euskadi
06079;Manchita;737,0;40,2;30-60 km;2,25;0,79;-4,16;<1,000 (very small rural);DON BENITO;Badajoz;Extremadura
22127;Igriés;737,0;8,84;<=30 km;3,0;-0,28;4,84;<1,000 (very small rural);HOYA DE HUESCA;Huesca;Aragón
17018;Bellcaire d'Empordà;737,0;25,03;<=30 km;0,6;4,17;5,44;<1,000 (very small rural);BAIX EMPORDA;Girona;Cataluña/Catalunya
10024;Baños de Montemayor;737,0;74,88;>60 km;0,65;-3,48;-1,6;<1,000 (very small rural);HERVAS;Cáceres;Extremadura
24055;Cimanes del Tejar;738,0;17,31;<=30 km;-8,15;-0,41;0,14;<1,000 (very small rural);ASTORGA;León;Castilla y León
37032;Arapiles;739,0;7,87;<=30 km;9,2;3,88;10,46;<1,000 (very small rural);SALAMANCA;Salamanca;Castilla y León
37364;Villarino de los Aires;739,0;62,19;>60 km;-13,54;-1,99;-6,34;<1,000 (very small rural);VITIGUDINO;Salamanca;Castilla y León
23091;Torres de Albánchez;741,0;90,93;>60 km;-14,85;-5,47;-2,5;<1,000 (very small rural);SIERRA DE SEGURA;Jaén;Andalucía
40065;Chañe;741,0;45,5;30-60 km;-8,34;-6,1;4,66;<1,000 (very small rural);CUELLAR;Segovia;Castilla y León
10026;Belvís de Monroy;743,0;66,8;>60 km;13,41;2,19;-0,27;<1,000 (very small rural);NAVALMORAL DE LA MATA;Cáceres;Extremadura
18085;Gor;744,0;60,49;>60 km;-19,26;-0,95;2,06;<1,000 (very small rural);GUADIX;Granada;Andalucía
03132;la Torre de les Maçanes/Torremanzanas;744,0;12,55;<=30 km;-14,96;4,13;9,25;<1,000 (very small rural);MONTAÑA;Alacant/Alicante;Comunitat Valenciana
17040;Canet d'Adri;744,0;12,16;<=30 km;15,44;5,79;-0,67;<1,000 (very small rural);GIRONES;Girona;Cataluña/Catalunya
47184;Valoria la Buena;745,0;20,33;<=30 km;-4,02;4,79;9,88;<1,000 (very small rural);CENTRO;Valladolid;Castilla y León
10017;Alía;746,0;64,06;>60 km;-15,86;-5,78;-4,73;<1,000 (very small rural);LOGROSAN;Cáceres;Extremadura
49033;Camarzana de Tera;746,0;57,55;30-60 km;-11,68;-5,66;-2,74;<1,000 (very small rural);BENAVENTE Y LOS VALLES;Zamora;Castilla y León
03035;Benilloba;747,0;10,83;<=30 km;-6,91;-0,67;1,36;<1,000 (very small rural);MONTAÑA;Alacant/Alicante;Comunitat Valenciana
48023;Artea;748,0;18,06;<=30 km;-4,34;0,95;0,81;<1,000 (very small rural);ARRATIA-NERVION;Bizkaia;País Vasco/Euskadi
49214;Tábara;748,0;39,81;30-60 km;-10,47;-1,44;-0,4;<1,000 (very small rural);ALISTE;Zamora;Castilla y León
02017;Bogarra;748,0;50,94;30-60 km;-10,01;-12,03;-2,6;<1,000 (very small rural);SIERRA ALCARAZ;Albacete;Castilla-La Mancha
34074;Frómista;748,0;34,13;30-60 km;-5,16;0,91;-3,73;<1,000 (very small rural);CAMPOS;Palencia;Castilla y León
26034;Briones;749,0;28,29;<=30 km;-10,19;-1,57;-0,66;<1,000 (very small rural);RIOJA ALTA;La Rioja;La Rioja
08116;Les Masies de Roda;750,0;42,34;30-60 km;-6,42;0,0;6,53;<1,000 (very small rural);OSONA;Barcelona;Cataluña/Catalunya
46245;Torres Torres;750,0;10,13;<=30 km;6,48;5,0;11,61;<1,000 (very small rural);SAGUNTO;València/Valencia;Comunitat Valenciana
50053;Boquiñeni;751,0;33,81;30-60 km;-14,31;-3,71;-3,47;<1,000 (very small rural);ZARAGOZA;Zaragoza;Aragón
13016;Almuradiel;752,0;43,37;30-60 km;-8,89;-6,13;0,27;<1,000 (very small rural);PASTOS;Ciudad Real;Castilla-La Mancha
24160;Santas Martas;752,0;24,23;<=30 km;-12,53;-3,83;3,3;<1,000 (very small rural);ESLA-CAMPOS;León;Castilla y León
25252;Vila-sana;753,0;28,54;<=30 km;3,3;6,14;-1,05;<1,000 (very small rural);PLA D'URGELL;Lleida;Cataluña/Catalunya
11009;Benaocaz;754,0;39,02;30-60 km;-8,52;2,21;8,49;<1,000 (very small rural);SIERRA DE CADIZ;Cádiz;Andalucía
32065;Punxín;755,0;10,23;<=30 km;-13,58;0,72;7,24;<1,000 (very small rural);ORENSE;Ourense;Galicia
06008;Alconera;756,0;61,69;>60 km;0,27;1,92;1,61;<1,000 (very small rural);ALMENDRALEJO;Badajoz;Extremadura
05242;Tiñosillos;756,0;32,36;30-60 km;-4,52;-3,77;-1,31;<1,000 (very small rural);AREVALO-MADRIGAL;Ávila;Castilla y León
34029;Becerril de Campos;757,0;15,5;<=30 km;-17,84;1,06;-0,66;<1,000 (very small rural);CAMPOS;Palencia;Castilla y León
16244;Villagarcía del Llano;757,0;42,9;30-60 km;-6,06;-3,49;5,29;<1,000 (very small rural);MANCHUELA;Cuenca;Castilla-La Mancha
46144;Jarafuel;757,0;58,82;30-60 km;-5,76;-0,52;-1,94;<1,000 (very small rural);VALLE DE AYORA;València/Valencia;Comunitat Valenciana
05238;Solosancho;758,0;26,46;<=30 km;-11,17;-2,63;-6,99;<1,000 (very small rural);AVILA;Ávila;Castilla y León
46099;Cortes de Pallás;758,0;40,48;30-60 km;-16,89;-7,33;0,0;<1,000 (very small rural);HOYA DE BUÑOL;València/Valencia;Comunitat Valenciana
25101;La Granadella;758,0;30,05;30-60 km;-2,9;-3,16;7,52;<1,000 (very small rural);GARRIGUES;Lleida;Cataluña/Catalunya
05182;Pedro Bernardo;758,0;32,57;30-60 km;-12,92;-4,38;-6,07;<1,000 (very small rural);VALLE DEL TIETAR;Ávila;Castilla y León
18901;La Taha;759,0;23,97;<=30 km;-19,38;9,49;6,15;<1,000 (very small rural);LAS ALPUJARRAS;Granada;Andalucía
45151;San Martín de Montalbán;759,0;38,82;30-60 km;-11,53;-0,14;4,69;<1,000 (very small rural);MONTES DE NAVAHERMOSA;Toledo;Castilla-La Mancha
50024;Almonacid de la Sierra;759,0;44,16;30-60 km;-14,93;11,58;-1,56;<1,000 (very small rural);LA ALMUNIA DE DOÑA GODINA;Zaragoza;Aragón
43118;Pratdip;759,0;22,67;<=30 km;-15,33;-4,09;11,62;<1,000 (very small rural);BAIX CAMP;Tarragona;Cataluña/Catalunya
02001;Abengibre;759,0;41,88;30-60 km;-17,07;-1,19;1,47;<1,000 (very small rural);MANCHUELA;Albacete;Castilla-La Mancha
39068;Ruiloba;760,0;17,72;<=30 km;-6,38;1,23;2,56;<1,000 (very small rural);COSTERA;Cantabria;Cantabria
12042;Catí;760,0;53,29;30-60 km;-10,94;-3,77;6,44;<1,000 (very small rural);BAJO MAESTRAZGO;Castelló/Castellón;Comunitat Valenciana
43030;Bonastre;760,0;17,42;<=30 km;2,96;5,82;4,54;<1,000 (very small rural);BAIX PENEDES;Tarragona;Cataluña/Catalunya
49260;Villanueva del Campo;761,0;61,69;>60 km;-9,52;-5,48;-6,05;<1,000 (very small rural);CAMPOS-PAN;Zamora;Castilla y León
08128;Monistrol de Calders;761,0;16,75;<=30 km;-1,74;5,76;6,28;<1,000 (very small rural);BAGES;Barcelona;Cataluña/Catalunya
45004;Alcabón;761,0;33,5;30-60 km;-10,1;1,35;12,24;<1,000 (very small rural);TORRIJOS;Toledo;Castilla-La Mancha
31009;Aibar/Oibar;762,0;34,64;30-60 km;-9,81;-1,14;-2,56;<1,000 (very small rural);NAVARRA MEDIA;Navarra;Comunidad Foral de Navarra
45003;Albarreal de Tajo;762,0;17,86;<=30 km;-5,39;2,31;7,63;<1,000 (very small rural);TORRIJOS;Toledo;Castilla-La Mancha
40122;Marugán;763,0;18,43;<=30 km;-8,25;15,72;6,86;<1,000 (very small rural);CUELLAR;Segovia;Castilla y León
49071;Fonfría;763,0;35,07;30-60 km;-16,95;-2,23;2,55;<1,000 (very small rural);ALISTE;Zamora;Castilla y León
50113;Fuendejalón;763,0;44,7;30-60 km;-16,55;-3,4;-0,39;<1,000 (very small rural);BORJA;Zaragoza;Aragón
10181;Tejeda de Tiétar;766,0;85,16;>60 km;-8,55;-4,47;-0,52;<1,000 (very small rural);PLASENCIA;Cáceres;Extremadura
25231;Torrelameu;766,0;13,55;<=30 km;0,14;2,29;0,92;<1,000 (very small rural);NOGUERA;Lleida;Cataluña/Catalunya
25009;L'Albi;766,0;35,66;30-60 km;-9,19;-1,71;2,27;<1,000 (very small rural);GARRIGUES;Lleida;Cataluña/Catalunya
48064;Meñaka;767,0;17,36;<=30 km;3,31;-0,26;1,86;<1,000 (very small rural);MUNGUIA;Bizkaia;País Vasco/Euskadi
47045;Castronuño;767,0;47,19;30-60 km;-11,48;-4,18;-7,03;<1,000 (very small rural);SUR;Valladolid;Castilla y León
25205;Sidamon;767,0;21,03;<=30 km;-0,95;3,0;1,59;<1,000 (very small rural);PLA D'URGELL;Lleida;Cataluña/Catalunya
10055;Casas del Monte;768,0;88,14;>60 km;1,11;-3,44;-2,41;<1,000 (very small rural);HERVAS;Cáceres;Extremadura
39097;Vega de Pas;768,0;30,54;30-60 km;-7,66;-3,48;2,67;<1,000 (very small rural);PAS-IGUÑA;Cantabria;Cantabria
12102;Santa Magdalena de Pulpis;768,0;49,84;30-60 km;-9,79;-0,79;1,72;<1,000 (very small rural);LITORAL NORTE;Castelló/Castellón;Comunitat Valenciana
09221;Modúbar de la Emparedada;769,0;9,84;<=30 km;9,79;14,8;0,13;<1,000 (very small rural);ARLANZON;Burgos;Castilla y León
10178;Talaván;769,0;36,13;30-60 km;-7,98;-4,33;-3,39;<1,000 (very small rural);CACERES;Cáceres;Extremadura
04043;Felix;770,0;13,32;<=30 km;0,0;3,43;15,96;<1,000 (very small rural);CAMPO DALIAS;Almería;Andalucía
23027;Cazalilla;771,0;20,44;<=30 km;-8,06;-6,51;-0,52;<1,000 (very small rural);CAMPIÑA DEL NORTE;Jaén;Andalucía
17102;Maçanet de Cabrenys;772,0;45,29;30-60 km;-3,95;7,05;5,9;<1,000 (very small rural);ALT EMPORDA;Girona;Cataluña/Catalunya
40086;Fuentepelayo;772,0;36,28;30-60 km;-12,96;-5,63;-3,98;<1,000 (very small rural);CUELLAR;Segovia;Castilla y León
44099;Escucha;772,0;100,48;>60 km;-10,4;-11,64;-1,28;<1,000 (very small rural);SERRANIA DE MONTALBAN;Teruel;Aragón
17198;Torroella de Fluvià;772,0;27,68;<=30 km;-1,57;0,41;6,34;<1,000 (very small rural);ALT EMPORDA;Girona;Cataluña/Catalunya
17026;Borrassà;773,0;27,13;<=30 km;0,85;7,12;2,79;<1,000 (very small rural);ALT EMPORDA;Girona;Cataluña/Catalunya
48030;Etxebarria;774,0;37,92;30-60 km;-7,43;2,33;-2,03;<1,000 (very small rural);ONDARROA;Bizkaia;País Vasco/Euskadi
29060;Igualeja;774,0;17,71;<=30 km;-16,7;-2,89;4,59;<1,000 (very small rural);SERRANIA DE RONDA;Málaga;Andalucía
28902;Puentes Viejas;775,0;38,23;30-60 km;-2,02;11,99;7,79;<1,000 (very small rural);LOZOYA SOMOSIERRA;Madrid;Comunidad de Madrid
10905;Pueblonuevo de Miramontes;775,0;48,08;30-60 km;;-5,77;1,04;<1,000 (very small rural);NAVALMORAL DE LA MATA;Cáceres;Extremadura
29092;Totalán;776,0;3,92;<=30 km;-7,55;1,4;7,03;<1,000 (very small rural);VELEZ MALAGA;Málaga;Andalucía
09091;Castrojeriz;778,0;38,87;30-60 km;-6,41;-5,6;2,64;<1,000 (very small rural);PISUERGA;Burgos;Castilla y León
33027;Grandas de Salime;779,0;58,45;30-60 km;-13,98;-7,15;-1,64;<1,000 (very small rural);VEGADEO;Asturias;Principado de Asturias
33022;Degaña;780,0;49,98;30-60 km;-20,16;-10,22;-8,45;<1,000 (very small rural);CANGAS DE NARCEA;Asturias;Principado de Asturias
20003;Aizarnazabal;780,0;20,17;<=30 km;5,46;2,32;-1,89;<1,000 (very small rural);UROLA COSTA;Gipuzkoa;País Vasco/Euskadi
08306;Vilalba Sasserra;780,0;9,69;<=30 km;2,99;10,17;2,9;<1,000 (very small rural);VALLES ORIENTAL;Barcelona;Cataluña/Catalunya
46076;Bugarra;781,0;28,03;<=30 km;-14,85;1,82;7,28;<1,000 (very small rural);CAMPOS DE LIRIA;València/Valencia;Comunitat Valenciana
08055;Castellcir;784,0;23,33;<=30 km;8,72;3,43;4,12;<1,000 (very small rural);VALLES ORIENTAL;Barcelona;Cataluña/Catalunya
06003;Ahillones;784,0;93,16;>60 km;-9,24;-4,7;-7,87;<1,000 (very small rural);AZUAGA;Badajoz;Extremadura
22903;San Miguel del Cinca;784,0;46,51;30-60 km;-3,89;-2,21;-1,38;<1,000 (very small rural);LA LITERA;Huesca;Aragón
25227;La Torre de Cabdella;785,0;96,0;>60 km;-1,95;2,41;2,61;<1,000 (very small rural);PALLARS JUSSA;Lleida;Cataluña/Catalunya
42094;Garray;785,0;68,5;>60 km;24,79;1,9;4,67;<1,000 (very small rural);SORIA;Soria;Castilla y León
02049;Molinicos;785,0;62,14;>60 km;-17,81;-1,31;-5,31;<1,000 (very small rural);SIERRA SEGURA;Albacete;Castilla-La Mancha
12057;Eslida;785,0;15,91;<=30 km;-17,31;-3,48;4,81;<1,000 (very small rural);PALANCIA;Castelló/Castellón;Comunitat Valenciana
16098;El Herrumblar;785,0;54,95;30-60 km;-13,11;1,77;13,77;<1,000 (very small rural);MANCHUELA;Cuenca;Castilla-La Mancha
37316;Tamames;785,0;48,82;30-60 km;-14,81;-2,61;0,26;<1,000 (very small rural);FUENTE DE SAN ESTEBAN;Salamanca;Castilla y León
29036;Carratraca;786,0;34,0;30-60 km;-14,17;-3,88;9,32;<1,000 (very small rural);CENTRO-SUR O GUADALORCE;Málaga;Andalucía
16055;Carboneras de Guadazaón;787,0;38,43;30-60 km;-2,3;-0,89;1,16;<1,000 (very small rural);SERRANIA BAJA;Cuenca;Castilla-La Mancha
34232;Villarramiel;788,0;29,59;<=30 km;-9,16;0,85;-5,4;<1,000 (very small rural);CAMPOS;Palencia;Castilla y León
05110;Lanzahíta;788,0;27,55;<=30 km;-10,32;-3,44;-3,31;<1,000 (very small rural);VALLE DEL TIETAR;Ávila;Castilla y León
06018;Benquerencia de la Serena;789,0;90,03;>60 km;-9,0;-3,92;-2,35;<1,000 (very small rural);CASTUERA;Badajoz;Extremadura
25134;Menàrguens;789,0;17,17;<=30 km;-9,3;-1,5;0,0;<1,000 (very small rural);NOGUERA;Lleida;Cataluña/Catalunya
24092;Llamas de la Ribera;791,0;24,8;<=30 km;-9,87;-2,89;-1,98;<1,000 (very small rural);ASTORGA;León;Castilla y León
31123;Uharte Arakil;791,0;28,21;<=30 km;-0,96;-2,98;1,28;<1,000 (very small rural);NORD OCCIDENTAL;Navarra;Comunidad Foral de Navarra
21001;Alájar;791,0;68,53;>60 km;-2,63;6,68;-2,83;<1,000 (very small rural);SIERRA;Huelva;Andalucía
32015;O Bolo;792,0;49,98;30-60 km;-16,03;-9,71;-4,35;<1,000 (very small rural);EL BARCO DE VALDEORRAS;Ourense;Galicia
43121;Rasquera;792,0;46,68;30-60 km;-17,26;7,5;-6,38;<1,000 (very small rural);RIBERA D'EBRE;Tarragona;Cataluña/Catalunya
45072;Las Herencias;792,0;9,12;<=30 km;-2,82;-7,02;6,74;<1,000 (very small rural);TALAVERA;Toledo;Castilla-La Mancha
28048;Corpa;792,0;13,29;<=30 km;7,89;6,46;6,74;<1,000 (very small rural);CAMPIÑA;Madrid;Comunidad de Madrid
18007;Albuñuelas;794,0;27,24;<=30 km;-12,55;-5,3;1,02;<1,000 (very small rural);VALLE DE LECRIN;Granada;Andalucía
43067;Ginestar;794,0;42,73;30-60 km;-21,2;3,28;0,89;<1,000 (very small rural);RIBERA D'EBRE;Tarragona;Cataluña/Catalunya
32090;Vilar de Santos;795,0;29,17;<=30 km;-9,77;-4,58;0,51;<1,000 (very small rural);VERIN;Ourense;Galicia
13049;Horcajo de los Montes;795,0;68,2;>60 km;-8,24;-8,53;-3,75;<1,000 (very small rural);MONTES NORTE;Ciudad Real;Castilla-La Mancha
32044;Manzaneda;798,0;56,0;30-60 km;-9,94;-4,94;-5,67;<1,000 (very small rural);EL BARCO DE VALDEORRAS;Ourense;Galicia
22901;Valle de Hecho;798,0;71,8;>60 km;-10,03;-2,62;-2,33;<1,000 (very small rural);JACETANIA;Huesca;Aragón
11036;Torre Alháquime;798,0;49,93;30-60 km;-4,9;-0,5;-0,25;<1,000 (very small rural);SIERRA DE CADIZ;Cádiz;Andalucía
29034;Canillas de Albaida;799,0;17,74;<=30 km;-21,75;10,79;-1,48;<1,000 (very small rural);VELEZ MALAGA;Málaga;Andalucía
25004;Els Alamús;800,0;15,06;<=30 km;3,88;-2,89;3,49;<1,000 (very small rural);PLA D'URGELL;Lleida;Cataluña/Catalunya
17074;Fortià;801,0;33,2;30-60 km;10,33;8,33;1,01;<1,000 (very small rural);ALT EMPORDA;Girona;Cataluña/Catalunya
44068;Castelserás;801,0;95,99;>60 km;-1,08;-5,05;1,52;<1,000 (very small rural);BAJO ARAGON;Teruel;Aragón
06073;Llera;802,0;63,86;>60 km;-5,41;-4,3;-2,55;<1,000 (very small rural);ALMENDRALEJO;Badajoz;Extremadura
06001;Acedera;802,0;71,76;>60 km;-0,61;2,76;-2,2;<1,000 (very small rural);DON BENITO;Badajoz;Extremadura
17002;Aiguaviva;802,0;8,2;<=30 km;3,32;2,87;1,65;<1,000 (very small rural);GIRONES;Girona;Cataluña/Catalunya
24221;Villaquejida;803,0;51,87;30-60 km;-8,78;-7,59;-3,02;<1,000 (very small rural);ESLA-CAMPOS;León;Castilla y León
46142;Jalance;803,0;55,47;30-60 km;-14,2;-5,92;1,01;<1,000 (very small rural);VALLE DE AYORA;València/Valencia;Comunitat Valenciana
10043;Campo Lugar;804,0;60,17;>60 km;-11,43;-3,74;-2,43;<1,000 (very small rural);LOGROSAN;Cáceres;Extremadura
37082;Cantalpino;804,0;32,37;30-60 km;-11,12;-6,49;-2,07;<1,000 (very small rural);PEÑARANDA DE BRACAMONTE;Salamanca;Castilla y León
24007;Arganza;805,0;19,86;<=30 km;-9,1;-1,75;2,16;<1,000 (very small rural);BIERZO;León;Castilla y León
10004;Acehúche;805,0;50,19;30-60 km;-1,81;1,5;-0,98;<1,000 (very small rural);BROZAS;Cáceres;Extremadura
25062;Camarasa;805,0;39,4;30-60 km;-9,06;-4,16;-0,25;<1,000 (very small rural);NOGUERA;Lleida;Cataluña/Catalunya
08153;Òrrius;805,0;7,39;<=30 km;7,76;6,71;3,34;<1,000 (very small rural);MARESME;Barcelona;Cataluña/Catalunya
25093;Fondarella;805,0;23,79;<=30 km;-4,56;-1,39;3,07;<1,000 (very small rural);PLA D'URGELL;Lleida;Cataluña/Catalunya
23057;Lupión;806,0;10,51;<=30 km;-11,99;-2,58;-2,89;<1,000 (very small rural);LA LOMA;Jaén;Andalucía
26020;Ausejo;808,0;28,41;<=30 km;-32,8;3,45;3,59;<1,000 (very small rural);RIOJA MEDIA;La Rioja;La Rioja
25239;Les Valls de Valira;810,0;86,06;>60 km;-15,22;-0,37;1,25;<1,000 (very small rural);ALT URGELL;Lleida;Cataluña/Catalunya
18067;Diezma;810,0;26,24;<=30 km;-1,15;2,78;4,38;<1,000 (very small rural);GUADIX;Granada;Andalucía
17230;Vila-sacra;811,0;34,52;30-60 km;7,62;7,33;6,57;<1,000 (very small rural);ALT EMPORDA;Girona;Cataluña/Catalunya
31092;Erro;811,0;25,23;<=30 km;-0,75;0,13;2,66;<1,000 (very small rural);PIRINEOS;Navarra;Comunidad Foral de Navarra
25155;Organyà;811,0;68,84;>60 km;-13,78;-3,28;5,87;<1,000 (very small rural);ALT URGELL;Lleida;Cataluña/Catalunya
35007;Betancuria;812,0;79,13;>60 km;-15,38;4,24;6,56;<1,000 (very small rural);FUERTEVENTURA;Las Palmas;Canarias
10023;Arroyomolinos;812,0;29,11;<=30 km;-19,96;14,67;-3,79;<1,000 (very small rural);CACERES;Cáceres;Extremadura
41043;El Garrobo;812,0;32,96;30-60 km;-1,02;2,92;0,0;<1,000 (very small rural);LA SIERRA NORTE;Sevilla;Andalucía
31082;Etxalar;814,0;16,48;<=30 km;-2,18;2,86;-1,69;<1,000 (very small rural);NORD OCCIDENTAL;Navarra;Comunidad Foral de Navarra
08048;Carme;814,0;26,7;<=30 km;-5,38;-1,92;5,99;<1,000 (very small rural);ANOIA;Barcelona;Cataluña/Catalunya
21033;Fuenteheridos;814,0;74,5;>60 km;11,0;20,55;8,39;<1,000 (very small rural);SIERRA;Huelva;Andalucía
06043;Don Álvaro;815,0;17,23;<=30 km;0,66;2,08;3,95;<1,000 (very small rural);MERIDA;Badajoz;Extremadura
09141;Fuentespina;816,0;80,38;>60 km;4,67;-0,65;5,97;<1,000 (very small rural);LA RIBERA;Burgos;Castilla y León
28021;El Berrueco;816,0;28,95;<=30 km;20,81;7,42;2,51;<1,000 (very small rural);LOZOYA SOMOSIERRA;Madrid;Comunidad de Madrid
04095;Uleila del Campo;816,0;36,13;30-60 km;-14,26;-2,39;0,0;<1,000 (very small rural);CAMPO TABERNAS;Almería;Andalucía
45204;Yunclillos;816,0;16,52;<=30 km;-1,78;-2,47;3,42;<1,000 (very small rural);SAGRA-TOLEDO;Toledo;Castilla-La Mancha
24059;Corullón;819,0;25,43;<=30 km;-15,57;-5,69;-4,99;<1,000 (very small rural);BIERZO;León;Castilla y León
24183;Valderrueda;821,0;55,93;30-60 km;-11,59;-1,99;-1,79;<1,000 (very small rural);LA MONTAÑA DE RIAÑO;León;Castilla y León
48037;Galdames;821,0;7,84;<=30 km;-4,36;1,57;-2,49;<1,000 (very small rural);ENCARTACIONES;Bizkaia;País Vasco/Euskadi
22103;Estadilla;822,0;53,67;30-60 km;-4,57;1,13;2,37;<1,000 (very small rural);SOMONTANO;Huesca;Aragón
01037;Arraia-Maeztu;822,0;22,8;<=30 km;0,42;11,58;2,75;<1,000 (very small rural);MONTAÑA ALAVESA;Araba/Álava;País Vasco/Euskadi
09086;Castrillo del Val;823,0;9,33;<=30 km;7,97;2,78;1,11;<1,000 (very small rural);ARLANZON;Burgos;Castilla y León
06100;Peñalsordo;824,0;102,24;>60 km;-10,8;-8,32;-5,29;<1,000 (very small rural);CASTUERA;Badajoz;Extremadura
18915;Domingo Pérez de Granada;824,0;34,61;30-60 km;;-3,15;-4,41;<1,000 (very small rural);IZNALLOZ;Granada;Andalucía
22228;Tierz;825,0;6,32;<=30 km;5,45;5,54;3,12;<1,000 (very small rural);HOYA DE HUESCA;Huesca;Aragón
28173;Villamanrique de Tajo;825,0;29,27;<=30 km;-13,47;9,01;8,27;<1,000 (very small rural);VEGAS;Madrid;Comunidad de Madrid
04061;Lúcar;825,0;63,03;>60 km;-16,1;0,78;6,87;<1,000 (very small rural);ALTO ALMAZORA;Almería;Andalucía
05161;Navalperal de Pinares;826,0;18,65;<=30 km;-23,55;-1,54;7,97;<1,000 (very small rural);VALLE BAJO ALBERCHE;Ávila;Castilla y León
06038;Cordobilla de Lácara;827,0;18,72;<=30 km;-5,07;-4,15;-5,81;<1,000 (very small rural);MERIDA;Badajoz;Extremadura
08103;Jorba;827,0;27,88;<=30 km;0,37;-1,9;0,24;<1,000 (very small rural);ANOIA;Barcelona;Cataluña/Catalunya
17200;Tortellà;828,0;33,85;30-60 km;3,03;1,87;1,47;<1,000 (very small rural);GARROTXA;Girona;Cataluña/Catalunya
10069;La Cumbre;828,0;39,65;30-60 km;-9,24;-3,12;-1,08;<1,000 (very small rural);TRUJILLO;Cáceres;Extremadura
39067;Ruesga;829,0;29,06;<=30 km;-13,43;-5,28;0,36;<1,000 (very small rural);ASON;Cantabria;Cantabria
17088;Lladó;829,0;30,1;30-60 km;8,42;7,37;-1,89;<1,000 (very small rural);ALT EMPORDA;Girona;Cataluña/Catalunya
10068;Cuacos de Yuste;829,0;72,23;>60 km;-5,76;0,12;-2,13;<1,000 (very small rural);JARAIZ DE LA VERA;Cáceres;Extremadura
45007;Alcolea de Tajo;829,0;27,99;<=30 km;-9,29;5,77;-1,66;<1,000 (very small rural);TALAVERA;Toledo;Castilla-La Mancha
04007;Alcolea;829,0;28,17;<=30 km;-11,46;4,3;-2,36;<1,000 (very small rural);ALTO ANDARAX;Almería;Andalucía
17004;Albons;830,0;24,53;<=30 km;8,46;4,31;4,01;<1,000 (very small rural);BAIX EMPORDA;Girona;Cataluña/Catalunya
50143;Longares;830,0;37,35;30-60 km;-12,02;14,81;-5,25;<1,000 (very small rural);LA ALMUNIA DE DOÑA GODINA;Zaragoza;Aragón
42035;Berlanga de Duero;831,0;91,91;>60 km;-11,83;-0,57;-4,7;<1,000 (very small rural);ALMAZAN;Soria;Castilla y León
32062;Porqueira;832,0;37,15;30-60 km;-18,7;-0,36;0,6;<1,000 (very small rural);VERIN;Ourense;Galicia
28159;Valdemaqueda;833,0;30,26;30-60 km;-10,8;3,68;5,58;<1,000 (very small rural);GUADARRAMA;Madrid;Comunidad de Madrid
42215;Vinuesa;833,0;62,56;>60 km;-11,47;-4,23;-0,48;<1,000 (very small rural);PINARES;Soria;Castilla y León
10184;El Torno;833,0;94,43;>60 km;-7,72;-4,64;-1,19;<1,000 (very small rural);PLASENCIA;Cáceres;Extremadura
31049;Basaburua;833,0;26,63;<=30 km;-4,28;-0,12;-0,6;<1,000 (very small rural);NORD OCCIDENTAL;Navarra;Comunidad Foral de Navarra
34206;Villada;834,0;45,29;30-60 km;-7,73;-6,85;-7,02;<1,000 (very small rural);CAMPOS;Palencia;Castilla y León
12109;Tales;834,0;14,75;<=30 km;-9,21;3,56;-1,07;<1,000 (very small rural);LA PLANA;Castelló/Castellón;Comunitat Valenciana
16060;Casas de Benítez;834,0;43,18;30-60 km;-15,38;-6,96;2,21;<1,000 (very small rural);MANCHUELA;Cuenca;Castilla-La Mancha
29006;Algatocín;834,0;17,89;<=30 km;-13,94;6,04;1,09;<1,000 (very small rural);SERRANIA DE RONDA;Málaga;Andalucía
50285;Villafranca de Ebro;835,0;31,38;30-60 km;-1,91;2,17;-1,53;<1,000 (very small rural);ZARAGOZA;Zaragoza;Aragón
10076;Galisteo;835,0;71,48;>60 km;-6,64;-5,35;-7,43;<1,000 (very small rural);PLASENCIA;Cáceres;Extremadura
16064;Casas de Haro;836,0;49,33;30-60 km;-5,04;-0,12;0,12;<1,000 (very small rural);MANCHA BAJA;Cuenca;Castilla-La Mancha
47065;Fresno el Viejo;836,0;50,09;30-60 km;-8,31;-7,12;-1,42;<1,000 (very small rural);SUR;Valladolid;Castilla y León
45036;Carmena;836,0;33,45;30-60 km;-12,07;6,7;7,18;<1,000 (very small rural);TORRIJOS;Toledo;Castilla-La Mancha
10072;Eljas;836,0;100,23;>60 km;-7,14;-1,97;-6,8;<1,000 (very small rural);CORIA;Cáceres;Extremadura
49223;Trabazos;838,0;63,84;>60 km;-10,58;-4,24;0,36;<1,000 (very small rural);ALISTE;Zamora;Castilla y León
17175;Sant Miquel de Fluvià;839,0;25,16;<=30 km;-2,36;1,21;11,13;<1,000 (very small rural);ALT EMPORDA;Girona;Cataluña/Catalunya
24197;Vega de Infanzones;839,0;11,36;<=30 km;-6,18;-3,51;1,82;<1,000 (very small rural);ESLA-CAMPOS;León;Castilla y León
26079;Huércanos;840,0;17,82;<=30 km;-10,25;5,87;-3,0;<1,000 (very small rural);RIOJA ALTA;La Rioja;La Rioja
50051;Biota;840,0;63,53;>60 km;-12,42;-3,8;-7,89;<1,000 (very small rural);EGEA DE LOS CABALLEROS;Zaragoza;Aragón
48028;Ea;842,0;31,38;30-60 km;-6,7;-1,32;2,68;<1,000 (very small rural);GUERNIKA-BERMEO;Bizkaia;País Vasco/Euskadi
16052;Cañete;843,0;33,67;30-60 km;-19,96;-0,39;10,05;<1,000 (very small rural);SERRANIA BAJA;Cuenca;Castilla-La Mancha
17101;Massanes;843,0;28,01;<=30 km;3,0;10,0;4,98;<1,000 (very small rural);SELVA;Girona;Cataluña/Catalunya
37078;Candelario;843,0;70,25;>60 km;-9,58;-3,53;-3,55;<1,000 (very small rural);LA SIERRA;Salamanca;Castilla y León
24109;Palacios del Sil;844,0;43,93;30-60 km;-14,31;-7,79;-7,46;<1,000 (very small rural);LA MONTAÑA DE LUNA;León;Castilla y León
10902;Vegaviana;844,0;78,37;>60 km;-1,62;-2,65;-0,12;<1,000 (very small rural);CORIA;Cáceres;Extremadura
49206;Santibáñez de Vidriales;844,0;63,47;>60 km;-14,11;-6,04;-8,06;<1,000 (very small rural);BENAVENTE Y LOS VALLES;Zamora;Castilla y León
06035;Castilblanco;844,0;74,17;>60 km;-13,14;-7,1;-6,53;<1,000 (very small rural);HERRERA DUQUE;Badajoz;Extremadura
18072;Escúzar;845,0;22,2;<=30 km;-1,4;2,15;4,84;<1,000 (very small rural);ALHAMA;Granada;Andalucía
01046;Erriberagoitia/Ribera Alta;845,0;20,11;<=30 km;-5,76;5,9;2,3;<1,000 (very small rural);VALLES ALAVESES;Araba/Álava;País Vasco/Euskadi
33067;Sobrescobio;845,0;28,54;<=30 km;-6,82;1,34;1,93;<1,000 (very small rural);MIERES;Asturias;Principado de Asturias
12081;Navajas;846,0;28,53;<=30 km;-12,82;5,34;12,8;<1,000 (very small rural);PALANCIA;Castelló/Castellón;Comunitat Valenciana
13036;Los Cortijos;847,0;39,24;30-60 km;-8,87;-0,68;-3,31;<1,000 (very small rural);MONTES NORTE;Ciudad Real;Castilla-La Mancha
16271;Villarta;847,0;57,95;30-60 km;-14,71;-1,58;4,83;<1,000 (very small rural);MANCHUELA;Cuenca;Castilla-La Mancha
46180;Novetlè;849,0;29,06;<=30 km;1,06;1,79;-0,47;<1,000 (very small rural);LA COSTERA DE JATIVA;València/Valencia;Comunitat Valenciana
17165;Sant Jaume de Llierca;849,0;32,06;30-60 km;10,08;1,43;-0,35;<1,000 (very small rural);GARROTXA;Girona;Cataluña/Catalunya
10124;Mohedas de Granadilla;850,0;87,62;>60 km;-16,83;2,66;0,12;<1,000 (very small rural);HERVAS;Cáceres;Extremadura
25225;Tornabous;851,0;40,81;30-60 km;-1,49;-6,03;3,03;<1,000 (very small rural);URGELL;Lleida;Cataluña/Catalunya
43056;La Fatarella;852,0;51,97;30-60 km;-11,79;-4,97;-7,09;<1,000 (very small rural);TERRA ALTA;Tarragona;Cataluña/Catalunya
32005;Baltar;853,0;47,94;30-60 km;-12,52;-5,06;-7,18;<1,000 (very small rural);VERIN;Ourense;Galicia
14059;San Sebastián de los Ballesteros;854,0;23,24;<=30 km;-3,35;1,84;3,02;<1,000 (very small rural);LAS COLONIAS;Córdoba;Andalucía
06048;Esparragosa de Lares;854,0;90,52;>60 km;-7,37;-4,58;-4,58;<1,000 (very small rural);PUEBLA ALCOCER;Badajoz;Extremadura
10904;Tiétar;854,0;54,74;30-60 km;;-4,67;-2,73;<1,000 (very small rural);NAVALMORAL DE LA MATA;Cáceres;Extremadura
31220;Santacara;858,0;47,98;30-60 km;-6,47;-2,37;-0,81;<1,000 (very small rural);RIBERA ALTA ARAGON;Navarra;Comunidad Foral de Navarra
21003;El Almendro;858,0;47,85;30-60 km;-3,56;-0,24;2,75;<1,000 (very small rural);ANDEVALO OCCIDENTAL;Huelva;Andalucía
10100;Hoyos;858,0;91,26;>60 km;-6,49;-2,65;-2,72;<1,000 (very small rural);CORIA;Cáceres;Extremadura
50190;Novallas;859,0;71,59;>60 km;-11,7;-2,0;3,12;<1,000 (very small rural);BORJA;Zaragoza;Aragón
01033;Lapuebla de Labarca;859,0;10,13;<=30 km;-0,92;0,12;0,12;<1,000 (very small rural);RIOJA ALAVESA;Araba/Álava;País Vasco/Euskadi
40001;Abades;859,0;9,2;<=30 km;-2,04;-1,18;2,87;<1,000 (very small rural);CUELLAR;Segovia;Castilla y León
45147;Rielves;859,0;16,93;<=30 km;-3,94;3,64;11,85;<1,000 (very small rural);TORRIJOS;Toledo;Castilla-La Mancha
47093;Montemayor de Pililla;860,0;32,08;30-60 km;-10,13;-3,62;0,94;<1,000 (very small rural);SURESTE;Valladolid;Castilla y León
06119;San Pedro de Mérida;861,0;19,98;<=30 km;-3,52;1,79;1,06;<1,000 (very small rural);MERIDA;Badajoz;Extremadura
32060;Petín;861,0;46,26;30-60 km;-8,63;-1,12;-2,05;<1,000 (very small rural);EL BARCO DE VALDEORRAS;Ourense;Galicia
50150;Lumpiaque;862,0;35,8;30-60 km;-11,18;1,09;3,11;<1,000 (very small rural);LA ALMUNIA DE DOÑA GODINA;Zaragoza;Aragón
09412;Valle de Tobalina;863,0;45,67;30-60 km;-6,31;-4,96;-4,22;<1,000 (very small rural);MERINDADES;Burgos;Castilla y León
09377;Tardajos;864,0;10,9;<=30 km;-7,24;2,3;8,0;<1,000 (very small rural);ARLANZON;Burgos;Castilla y León
22046;Ballobar;864,0;37,15;30-60 km;-14,78;3,16;1,77;<1,000 (very small rural);BAJO CINCA;Huesca;Aragón
16023;Chillarón de Cuenca;864,0;21,35;<=30 km;0,85;15,95;23,78;<1,000 (very small rural);SERRANIA MEDIA;Cuenca;Castilla-La Mancha
13070;Puerto Lápice;865,0;54,6;30-60 km;-6,79;-5,02;-2,81;<1,000 (very small rural);MANCHA;Ciudad Real;Castilla-La Mancha
17218;Vilademuls;866,0;16,83;<=30 km;1,15;1,46;3,71;<1,000 (very small rural);PLA DE L'ESTANY;Girona;Cataluña/Catalunya
23076;Santa Elena;866,0;31,48;30-60 km;-6,63;-2,85;-2,37;<1,000 (very small rural);SIERRA MORENA;Jaén;Andalucía
13072;Retuerta del Bullaque;867,0;53,01;30-60 km;-12,69;-4,91;-6,77;<1,000 (very small rural);MONTES NORTE;Ciudad Real;Castilla-La Mancha
22136;Lalueza;868,0;33,28;30-60 km;-13,41;-3,07;-1,92;<1,000 (very small rural);MONEGROS;Huesca;Aragón
22084;Castejón de Sos;868,0;90,22;>60 km;-4,9;5,05;9,73;<1,000 (very small rural);RIBARGORZA;Huesca;Aragón
23029;Chiclana de Segura;869,0;63,58;>60 km;-15,99;-4,68;-5,23;<1,000 (very small rural);EL CONDADO;Jaén;Andalucía
10073;Escurial;869,0;49,9;30-60 km;-0,5;1,53;0,81;<1,000 (very small rural);TRUJILLO;Cáceres;Extremadura
18910;El Pinar;870,0;17,4;<=30 km;-7,53;-3,59;-1,81;<1,000 (very small rural);VALLE DE LECRIN;Granada;Andalucía
12007;Alfondeguilla;870,0;16,49;<=30 km;-1,25;0,93;0,0;<1,000 (very small rural);LA PLANA;Castelló/Castellón;Comunitat Valenciana
44261;Villarquemado;870,0;72,99;>60 km;-3,42;-1,86;2,84;<1,000 (very small rural);CUENCA DEL JILOCA;Teruel;Aragón
17166;Sant Jordi Desvalls;871,0;13,97;<=30 km;9,75;8,89;9,42;<1,000 (very small rural);GIRONES;Girona;Cataluña/Catalunya
24100;Molinaseca;872,0;9,29;<=30 km;4,8;2,18;-2,13;<1,000 (very small rural);BIERZO;León;Castilla y León
08256;Santa Maria de Martorelles;873,0;5,54;<=30 km;2,02;0,0;-1,02;<1,000 (very small rural);VALLES ORIENTAL;Barcelona;Cataluña/Catalunya
45077;Huecas;875,0;22,1;<=30 km;-9,17;13,18;13,2;<1,000 (very small rural);TORRIJOS;Toledo;Castilla-La Mancha
04072;Partaloa;875,0;52,8;30-60 km;6,09;0,95;-17,84;<1,000 (very small rural);ALTO ALMAZORA;Almería;Andalucía
24901;Villamanín;876,0;43,83;30-60 km;-13,54;-2,56;-3,95;<1,000 (very small rural);LA MONTAÑA DE LUNA;León;Castilla y León
17159;Sant Feliu de Buixalleu;878,0;27,86;<=30 km;7,42;0,5;8,66;<1,000 (very small rural);SELVA;Girona;Cataluña/Catalunya
48041;Gautegiz Arteaga;878,0;25,84;<=30 km;-3,64;1,67;2,81;<1,000 (very small rural);GUERNIKA-BERMEO;Bizkaia;País Vasco/Euskadi
01013;Barrundia;879,0;17,32;<=30 km;-0,88;1,36;-1,79;<1,000 (very small rural);LLANADA ALAVESA;Araba/Álava;País Vasco/Euskadi
03098;Orxeta;879,0;13,16;<=30 km;-15,37;6,64;11,69;<1,000 (very small rural);CENTRAL;Alacant/Alicante;Comunitat Valenciana
43006;Aldover;880,0;62,74;>60 km;-13,91;8,71;-3,4;<1,000 (very small rural);BAIX EBRE;Tarragona;Cataluña/Catalunya
09174;Huerta de Rey;881,0;66,86;>60 km;-12,43;-2,58;-2,97;<1,000 (very small rural);DEMANDA;Burgos;Castilla y León
23048;Iznatoraf;882,0;57,06;30-60 km;-7,66;-8,84;-2,76;<1,000 (very small rural);LA LOMA;Jaén;Andalucía
16202;Talayuelas;882,0;74,41;>60 km;-14,72;-3,96;3,89;<1,000 (very small rural);SERRANIA BAJA;Cuenca;Castilla-La Mancha
10079;Garganta la Olla;883,0;81,55;>60 km;-2,44;-6,1;-4,44;<1,000 (very small rural);JARAIZ DE LA VERA;Cáceres;Extremadura
12039;Castellnovo;884,0;23,37;<=30 km;-9,3;-3,38;-3,28;<1,000 (very small rural);PALANCIA;Castelló/Castellón;Comunitat Valenciana
39092;Valdeolea;884,0;49,13;30-60 km;-13,19;-4,65;-4,12;<1,000 (very small rural);REINOSA;Cantabria;Cantabria
10125;Monroy;884,0;41,7;30-60 km;-9,0;-5,06;-3,91;<1,000 (very small rural);CACERES;Cáceres;Extremadura
09301;Quintanilla Vivar;885,0;6,84;<=30 km;3,03;8,59;1,49;<1,000 (very small rural);ARLANZON;Burgos;Castilla y León
40185;Santa María la Real de Nieva;885,0;24,39;<=30 km;-14,48;-7,31;-4,43;<1,000 (very small rural);CUELLAR;Segovia;Castilla y León
25242;Verdú;886,0;45,64;30-60 km;-8,15;-2,76;0,68;<1,000 (very small rural);URGELL;Lleida;Cataluña/Catalunya
06064;Higuera de la Serena;887,0;66,77;>60 km;-8,93;-0,43;-5,34;<1,000 (very small rural);CASTUERA;Badajoz;Extremadura
32083;A Veiga;887,0;41,52;30-60 km;-13,45;-1,99;0,11;<1,000 (very small rural);EL BARCO DE VALDEORRAS;Ourense;Galicia
41054;Lora de Estepa;888,0;65,03;>60 km;-2,41;1,74;1,49;<1,000 (very small rural);DE ESTEPA;Sevilla;Andalucía
43081;Maspujols;889,0;8,43;<=30 km;8,36;3,38;7,63;<1,000 (very small rural);BAIX CAMP;Tarragona;Cataluña/Catalunya
18913;Zagra;890,0;52,24;30-60 km;-9,7;6,9;-2,63;<1,000 (very small rural);DE LA VEGA;Granada;Andalucía
19212;Pastrana;891,0;34,61;30-60 km;-18,73;-3,89;6,2;<1,000 (very small rural);CAMPIÑA;Guadalajara;Castilla-La Mancha
17210;Ventalló;891,0;25,23;<=30 km;-0,88;7,03;-2,52;<1,000 (very small rural);ALT EMPORDA;Girona;Cataluña/Catalunya
06150;Villagarcía de la Torre;891,0;79,34;>60 km;-8,5;-0,33;-2,09;<1,000 (very small rural);LLERENA;Badajoz;Extremadura
25067;Castelldans;891,0;21,47;<=30 km;-6,26;-3,33;-1,0;<1,000 (very small rural);GARRIGUES;Lleida;Cataluña/Catalunya
30040;Ulea;891,0;8,99;<=30 km;-3,05;-1,48;2,89;<1,000 (very small rural);RIO SEGURA;Murcia;Región de Murcia
12096;Rossell;892,0;73,07;>60 km;-15,21;-5,04;-1,33;<1,000 (very small rural);BAJO MAESTRAZGO;Castelló/Castellón;Comunitat Valenciana
43176;Vimbodí i Poblet;893,0;25,94;<=30 km;-9,21;-4,03;1,48;<1,000 (very small rural);CONCA DE BARBERA;Tarragona;Cataluña/Catalunya
22110;Fonz;893,0;50,03;30-60 km;-11,66;-2,87;5,68;<1,000 (very small rural);SOMONTANO;Huesca;Aragón
24187;Valdevimbre;894,0;20,53;<=30 km;-4,55;-6,68;-4,49;<1,000 (very small rural);EL PARAMO;León;Castilla y León
45117;Nombela;895,0;34,07;30-60 km;-12,77;-0,68;2,05;<1,000 (very small rural);TORRIJOS;Toledo;Castilla-La Mancha
25211;Sudanell;897,0;8,48;<=30 km;-1,24;-0,82;6,28;<1,000 (very small rural);SEGRIA;Lleida;Cataluña/Catalunya
17187;Saus, Camallera i Llampaies;898,0;18,88;<=30 km;7,56;2,0;3,82;<1,000 (very small rural);ALT EMPORDA;Girona;Cataluña/Catalunya
27045;Pedrafita do Cebreiro;898,0;47,86;30-60 km;-12,87;-8,62;-4,77;<1,000 (very small rural);MONTAÑA;Lugo;Galicia
31011;Allín/Allin;899,0;37,09;30-60 km;1,07;4,0;1,7;<1,000 (very small rural);TIERRA ESTELLA;Navarra;Comunidad Foral de Navarra
13037;Cózar;899,0;78,87;>60 km;-15,53;-5,14;-2,6;<1,000 (very small rural);CAMPO DE MONTIEL;Ciudad Real;Castilla-La Mancha
28122;Ribatejada;900,0;18,65;<=30 km;7,18;22,24;4,29;<1,000 (very small rural);CAMPIÑA;Madrid;Comunidad de Madrid
31144;Larraun;901,0;29,28;<=30 km;-3,37;-5,27;-1,64;<1,000 (very small rural);NORD OCCIDENTAL;Navarra;Comunidad Foral de Navarra
23031;Escañuela;902,0;25,77;<=30 km;-4,32;-0,95;-4,04;<1,000 (very small rural);CAMPIÑA DEL NORTE;Jaén;Andalucía
03137;la Vall de Laguar;903,0;24,36;<=30 km;-14,15;2,8;7,12;<1,000 (very small rural);MARQUESADO;Alacant/Alicante;Comunitat Valenciana
31171;Miranda de Arga;903,0;39,74;30-60 km;-7,97;0,24;5,99;<1,000 (very small rural);RIBERA ALTA ARAGON;Navarra;Comunidad Foral de Navarra
22904;La Sotonera;903,0;16,25;<=30 km;-10,38;1,01;0,0;<1,000 (very small rural);HOYA DE HUESCA;Huesca;Aragón
10142;Perales del Puerto;903,0;87,45;>60 km;-1,74;0,21;-4,24;<1,000 (very small rural);CORIA;Cáceres;Extremadura
27052;Ribas de Sil;904,0;50,01;30-60 km;-10,75;-2,47;-4,44;<1,000 (very small rural);SUR;Lugo;Galicia
03085;Llíber;905,0;22,76;<=30 km;-11,12;-15,98;2,49;<1,000 (very small rural);MARQUESADO;Alacant/Alicante;Comunitat Valenciana
17209;Vall-llobrega;906,0;26,44;<=30 km;5,36;0,66;-1,31;<1,000 (very small rural);BAIX EMPORDA;Girona;Cataluña/Catalunya
45083;Layos;906,0;11,61;<=30 km;16,85;18,25;11,85;<1,000 (very small rural);SAGRA-TOLEDO;Toledo;Castilla-La Mancha
50193;Nuez de Ebro;907,0;22,95;<=30 km;0,12;6,41;3,07;<1,000 (very small rural);ZARAGOZA;Zaragoza;Aragón
40134;Mozoncillo;907,0;26,92;<=30 km;-16,68;-5,86;6,58;<1,000 (very small rural);CUELLAR;Segovia;Castilla y León
17001;Agullana;909,0;46,88;30-60 km;-0,95;5,23;2,71;<1,000 (very small rural);ALT EMPORDA;Girona;Cataluña/Catalunya
10903;Alagón del Río;909,0;67,09;>60 km;7,0;-0,11;-2,57;<1,000 (very small rural);PLASENCIA;Cáceres;Extremadura
22170;Panticosa;909,0;69,42;>60 km;-3,05;8,02;7,07;<1,000 (very small rural);JACETANIA;Huesca;Aragón
31183;Obanos;910,0;20,26;<=30 km;-2,16;1,75;-1,94;<1,000 (very small rural);CUENCA PAMPLONA;Navarra;Comunidad Foral de Navarra
37081;Cantalapiedra;911,0;44,96;30-60 km;-9,64;-6,39;-1,3;<1,000 (very small rural);PEÑARANDA DE BRACAMONTE;Salamanca;Castilla y León
34005;Alar del Rey;912,0;62,32;>60 km;-10,52;-2,16;0,44;<1,000 (very small rural);BOEDO-OJEDA;Palencia;Castilla y León
09363;Sasamón;912,0;29,16;<=30 km;-12,22;-3,22;-5,3;<1,000 (very small rural);PISUERGA;Burgos;Castilla y León
37172;Linares de Riofrío;913,0;46,92;30-60 km;-1,21;-2,6;-2,67;<1,000 (very small rural);LA SIERRA;Salamanca;Castilla y León
08144;Olvan;913,0;38,66;30-60 km;-7,05;4,42;4,46;<1,000 (very small rural);BERGUEDA;Barcelona;Cataluña/Catalunya
24046;Castrocalbón;913,0;55,86;30-60 km;-5,29;-3,98;-2,87;<1,000 (very small rural);LA BAÑEZA;León;Castilla y León
06090;La Nava de Santiago;914,0;13,74;<=30 km;-9,1;-1,69;-2,04;<1,000 (very small rural);MERIDA;Badajoz;Extremadura
50159;Maluenda;915,0;74,03;>60 km;-14,01;-2,34;-0,54;<1,000 (very small rural);CALATAYUD;Zaragoza;Aragón
45095;La Mata;915,0;34,27;30-60 km;-15,46;-3,52;11,18;<1,000 (very small rural);TORRIJOS;Toledo;Castilla-La Mancha
05132;Mombeltrán;916,0;31,61;30-60 km;-12,87;-7,16;-1,93;<1,000 (very small rural);VALLE DEL TIETAR;Ávila;Castilla y León
06026;Calera de León;918,0;82,7;>60 km;-5,13;-2,37;-2,96;<1,000 (very small rural);LLERENA;Badajoz;Extremadura
49129;Morales de Toro;919,0;42,78;30-60 km;-11,24;-6,28;-2,23;<1,000 (very small rural);DUERO BAJO;Zamora;Castilla y León
19152;Illana;919,0;43,41;30-60 km;-28,96;18,65;18,43;<1,000 (very small rural);CAMPIÑA;Guadalajara;Castilla-La Mancha
08179;Rellinars;920,0;10,63;<=30 km;-0,41;16,2;5,99;<1,000 (very small rural);VALLES OCCIDENTAL;Barcelona;Cataluña/Catalunya
25133;Maials;921,0;32,62;30-60 km;-2,48;-0,54;-0,54;<1,000 (very small rural);SEGRIA;Lleida;Cataluña/Catalunya
45043;Castillo de Bayuela;921,0;19,69;<=30 km;-14,94;0,11;0,33;<1,000 (very small rural);TALAVERA;Toledo;Castilla-La Mancha
25086;Esterri d'Àneu;921,0;116,09;>60 km;-16,77;10,05;10,7;<1,000 (very small rural);PALLARS SOBIRA;Lleida;Cataluña/Catalunya
16126;Mira;921,0;74,31;>60 km;15,26;-1,94;1,43;<1,000 (very small rural);SERRANIA BAJA;Cuenca;Castilla-La Mancha
23098;Villardompardo;921,0;22,19;<=30 km;-9,9;-1,04;-3,66;<1,000 (very small rural);CAMPIÑA DEL SUR;Jaén;Andalucía
18078;Freila;922,0;69,76;>60 km;-18,5;4,0;-1,5;<1,000 (very small rural);GUADIX;Granada;Andalucía
02042;Letur;922,0;73,65;>60 km;-12,3;-2,05;1,43;<1,000 (very small rural);SIERRA SEGURA;Albacete;Castilla-La Mancha
46119;l'Énova;924,0;22,57;<=30 km;-6,42;1,0;1,32;<1,000 (very small rural);LA COSTERA DE JATIVA;València/Valencia;Comunitat Valenciana
46151;Llocnou d'En Fenollet;924,0;22,24;<=30 km;-1,22;2,13;1,32;<1,000 (very small rural);LA COSTERA DE JATIVA;València/Valencia;Comunitat Valenciana
50020;Alhama de Aragón;925,0;91,77;>60 km;-8,12;-3,28;-7,68;<1,000 (very small rural);CALATAYUD;Zaragoza;Aragón
16170;Priego;925,0;39,15;30-60 km;-16,86;-3,04;3,7;<1,000 (very small rural);ALCARRIA;Cuenca;Castilla-La Mancha
37038;Babilafuente;925,0;20,99;<=30 km;-1,82;2,31;-0,75;<1,000 (very small rural);SALAMANCA;Salamanca;Castilla y León
21009;Arroyomolinos de León;925,0;79,59;>60 km;-4,85;-1,55;-2,63;<1,000 (very small rural);SIERRA;Huelva;Andalucía
24079;Gradefes;925,0;25,53;<=30 km;-13,6;-2,01;0,0;<1,000 (very small rural);TIERRAS DE LEON;León;Castilla y León
01902;Lantarón;926,0;28,67;<=30 km;-3,23;4,93;1,2;<1,000 (very small rural);VALLES ALAVESES;Araba/Álava;País Vasco/Euskadi
25041;Barbens;926,0;39,16;30-60 km;4,13;0,43;-1,8;<1,000 (very small rural);URGELL;Lleida;Cataluña/Catalunya
06076;Maguilla;929,0;82,68;>60 km;-5,85;-1,03;-3,23;<1,000 (very small rural);AZUAGA;Badajoz;Extremadura
49054;Corrales del Vino;929,0;22,8;<=30 km;-6,79;-4,89;-0,54;<1,000 (very small rural);DUERO BAJO;Zamora;Castilla y León
23001;Albanchez de Mágina;930,0;26,11;<=30 km;-13,75;-3,41;-6,25;<1,000 (very small rural);MAGINA;Jaén;Andalucía
18904;Alpujarra de la Sierra;931,0;43,03;30-60 km;-10,52;-2,66;-2,21;<1,000 (very small rural);LAS ALPUJARRAS;Granada;Andalucía
39094;Valderredible;931,0;55,53;30-60 km;-10,84;-1,33;-3,12;<1,000 (very small rural);REINOSA;Cantabria;Cantabria
45012;Almonacid de Toledo;931,0;16,39;<=30 km;-6,76;7,66;10,44;<1,000 (very small rural);LA MANCHA;Toledo;Castilla-La Mancha
06047;Esparragosa de la Serena;933,0;79,09;>60 km;-3,1;-3,59;-6,14;<1,000 (very small rural);CASTUERA;Badajoz;Extremadura
44191;La Puebla de Híjar;934,0;62,76;>60 km;-6,81;0,11;2,75;<1,000 (very small rural);BAJO ARAGON;Teruel;Aragón
20058;Olaberria;934,0;34,97;30-60 km;1,28;-0,74;-0,43;<1,000 (very small rural);GOIERRI;Gipuzkoa;País Vasco/Euskadi
34171;Santibáñez de la Peña;934,0;73,83;>60 km;-13,89;-4,02;-6,79;<1,000 (very small rural);GUARDO;Palencia;Castilla y León
08154;Pacs del Penedès;935,0;14,08;<=30 km;3,44;0,77;2,19;<1,000 (very small rural);ALT PENEDÉS;Barcelona;Cataluña/Catalunya
43149;Tivenys;936,0;54,38;30-60 km;-3,41;2,04;4,0;<1,000 (very small rural);BAIX EBRE;Tarragona;Cataluña/Catalunya
22226;Tardienta;937,0;22,15;<=30 km;-2,51;-1,47;-0,11;<1,000 (very small rural);HOYA DE HUESCA;Huesca;Aragón
18902;El Valle;937,0;22,61;<=30 km;-19,21;-1,93;2,18;<1,000 (very small rural);VALLE DE LECRIN;Granada;Andalucía
47035;Carpio;938,0;55,39;30-60 km;-7,34;-5,76;-2,8;<1,000 (very small rural);SUR;Valladolid;Castilla y León
29030;El Borge;941,0;10,23;<=30 km;-9,0;-2,89;3,86;<1,000 (very small rural);VELEZ MALAGA;Málaga;Andalucía
20008;Amezketa;941,0;28,26;<=30 km;-3,51;0,64;-0,42;<1,000 (very small rural);TOLOSA;Gipuzkoa;País Vasco/Euskadi
28029;Cabanillas de la Sierra;941,0;20,24;<=30 km;-3,39;17,56;12,43;<1,000 (very small rural);LOZOYA SOMOSIERRA;Madrid;Comunidad de Madrid
27037;As Nogais;942,0;45,5;30-60 km;-14,54;-8,62;-7,47;<1,000 (very small rural);MONTAÑA;Lugo;Galicia
25102;La Granja d'Escarp;943,0;30,5;30-60 km;0,31;-2,62;1,29;<1,000 (very small rural);SEGRIA;Lleida;Cataluña/Catalunya
08199;Sant Bartomeu del Grau;943,0;38,91;30-60 km;-10,9;8,69;3,29;<1,000 (very small rural);OSONA;Barcelona;Cataluña/Catalunya
18168;Quéntar;943,0;16,39;<=30 km;-9,46;7,75;-4,46;<1,000 (very small rural);DE LA VEGA;Granada;Andalucía
31069;Cáseda;943,0;44,78;30-60 km;-5,43;-2,86;-0,95;<1,000 (very small rural);NAVARRA MEDIA;Navarra;Comunidad Foral de Navarra
13084;Torre de Juan Abad;944,0;66,2;>60 km;-15,44;-2,75;-4,65;<1,000 (very small rural);CAMPO DE MONTIEL;Ciudad Real;Castilla-La Mancha
39090;Udías;946,0;17,19;<=30 km;3,67;0,54;1,72;<1,000 (very small rural);COSTERA;Cantabria;Cantabria
29062;Iznate;947,0;5,21;<=30 km;-9,8;5,68;3,84;<1,000 (very small rural);VELEZ MALAGA;Málaga;Andalucía
46124;Fontanars dels Alforins;947,0;25,76;<=30 km;-4,92;-2,04;-1,25;<1,000 (very small rural);VALLES DE ALBAIDA;València/Valencia;Comunitat Valenciana
48906;Forua;949,0;22,26;<=30 km;-4,19;-2,05;4,29;<1,000 (very small rural);GUERNIKA-BERMEO;Bizkaia;País Vasco/Euskadi
32011;Beariz;949,0;28,44;<=30 km;-23,16;-0,21;-2,27;<1,000 (very small rural);ORENSE;Ourense;Galicia
31200;Oteiza;950,0;35,48;30-60 km;-3,56;2,39;0,96;<1,000 (very small rural);TIERRA ESTELLA;Navarra;Comunidad Foral de Navarra
32021;Castrelo do Val;951,0;56,0;30-60 km;-12,66;-2,2;-2,86;<1,000 (very small rural);VERIN;Ourense;Galicia
09238;Oña;951,0;47,3;30-60 km;-14,44;-1,56;-5,65;<1,000 (very small rural);BUREBA-EBRO;Burgos;Castilla y León
29074;Montejaque;952,0;31,78;30-60 km;-4,87;-3,3;1,49;<1,000 (very small rural);SERRANIA DE RONDA;Málaga;Andalucía
08099;Guardiola de Berguedà;953,0;60,48;>60 km;-11,98;4,74;2,58;<1,000 (very small rural);BERGUEDA;Barcelona;Cataluña/Catalunya
50059;Bujaraloz;953,0;63,53;>60 km;-4,48;-2,99;-2,26;<1,000 (very small rural);CASPE;Zaragoza;Aragón
32084;Verea;955,0;29,67;<=30 km;-21,77;-2,04;4,49;<1,000 (very small rural);VERIN;Ourense;Galicia
01022;Elciego;955,0;14,83;<=30 km;-1,44;-2,83;-4,12;<1,000 (very small rural);RIOJA ALAVESA;Araba/Álava;País Vasco/Euskadi
10144;La Pesga;955,0;82,66;>60 km;-3,81;-4,88;-5,73;<1,000 (very small rural);HERVAS;Cáceres;Extremadura
18103;Ítrabo;956,0;14,66;<=30 km;-13,69;-2,79;-1,85;<1,000 (very small rural);LA COSTA;Granada;Andalucía
24082;Hospital de Órbigo;956,0;28,78;<=30 km;-4,13;-1,01;-2,15;<1,000 (very small rural);ASTORGA;León;Castilla y León
17046;Castellfollit de la Roca;957,0;35,57;30-60 km;-5,09;-1,78;1,92;<1,000 (very small rural);GARROTXA;Girona;Cataluña/Catalunya
43001;Aiguamúrcia;957,0;27,39;<=30 km;-2,62;7,5;-0,31;<1,000 (very small rural);ALT CAMP;Tarragona;Cataluña/Catalunya
44049;Calaceite;960,0;75,86;>60 km;-9,19;-2,87;-2,24;<1,000 (very small rural);BAJO ARAGON;Teruel;Aragón
12122;les Useres/Useras;961,0;21,56;<=30 km;-4,24;0,21;-0,72;<1,000 (very small rural);LLANOS CENTRALES;Castelló/Castellón;Comunitat Valenciana
04089;Taberno;962,0;36,46;30-60 km;-18,34;3,43;-3,41;<1,000 (very small rural);ALTO ALMAZORA;Almería;Andalucía
43007;L'Aleixar;962,0;8,86;<=30 km;-5,25;5,56;5,48;<1,000 (very small rural);BAIX CAMP;Tarragona;Cataluña/Catalunya
18076;Fonelas;964,0;45,79;30-60 km;-8,87;-3,83;0,94;<1,000 (very small rural);GUADIX;Granada;Andalucía
25185;Ribera d'Urgellet;965,0;72,7;>60 km;-4,0;2,6;1,9;<1,000 (very small rural);ALT URGELL;Lleida;Cataluña/Catalunya
13040;Fernán Caballero;965,0;17,09;<=30 km;-10,15;-4,21;-1,43;<1,000 (very small rural);CAMPO DE CALATRAVA;Ciudad Real;Castilla-La Mancha
40152;Otero de Herreros;966,0;10,01;<=30 km;-3,37;-0,62;0,94;<1,000 (very small rural);SEGOVIA;Segovia;Castilla y León
18054;Cortes y Graena;966,0;34,11;30-60 km;-7,19;-0,3;-2,42;<1,000 (very small rural);GUADIX;Granada;Andalucía
34182;Torquemada;966,0;22,85;<=30 km;-8,0;0,21;-0,41;<1,000 (very small rural);EL CERRATO;Palencia;Castilla y León
17077;Garriguella;967,0;44,17;30-60 km;-1,39;8,21;6,38;<1,000 (very small rural);ALT EMPORDA;Girona;Cataluña/Catalunya
13010;Alhambra;969,0;79,49;>60 km;-8,69;-1,1;-2,02;<1,000 (very small rural);CAMPO DE MONTIEL;Ciudad Real;Castilla-La Mancha
39015;Camaleño;969,0;61,15;>60 km;-7,44;1,06;1,36;<1,000 (very small rural);LIEBANA;Cantabria;Cantabria
32003;A Arnoia;970,0;22,87;<=30 km;-6,55;-4,32;1,89;<1,000 (very small rural);ORENSE;Ourense;Galicia
02018;Bonete;970,0;51,1;30-60 km;-9,59;-2,46;-5,92;<1,000 (very small rural);ALMANSA;Albacete;Castilla-La Mancha
39058;Rasines;970,0;32,44;30-60 km;-5,66;2,0;-0,1;<1,000 (very small rural);ASON;Cantabria;Cantabria
16027;Barajas de Melo;973,0;45,5;30-60 km;-15,93;11,3;-3,18;<1,000 (very small rural);ALCARRIA;Cuenca;Castilla-La Mancha
04022;Bédar;976,0;45,67;30-60 km;-15,93;5,07;0,21;<1,000 (very small rural);BAJO ALMAZORA;Almería;Andalucía
05013;El Arenal;978,0;41,03;30-60 km;-6,04;-2,98;3,71;<1,000 (very small rural);VALLE DEL TIETAR;Ávila;Castilla y León
17030;Cabanes;978,0;37,65;30-60 km;-0,99;-0,32;3,93;<1,000 (very small rural);ALT EMPORDA;Girona;Cataluña/Catalunya
27017;Folgoso do Courel;978,0;51,78;30-60 km;-15,36;-2,85;-1,11;<1,000 (very small rural);SUR;Lugo;Galicia
43106;El Pinell de Brai;979,0;53,98;30-60 km;-10,68;0,0;-1,9;<1,000 (very small rural);TERRA ALTA;Tarragona;Cataluña/Catalunya
27034;Navia de Suarna;979,0;49,29;30-60 km;-17,99;-5,62;-5,96;<1,000 (very small rural);MONTAÑA;Lugo;Galicia
45141;Quero;979,0;64,32;>60 km;-22,47;-2,88;0,2;<1,000 (very small rural);LA MANCHA;Toledo;Castilla-La Mancha
45144;El Real de San Vicente;981,0;27,86;<=30 km;-13,4;1,16;2,62;<1,000 (very small rural);TALAVERA;Toledo;Castilla-La Mancha
08104;La Llacuna;982,0;29,34;<=30 km;-7,7;6,26;7,09;<1,000 (very small rural);ANOIA;Barcelona;Cataluña/Catalunya
24071;Folgoso de la Ribera;982,0;26,06;<=30 km;-8,12;-6,68;-5,03;<1,000 (very small rural);BIERZO;León;Castilla y León
17214;Vilabertran;984,0;35,38;30-60 km;1,88;1,89;1,55;<1,000 (very small rural);ALT EMPORDA;Girona;Cataluña/Catalunya
36016;Dozón;985,0;29,59;<=30 km;-32,4;-4,77;-6,81;<1,000 (very small rural);MONTAÑA;Pontevedra;Galicia
27038;Ourol;985,0;51,16;30-60 km;-11,81;-3,34;0,1;<1,000 (very small rural);COSTA;Lugo;Galicia
50119;Gelsa;986,0;52,16;30-60 km;-10,14;0,2;-1,1;<1,000 (very small rural);ZARAGOZA;Zaragoza;Aragón
24173;Turcia;986,0;25,72;<=30 km;-8,41;-0,2;-1,69;<1,000 (very small rural);ASTORGA;León;Castilla y León
40195;Sepúlveda;988,0;54,89;30-60 km;-10,09;-7,32;0,1;<1,000 (very small rural);SEPULVEDA;Segovia;Castilla y León
18107;Jayena;989,0;32,65;30-60 km;-5,25;-5,34;-5,36;<1,000 (very small rural);ALHAMA;Granada;Andalucía
28111;Pezuela de las Torres;989,0;18,9;<=30 km;-3,09;12,91;6,69;<1,000 (very small rural);CAMPIÑA;Madrid;Comunidad de Madrid
45116;Noez;990,0;19,62;<=30 km;-11,99;-0,23;12,63;<1,000 (very small rural);SAGRA-TOLEDO;Toledo;Castilla-La Mancha
18108;Jérez del Marquesado;990,0;35,38;30-60 km;-7,14;-2,35;3,77;<1,000 (very small rural);GUADIX;Granada;Andalucía
26160;Uruñuela;990,0;20,38;<=30 km;2,94;-1,32;1,54;<1,000 (very small rural);RIOJA ALTA;La Rioja;La Rioja
10183;Tornavacas;991,0;77,8;>60 km;-3,76;-6,82;-6,95;<1,000 (very small rural);PLASENCIA;Cáceres;Extremadura
45076;Hormigos;992,0;37,2;30-60 km;-17,35;18,53;23,08;<1,000 (very small rural);TORRIJOS;Toledo;Castilla-La Mancha
47129;Quintanilla de Onésimo;992,0;36,23;30-60 km;-7,21;1,18;-3,78;<1,000 (very small rural);SURESTE;Valladolid;Castilla y León
31012;Allo;993,0;37,42;30-60 km;-8,84;-5,9;7,35;<1,000 (very small rural);TIERRA ESTELLA;Navarra;Comunidad Foral de Navarra
25070;Castellserà;993,0;36,54;30-60 km;-9,68;-2,4;1,74;<1,000 (very small rural);URGELL;Lleida;Cataluña/Catalunya
10050;Casar de Palomero;993,0;90,17;>60 km;-22,8;-5,78;-6,23;<1,000 (very small rural);HERVAS;Cáceres;Extremadura
06021;Bodonal de la Sierra;993,0;83,12;>60 km;-6,77;-3,33;-2,36;<1,000 (very small rural);JEREZ DE LOS CABALLEROS;Badajoz;Extremadura
10173;Saucedilla;994,0;72,59;>60 km;3,75;1,28;14,38;<1,000 (very small rural);NAVALMORAL DE LA MATA;Cáceres;Extremadura
49122;Monfarracinos;995,0;9,87;<=30 km;8,16;-0,92;2,47;<1,000 (very small rural);CAMPOS-PAN;Zamora;Castilla y León
18109;Jete;995,0;17,08;<=30 km;0,23;8,36;1,02;<1,000 (very small rural);LA COSTA;Granada;Andalucía
17050;Cervià de Ter;997,0;10,97;<=30 km;3,13;2,64;2,47;<1,000 (very small rural);GIRONES;Girona;Cataluña/Catalunya
18189;Víznar;997,0;7,33;<=30 km;7,83;2,04;-0,3;<1,000 (very small rural);DE LA VEGA;Granada;Andalucía
39014;Cabuérniga;998,0;25,44;<=30 km;-7,06;-1,4;1,32;<1,000 (very small rural);TUDANCA-CABUERNIGA;Cantabria;Cantabria
31025;Arakil;999,0;20,63;<=30 km;-0,94;1,79;3,42;<1,000 (very small rural);NORD OCCIDENTAL;Navarra;Comunidad Foral de Navarra
28136;Santorcaz;999,0;12,65;<=30 km;3,51;8,82;8,0;<1,000 (very small rural);CAMPIÑA;Madrid;Comunidad de Madrid
17109;Montagut i Oix;1000,0;39,76;30-60 km;-6,51;5,78;5,15;1,000-5,000 (small rural);GARROTXA;Girona;Cataluña/Catalunya
14062;Torrecampo;1000,0;68,3;>60 km;-11,16;-4,05;-1,96;1,000-5,000 (small rural);PEDROCHES;Córdoba;Andalucía
16248;Villalpardo;1000,0;61,42;>60 km;-16,51;-2,26;0,7;1,000-5,000 (small rural);MANCHUELA;Cuenca;Castilla-La Mancha
37174;Macotera;1001,0;35,11;30-60 km;-14,57;-7,74;0,0;1,000-5,000 (small rural);PEÑARANDA DE BRACAMONTE;Salamanca;Castilla y León
13042;Fuencaliente;1001,0;66,11;>60 km;-7,55;-1,26;-1,67;1,000-5,000 (small rural);PASTOS;Ciudad Real;Castilla-La Mancha
13024;Brazatortas;1001,0;55,36;30-60 km;-8,68;0,2;-0,1;1,000-5,000 (small rural);PASTOS;Ciudad Real;Castilla-La Mancha
41100;Villanueva de San Juan;1002,0;54,17;30-60 km;-11,87;-6,84;-6,88;1,000-5,000 (small rural);LA SIERRA SUR;Sevilla;Andalucía
39063;Rionansa;1002,0;33,36;30-60 km;-6,03;0,39;-3,84;1,000-5,000 (small rural);TUDANCA-CABUERNIGA;Cantabria;Cantabria
44009;Albarracín;1002,0;47,19;30-60 km;-4,74;-2,56;1,21;1,000-5,000 (small rural);SERRANIA DE ALBARRACIN;Teruel;Aragón
50147;Luceni;1003,0;31,65;30-60 km;-10,75;4,44;1,62;1,000-5,000 (small rural);ZARAGOZA;Zaragoza;Aragón
25151;Olius;1003,0;38,95;30-60 km;7,01;0,1;4,26;1,000-5,000 (small rural);SOLSONES;Lleida;Cataluña/Catalunya
13004;Albaladejo;1003,0;86,95;>60 km;-18,85;-7,26;-8,74;1,000-5,000 (small rural);CAMPO DE MONTIEL;Ciudad Real;Castilla-La Mancha
25193;Sant Llorenç de Morunys;1003,0;49,89;30-60 km;-8,04;5,46;1,83;1,000-5,000 (small rural);SOLSONES;Lleida;Cataluña/Catalunya
46001;Ademuz;1004,0;66,91;>60 km;-16,95;-1,82;-2,24;1,000-5,000 (small rural);RINCON DE ADEMUZ;València/Valencia;Comunitat Valenciana
15025;Cerdido;1004,0;27,41;<=30 km;-11,9;-4,53;-6,6;1,000-5,000 (small rural);SEPTENTRIONAL;A Coruña;Galicia
06132;Torremayor;1004,0;13,9;<=30 km;-4,31;1,23;1,93;1,000-5,000 (small rural);MERIDA;Badajoz;Extremadura
47030;Campaspero;1004,0;49,86;30-60 km;-16,24;-4,99;-4,11;1,000-5,000 (small rural);SURESTE;Valladolid;Castilla y León
46125;Fortaleny;1005,0;23,16;<=30 km;-0,58;-1,84;-0,59;1,000-5,000 (small rural);RIBERAS DEL JUCAR;València/Valencia;Comunitat Valenciana
18908;Villamena;1005,0;23,3;<=30 km;-8,08;1,37;4,36;1,000-5,000 (small rural);VALLE DE LECRIN;Granada;Andalucía
32048;A Mezquita;1006,0;66,91;>60 km;-22,14;-3,18;0,0;1,000-5,000 (small rural);EL BARCO DE VALDEORRAS;Ourense;Galicia
48009;Arrankudiaga-Zollo;1007,0;8,38;<=30 km;2,89;1,96;1,82;1,000-5,000 (small rural);ARRATIA-NERVION;Bizkaia;País Vasco/Euskadi
10045;Cañaveral;1008,0;47,82;30-60 km;-16,11;0,49;-1,56;1,000-5,000 (small rural);CACERES;Cáceres;Extremadura
37140;Fuentes de Oñoro;1009,0;103,13;>60 km;-14,93;-5,81;-9,83;1,000-5,000 (small rural);CIUDAD RODRIGO;Salamanca;Castilla y León
18024;Beas de Granada;1009,0;12,6;<=30 km;-2,25;-0,51;2,96;1,000-5,000 (small rural);DE LA VEGA;Granada;Andalucía
06145;Valverde de Mérida;1010,0;17,58;<=30 km;-7,29;-2,26;-2,51;1,000-5,000 (small rural);MERIDA;Badajoz;Extremadura
50189;Nonaspe;1012,0;54,48;30-60 km;-8,54;3,74;1,4;1,000-5,000 (small rural);CASPE;Zaragoza;Aragón
08027;Les Cabanyes;1012,0;15,02;<=30 km;2,16;4,15;0,7;1,000-5,000 (small rural);ALT PENEDÉS;Barcelona;Cataluña/Catalunya
25121;Les;1013,0;120,75;>60 km;-4,98;1,26;4,87;1,000-5,000 (small rural);VAL D'ARAN;Lleida;Cataluña/Catalunya
47158;La Seca;1013,0;27,35;<=30 km;-2,94;-2,56;-4,97;1,000-5,000 (small rural);SUR;Valladolid;Castilla y León
14071;Villanueva del Rey;1014,0;53,86;30-60 km;-8,62;-6,65;1,71;1,000-5,000 (small rural);LA SIERRA;Córdoba;Andalucía
26142;San Vicente de la Sonsierra;1014,0;26,92;<=30 km;-10,42;0,0;-0,1;1,000-5,000 (small rural);RIOJA ALTA;La Rioja;La Rioja
24154;Santa Elena de Jamuz;1015,0;47,25;30-60 km;-9,62;-5,77;-1,36;1,000-5,000 (small rural);LA BAÑEZA;León;Castilla y León
47082;Matapozuelos;1015,0;27,89;<=30 km;0,19;-0,57;-2,31;1,000-5,000 (small rural);SUR;Valladolid;Castilla y León
40208;Turégano;1017,0;29,36;<=30 km;-8,72;1,94;1,9;1,000-5,000 (small rural);CUELLAR;Segovia;Castilla y León
07901;Ariany;1018,0;37,59;30-60 km;-3,28;4,3;13,49;1,000-5,000 (small rural);MALLORCA;Illes Balears;Illes Balears
43048;Corbera d'Ebre;1019,0;54,45;30-60 km;-10,08;-4,11;3,87;1,000-5,000 (small rural);TERRA ALTA;Tarragona;Cataluña/Catalunya
39100;Villafufre;1020,0;15,05;<=30 km;-9,79;-1,65;0,79;1,000-5,000 (small rural);PAS-IGUÑA;Cantabria;Cantabria
44209;Santa Eulalia;1020,0;69,47;>60 km;-9,94;2,8;-4,32;1,000-5,000 (small rural);CUENCA DEL JILOCA;Teruel;Aragón
24137;Sabero;1021,0;43,5;30-60 km;-15,85;-4,57;-7,85;1,000-5,000 (small rural);LA MONTAÑA DE RIAÑO;León;Castilla y León
18028;Benalúa de las Villas;1021,0;29,41;<=30 km;-21,58;-0,09;-4,04;1,000-5,000 (small rural);IZNALLOZ;Granada;Andalucía
03100;Parcent;1021,0;21,02;<=30 km;-14,07;8,26;3,87;1,000-5,000 (small rural);MARQUESADO;Alacant/Alicante;Comunitat Valenciana
49178;Roales;1022,0;3,97;<=30 km;9,08;6,93;3,55;1,000-5,000 (small rural);CAMPOS-PAN;Zamora;Castilla y León
31106;Fontellas;1022,0;64,58;>60 km;3,22;1,63;2,3;1,000-5,000 (small rural);RIBERA BAJA;Navarra;Comunidad Foral de Navarra
50223;Remolinos;1023,0;27,67;<=30 km;-8,03;-2,68;-2,76;1,000-5,000 (small rural);ZARAGOZA;Zaragoza;Aragón
43049;Cornudella de Montsant;1023,0;21,6;<=30 km;-7,12;0,1;6,01;1,000-5,000 (small rural);PRIORAT;Tarragona;Cataluña/Catalunya
49085;Galende;1024,0;42,21;30-60 km;-22,83;-9,26;6,67;1,000-5,000 (small rural);SANABRIA;Zamora;Castilla y León
32027;Cortegada;1024,0;26,7;<=30 km;-15,16;-3,98;-3,49;1,000-5,000 (small rural);ORENSE;Ourense;Galicia
42078;Duruelo de la Sierra;1026,0;67,26;>60 km;-14,02;-4,05;-3,75;1,000-5,000 (small rural);PINARES;Soria;Castilla y León
49023;Bermillo de Sayago;1026,0;28,33;<=30 km;-12,57;-2,8;1,79;1,000-5,000 (small rural);SAYAGO;Zamora;Castilla y León
40179;Sanchonuño;1027,0;47,92;30-60 km;-1,82;5,38;4,8;1,000-5,000 (small rural);CUELLAR;Segovia;Castilla y León
49200;Santa Cristina de la Polvorosa;1027,0;52,9;30-60 km;-6,93;-0,47;-4,02;1,000-5,000 (small rural);BENAVENTE Y LOS VALLES;Zamora;Castilla y León
46188;Palmera;1028,0;7,21;<=30 km;3,54;-2,2;0,39;1,000-5,000 (small rural);GANDIA;València/Valencia;Comunitat Valenciana
35005;Artenara;1029,0;22,71;<=30 km;-13,08;-4,04;-1,63;1,000-5,000 (small rural);GRAN CANARIA;Las Palmas;Canarias
34098;Magaz de Pisuerga;1031,0;9,8;<=30 km;-6,75;3,12;0,68;1,000-5,000 (small rural);EL CERRATO;Palencia;Castilla y León
08206;Sant Cugat Sesgarrigues;1031,0;13,84;<=30 km;-1,21;1,52;2,69;1,000-5,000 (small rural);ALT PENEDÉS;Barcelona;Cataluña/Catalunya
10060;Castañar de Ibor;1032,0;58,91;30-60 km;-9,3;-3,04;1,08;1,000-5,000 (small rural);NAVALMORAL DE LA MATA;Cáceres;Extremadura
33030;Illas;1034,0;7,86;<=30 km;-0,29;2,25;-1,05;1,000-5,000 (small rural);GIJON;Asturias;Principado de Asturias
23084;Sorihuela del Guadalimar;1034,0;62,29;>60 km;-13,27;-4,36;-3,81;1,000-5,000 (small rural);LA LOMA;Jaén;Andalucía
13018;Arenas de San Juan;1035,0;48,09;30-60 km;-2,41;-0,96;0,19;1,000-5,000 (small rural);MANCHA;Ciudad Real;Castilla-La Mancha
46130;Gavarda;1036,0;32,22;30-60 km;-6,12;-2,17;0,1;1,000-5,000 (small rural);RIBERAS DEL JUCAR;València/Valencia;Comunitat Valenciana
49053;Coreses;1037,0;15,76;<=30 km;-7,09;0,19;-2,08;1,000-5,000 (small rural);CAMPOS-PAN;Zamora;Castilla y León
18148;Otívar;1038,0;25,43;<=30 km;-12,57;-1,65;2,57;1,000-5,000 (small rural);LA COSTA;Granada;Andalucía
34017;Astudillo;1039,0;28,44;<=30 km;-8,5;1,69;1,76;1,000-5,000 (small rural);CAMPOS;Palencia;Castilla y León
32074;San Amaro;1039,0;14,43;<=30 km;-11,89;-3,94;-0,86;1,000-5,000 (small rural);ORENSE;Ourense;Galicia
46101;Quart de les Valls;1040,0;6,13;<=30 km;-2,16;5,85;-0,95;1,000-5,000 (small rural);SAGUNTO;València/Valencia;Comunitat Valenciana
14063;Valenzuela;1041,0;41,48;30-60 km;-11,07;-5,1;-5,19;1,000-5,000 (small rural);CAMPIÑA ALTA;Córdoba;Andalucía
12074;la Llosa;1042,0;10,75;<=30 km;2,31;4,57;6,0;1,000-5,000 (small rural);LA PLANA;Castelló/Castellón;Comunitat Valenciana
46236;Sumacàrcer;1042,0;37,9;30-60 km;-9,08;-3,34;-2,8;1,000-5,000 (small rural);RIBERAS DEL JUCAR;València/Valencia;Comunitat Valenciana
12105;Sierra Engarcerán;1043,0;29,6;<=30 km;-3,98;-3,03;5,14;1,000-5,000 (small rural);LLANOS CENTRALES;Castelló/Castellón;Comunitat Valenciana
50006;Ainzón;1043,0;51,18;30-60 km;-12,05;-1,66;-2,25;1,000-5,000 (small rural);BORJA;Zaragoza;Aragón
40141;Navalmanzano;1044,0;35,47;30-60 km;-8,62;-1,32;-0,38;1,000-5,000 (small rural);CUELLAR;Segovia;Castilla y León
19230;Quer;1045,0;9,58;<=30 km;14,37;18,38;13,46;1,000-5,000 (small rural);CAMPIÑA;Guadalajara;Castilla-La Mancha
37010;La Alberca;1045,0;65,83;>60 km;-6,62;-3,79;-1,88;1,000-5,000 (small rural);LA SIERRA;Salamanca;Castilla y León
24088;Laguna de Negrillos;1046,0;39,88;30-60 km;-6,82;-0,84;-1,04;1,000-5,000 (small rural);EL PARAMO;León;Castilla y León
29003;Alfarnate;1046,0;26,36;<=30 km;-15,87;-4,34;-1,04;1,000-5,000 (small rural);NORTE O ANTEQUERA;Málaga;Andalucía
25115;Isona i Conca Dellà;1046,0;66,88;>60 km;-6,64;3,11;-1,32;1,000-5,000 (small rural);PALLARS JUSSA;Lleida;Cataluña/Catalunya
10186;Torrecillas de la Tiesa;1047,0;63,71;>60 km;-9,37;0,37;-2,6;1,000-5,000 (small rural);TRUJILLO;Cáceres;Extremadura
01008;Arratzua-Ubarrundia;1047,0;10,17;<=30 km;2,63;3,56;2,95;1,000-5,000 (small rural);LLANADA ALAVESA;Araba/Álava;País Vasco/Euskadi
06049;Feria;1047,0;49,1;30-60 km;-9,89;-6,35;-2,79;1,000-5,000 (small rural);ALMENDRALEJO;Badajoz;Extremadura
50102;Fabara;1047,0;59,87;30-60 km;-7,21;-4,86;-4,47;1,000-5,000 (small rural);CASPE;Zaragoza;Aragón
47197;Villabrágima;1048,0;33,27;30-60 km;-6,05;1,06;0,38;1,000-5,000 (small rural);TIERRA DE CAMPOS;Valladolid;Castilla y León
45018;Barcience;1049,0;22,48;<=30 km;20,12;9,81;11,6;1,000-5,000 (small rural);TORRIJOS;Toledo;Castilla-La Mancha
13901;El Robledo;1049,0;39,1;30-60 km;-15,0;-4,77;-0,85;1,000-5,000 (small rural);MONTES NORTE;Ciudad Real;Castilla-La Mancha
24083;Igüeña;1049,0;36,1;30-60 km;-14,08;-2,89;-5,41;1,000-5,000 (small rural);BIERZO;León;Castilla y León
06137;Valdecaballeros;1051,0;81,47;>60 km;-8,83;1,3;-3,4;1,000-5,000 (small rural);HERRERA DUQUE;Badajoz;Extremadura
28158;Valdemanco;1052,0;23,08;<=30 km;-5,76;9,17;3,95;1,000-5,000 (small rural);LOZOYA SOMOSIERRA;Madrid;Comunidad de Madrid
12026;Benassal;1052,0;44,52;30-60 km;-12,5;-2,68;-0,28;1,000-5,000 (small rural);LLANOS CENTRALES;Castelló/Castellón;Comunitat Valenciana
31036;Arróniz;1054,0;30,31;30-60 km;-7,12;0,19;0,48;1,000-5,000 (small rural);TIERRA ESTELLA;Navarra;Comunidad Foral de Navarra
17016;Bàscara;1057,0;18,68;<=30 km;0,41;1,5;4,14;1,000-5,000 (small rural);ALT EMPORDA;Girona;Cataluña/Catalunya
46154;Llanera de Ranes;1057,0;32,73;30-60 km;-10,09;0,67;0,09;1,000-5,000 (small rural);LA COSTERA DE JATIVA;València/Valencia;Comunitat Valenciana
18137;Montillana;1057,0;33,7;30-60 km;-14,03;-2,59;-6,21;1,000-5,000 (small rural);IZNALLOZ;Granada;Andalucía
24026;Bustillo del Páramo;1057,0;24,83;<=30 km;-14,71;-6,0;-5,03;1,000-5,000 (small rural);EL PARAMO;León;Castilla y León
18159;Píñar;1060,0;31,82;30-60 km;-12,32;-1,61;-3,81;1,000-5,000 (small rural);IZNALLOZ;Granada;Andalucía
49003;Alcañices;1061,0;50,89;30-60 km;-7,48;-2,98;1,82;1,000-5,000 (small rural);ALISTE;Zamora;Castilla y León
17140;El Port de la Selva;1061,0;49,31;30-60 km;-1,68;3,06;5,05;1,000-5,000 (small rural);ALT EMPORDA;Girona;Cataluña/Catalunya
26042;Casalarreina;1062,0;38,08;30-60 km;-17,15;-4,8;-2,57;1,000-5,000 (small rural);RIOJA ALTA;La Rioja;La Rioja
02044;Liétor;1063,0;45,79;30-60 km;-12,74;-6,42;-5,34;1,000-5,000 (small rural);HELLIN;Albacete;Castilla-La Mancha
33077;Villayón;1064,0;65,75;>60 km;-15,79;-7,77;-7,56;1,000-5,000 (small rural);LUARCA;Asturias;Principado de Asturias
33068;Somiedo;1065,0;41,46;30-60 km;-18,95;-1,87;-3,53;1,000-5,000 (small rural);BELMONTE DE MIRANDA;Asturias;Principado de Asturias
26124;Ribafrecha;1065,0;13,33;<=30 km;-2,3;4,99;5,55;1,000-5,000 (small rural);RIOJA MEDIA;La Rioja;La Rioja
25251;Vilanova de Segrià;1065,0;9,52;<=30 km;8,39;5,82;6,5;1,000-5,000 (small rural);SEGRIA;Lleida;Cataluña/Catalunya
22039;Ayerbe;1066,0;26,2;<=30 km;-4,8;-1,25;3,7;1,000-5,000 (small rural);HOYA DE HUESCA;Huesca;Aragón
14901;Fuente Carreteros;1067,0;43,4;30-60 km;;;-5,83;1,000-5,000 (small rural);LAS COLONIAS;Córdoba;Andalucía
15081;As Somozas;1068,0;28,4;<=30 km;-13,63;-2,45;-0,74;1,000-5,000 (small rural);INTERIOR;A Coruña;Galicia
32078;Sarreaus;1069,0;36,02;30-60 km;-17,9;-6,31;-4,04;1,000-5,000 (small rural);VERIN;Ourense;Galicia
45189;Villamiel de Toledo;1069,0;15,84;<=30 km;-5,91;14,99;7,22;1,000-5,000 (small rural);TORRIJOS;Toledo;Castilla-La Mancha
18144;Nívar;1069,0;9,43;<=30 km;5,2;9,84;-2,29;1,000-5,000 (small rural);DE LA VEGA;Granada;Andalucía
10047;Carcaboso;1069,0;77,93;>60 km;-4,66;-2,7;-1,02;1,000-5,000 (small rural);PLASENCIA;Cáceres;Extremadura
15083;Toques;1070,0;32,02;30-60 km;-12,66;-4,34;-2,82;1,000-5,000 (small rural);INTERIOR;A Coruña;Galicia
09274;Pradoluengo;1070,0;39,82;30-60 km;-14,92;-4,19;-4,46;1,000-5,000 (small rural);DEMANDA;Burgos;Castilla y León
17011;L'Armentera;1070,0;28,92;<=30 km;9,97;6,51;7,21;1,000-5,000 (small rural);ALT EMPORDA;Girona;Cataluña/Catalunya
13074;San Carlos del Valle;1071,0;64,85;>60 km;-5,38;-3,63;-1,47;1,000-5,000 (small rural);MANCHA;Ciudad Real;Castilla-La Mancha
13090;Villamanrique;1072,0;68,21;>60 km;-10,83;-5,59;-3,77;1,000-5,000 (small rural);CAMPO DE MONTIEL;Ciudad Real;Castilla-La Mancha
01055;Valdegovía/Gaubea;1072,0;36,01;30-60 km;-9,29;5,85;2,19;1,000-5,000 (small rural);MERINDADES;Araba/Álava;País Vasco/Euskadi
39066;Ruente;1072,0;19,43;<=30 km;-2,0;0,78;3,68;1,000-5,000 (small rural);TUDANCA-CABUERNIGA;Cantabria;Cantabria
48061;Maruri-Jatabe;1073,0;12,27;<=30 km;5,57;1,02;8,17;1,000-5,000 (small rural);MUNGUIA;Bizkaia;País Vasco/Euskadi
14072;Villaralto;1075,0;71,37;>60 km;-10,13;-4,51;-2,45;1,000-5,000 (small rural);PEDROCHES;Córdoba;Andalucía
25156;Os de Balaguer;1075,0;31,02;30-60 km;2,63;-0,89;7,5;1,000-5,000 (small rural);NOGUERA;Lleida;Cataluña/Catalunya
24212;Villamañán;1076,0;27,72;<=30 km;-6,79;-6,23;-0,65;1,000-5,000 (small rural);ESLA-CAMPOS;León;Castilla y León
32025;Cenlle;1076,0;15,51;<=30 km;-13,34;-4,04;-1,65;1,000-5,000 (small rural);ORENSE;Ourense;Galicia
39083;Soba;1076,0;37,64;30-60 km;-9,59;-3,35;-6,68;1,000-5,000 (small rural);ASON;Cantabria;Cantabria
08258;Santa Maria d'Oló;1077,0;24,88;<=30 km;-3,38;4,0;1,13;1,000-5,000 (small rural);BAGES;Barcelona;Cataluña/Catalunya
32030;Entrimo;1079,0;49,86;30-60 km;-15,31;-3,26;-4,34;1,000-5,000 (small rural);VERIN;Ourense;Galicia
48025;Zeberio;1081,0;13,25;<=30 km;1,03;2,74;-0,64;1,000-5,000 (small rural);ARRATIA-NERVION;Bizkaia;País Vasco/Euskadi
50034;Ariza;1082,0;101,37;>60 km;-11,9;-6,23;1,31;1,000-5,000 (small rural);CALATAYUD;Zaragoza;Aragón
17138;Portbou;1082,0;55,26;30-60 km;-14,19;1,67;-1,19;1,000-5,000 (small rural);ALT EMPORDA;Girona;Cataluña/Catalunya
50175;Morata de Jalón;1082,0;51,71;30-60 km;-12,79;-1,82;0,46;1,000-5,000 (small rural);LA ALMUNIA DE DOÑA GODINA;Zaragoza;Aragón
45015;Arcicóllar;1082,0;21,71;<=30 km;-3,82;16,28;12,24;1,000-5,000 (small rural);TORRIJOS;Toledo;Castilla-La Mancha
27061;Trabada;1083,0;58,05;30-60 km;-14,73;-0,62;-2,78;1,000-5,000 (small rural);COSTA;Lugo;Galicia
31173;Monteagudo;1085,0;72,01;>60 km;-6,18;1,56;-1,81;1,000-5,000 (small rural);RIBERA BAJA;Navarra;Comunidad Foral de Navarra
01017;Campezo/Kanpezu;1085,0;25,9;<=30 km;-6,68;3,94;0,37;1,000-5,000 (small rural);MONTAÑA ALAVESA;Araba/Álava;País Vasco/Euskadi
16061;Casas de Fernando Alonso;1088,0;57,62;30-60 km;-17,93;-5,21;-5,14;1,000-5,000 (small rural);MANCHA BAJA;Cuenca;Castilla-La Mancha
50137;Leciñena;1090,0;31,24;30-60 km;-10,46;-2,58;-3,71;1,000-5,000 (small rural);ZARAGOZA;Zaragoza;Aragón
50240;Sástago;1091,0;66,77;>60 km;-9,2;-4,1;-2,76;1,000-5,000 (small rural);CASPE;Zaragoza;Aragón
32014;A Bola;1091,0;22,88;<=30 km;-12,88;-10,34;1,49;1,000-5,000 (small rural);ORENSE;Ourense;Galicia
06146;Valle de la Serena;1093,0;58,41;30-60 km;-11,02;-5,23;-5,78;1,000-5,000 (small rural);CASTUERA;Badajoz;Extremadura
50153;Magallón;1093,0;41,6;30-60 km;-5,81;0,0;-3,53;1,000-5,000 (small rural);BORJA;Zaragoza;Aragón
28157;Valdelaguna;1094,0;14,33;<=30 km;-1,37;13,62;6,63;1,000-5,000 (small rural);VEGAS;Madrid;Comunidad de Madrid
18903;Nevada;1096,0;39,57;30-60 km;-6,52;3,43;-1,79;1,000-5,000 (small rural);LAS ALPUJARRAS;Granada;Andalucía
03028;Beniarrés;1096,0;20,77;<=30 km;-12,2;-3,13;1,2;1,000-5,000 (small rural);MONTAÑA;Alacant/Alicante;Comunitat Valenciana
33009;Cabranes;1097,0;21,41;<=30 km;-1,95;7,34;-1,26;1,000-5,000 (small rural);GIJON;Asturias;Principado de Asturias
25912;Gimenells i el Pla de la Font;1097,0;17,06;<=30 km;-6,11;0,9;-1,88;1,000-5,000 (small rural);SEGRIA;Lleida;Cataluña/Catalunya
16236;Valverde de Júcar;1097,0;58,17;30-60 km;-12,31;3,45;-0,99;1,000-5,000 (small rural);MANCHA ALTA;Cuenca;Castilla-La Mancha
33028;Ibias;1098,0;59,96;30-60 km;-18,0;-9,15;-7,11;1,000-5,000 (small rural);CANGAS DE NARCEA;Asturias;Principado de Asturias
26129;San Asensio;1099,0;23,64;<=30 km;-8,72;-1,16;-1,08;1,000-5,000 (small rural);RIOJA ALTA;La Rioja;La Rioja
08131;Montesquiu;1099,0;53,85;30-60 km;6,55;8,26;4,87;1,000-5,000 (small rural);OSONA;Barcelona;Cataluña/Catalunya
10198;Valdefuentes;1100,0;28,93;<=30 km;-8,89;-6,75;-4,1;1,000-5,000 (small rural);CACERES;Cáceres;Extremadura
32031;Esgos;1102,0;16,06;<=30 km;-3,35;-2,2;-0,63;1,000-5,000 (small rural);ORENSE;Ourense;Galicia
22066;Boltaña;1102,0;47,87;30-60 km;-10,81;8,01;3,47;1,000-5,000 (small rural);SOBRARBE;Huesca;Aragón
47139;Rueda;1103,0;33,43;30-60 km;-8,52;-6,3;-8,39;1,000-5,000 (small rural);SUR;Valladolid;Castilla y León
46198;Potries;1104,0;8,02;<=30 km;-1,27;5,03;3,66;1,000-5,000 (small rural);GANDIA;València/Valencia;Comunitat Valenciana
46030;Algímia d'Alfara;1104,0;11,58;<=30 km;0,19;5,89;2,32;1,000-5,000 (small rural);SAGUNTO;València/Valencia;Comunitat Valenciana
40024;Ayllón;1105,0;81,97;>60 km;-12,36;-4,16;-4,16;1,000-5,000 (small rural);SEPULVEDA;Segovia;Castilla y León
40207;Trescasas;1105,0;15,36;<=30 km;14,49;1,9;3,08;1,000-5,000 (small rural);SEGOVIA;Segovia;Castilla y León
13032;Carrizosa;1106,0;87,0;>60 km;-13,43;-4,08;-5,87;1,000-5,000 (small rural);CAMPO DE MONTIEL;Ciudad Real;Castilla-La Mancha
25254;Vilanova de la Barca;1107,0;13,96;<=30 km;-11,9;8,47;-1,77;1,000-5,000 (small rural);SEGRIA;Lleida;Cataluña/Catalunya
06102;Puebla de Alcocer;1107,0;102,45;>60 km;-3,26;-1,18;-5,71;1,000-5,000 (small rural);PUEBLA ALCOCER;Badajoz;Extremadura
06148;Valle de Santa Ana;1107,0;56,27;30-60 km;-1,96;-2,0;-1,95;1,000-5,000 (small rural);JEREZ DE LOS CABALLEROS;Badajoz;Extremadura
18154;La Peza;1107,0;26,89;<=30 km;-6,83;-0,59;-5,38;1,000-5,000 (small rural);GUADIX;Granada;Andalucía
30006;Aledo;1108,0;15,86;<=30 km;-9,48;5,97;2,31;1,000-5,000 (small rural);SUROESTE Y VALLE GUADALENTIN;Murcia;Región de Murcia
31027;Arbizu;1108,0;34,29;30-60 km;3,42;-0,98;-0,45;1,000-5,000 (small rural);NORD OCCIDENTAL;Navarra;Comunidad Foral de Navarra
38002;Agulo;1108,0;49,31;30-60 km;-11,31;3,0;0,82;1,000-5,000 (small rural);ISLA DE LA GOMERA;Santa Cruz de Tenerife;Canarias
08166;La Pobla de Lillet;1109,0;57,96;30-60 km;-15,29;-3,45;4,33;1,000-5,000 (small rural);BERGUEDA;Barcelona;Cataluña/Catalunya
32046;Melón;1109,0;28,71;<=30 km;-14,98;-7,5;-2,29;1,000-5,000 (small rural);ORENSE;Ourense;Galicia
47159;Serrada;1109,0;22,93;<=30 km;-5,29;-2,11;-0,18;1,000-5,000 (small rural);SUR;Valladolid;Castilla y León
22017;Alcolea de Cinca;1109,0;43,33;30-60 km;-2,9;3,45;-7,58;1,000-5,000 (small rural);BAJO CINCA;Huesca;Aragón
20022;Berastegi;1111,0;18,33;<=30 km;1,79;1,67;1,09;1,000-5,000 (small rural);TOLOSA;Gipuzkoa;País Vasco/Euskadi
32077;Sandiás;1113,0;29,05;<=30 km;-9,35;-2,64;-5,76;1,000-5,000 (small rural);VERIN;Ourense;Galicia
46040;Antella;1114,0;35,67;30-60 km;-17,25;-6,78;-1,15;1,000-5,000 (small rural);RIBERAS DEL JUCAR;València/Valencia;Comunitat Valenciana
08034;Calders;1114,0;13,34;<=30 km;0,73;12,37;4,8;1,000-5,000 (small rural);BAGES;Barcelona;Cataluña/Catalunya
39084;Solórzano;1115,0;22,54;<=30 km;-1,52;-0,19;6,39;1,000-5,000 (small rural);COSTERA;Cantabria;Cantabria
12029;Benlloc;1115,0;24,91;<=30 km;-12,47;3,76;3,72;1,000-5,000 (small rural);LLANOS CENTRALES;Castelló/Castellón;Comunitat Valenciana
18082;Galera;1116,0;71,36;>60 km;-10,68;1,56;0,81;1,000-5,000 (small rural);HUESCAR;Granada;Andalucía
25043;La Vall de Boí;1116,0;103,03;>60 km;-5,67;3,72;5,28;1,000-5,000 (small rural);ALTA RIBAGORÇA;Lleida;Cataluña/Catalunya
10218;Zarza la Mayor;1117,0;68,43;>60 km;-8,33;-5,25;-6,29;1,000-5,000 (small rural);BROZAS;Cáceres;Extremadura
16153;El Pedernoso;1117,0;94,31;>60 km;-11,84;0,44;-1,33;1,000-5,000 (small rural);MANCHA BAJA;Cuenca;Castilla-La Mancha
48092;Bedia;1117,0;11,52;<=30 km;7,11;3,36;3,81;1,000-5,000 (small rural);DURANGUESADO;Bizkaia;País Vasco/Euskadi
02007;Alcalá del Júcar;1117,0;49,38;30-60 km;-10,96;-3,84;-3,12;1,000-5,000 (small rural);MANCHUELA;Albacete;Castilla-La Mancha
21016;Cala;1117,0;71,21;>60 km;-7,68;-2,2;-3,54;1,000-5,000 (small rural);SIERRA;Huelva;Andalucía
45182;Las Ventas con Peña Aguilera;1118,0;38,27;30-60 km;-14,88;-3,82;3,14;1,000-5,000 (small rural);MONTES DE NAVAHERMOSA;Toledo;Castilla-La Mancha
32061;Piñor;1119,0;21,63;<=30 km;-13,95;1,93;-3,7;1,000-5,000 (small rural);ORENSE;Ourense;Galicia
27004;Baleira;1120,0;28,94;<=30 km;-14,17;-6,15;-5,88;1,000-5,000 (small rural);MONTAÑA;Lugo;Galicia
37014;Aldeadávila de la Ribera;1120,0;77,25;>60 km;-8,18;-4,68;-5,17;1,000-5,000 (small rural);VITIGUDINO;Salamanca;Castilla y León
10041;Caminomorisco;1120,0;80,64;>60 km;-1,96;-2,03;-3,53;1,000-5,000 (small rural);HERVAS;Cáceres;Extremadura
46097;Cofrentes;1123,0;51,43;30-60 km;9,85;-0,27;0,09;1,000-5,000 (small rural);VALLE DE AYORA;València/Valencia;Comunitat Valenciana
46227;Senyera;1124,0;26,73;<=30 km;-3,28;-0,96;-0,71;1,000-5,000 (small rural);RIBERAS DEL JUCAR;València/Valencia;Comunitat Valenciana
18906;Los Guájares;1125,0;15,92;<=30 km;-13,15;4,47;4,75;1,000-5,000 (small rural);LA COSTA;Granada;Andalucía
40216;Valverde del Majano;1126,0;6,77;<=30 km;0,76;1,46;1,26;1,000-5,000 (small rural);CUELLAR;Segovia;Castilla y León
50247;Sobradiel;1127,0;10,93;<=30 km;9,7;5,6;-2,0;1,000-5,000 (small rural);ZARAGOZA;Zaragoza;Aragón
21068;Santa Bárbara de Casa;1128,0;63,06;>60 km;-7,22;0,09;6,92;1,000-5,000 (small rural);ANDEVALO OCCIDENTAL;Huelva;Andalucía
02078;Villalgordo del Júcar;1128,0;42,48;30-60 km;-11,9;-3,05;4,35;1,000-5,000 (small rural);MANCHA;Albacete;Castilla-La Mancha
13035;Corral de Calatrava;1128,0;17,02;<=30 km;-1,62;-2,39;2,36;1,000-5,000 (small rural);CAMPO DE CALATRAVA;Ciudad Real;Castilla-La Mancha
43125;Riba-roja d'Ebre;1128,0;42,63;30-60 km;-15,52;0,45;0,98;1,000-5,000 (small rural);RIBERA D'EBRE;Tarragona;Cataluña/Catalunya
34199;Velilla del Río Carrión;1129,0;73,57;>60 km;-12,04;-8,62;-4,89;1,000-5,000 (small rural);GUARDO;Palencia;Castilla y León
20033;Elgeta;1130,0;37,05;30-60 km;2,26;0,53;-0,96;1,000-5,000 (small rural);ALTO DEBA;Gipuzkoa;País Vasco/Euskadi
28153;Torremocha de Jarama;1132,0;28,03;<=30 km;9,41;10,67;4,91;1,000-5,000 (small rural);LOZOYA SOMOSIERRA;Madrid;Comunidad de Madrid
50132;La Joyosa;1132,0;14,4;<=30 km;12,43;5,6;0,0;1,000-5,000 (small rural);ZARAGOZA;Zaragoza;Aragón
04046;Fondón;1133,0;26,01;<=30 km;2,66;5,85;9,79;1,000-5,000 (small rural);ALTO ANDARAX;Almería;Andalucía
16191;San Lorenzo de la Parrilla;1134,0;51,99;30-60 km;-16,77;1,15;7,79;1,000-5,000 (small rural);MANCHA ALTA;Cuenca;Castilla-La Mancha
46174;Montesa;1134,0;30,73;30-60 km;-10,08;-2,63;-1,31;1,000-5,000 (small rural);LA COSTERA DE JATIVA;València/Valencia;Comunitat Valenciana
04030;Canjáyar;1134,0;26,13;<=30 km;-15,71;-2,0;-3,74;1,000-5,000 (small rural);ALTO ANDARAX;Almería;Andalucía
06138;Valdetorres;1135,0;31,11;30-60 km;-5,86;-0,76;-2,99;1,000-5,000 (small rural);DON BENITO;Badajoz;Extremadura
13068;Puebla de Don Rodrigo;1137,0;61,42;>60 km;-3,35;-4,92;-0,35;1,000-5,000 (small rural);MONTES NORTE;Ciudad Real;Castilla-La Mancha
22053;Benabarre;1137,0;51,05;30-60 km;-5,93;4,97;-2,15;1,000-5,000 (small rural);RIBARGORZA;Huesca;Aragón
31066;Cárcar;1140,0;39,26;30-60 km;-10,59;7,8;1,79;1,000-5,000 (small rural);RIBERA ALTA ARAGON;Navarra;Comunidad Foral de Navarra
25059;Bossòst;1141,0;117,06;>60 km;-4,11;0,9;1,88;1,000-5,000 (small rural);VAL D'ARAN;Lleida;Cataluña/Catalunya
22137;Lanaja;1141,0;43,2;30-60 km;-14,63;-0,58;-4,52;1,000-5,000 (small rural);MONEGROS;Huesca;Aragón
22007;Albalate de Cinca;1142,0;36,7;30-60 km;-11,04;2,09;1,51;1,000-5,000 (small rural);BAJO CINCA;Huesca;Aragón
02039;Higueruela;1142,0;40,12;30-60 km;-8,42;-3,38;-0,17;1,000-5,000 (small rural);CENTRO;Albacete;Castilla-La Mancha
46192;Petrés;1142,0;2,92;<=30 km;-5,47;4,44;12,85;1,000-5,000 (small rural);SAGUNTO;València/Valencia;Comunitat Valenciana
21057;Paymogo;1143,0;62,87;>60 km;-8,64;-1,54;-0,52;1,000-5,000 (small rural);ANDEVALO OCCIDENTAL;Huelva;Andalucía
37278;San Cristóbal de la Cuesta;1143,0;9,43;<=30 km;0,92;1,38;11,08;1,000-5,000 (small rural);SALAMANCA;Salamanca;Castilla y León
46904;Benicull de Xúquer;1144,0;26,27;<=30 km;-1,02;12,42;4,47;1,000-5,000 (small rural);RIBERAS DEL JUCAR;València/Valencia;Comunitat Valenciana
17067;Flaçà;1145,0;12,54;<=30 km;-0,85;6,11;-0,17;1,000-5,000 (small rural);GIRONES;Girona;Cataluña/Catalunya
19006;Albalate de Zorita;1146,0;47,97;30-60 km;-17,33;17,65;6,11;1,000-5,000 (small rural);CAMPIÑA;Guadalajara;Castilla-La Mancha
18152;Pedro Martínez;1147,0;49,0;30-60 km;-8,41;1,23;-0,09;1,000-5,000 (small rural);IZNALLOZ;Granada;Andalucía
22234;Torrente de Cinca;1148,0;30,71;30-60 km;-15,33;11,41;-10,24;1,000-5,000 (small rural);BAJO CINCA;Huesca;Aragón
24225;Villasabariego;1148,0;15,92;<=30 km;-7,47;-1,23;2,41;1,000-5,000 (small rural);ESLA-CAMPOS;León;Castilla y León
18146;Orce;1148,0;56,81;30-60 km;-8,78;-0,5;-3,69;1,000-5,000 (small rural);HUESCAR;Granada;Andalucía
49065;Fermoselle;1149,0;53,73;30-60 km;-13,92;-7,27;1,14;1,000-5,000 (small rural);SAYAGO;Zamora;Castilla y León
43078;Masdenverge;1149,0;69,32;>60 km;-5,66;4,03;3,61;1,000-5,000 (small rural);MONTSIA;Tarragona;Cataluña/Catalunya
02055;Nerpio;1150,0;72,6;>60 km;-15,54;-2,05;-3,93;1,000-5,000 (small rural);SIERRA SEGURA;Albacete;Castilla-La Mancha
08304;Vilobí del Penedès;1150,0;16,85;<=30 km;-0,82;1,99;1,95;1,000-5,000 (small rural);ALT PENEDÉS;Barcelona;Cataluña/Catalunya
45138;El Puente del Arzobispo;1151,0;32,47;30-60 km;-12,76;-4,49;-3,28;1,000-5,000 (small rural);TALAVERA;Toledo;Castilla-La Mancha
46232;Sinarcas;1153,0;68,35;>60 km;-4,66;-1,33;3,97;1,000-5,000 (small rural);REQUENA-UTIEL;València/Valencia;Comunitat Valenciana
24201;Vegas del Condado;1154,0;18,28;<=30 km;-4,69;2,86;0,44;1,000-5,000 (small rural);TIERRAS DE LEON;León;Castilla y León
43052;Xerta;1156,0;61,67;>60 km;-8,4;-0,94;-0,26;1,000-5,000 (small rural);BAIX EBRE;Tarragona;Cataluña/Catalunya
48058;Mallabia;1157,0;32,76;30-60 km;-1,68;1,21;-1,28;1,000-5,000 (small rural);DURANGUESADO;Bizkaia;País Vasco/Euskadi
43071;Horta de Sant Joan;1157,0;71,07;>60 km;-9,58;-0,7;1,67;1,000-5,000 (small rural);TERRA ALTA;Tarragona;Cataluña/Catalunya
46217;Rotglà i Corberà;1158,0;30,32;30-60 km;-8,28;2,87;1,05;1,000-5,000 (small rural);LA COSTERA DE JATIVA;València/Valencia;Comunitat Valenciana
46254;Venta del Moro;1158,0;70,28;>60 km;-11,5;-3,86;-3,02;1,000-5,000 (small rural);REQUENA-UTIEL;València/Valencia;Comunitat Valenciana
33053;Quirós;1160,0;24,35;<=30 km;-7,41;1,09;-3,89;1,000-5,000 (small rural);BELMONTE DE MIRANDA;Asturias;Principado de Asturias
34027;Barruelo de Santullán;1160,0;54,72;30-60 km;-17,55;0,34;-2,27;1,000-5,000 (small rural);AGUILAR;Palencia;Castilla y León
02026;Cenizate;1160,0;42,93;30-60 km;-8,8;0,34;-2,19;1,000-5,000 (small rural);MANCHUELA;Albacete;Castilla-La Mancha
12095;Ribesalbes;1163,0;16,46;<=30 km;-9,84;-2,03;0,61;1,000-5,000 (small rural);LA PLANA;Castelló/Castellón;Comunitat Valenciana
32039;Laza;1164,0;45,58;30-60 km;-14,73;-5,05;-4,75;1,000-5,000 (small rural);VERIN;Ourense;Galicia
25140;Montferrer i Castellbò;1164,0;84,62;>60 km;0,83;0,65;7,68;1,000-5,000 (small rural);ALT URGELL;Lleida;Cataluña/Catalunya
44155;Montalbán;1165,0;92,93;>60 km;-9,77;-0,48;-5,82;1,000-5,000 (small rural);SERRANIA DE MONTALBAN;Teruel;Aragón
06040;Corte de Peleas;1165,0;23,36;<=30 km;-5,8;-2,5;-3,48;1,000-5,000 (small rural);BADAJOZ;Badajoz;Extremadura
06081;Medina de las Torres;1166,0;71,41;>60 km;-5,93;-3,65;0,26;1,000-5,000 (small rural);LLERENA;Badajoz;Extremadura
25248;Vilanova de Bellpuig;1168,0;31,34;30-60 km;-3,9;0,68;-0,85;1,000-5,000 (small rural);PLA D'URGELL;Lleida;Cataluña/Catalunya
24110;Páramo del Sil;1169,0;36,69;30-60 km;-8,74;-3,79;-6,03;1,000-5,000 (small rural);BIERZO;León;Castilla y León
09074;Cardeñajimeno;1169,0;6,22;<=30 km;14,32;6,72;-0,51;1,000-5,000 (small rural);ARLANZON;Burgos;Castilla y León
46003;Atzeneta d'Albaida;1169,0;16,83;<=30 km;-6,55;-1,98;2,63;1,000-5,000 (small rural);VALLES DE ALBAIDA;València/Valencia;Comunitat Valenciana
17220;Viladrau;1172,0;28,99;<=30 km;-5,81;7,41;6,35;1,000-5,000 (small rural);OSONA;Girona;Cataluña/Catalunya
43033;Botarell;1174,0;9,76;<=30 km;-2,8;2,24;7,31;1,000-5,000 (small rural);BAIX CAMP;Tarragona;Cataluña/Catalunya
46027;Alfarrasí;1175,0;24,92;<=30 km;-3,31;-4,44;-2,57;1,000-5,000 (small rural);VALLES DE ALBAIDA;València/Valencia;Comunitat Valenciana
47111;La Pedraja de Portillo;1175,0;21,23;<=30 km;-3,44;-1,75;4,72;1,000-5,000 (small rural);SURESTE;Valladolid;Castilla y León
18097;Huéneja;1177,0;50,68;30-60 km;-8,33;3,65;-1,34;1,000-5,000 (small rural);GUADIX;Granada;Andalucía
06042;Cheles;1177,0;50,75;30-60 km;-2,26;-3,14;0,43;1,000-5,000 (small rural);OLIVENZA;Badajoz;Extremadura
50101;Escatrón;1177,0;72,12;>60 km;-6,69;9,16;5,09;1,000-5,000 (small rural);CASPE;Zaragoza;Aragón
27054;Riotorto;1179,0;43,5;30-60 km;-12,14;-3,35;-2,8;1,000-5,000 (small rural);COSTA;Lugo;Galicia
32067;Rairiz de Veiga;1179,0;29,05;<=30 km;-18,0;-4,6;-3,6;1,000-5,000 (small rural);VERIN;Ourense;Galicia
17223;Vilajuïga;1179,0;44,65;30-60 km;-3,69;1,08;4,89;1,000-5,000 (small rural);ALT EMPORDA;Girona;Cataluña/Catalunya
10155;Riolobos;1180,0;62,27;>60 km;-7,46;-4,09;-1,42;1,000-5,000 (small rural);CORIA;Cáceres;Extremadura
15018;A Capela;1182,0;19,94;<=30 km;-8,08;0,32;-4,83;1,000-5,000 (small rural);INTERIOR;A Coruña;Galicia
45127;Palomeque;1182,0;21,95;<=30 km;-5,3;19,18;9,34;1,000-5,000 (small rural);SAGRA-TOLEDO;Toledo;Castilla-La Mancha
02071;San Pedro;1185,0;31,44;30-60 km;-9,59;-0,43;3,22;1,000-5,000 (small rural);SIERRA ALCARAZ;Albacete;Castilla-La Mancha
43026;Benissanet;1186,0;45,95;30-60 km;-6,16;-1,14;5,05;1,000-5,000 (small rural);RIBERA D'EBRE;Tarragona;Cataluña/Catalunya
32034;A Gudiña;1186,0;69,06;>60 km;-12,48;-5,81;-3,73;1,000-5,000 (small rural);EL BARCO DE VALDEORRAS;Ourense;Galicia
17211;Verges;1187,0;19,58;<=30 km;-3,98;-0,5;0,34;1,000-5,000 (small rural);BAIX EMPORDA;Girona;Cataluña/Catalunya
27012;Cervantes;1187,0;49,62;30-60 km;-13,39;-6,46;-7,84;1,000-5,000 (small rural);MONTAÑA;Lugo;Galicia
08134;Figaró-Montmany;1188,0;13,76;<=30 km;-3,15;1,62;5,41;1,000-5,000 (small rural);VALLES ORIENTAL;Barcelona;Cataluña/Catalunya
33047;Peñamellera Baja;1188,0;45,16;30-60 km;-4,4;-0,16;-4,5;1,000-5,000 (small rural);CANGAS DE ONIS;Asturias;Principado de Asturias
46080;Camporrobles;1188,0;77,5;>60 km;-18,76;0,75;-1,33;1,000-5,000 (small rural);REQUENA-UTIEL;València/Valencia;Comunitat Valenciana
21902;La Zarza-Perrunal;1189,0;46,72;30-60 km;;;-5,03;1,000-5,000 (small rural);ANDEVALO ORIENTAL;Huelva;Andalucía
03004;Aigües;1189,0;17,55;<=30 km;-18,34;12,07;13,35;1,000-5,000 (small rural);CENTRAL;Alacant/Alicante;Comunitat Valenciana
34901;Osorno la Mayor;1190,0;47,68;30-60 km;-13,95;-4,41;1,62;1,000-5,000 (small rural);CAMPOS;Palencia;Castilla y León
31029;Los Arcos;1191,0;23,53;<=30 km;-11,25;1,34;5,21;1,000-5,000 (small rural);TIERRA ESTELLA;Navarra;Comunidad Foral de Navarra
04050;Gérgal;1191,0;35,91;30-60 km;-7,71;7,37;7,59;1,000-5,000 (small rural);RIO NACIMIENTO;Almería;Andalucía
08268;Cercs;1193,0;46,64;30-60 km;-10,51;3,3;0,25;1,000-5,000 (small rural);BERGUEDA;Barcelona;Cataluña/Catalunya
01042;Okondo;1194,0;11,54;<=30 km;0,0;2,93;-0,17;1,000-5,000 (small rural);CANTABRICA;Araba/Álava;País Vasco/Euskadi
32018;Carballeda de Avia;1194,0;24,77;<=30 km;-9,84;-5,16;-4,4;1,000-5,000 (small rural);ORENSE;Ourense;Galicia
04063;María;1195,0;43,15;30-60 km;-10,06;-2,06;-3,24;1,000-5,000 (small rural);LOS VELEZ;Almería;Andalucía
06010;Almendral;1197,0;28,73;<=30 km;-3,52;-1,37;-2,13;1,000-5,000 (small rural);BADAJOZ;Badajoz;Extremadura
13057;Montiel;1197,0;89,03;>60 km;-12,68;-5,56;-4,7;1,000-5,000 (small rural);CAMPO DE MONTIEL;Ciudad Real;Castilla-La Mancha
17190;Serinyà;1198,0;21,88;<=30 km;0,0;3,16;4,81;1,000-5,000 (small rural);PLA DE L'ESTANY;Girona;Cataluña/Catalunya
41035;Coripe;1198,0;36,12;30-60 km;-8,01;-3,8;-3,46;1,000-5,000 (small rural);LA SIERRA SUR;Sevilla;Andalucía
27055;Samos;1198,0;39,87;30-60 km;-16,79;-5,49;-1,96;1,000-5,000 (small rural);CENTRAL;Lugo;Galicia
32089;Vilar de Barrio;1199,0;33,59;30-60 km;-15,11;-4,48;-4,69;1,000-5,000 (small rural);VERIN;Ourense;Galicia
07009;Búger;1199,0;32,31;30-60 km;-0,1;2,85;10,61;1,000-5,000 (small rural);MALLORCA;Illes Balears;Illes Balears
10107;Jerte;1200,0;81,87;>60 km;-3,04;-0,79;-4,46;1,000-5,000 (small rural);PLASENCIA;Cáceres;Extremadura
15049;Moeche;1200,0;24,38;<=30 km;-9,76;-2,12;0,0;1,000-5,000 (small rural);SEPTENTRIONAL;A Coruña;Galicia
37069;Calvarrasa de Abajo;1201,0;12,26;<=30 km;1,5;1,48;2,74;1,000-5,000 (small rural);SALAMANCA;Salamanca;Castilla y León
10135;Nuñomoral;1202,0;78,57;>60 km;-4,58;-6,64;-1,8;1,000-5,000 (small rural);HERVAS;Cáceres;Extremadura
43119;Puigpelat;1205,0;16,57;<=30 km;12,23;3,91;0,75;1,000-5,000 (small rural);ALT CAMP;Tarragona;Cataluña/Catalunya
25223;Torà;1207,0;34,67;30-60 km;-8,94;-2,81;-0,17;1,000-5,000 (small rural);SEGARRA;Lleida;Cataluña/Catalunya
30034;Ricote;1212,0;20,99;<=30 km;-9,68;-2,77;-4,19;1,000-5,000 (small rural);RIO SEGURA;Murcia;Región de Murcia
06061;La Haba;1214,0;54,46;30-60 km;-6,44;-3,29;0,66;1,000-5,000 (small rural);DON BENITO;Badajoz;Extremadura
24180;Valdepolo;1215,0;29,02;<=30 km;-5,49;-1,39;0,66;1,000-5,000 (small rural);TIERRAS DE LEON;León;Castilla y León
16117;Landete;1215,0;64,34;>60 km;-11,01;-0,41;0,33;1,000-5,000 (small rural);SERRANIA BAJA;Cuenca;Castilla-La Mancha
08149;Olost;1216,0;38,39;30-60 km;0,5;0,17;2,18;1,000-5,000 (small rural);OSONA;Barcelona;Cataluña/Catalunya
44210;Sarrión;1216,0;66,19;>60 km;-0,88;5,38;1,84;1,000-5,000 (small rural);HOYA DE TERUEL;Teruel;Aragón
31167;Mendigorria;1218,0;27,38;<=30 km;-2,06;5,2;9,53;1,000-5,000 (small rural);NAVARRA MEDIA;Navarra;Comunidad Foral de Navarra
03030;Benidoleig;1219,0;26,87;<=30 km;-17,24;5,05;4,55;1,000-5,000 (small rural);MARQUESADO;Alacant/Alicante;Comunitat Valenciana
17204;Ullà;1219,0;23,49;<=30 km;5,86;2,46;4,46;1,000-5,000 (small rural);BAIX EMPORDA;Girona;Cataluña/Catalunya
17226;Vilamalla;1220,0;28,78;<=30 km;2,78;-0,26;5,72;1,000-5,000 (small rural);ALT EMPORDA;Girona;Cataluña/Catalunya
32082;Trasmiras;1220,0;42,12;30-60 km;-14,94;-2,1;-3,25;1,000-5,000 (small rural);VERIN;Ourense;Galicia
25192;Sant Guim de Freixenet;1222,0;35,74;30-60 km;-7,47;1,83;15,39;1,000-5,000 (small rural);SEGARRA;Lleida;Cataluña/Catalunya
06151;Villagonzalo;1223,0;22,6;<=30 km;-6,66;-0,97;-0,65;1,000-5,000 (small rural);MERIDA;Badajoz;Extremadura
15044;Mañón;1223,0;46,18;30-60 km;-12,46;-3,96;-6,57;1,000-5,000 (small rural);SEPTENTRIONAL;A Coruña;Galicia
03052;Cañada;1225,0;23,38;<=30 km;0,57;-1,89;2,85;1,000-5,000 (small rural);VINALOPO;Alacant/Alicante;Comunitat Valenciana
44145;Mas de las Matas;1225,0;96,61;>60 km;-8,44;-0,08;-3,62;1,000-5,000 (small rural);BAJO ARAGON;Teruel;Aragón
39036;Liendo;1226,0;29,07;<=30 km;-3,18;1,84;0,82;1,000-5,000 (small rural);COSTERA;Cantabria;Cantabria
29071;Moclinejo;1227,0;4,15;<=30 km;-7,6;1,14;-1,37;1,000-5,000 (small rural);VELEZ MALAGA;Málaga;Andalucía
34022;Baltanás;1228,0;30,35;30-60 km;-7,7;0,25;0,74;1,000-5,000 (small rural);EL CERRATO;Palencia;Castilla y León
25047;Bellcaire d'Urgell;1228,0;29,45;<=30 km;-8,78;-2,16;0,24;1,000-5,000 (small rural);NOGUERA;Lleida;Cataluña/Catalunya
24098;Matallana de Torío;1228,0;29,27;<=30 km;-7,49;-2,14;-3,91;1,000-5,000 (small rural);LA MONTAÑA DE RIAÑO;León;Castilla y León
15090;Vilasantar;1229,0;38,59;30-60 km;-10,07;-0,49;0,82;1,000-5,000 (small rural);INTERIOR;A Coruña;Galicia
45901;Santo Domingo-Caudilla;1229,0;31,85;30-60 km;-5,03;6,84;12,34;1,000-5,000 (small rural);TORRIJOS;Toledo;Castilla-La Mancha
43128;Riudecols;1232,0;13,34;<=30 km;-9,97;3,29;0,57;1,000-5,000 (small rural);BAIX CAMP;Tarragona;Cataluña/Catalunya
46247;Tuéjar;1233,0;63,56;>60 km;-7,05;2,83;5,93;1,000-5,000 (small rural);ALTO TURIA;València/Valencia;Comunitat Valenciana
23052;Jimena;1234,0;20,94;<=30 km;-8,62;-2,88;-1,2;1,000-5,000 (small rural);MAGINA;Jaén;Andalucía
04002;Abrucena;1235,0;42,6;30-60 km;-15,89;5,04;2,24;1,000-5,000 (small rural);RIO NACIMIENTO;Almería;Andalucía
24205;Villadangos del Páramo;1235,0;17,79;<=30 km;-2,98;10,97;1,73;1,000-5,000 (small rural);EL PARAMO;León;Castilla y León
46155;Llaurí;1236,0;19,47;<=30 km;-6,51;-3,31;5,73;1,000-5,000 (small rural);RIBERAS DEL JUCAR;València/Valencia;Comunitat Valenciana
32023;Castro Caldelas;1238,0;40,16;30-60 km;-15,33;-3,43;4,74;1,000-5,000 (small rural);EL BARCO DE VALDEORRAS;Ourense;Galicia
25096;La Fuliola;1238,0;36,26;30-60 km;-3,81;2,47;-0,72;1,000-5,000 (small rural);URGELL;Lleida;Cataluña/Catalunya
18143;Nigüelas;1239,0;22,92;<=30 km;1,19;1,35;3,42;1,000-5,000 (small rural);VALLE DE LECRIN;Granada;Andalucía
47173;Traspinedo;1240,0;26,23;<=30 km;5,21;5,51;7,92;1,000-5,000 (small rural);SURESTE;Valladolid;Castilla y León
06131;Torre de Miguel Sesmero;1241,0;26,27;<=30 km;1,43;-2,37;0,49;1,000-5,000 (small rural);BADAJOZ;Badajoz;Extremadura
41008;Algámitas;1241,0;57,24;30-60 km;-2,73;0,4;-0,96;1,000-5,000 (small rural);LA SIERRA SUR;Sevilla;Andalucía
18061;Chimeneas;1242,0;23,56;<=30 km;-10,71;-3,64;-0,16;1,000-5,000 (small rural);ALHAMA;Granada;Andalucía
18038;Campotéjar;1245,0;35,51;30-60 km;-7,9;-2,0;1,38;1,000-5,000 (small rural);IZNALLOZ;Granada;Andalucía
48053;Laukiz;1245,0;7,63;<=30 km;4,57;3,86;0,65;1,000-5,000 (small rural);MUNGUIA;Bizkaia;País Vasco/Euskadi
06084;Mirandilla;1246,0;12,42;<=30 km;-4,18;-4,08;-0,08;1,000-5,000 (small rural);MERIDA;Badajoz;Extremadura
31224;Sesma;1247,0;30,2;30-60 km;-9,29;-2,63;8,53;1,000-5,000 (small rural);RIBERA ALTA ARAGON;Navarra;Comunidad Foral de Navarra
48018;Berriatua;1247,0;38,5;30-60 km;-1,27;-1,2;1,22;1,000-5,000 (small rural);ONDARROA;Bizkaia;País Vasco/Euskadi
40031;Bernuy de Porreros;1247,0;11,64;<=30 km;8,24;3,68;58,25;1,000-5,000 (small rural);SEGOVIA;Segovia;Castilla y León
10219;Zorita;1248,0;69,47;>60 km;-14,01;-3,85;-5,74;1,000-5,000 (small rural);LOGROSAN;Cáceres;Extremadura
17093;Llers;1248,0;35,07;30-60 km;1,51;1,05;-0,32;1,000-5,000 (small rural);ALT EMPORDA;Girona;Cataluña/Catalunya
05041;Burgohondo;1249,0;32,44;30-60 km;-4,15;2,93;1,46;1,000-5,000 (small rural);VALLE BAJO ALBERCHE;Ávila;Castilla y León
48024;Zeanuri;1250,0;24,62;<=30 km;-4,32;0,48;0,16;1,000-5,000 (small rural);ARRATIA-NERVION;Bizkaia;País Vasco/Euskadi
15091;Vilarmaior;1252,0;20,82;<=30 km;-1,89;-0,97;2,71;1,000-5,000 (small rural);SEPTENTRIONAL;A Coruña;Galicia
06024;Cabeza la Vaca;1255,0;87,17;>60 km;-6,6;-2,48;-3,31;1,000-5,000 (small rural);JEREZ DE LOS CABALLEROS;Badajoz;Extremadura
50230;Sádaba;1258,0;65,81;>60 km;-18,02;-2,27;-2,78;1,000-5,000 (small rural);EGEA DE LOS CABALLEROS;Zaragoza;Aragón
37374;Villoria;1258,0;27,17;<=30 km;-8,25;-1,03;-6,4;1,000-5,000 (small rural);PEÑARANDA DE BRACAMONTE;Salamanca;Castilla y León
47218;Villanueva de Duero;1258,0;18,24;<=30 km;-3,64;4,87;2,53;1,000-5,000 (small rural);SUR;Valladolid;Castilla y León
10133;Navas del Madroño;1259,0;34,86;30-60 km;-5,05;-5,61;-0,16;1,000-5,000 (small rural);BROZAS;Cáceres;Extremadura
29019;Arenas;1259,0;8,37;<=30 km;-16,37;0,34;6,6;1,000-5,000 (small rural);VELEZ MALAGA;Málaga;Andalucía
08224;Sant Martí de Centelles;1259,0;18,22;<=30 km;4,17;4,86;6,16;1,000-5,000 (small rural);OSONA;Barcelona;Cataluña/Catalunya
21031;Encinasola;1260,0;82,41;>60 km;-13,38;-3,0;-2,48;1,000-5,000 (small rural);SIERRA;Huelva;Andalucía
45055;Cuerva;1260,0;28,85;<=30 km;-15,2;-4,34;-1,33;1,000-5,000 (small rural);SAGRA-TOLEDO;Toledo;Castilla-La Mancha
33065;Sariego;1265,0;11,04;<=30 km;-5,15;3,43;-2,47;1,000-5,000 (small rural);OVIEDO;Asturias;Principado de Asturias
06086;Montemolín;1267,0;83,95;>60 km;-6,72;-0,15;-7,18;1,000-5,000 (small rural);LLERENA;Badajoz;Extremadura
10114;Majadas;1267,0;79,09;>60 km;-1,04;1,28;-5,8;1,000-5,000 (small rural);NAVALMORAL DE LA MATA;Cáceres;Extremadura
20062;Ormaiztegi;1268,0;35,34;30-60 km;-0,45;-4,15;1,6;1,000-5,000 (small rural);GOIERRI;Gipuzkoa;País Vasco/Euskadi
31257;Villatuerta;1268,0;31,56;30-60 km;4,99;6,07;0,79;1,000-5,000 (small rural);TIERRA ESTELLA;Navarra;Comunidad Foral de Navarra
16086;Fuente de Pedro Naharro;1269,0;53,07;30-60 km;-9,09;-0,25;4,96;1,000-5,000 (small rural);MANCHA ALTA;Cuenca;Castilla-La Mancha
45096;Mazarambroz;1270,0;25,44;<=30 km;-6,25;0,0;0,95;1,000-5,000 (small rural);MONTE DE LOS YEBENES;Toledo;Castilla-La Mancha
22052;Belver de Cinca;1270,0;30,0;30-60 km;-6,77;1,16;-2,83;1,000-5,000 (small rural);BAJO CINCA;Huesca;Aragón
50107;Figueruelas;1270,0;23,04;<=30 km;-5,6;-0,08;2,5;1,000-5,000 (small rural);ZARAGOZA;Zaragoza;Aragón
46218;Ròtova;1271,0;6,79;<=30 km;-4,91;0,71;0,0;1,000-5,000 (small rural);GANDIA;València/Valencia;Comunitat Valenciana
04001;Abla;1272,0;44,91;30-60 km;-14,39;1,86;1,11;1,000-5,000 (small rural);RIO NACIMIENTO;Almería;Andalucía
40145;Navas de Oro;1274,0;39,77;30-60 km;-6,24;-3,19;-2,3;1,000-5,000 (small rural);CUELLAR;Segovia;Castilla y León
08226;Sant Martí de Tous;1275,0;32,91;30-60 km;2,49;2,49;3,16;1,000-5,000 (small rural);ANOIA;Barcelona;Cataluña/Catalunya
18051;Colomera;1278,0;24,64;<=30 km;-8,69;-3,85;-1,54;1,000-5,000 (small rural);IZNALLOZ;Granada;Andalucía
37135;La Fuente de San Esteban;1279,0;48,21;30-60 km;-8,19;-4,94;0,71;1,000-5,000 (small rural);FUENTE DE SAN ESTEBAN;Salamanca;Castilla y León
46229;Siete Aguas;1279,0;35,42;30-60 km;-19,52;1,02;8,11;1,000-5,000 (small rural);REQUENA-UTIEL;València/Valencia;Comunitat Valenciana
17057;Corçà;1282,0;15,18;<=30 km;-5,47;1,76;0,55;1,000-5,000 (small rural);BAIX EMPORDA;Girona;Cataluña/Catalunya
06099;La Parra;1284,0;42,77;30-60 km;-3,92;-2,79;-2,87;1,000-5,000 (small rural);ALMENDRALEJO;Badajoz;Extremadura
16042;Campillo de Altobuey;1286,0;67,54;>60 km;-16,37;-7,29;3,21;1,000-5,000 (small rural);MANCHUELA;Cuenca;Castilla-La Mancha
27049;Portomarín;1286,0;22,66;<=30 km;-13,18;-7,06;-6,95;1,000-5,000 (small rural);CENTRAL;Lugo;Galicia
48093;Areatza;1287,0;20,67;<=30 km;1,44;4,87;1,26;1,000-5,000 (small rural);ARRATIA-NERVION;Bizkaia;País Vasco/Euskadi
03112;Relleu;1288,0;18,46;<=30 km;-16,44;2,27;9,8;1,000-5,000 (small rural);CENTRAL;Alacant/Alicante;Comunitat Valenciana
18045;Castilléjar;1289,0;81,53;>60 km;-13,46;-3,66;0,08;1,000-5,000 (small rural);HUESCAR;Granada;Andalucía
19300;Valdeaveruelo;1290,0;11,11;<=30 km;2,38;7,72;12,76;1,000-5,000 (small rural);CAMPIÑA;Guadalajara;Castilla-La Mancha
28116;Pozuelo del Rey;1292,0;13,9;<=30 km;11,35;6,25;8,57;1,000-5,000 (small rural);CAMPIÑA;Madrid;Comunidad de Madrid
32022;Castrelo de Miño;1292,0;15,74;<=30 km;-20,34;-4,28;-2,2;1,000-5,000 (small rural);ORENSE;Ourense;Galicia
23901;Cárcheles;1293,0;21,12;<=30 km;-7,59;-3,86;-2,05;1,000-5,000 (small rural);SIERRA SUR;Jaén;Andalucía
27043;O Páramo;1296,0;18,84;<=30 km;-11,42;-2,95;-3,79;1,000-5,000 (small rural);CENTRAL;Lugo;Galicia
05114;Madrigal de las Altas Torres;1299,0;56,72;30-60 km;-11,75;-4,17;-5,87;1,000-5,000 (small rural);AREVALO-MADRIGAL;Ávila;Castilla y León
12121;Traiguera;1300,0;68,57;>60 km;-14,95;-1,24;-4,27;1,000-5,000 (small rural);BAJO MAESTRAZGO;Castelló/Castellón;Comunitat Valenciana
24027;Cabañas Raras;1302,0;14,53;<=30 km;2,06;0,08;-2,18;1,000-5,000 (small rural);BIERZO;León;Castilla y León
02008;Alcaraz;1304,0;61,4;>60 km;-12,06;-6,76;-0,46;1,000-5,000 (small rural);SIERRA ALCARAZ;Albacete;Castilla-La Mancha
02043;Lezuza;1305,0;36,11;30-60 km;-12,41;-5,44;-1,29;1,000-5,000 (small rural);MANCHA;Albacete;Castilla-La Mancha
50203;Pastriz;1305,0;15,81;<=30 km;-2,74;0,08;0,85;1,000-5,000 (small rural);ZARAGOZA;Zaragoza;Aragón
21038;Higuera de la Sierra;1307,0;65,28;>60 km;-8,1;2,55;-1,43;1,000-5,000 (small rural);SIERRA;Huelva;Andalucía
26103;Nalda;1307,0;15,38;<=30 km;-2,26;14,07;15,97;1,000-5,000 (small rural);RIOJA MEDIA;La Rioja;La Rioja
43103;Perafort;1308,0;6,76;<=30 km;1,87;0,79;2,59;1,000-5,000 (small rural);TARRAGONES;Tarragona;Cataluña/Catalunya
12001;Atzeneta del Maestrat;1309,0;29,06;<=30 km;-5,63;1,65;1,32;1,000-5,000 (small rural);LLANOS CENTRALES;Castelló/Castellón;Comunitat Valenciana
03078;Hondón de los Frailes;1310,0;22,49;<=30 km;-9,45;14,75;0,85;1,000-5,000 (small rural);VINALOPO;Alacant/Alicante;Comunitat Valenciana
26002;Agoncillo;1314,0;14,56;<=30 km;-7,51;4,34;13,96;1,000-5,000 (small rural);RIOJA MEDIA;La Rioja;La Rioja
06029;Campillo de Llerena;1314,0;74,35;>60 km;-4,86;-2,91;-1,43;1,000-5,000 (small rural);AZUAGA;Badajoz;Extremadura
45082;Lagartera;1315,0;33,09;30-60 km;-9,08;-5,27;-1,2;1,000-5,000 (small rural);TALAVERA;Toledo;Castilla-La Mancha
49187;San Cristóbal de Entreviñas;1318,0;59,72;30-60 km;-8,93;-2,78;-3,23;1,000-5,000 (small rural);BENAVENTE Y LOS VALLES;Zamora;Castilla y León
43036;Cabra del Camp;1321,0;29,39;<=30 km;-1,82;7,8;7,4;1,000-5,000 (small rural);ALT CAMP;Tarragona;Cataluña/Catalunya
23030;Chilluévar;1322,0;54,14;30-60 km;-6,67;-4,59;-5,03;1,000-5,000 (small rural);SIERRA DE CAZORLA;Jaén;Andalucía
06156;Villar de Rena;1323,0;54,63;30-60 km;-1,48;-3,69;-0,68;1,000-5,000 (small rural);DON BENITO;Badajoz;Extremadura
13001;Abenójar;1324,0;42,72;30-60 km;-10,4;-4,01;-1,12;1,000-5,000 (small rural);PASTOS;Ciudad Real;Castilla-La Mancha
31223;Sartaguda;1325,0;35,05;30-60 km;-7,84;-0,54;2,95;1,000-5,000 (small rural);RIBERA ALTA ARAGON;Navarra;Comunidad Foral de Navarra
31138;Lakuntza;1325,0;32,7;30-60 km;2,02;-0,31;4,5;1,000-5,000 (small rural);NORD OCCIDENTAL;Navarra;Comunidad Foral de Navarra
12094;la Pobla Tornesa;1325,0;12,33;<=30 km;5,32;2,57;6,94;1,000-5,000 (small rural);LLANOS CENTRALES;Castelló/Castellón;Comunitat Valenciana
15039;Irixoa;1326,0;29,44;<=30 km;-9,39;0,53;-1,04;1,000-5,000 (small rural);INTERIOR;A Coruña;Galicia
31159;Lumbier;1327,0;34,92;30-60 km;-5,38;-1,82;2,63;1,000-5,000 (small rural);PIRINEOS;Navarra;Comunidad Foral de Navarra
10901;Rosalejo;1328,0;52,56;30-60 km;12,26;1,54;-3,98;1,000-5,000 (small rural);NAVALMORAL DE LA MATA;Cáceres;Extremadura
41009;Almadén de la Plata;1328,0;51,2;30-60 km;-7,65;-3,48;-0,23;1,000-5,000 (small rural);LA SIERRA NORTE;Sevilla;Andalucía
17901;Cruïlles, Monells i Sant Sadurní de l'Heura;1329,0;13,96;<=30 km;1,09;4,16;0,15;1,000-5,000 (small rural);BAIX EMPORDA;Girona;Cataluña/Catalunya
37202;Monterrubio de Armuña;1331,0;8,82;<=30 km;6,29;-0,3;0,91;1,000-5,000 (small rural);SALAMANCA;Salamanca;Castilla y León
45024;Burujón;1332,0;23,53;<=30 km;-9,5;0,61;1,22;1,000-5,000 (small rural);TORRIJOS;Toledo;Castilla-La Mancha
14902;La Guijarrosa;1333,0;28,85;<=30 km;;;-2,34;1,000-5,000 (small rural);CAMPIÑA BAJA;Córdoba;Andalucía
46073;Bolbaite;1333,0;45,14;30-60 km;-8,65;-0,82;-0,22;1,000-5,000 (small rural);ENGUERA Y LA CANAL;València/Valencia;Comunitat Valenciana
48056;Lemoiz;1337,0;11,85;<=30 km;19,29;4,51;3,08;1,000-5,000 (small rural);MUNGUIA;Bizkaia;País Vasco/Euskadi
43011;Almoster;1338,0;5,89;<=30 km;-0,07;-1,49;1,21;1,000-5,000 (small rural);BAIX CAMP;Tarragona;Cataluña/Catalunya
12003;Albocàsser;1338,0;42,07;30-60 km;-12,89;1,54;6,78;1,000-5,000 (small rural);BAJO MAESTRAZGO;Castelló/Castellón;Comunitat Valenciana
29047;Cuevas Bajas;1341,0;51,11;30-60 km;-4,45;-2,66;-1,03;1,000-5,000 (small rural);NORTE O ANTEQUERA;Málaga;Andalucía
32017;Carballeda de Valdeorras;1341,0;28,67;<=30 km;-10,78;-7,24;-8,15;1,000-5,000 (small rural);EL BARCO DE VALDEORRAS;Ourense;Galicia
03013;Algueña;1342,0;21,66;<=30 km;-8,72;-0,52;0,6;1,000-5,000 (small rural);VINALOPO;Alacant/Alicante;Comunitat Valenciana
23035;Fuerte del Rey;1342,0;16,79;<=30 km;0,22;-5,34;2,21;1,000-5,000 (small rural);CAMPIÑA DEL NORTE;Jaén;Andalucía
23090;Torres;1343,0;19,74;<=30 km;-10,23;-5,86;-0,52;1,000-5,000 (small rural);MAGINA;Jaén;Andalucía
43127;Riudecanyes;1345,0;13,69;<=30 km;-4,59;5,57;12,65;1,000-5,000 (small rural);BAIX CAMP;Tarragona;Cataluña/Catalunya
29044;Comares;1346,0;13,92;<=30 km;-19,62;1,97;-0,22;1,000-5,000 (small rural);VELEZ MALAGA;Málaga;Andalucía
25220;Térmens;1347,0;19,74;<=30 km;-5,19;-3,83;1,28;1,000-5,000 (small rural);NOGUERA;Lleida;Cataluña/Catalunya
10008;Alcántara;1347,0;52,09;30-60 km;-8,83;-6,35;-2,81;1,000-5,000 (small rural);BROZAS;Cáceres;Extremadura
10006;Ahigal;1349,0;91,26;>60 km;-2,09;-0,57;-3,16;1,000-5,000 (small rural);HERVAS;Cáceres;Extremadura
17208;La Vall de Bianya;1350,0;43,6;30-60 km;-3,8;2,26;2,66;1,000-5,000 (small rural);GARROTXA;Girona;Cataluña/Catalunya
08164;El Pla del Penedès;1352,0;19,81;<=30 km;7,6;3,73;3,52;1,000-5,000 (small rural);ALT PENEDÉS;Barcelona;Cataluña/Catalunya
32055;Paderne de Allariz;1352,0;14,41;<=30 km;-11,68;-0,72;-1,53;1,000-5,000 (small rural);ORENSE;Ourense;Galicia
32036;Xunqueira de Ambía;1352,0;23,78;<=30 km;-15,26;-3,67;-1,02;1,000-5,000 (small rural);VERIN;Ourense;Galicia
39055;Potes;1353,0;51,56;30-60 km;-9,39;-2,07;2,34;1,000-5,000 (small rural);LIEBANA;Cantabria;Cantabria
02067;Riópar;1353,0;70,08;>60 km;-6,08;-2,28;2,04;1,000-5,000 (small rural);SIERRA ALCARAZ;Albacete;Castilla-La Mancha
10084;Gata;1353,0;93,37;>60 km;-6,92;-5,36;-4,25;1,000-5,000 (small rural);CORIA;Cáceres;Extremadura
11042;Zahara;1355,0;41,75;30-60 km;-6,96;-0,64;-2,59;1,000-5,000 (small rural);SIERRA DE CADIZ;Cádiz;Andalucía
48091;Atxondo;1356,0;29,49;<=30 km;-4,13;-0,8;-0,73;1,000-5,000 (small rural);DURANGUESADO;Bizkaia;País Vasco/Euskadi
32035;O Irixo;1357,0;27,53;<=30 km;-12,7;-5,15;-3,14;1,000-5,000 (small rural);ORENSE;Ourense;Galicia
48072;Otxandio;1357,0;21,45;<=30 km;1,41;4,86;-0,15;1,000-5,000 (small rural);ARRATIA-NERVION;Bizkaia;País Vasco/Euskadi
46246;Tous;1357,0;28,19;<=30 km;0,0;2,39;5,69;1,000-5,000 (small rural);RIBERAS DEL JUCAR;València/Valencia;Comunitat Valenciana
13007;Alcolea de Calatrava;1361,0;12,65;<=30 km;-9,78;-6,32;-0,15;1,000-5,000 (small rural);CAMPO DE CALATRAVA;Ciudad Real;Castilla-La Mancha
02021;Casas de Juan Núñez;1361,0;31,59;30-60 km;-11,64;6,75;0,0;1,000-5,000 (small rural);CENTRO;Albacete;Castilla-La Mancha
39022;Cillorigo de Liébana;1362,0;49,25;30-60 km;-1,2;-2,84;4,85;1,000-5,000 (small rural);LIEBANA;Cantabria;Cantabria
49166;Puebla de Sanabria;1366,0;54,33;30-60 km;-8,96;-3,05;0,0;1,000-5,000 (small rural);SANABRIA;Zamora;Castilla y León
37240;Pelabravo;1366,0;8,01;<=30 km;29,22;-0,57;11,51;1,000-5,000 (small rural);SALAMANCA;Salamanca;Castilla y León
25027;Anglesola;1367,0;39,95;30-60 km;-4,68;2,11;0,81;1,000-5,000 (small rural);URGELL;Lleida;Cataluña/Catalunya
21034;Galaroza;1369,0;75,73;>60 km;-11,88;-2,0;-0,29;1,000-5,000 (small rural);SIERRA;Huelva;Andalucía
06033;Casas de Don Pedro;1370,0;94,68;>60 km;-10,02;-1,82;-5,91;1,000-5,000 (small rural);PUEBLA ALCOCER;Badajoz;Extremadura
17903;Sant Julià del Llor i Bonmatí;1373,0;15,4;<=30 km;3,93;3,06;4,49;1,000-5,000 (small rural);SELVA;Girona;Cataluña/Catalunya
19021;Almoguera;1373,0;34,7;30-60 km;-9,28;0,08;5,05;1,000-5,000 (small rural);CAMPIÑA;Guadalajara;Castilla-La Mancha
43170;Vila-rodona;1374,0;21,3;<=30 km;-1,56;3,67;5,77;1,000-5,000 (small rural);ALT CAMP;Tarragona;Cataluña/Catalunya
46208;Rafelcofer;1374,0;6,86;<=30 km;-6,53;0,52;0,66;1,000-5,000 (small rural);GANDIA;València/Valencia;Comunitat Valenciana
31062;Cabanillas;1376,0;64,09;>60 km;-8,51;-2,13;3,07;1,000-5,000 (small rural);RIBERA BAJA;Navarra;Comunidad Foral de Navarra
45160;Segurilla;1378,0;9,46;<=30 km;2,36;-0,52;2,38;1,000-5,000 (small rural);TALAVERA;Toledo;Castilla-La Mancha
31131;Iza/Itza;1380,0;12,69;<=30 km;9,06;7,84;6,73;1,000-5,000 (small rural);CUENCA PAMPLONA;Navarra;Comunidad Foral de Navarra
33007;Boal;1380,0;74,81;>60 km;-14,87;-7,57;-4,96;1,000-5,000 (small rural);LUARCA;Asturias;Principado de Asturias
01003;Aramaio;1381,0;23,05;<=30 km;0,0;-1,82;-5,15;1,000-5,000 (small rural);ESTRIBACIONES GORBEA;Araba/Álava;País Vasco/Euskadi
48038;Gamiz-Fika;1381,0;12,09;<=30 km;2,25;0,58;-0,14;1,000-5,000 (small rural);MUNGUIA;Bizkaia;País Vasco/Euskadi
12099;Sant Jordi/San Jorge;1381,0;69,09;>60 km;-15,66;13,69;29,92;1,000-5,000 (small rural);LITORAL NORTE;Castelló/Castellón;Comunitat Valenciana
06135;Trujillanos;1382,0;14,28;<=30 km;-3,16;-0,86;-0,5;1,000-5,000 (small rural);MERIDA;Badajoz;Extremadura
10058;Casatejada;1382,0;71,35;>60 km;-3,56;-2,75;2,9;1,000-5,000 (small rural);NAVALMORAL DE LA MATA;Cáceres;Extremadura
19286;Tórtola de Henares;1384,0;9,12;<=30 km;6,18;22,53;11,61;1,000-5,000 (small rural);CAMPIÑA;Guadalajara;Castilla-La Mancha
24122;Puente de Domingo Flórez;1385,0;19,72;<=30 km;-7,37;-4,83;-3,69;1,000-5,000 (small rural);BIERZO;León;Castilla y León
45097;Mejorada;1385,0;9,03;<=30 km;-5,31;2,21;7,12;1,000-5,000 (small rural);TALAVERA;Toledo;Castilla-La Mancha
28147;Titulcia;1387,0;9,22;<=30 km;7,6;4,29;1,99;1,000-5,000 (small rural);VEGAS;Madrid;Comunidad de Madrid
02048;Minaya;1387,0;47,04;30-60 km;-8,56;-3,51;-6,47;1,000-5,000 (small rural);MANCHA;Albacete;Castilla-La Mancha
25135;Miralcamp;1390,0;26,42;<=30 km;-4,97;1,41;1,76;1,000-5,000 (small rural);PLA D'URGELL;Lleida;Cataluña/Catalunya
32073;Rubiá;1390,0;27,5;<=30 km;-6,34;-4,01;0,0;1,000-5,000 (small rural);EL BARCO DE VALDEORRAS;Ourense;Galicia
28012;Anchuelo;1392,0;8,47;<=30 km;9,07;6,84;2,43;1,000-5,000 (small rural);CAMPIÑA;Madrid;Comunidad de Madrid
33005;Belmonte de Miranda;1394,0;32,09;30-60 km;-9,39;-5,45;-3,13;1,000-5,000 (small rural);BELMONTE DE MIRANDA;Asturias;Principado de Asturias
05054;Casavieja;1394,0;38,98;30-60 km;-6,73;-0,49;-1,97;1,000-5,000 (small rural);VALLE DEL TIETAR;Ávila;Castilla y León
19291;Trillo;1396,0;52,55;30-60 km;-8,63;3,34;2,42;1,000-5,000 (small rural);ALCARRIA BAJA;Guadalajara;Castilla-La Mancha
29098;Villanueva de Tapia;1396,0;46,49;30-60 km;-8,42;-3,56;-2,85;1,000-5,000 (small rural);NORTE O ANTEQUERA;Málaga;Andalucía
49250;Villalpando;1399,0;47,72;30-60 km;-7,91;-4,48;-3,58;1,000-5,000 (small rural);CAMPOS-PAN;Zamora;Castilla y León
30004;Albudeite;1400,0;19,12;<=30 km;-6,08;1,98;0,86;1,000-5,000 (small rural);CENTRO;Murcia;Región de Murcia
14070;Villanueva del Duque;1404,0;62,75;>60 km;-8,63;-2,88;-3,24;1,000-5,000 (small rural);PEDROCHES;Córdoba;Andalucía
03006;Alcalalí;1406,0;23,89;<=30 km;-10,96;2,93;5,24;1,000-5,000 (small rural);MARQUESADO;Alacant/Alicante;Comunitat Valenciana
08292;Vallbona d'Anoia;1406,0;23,56;<=30 km;-1,47;-1,72;2,25;1,000-5,000 (small rural);ANOIA;Barcelona;Cataluña/Catalunya
32071;Riós;1407,0;65,98;>60 km;-12,84;-6,95;-3,56;1,000-5,000 (small rural);VERIN;Ourense;Galicia
47004;Alaejos;1407,0;53,19;30-60 km;-10,96;-0,14;1,96;1,000-5,000 (small rural);SUR;Valladolid;Castilla y León
27008;Bóveda;1409,0;41,09;30-60 km;-5,97;-6,39;0,14;1,000-5,000 (small rural);SUR;Lugo;Galicia
47084;Mayorga;1409,0;51,47;30-60 km;-16,47;-7,48;-4,21;1,000-5,000 (small rural);TIERRA DE CAMPOS;Valladolid;Castilla y León
09906;Merindad de Río Ubierna;1411,0;22,76;<=30 km;0,56;-0,49;-1,74;1,000-5,000 (small rural);ARLANZON;Burgos;Castilla y León
32051;Muíños;1418,0;46,79;30-60 km;-15,04;-2,62;-2,0;1,000-5,000 (small rural);VERIN;Ourense;Galicia
25182;Puigverd de Lleida;1418,0;16,3;<=30 km;-5,06;1,54;2,46;1,000-5,000 (small rural);SEGRIA;Lleida;Cataluña/Catalunya
12072;Llucena/Lucena del Cid;1420,0;26,43;<=30 km;-12,2;-0,83;8,56;1,000-5,000 (small rural);PEÑAGOLOSA;Castelló/Castellón;Comunitat Valenciana
14016;Cardeña;1422,0;55,78;30-60 km;-10,04;-2,0;-3,46;1,000-5,000 (small rural);PEDROCHES;Córdoba;Andalucía
46016;Alcàntera de Xúquer;1425,0;31,03;30-60 km;-5,86;8,1;1,64;1,000-5,000 (small rural);RIBERAS DEL JUCAR;València/Valencia;Comunitat Valenciana
24057;Congosto;1425,0;13,15;<=30 km;-8,16;-6,65;-0,42;1,000-5,000 (small rural);BIERZO;León;Castilla y León
40041;Cantimpalos;1427,0;18,4;<=30 km;-6,73;1,89;6,02;1,000-5,000 (small rural);CUELLAR;Segovia;Castilla y León
33015;Caso;1427,0;38,42;30-60 km;-14,41;-7,21;-0,97;1,000-5,000 (small rural);MIERES;Asturias;Principado de Asturias
22119;Gurrea de Gállego;1427,0;29,87;<=30 km;-10,18;0,14;-3,45;1,000-5,000 (small rural);HOYA DE HUESCA;Huesca;Aragón
45020;Belvís de la Jara;1428,0;23,75;<=30 km;-13,62;0,92;-7,45;1,000-5,000 (small rural);LA JARA;Toledo;Castilla-La Mancha
29028;Benaoján;1428,0;28,21;<=30 km;-4,77;-1,21;-2,86;1,000-5,000 (small rural);SERRANIA DE RONDA;Málaga;Andalucía
04059;Lubrín;1428,0;46,15;30-60 km;-17,15;4,05;-4,1;1,000-5,000 (small rural);CAMPO TABERNAS;Almería;Andalucía
08062;Castellnou de Bages;1430,0;12,5;<=30 km;19,43;7,66;0,7;1,000-5,000 (small rural);BAGES;Barcelona;Cataluña/Catalunya
09073;Cardeñadijo;1430,0;6,3;<=30 km;12,77;7,69;1,13;1,000-5,000 (small rural);ARLANZON;Burgos;Castilla y León
14048;Palenciana;1431,0;55,46;30-60 km;-6,13;-1,22;-2,19;1,000-5,000 (small rural);CAMPIÑA ALTA;Córdoba;Andalucía
10140;Peraleda de la Mata;1431,0;53,03;30-60 km;-2,62;0,79;2,14;1,000-5,000 (small rural);NAVALMORAL DE LA MATA;Cáceres;Extremadura
11003;Algar;1436,0;28,94;<=30 km;-4,78;2,05;-0,42;1,000-5,000 (small rural);CAMPIÑA DE CADIZ;Cádiz;Andalucía
01047;Ribera Baja/Erriberabeitia;1439,0;22,45;<=30 km;4,64;3,42;1,27;1,000-5,000 (small rural);VALLES ALAVESES;Araba/Álava;País Vasco/Euskadi
41083;El Ronquillo;1439,0;44,17;30-60 km;-4,65;5,22;0,56;1,000-5,000 (small rural);LA SIERRA NORTE;Sevilla;Andalucía
37087;Carrascal de Barregas;1439,0;10,6;<=30 km;18,66;9,01;11,12;1,000-5,000 (small rural);SALAMANCA;Salamanca;Castilla y León
09177;Ibeas de Juarros;1445,0;17,75;<=30 km;-1,96;2,35;0,49;1,000-5,000 (small rural);ARLANZON;Burgos;Castilla y León
08085;Font-rubí;1446,0;21,19;<=30 km;-7,37;6,35;0,42;1,000-5,000 (small rural);ALT PENEDÉS;Barcelona;Cataluña/Catalunya
06152;Villalba de los Barros;1447,0;38,3;30-60 km;-6,39;-2,13;-1,7;1,000-5,000 (small rural);ALMENDRALEJO;Badajoz;Extremadura
20052;Legorreta;1449,0;26,49;<=30 km;-6,09;0,7;0,62;1,000-5,000 (small rural);TOLOSA;Gipuzkoa;País Vasco/Euskadi
15079;Santiso;1453,0;36,83;30-60 km;-13,44;-5,03;-4,97;1,000-5,000 (small rural);INTERIOR;A Coruña;Galicia
06115;La Roca de la Sierra;1453,0;25,6;<=30 km;-1,05;-2,1;0,76;1,000-5,000 (small rural);ALBURQUERQUE;Badajoz;Extremadura
10147;Piornal;1454,0;86,25;>60 km;-1,03;-2,94;-2,09;1,000-5,000 (small rural);PLASENCIA;Cáceres;Extremadura
09427;Villadiego;1455,0;35,6;30-60 km;-10,69;-2,82;-1,95;1,000-5,000 (small rural);PISUERGA;Burgos;Castilla y León
14051;Pedroche;1456,0;63,62;>60 km;-5,09;-2,49;-2,35;1,000-5,000 (small rural);PEDROCHES;Córdoba;Andalucía
19156;Jadraque;1458,0;37,9;30-60 km;-11,68;-3,56;5,42;1,000-5,000 (small rural);ALCARRIA ALTA;Guadalajara;Castilla-La Mancha
08193;Sant Iscle de Vallalta;1458,0;13,86;<=30 km;1,09;9,52;1,39;1,000-5,000 (small rural);MARESME;Barcelona;Cataluña/Catalunya
01054;Urkabustaiz;1462,0;22,97;<=30 km;0,38;5,84;3,39;1,000-5,000 (small rural);ESTRIBACIONES GORBEA;Araba/Álava;País Vasco/Euskadi
31189;Olazti/Olazagutía;1464,0;39,94;30-60 km;-10,5;-0,8;-1,41;1,000-5,000 (small rural);NORD OCCIDENTAL;Navarra;Comunidad Foral de Navarra
02046;Mahora;1465,0;31,51;30-60 km;-5,23;1,55;6,16;1,000-5,000 (small rural);MANCHUELA;Albacete;Castilla-La Mancha
20070;Segura;1465,0;38,52;30-60 km;-2,22;2,03;0,27;1,000-5,000 (small rural);GOIERRI;Gipuzkoa;País Vasco/Euskadi
02060;Peñas de San Pedro;1466,0;26,99;<=30 km;5,9;-0,7;3,97;1,000-5,000 (small rural);CENTRO;Albacete;Castilla-La Mancha
28055;Estremera;1467,0;32,91;30-60 km;-15,37;11,73;6,23;1,000-5,000 (small rural);VEGAS;Madrid;Comunidad de Madrid
17111;Navata;1469,0;26,03;<=30 km;6,52;9,22;2,44;1,000-5,000 (small rural);ALT EMPORDA;Girona;Cataluña/Catalunya
46012;Alborache;1471,0;20,58;<=30 km;-9,74;13,84;14,65;1,000-5,000 (small rural);HOYA DE BUÑOL;València/Valencia;Comunitat Valenciana
22025;Altorricón;1472,0;22,06;<=30 km;-4,83;2,27;2,15;1,000-5,000 (small rural);LA LITERA;Huesca;Aragón
32006;Bande;1473,0;36,14;30-60 km;-19,9;-6,35;-1,14;1,000-5,000 (small rural);VERIN;Ourense;Galicia
50181;Muel;1474,0;28,45;<=30 km;-7,67;7,73;2,65;1,000-5,000 (small rural);LA ALMUNIA DE DOÑA GODINA;Zaragoza;Aragón
46158;Macastre;1475,0;24,83;<=30 km;-7,83;7,9;10,24;1,000-5,000 (small rural);HOYA DE BUÑOL;València/Valencia;Comunitat Valenciana
01031;Laguardia;1478,0;13,6;<=30 km;-4,66;-2,72;0,96;1,000-5,000 (small rural);RIOJA ALAVESA;Araba/Álava;País Vasco/Euskadi
39046;Molledo;1480,0;22,39;<=30 km;-3,0;-3,24;-0,94;1,000-5,000 (small rural);PAS-IGUÑA;Cantabria;Cantabria
32040;Leiro;1481,0;22,15;<=30 km;-11,01;-4,61;-1,92;1,000-5,000 (small rural);ORENSE;Ourense;Galicia
10175;Serradilla;1482,0;56,01;30-60 km;-4,17;-4,15;-1,4;1,000-5,000 (small rural);PLASENCIA;Cáceres;Extremadura
28901;Lozoyuela-Navas-Sieteiglesias;1483,0;29,96;<=30 km;6,91;11,14;5,4;1,000-5,000 (small rural);LOZOYA SOMOSIERRA;Madrid;Comunidad de Madrid
10089;Guijo de Galisteo;1487,0;74,56;>60 km;-6,63;-1,05;-1,72;1,000-5,000 (small rural);CORIA;Cáceres;Extremadura
08247;Santa Eulàlia de Riuprimer;1487,0;35,99;30-60 km;14,78;7,64;5,54;1,000-5,000 (small rural);OSONA;Barcelona;Cataluña/Catalunya
32079;Taboadela;1488,0;12,55;<=30 km;-11,74;0,62;2,48;1,000-5,000 (small rural);ORENSE;Ourense;Galicia
09109;Condado de Treviño;1489,0;14,55;<=30 km;-8,35;4,73;5,16;1,000-5,000 (small rural);BUREBA-EBRO;Burgos;Castilla y León
24181;Valderas;1489,0;56,85;30-60 km;-14,39;-5,18;-5,46;1,000-5,000 (small rural);ESLA-CAMPOS;León;Castilla y León
24166;Soto de la Vega;1493,0;38,35;30-60 km;-10,8;-2,5;-1,65;1,000-5,000 (small rural);LA BAÑEZA;León;Castilla y León
48913;Zierbena;1493,0;6,47;<=30 km;3,96;1,61;-1,52;1,000-5,000 (small rural);VIZCAYA;Bizkaia;País Vasco/Euskadi
06046;Esparragalejo;1494,0;3,19;<=30 km;-5,8;1,03;1,36;1,000-5,000 (small rural);MERIDA;Badajoz;Extremadura
50018;Alfamén;1494,0;35,26;30-60 km;-7,42;0,35;3,32;1,000-5,000 (small rural);LA ALMUNIA DE DOÑA GODINA;Zaragoza;Aragón
40203;Torrecaballeros;1496,0;17,51;<=30 km;7,64;4,99;7,7;1,000-5,000 (small rural);SEGOVIA;Segovia;Castilla y León
47214;Villalón de Campos;1496,0;40,99;30-60 km;-12,59;-4,98;-1,97;1,000-5,000 (small rural);TIERRA DE CAMPOS;Valladolid;Castilla y León
45062;Escalonilla;1497,0;28,8;<=30 km;-6,28;-2,78;7,16;1,000-5,000 (small rural);TORRIJOS;Toledo;Castilla-La Mancha
46046;Barx;1498,0;9,01;<=30 km;-9,78;10,17;10,64;1,000-5,000 (small rural);GANDIA;València/Valencia;Comunitat Valenciana
27056;Rábade;1499,0;14,52;<=30 km;-12,35;1,53;-1,64;1,000-5,000 (small rural);CENTRAL;Lugo;Galicia
14003;Alcaracejos;1501,0;53,45;30-60 km;-3,17;0,54;1,35;1,000-5,000 (small rural);PEDROCHES;Córdoba;Andalucía
25078;Corbins;1502,0;10,22;<=30 km;2,47;4,75;0,2;1,000-5,000 (small rural);SEGRIA;Lleida;Cataluña/Catalunya
17120;Palau-saverdera;1503,0;43,39;30-60 km;-2,15;3,54;0,87;1,000-5,000 (small rural);ALT EMPORDA;Girona;Cataluña/Catalunya
14006;Añora;1503,0;54,7;30-60 km;0,06;0,13;-1,51;1,000-5,000 (small rural);PEDROCHES;Córdoba;Andalucía
17071;Fontcoberta;1503,0;17,03;<=30 km;9,79;-0,41;2,38;1,000-5,000 (small rural);PLA DE L'ESTANY;Girona;Cataluña/Catalunya
32007;Baños de Molgas;1504,0;22,3;<=30 km;-11,07;-4,14;1,42;1,000-5,000 (small rural);VERIN;Ourense;Galicia
48026;Dima;1505,0;23,29;<=30 km;7,67;1,73;2,24;1,000-5,000 (small rural);ARRATIA-NERVION;Bizkaia;País Vasco/Euskadi
50262;Torres de Berrellén;1506,0;21,12;<=30 km;-2,78;0,97;3,15;1,000-5,000 (small rural);ZARAGOZA;Zaragoza;Aragón
50057;Brea de Aragón;1506,0;58,16;30-60 km;-7,38;-6,37;-3,4;1,000-5,000 (small rural);CALATAYUD;Zaragoza;Aragón
27024;O Incio;1508,0;40,03;30-60 km;-14,78;-5,47;-0,85;1,000-5,000 (small rural);CENTRAL;Lugo;Galicia
32068;Ramirás;1508,0;22,33;<=30 km;-16,49;-2,14;0,07;1,000-5,000 (small rural);ORENSE;Ourense;Galicia
50045;Belchite;1509,0;42,88;30-60 km;-9,33;0,79;-2,01;1,000-5,000 (small rural);ZARAGOZA;Zaragoza;Aragón
08287;Torrelavit;1509,0;22,69;<=30 km;0,14;-0,07;5,6;1,000-5,000 (small rural);ALT PENEDÉS;Barcelona;Cataluña/Catalunya
23015;Bélmez de la Moraleda;1509,0;34,64;30-60 km;-9,25;-1,6;-2,14;1,000-5,000 (small rural);MAGINA;Jaén;Andalucía
37173;Lumbrales;1510,0;85,51;>60 km;-12,25;-4,26;-2,58;1,000-5,000 (small rural);VITIGUDINO;Salamanca;Castilla y León
41031;El Castillo de las Guardas;1511,0;46,21;30-60 km;-9,12;5,07;-0,07;1,000-5,000 (small rural);LA SIERRA NORTE;Sevilla;Andalucía
28102;Orusco de Tajuña;1511,0;19,96;<=30 km;-6,09;7,4;17,04;1,000-5,000 (small rural);VEGAS;Madrid;Comunidad de Madrid
16263;Villar de Olalla;1512,0;32,77;30-60 km;1,79;4,37;15,16;1,000-5,000 (small rural);SERRANIA MEDIA;Cuenca;Castilla-La Mancha
09211;Melgar de Fernamental;1513,0;48,03;30-60 km;-9,83;-3,6;-2,58;1,000-5,000 (small rural);PISUERGA;Burgos;Castilla y León
09289;Quintanar de la Sierra;1513,0;67,04;>60 km;-12,58;-5,56;-5,2;1,000-5,000 (small rural);DEMANDA;Burgos;Castilla y León
12106;Soneja;1513,0;16,66;<=30 km;-4,24;2,78;2,3;1,000-5,000 (small rural);PALANCIA;Castelló/Castellón;Comunitat Valenciana
09439;Villalbilla de Burgos;1514,0;7,5;<=30 km;21,12;3,41;4,13;1,000-5,000 (small rural);ARLANZON;Burgos;Castilla y León
46010;Albalat dels Tarongers;1516,0;6,96;<=30 km;1,92;10,15;14,5;1,000-5,000 (small rural);SAGUNTO;València/Valencia;Comunitat Valenciana
07017;Costitx;1516,0;22,96;<=30 km;10,06;8,5;9,93;1,000-5,000 (small rural);MALLORCA;Illes Balears;Illes Balears
22204;Sallent de Gállego;1516,0;72,18;>60 km;-5,99;3,83;-0,2;1,000-5,000 (small rural);JACETANIA;Huesca;Aragón
18035;Cádiar;1517,0;34,89;30-60 km;-10,05;1,57;1,68;1,000-5,000 (small rural);LAS ALPUJARRAS;Granada;Andalucía
37170;Ledesma;1517,0;34,38;30-60 km;-13,79;-5,07;-2,32;1,000-5,000 (small rural);LEDESMA;Salamanca;Castilla y León
28135;Santa María de la Alameda;1517,0;22,33;<=30 km;0,95;21,49;5,64;1,000-5,000 (small rural);GUADARRAMA;Madrid;Comunidad de Madrid
41066;Las Navas de la Concepción;1520,0;67,57;>60 km;-6,32;-2,72;-1,17;1,000-5,000 (small rural);LA SIERRA NORTE;Sevilla;Andalucía
27002;Alfoz;1523,0;56,76;30-60 km;-13,45;-8,37;-5,4;1,000-5,000 (small rural);COSTA;Lugo;Galicia
40225;Villacastín;1525,0;21,9;<=30 km;-9,34;-0,13;2,28;1,000-5,000 (small rural);SEGOVIA;Segovia;Castilla y León
33001;Allande;1530,0;69,46;>60 km;-13,07;-4,54;-5,56;1,000-5,000 (small rural);CANGAS DE NARCEA;Asturias;Principado de Asturias
41080;El Real de la Jara;1531,0;62,55;>60 km;-4,73;0,4;1,19;1,000-5,000 (small rural);LA SIERRA NORTE;Sevilla;Andalucía
16007;La Alberca de Záncara;1531,0;79,78;>60 km;-17,37;-0,57;-3,16;1,000-5,000 (small rural);MANCHA BAJA;Cuenca;Castilla-La Mancha
10111;Madrigal de la Vera;1533,0;51,6;30-60 km;-11,68;-1,82;-2,11;1,000-5,000 (small rural);JARAIZ DE LA VERA;Cáceres;Extremadura
04076;Purchena;1533,0;55,86;30-60 km;-7,62;0,93;-6,3;1,000-5,000 (small rural);ALTO ALMAZORA;Almería;Andalucía
32056;Padrenda;1534,0;33,88;30-60 km;-21,95;-6,03;-7,2;1,000-5,000 (small rural);ORENSE;Ourense;Galicia
33072;Teverga;1539,0;29,99;<=30 km;-13,01;-2,7;-2,84;1,000-5,000 (small rural);BELMONTE DE MIRANDA;Asturias;Principado de Asturias
25033;Artesa de Lleida;1539,0;13,75;<=30 km;0,2;-0,85;0,92;1,000-5,000 (small rural);SEGRIA;Lleida;Cataluña/Catalunya
20025;Zegama;1541,0;34,42;30-60 km;-1,16;2,04;-0,58;1,000-5,000 (small rural);GOIERRI;Gipuzkoa;País Vasco/Euskadi
27046;Pol;1542,0;24,58;<=30 km;-7,51;1,11;-5,63;1,000-5,000 (small rural);TERRA CHA;Lugo;Galicia
16102;Honrubia;1542,0;70,51;>60 km;-10,0;-5,64;2,32;1,000-5,000 (small rural);MANCHA ALTA;Cuenca;Castilla-La Mancha
46037;l'Alqueria de la Comtessa;1544,0;7,74;<=30 km;-5,5;4,44;4,25;1,000-5,000 (small rural);GANDIA;València/Valencia;Comunitat Valenciana
42025;Arcos de Jalón;1545,0;97,79;>60 km;-20,49;-0,81;4,6;1,000-5,000 (small rural);ARCOS DE JALON;Soria;Castilla y León
48067;Muxika;1545,0;20,41;<=30 km;-4,74;1,37;4,75;1,000-5,000 (small rural);GUERNIKA-BERMEO;Bizkaia;País Vasco/Euskadi
48014;Barrika;1549,0;6,05;<=30 km;0,59;0,84;-0,32;1,000-5,000 (small rural);MUNGUIA;Bizkaia;País Vasco/Euskadi
23033;Frailes;1551,0;35,67;30-60 km;-7,15;0,44;-3,0;1,000-5,000 (small rural);SIERRA SUR;Jaén;Andalucía
29026;Benamargosa;1552,0;9,64;<=30 km;-5,26;2,61;1,11;1,000-5,000 (small rural);VELEZ MALAGA;Málaga;Andalucía
02063;Pozohondo;1553,0;27,13;<=30 km;-7,86;-3,12;-1,96;1,000-5,000 (small rural);CENTRO;Albacete;Castilla-La Mancha
10064;Cilleros;1555,0;82,63;>60 km;-8,25;-2,0;-3,83;1,000-5,000 (small rural);CORIA;Cáceres;Extremadura
14033;Guadalcázar;1556,0;26,21;<=30 km;-1,53;-1,01;-0,38;1,000-5,000 (small rural);LAS COLONIAS;Córdoba;Andalucía
06117;Salvatierra de los Barros;1559,0;44,78;30-60 km;-4,89;-3,37;-3,05;1,000-5,000 (small rural);ALMENDRALEJO;Badajoz;Extremadura
46059;Benifairó de la Valldigna;1560,0;11,48;<=30 km;-3,74;-2,41;1,17;1,000-5,000 (small rural);GANDIA;València/Valencia;Comunitat Valenciana
17094;Llívia;1560,0;83,94;>60 km;-15,02;5,32;3,72;1,000-5,000 (small rural);CERDANYA;Girona;Cataluña/Catalunya
46066;Benirredrà;1561,0;3,05;<=30 km;-5,14;-1,84;0,9;1,000-5,000 (small rural);GANDIA;València/Valencia;Comunitat Valenciana
16903;Las Valeras;1564,0;47,25;30-60 km;-12,45;-2,44;5,75;1,000-5,000 (small rural);SERRANIA MEDIA;Cuenca;Castilla-La Mancha
01028;Labastida/Bastida;1565,0;28,93;<=30 km;-1,09;6,02;2,15;1,000-5,000 (small rural);RIOJA ALAVESA;Araba/Álava;País Vasco/Euskadi
31260;Valle de Yerri/Deierri;1566,0;32,17;30-60 km;-2,13;3,65;0,19;1,000-5,000 (small rural);TIERRA ESTELLA;Navarra;Comunidad Foral de Navarra
04037;Chirivel;1567,0;46,59;30-60 km;-15,06;-1,57;4,4;1,000-5,000 (small rural);LOS VELEZ;Almería;Andalucía
24049;Castropodame;1574,0;13,46;<=30 km;-6,72;-3,2;-1,93;1,000-5,000 (small rural);BIERZO;León;Castilla y León
42069;Covaleda;1574,0;66,96;>60 km;-5,92;-5,76;-2,9;1,000-5,000 (small rural);PINARES;Soria;Castilla y León
20014;Asteasu;1575,0;14,47;<=30 km;0,2;1,04;1,68;1,000-5,000 (small rural);TOLOSA;Gipuzkoa;País Vasco/Euskadi
13009;Aldea del Rey;1577,0;29,2;<=30 km;-13,76;-3,73;-1,31;1,000-5,000 (small rural);CAMPO DE CALATRAVA;Ciudad Real;Castilla-La Mancha
25053;Benavent de Segrià;1578,0;8,62;<=30 km;-7,15;4,43;2,94;1,000-5,000 (small rural);SEGRIA;Lleida;Cataluña/Catalunya
43142;Sarral;1583,0;35,7;30-60 km;-8,4;0,32;2,19;1,000-5,000 (small rural);CONCA DE BARBERA;Tarragona;Cataluña/Catalunya
25008;Albesa;1584,0;16,04;<=30 km;-4,47;-0,95;1,47;1,000-5,000 (small rural);NOGUERA;Lleida;Cataluña/Catalunya
08084;Fonollosa;1585,0;10,63;<=30 km;-0,35;3,89;6,02;1,000-5,000 (small rural);BAGES;Barcelona;Cataluña/Catalunya
23062;Montizón;1585,0;56,76;30-60 km;-8,01;-4,72;-3,06;1,000-5,000 (small rural);EL CONDADO;Jaén;Andalucía
32028;Cualedro;1586,0;49,66;30-60 km;-13,65;-3,59;-3,23;1,000-5,000 (small rural);VERIN;Ourense;Galicia
46045;Barxeta;1586,0;18,18;<=30 km;-4,37;0,0;-1,12;1,000-5,000 (small rural);LA COSTERA DE JATIVA;València/Valencia;Comunitat Valenciana
29035;Cañete la Real;1587,0;50,32;30-60 km;-14,02;-3,43;-2,82;1,000-5,000 (small rural);NORTE O ANTEQUERA;Málaga;Andalucía
23040;Lahiguera;1588,0;26,99;<=30 km;-6,34;-5,17;-3,87;1,000-5,000 (small rural);CAMPIÑA DEL NORTE;Jaén;Andalucía
04078;Rioja;1589,0;13,71;<=30 km;1,11;9,09;6,79;1,000-5,000 (small rural);CAMPO NIJAR Y BAJO ANDARAX;Almería;Andalucía
27064;O Vicedo;1589,0;52,14;30-60 km;-9,06;-3,83;-4,1;1,000-5,000 (small rural);COSTA;Lugo;Galicia
25113;Ivars d'Urgell;1590,0;32,73;30-60 km;-7,87;-0,26;2,38;1,000-5,000 (small rural);PLA D'URGELL;Lleida;Cataluña/Catalunya
27042;Paradela;1591,0;28,84;<=30 km;-10,49;-5,33;-7,66;1,000-5,000 (small rural);CENTRAL;Lugo;Galicia
29056;Gaucín;1591,0;18,92;<=30 km;-10,59;1,4;-0,25;1,000-5,000 (small rural);SERRANIA DE RONDA;Málaga;Andalucía
19245;Sacedón;1595,0;43,85;30-60 km;-17,23;0,72;4,25;1,000-5,000 (small rural);ALCARRIA BAJA;Guadalajara;Castilla-La Mancha
45140;Pulgar;1600,0;24,77;<=30 km;-8,53;-2,43;7,82;1,000-5,000 (small rural);SAGRA-TOLEDO;Toledo;Castilla-La Mancha
10044;Cañamero;1601,0;79,57;>60 km;-4,97;-0,73;-1,29;1,000-5,000 (small rural);LOGROSAN;Cáceres;Extremadura
22060;Binaced;1601,0;36,79;30-60 km;2,63;2,7;0,25;1,000-5,000 (small rural);LA LITERA;Huesca;Aragón
16118;Ledaña;1602,0;48,44;30-60 km;-16,29;-1,39;2,56;1,000-5,000 (small rural);MANCHUELA;Cuenca;Castilla-La Mancha
13002;Agudo;1604,0;73,37;>60 km;-7,82;-2,9;-2,08;1,000-5,000 (small rural);MONTES SUR;Ciudad Real;Castilla-La Mancha
26026;Baños de Río Tobía;1605,0;28,53;<=30 km;-5,6;-0,44;1,39;1,000-5,000 (small rural);RIOJA ALTA;La Rioja;La Rioja
29048;Cuevas del Becerro;1605,0;42,6;30-60 km;-10,17;0,38;0,25;1,000-5,000 (small rural);NORTE O ANTEQUERA;Málaga;Andalucía
49081;Fuentesaúco;1606,0;34,73;30-60 km;-18,75;7,85;-0,12;1,000-5,000 (small rural);DUERO BAJO;Zamora;Castilla y León
40077;Espirdo;1607,0;13,58;<=30 km;26,7;11,61;10,67;1,000-5,000 (small rural);SEGOVIA;Segovia;Castilla y León
43019;Ascó;1608,0;47,91;30-60 km;1,5;-3,76;-0,19;1,000-5,000 (small rural);RIBERA D'EBRE;Tarragona;Cataluña/Catalunya
19160;Loranca de Tajuña;1608,0;22,35;<=30 km;-14,44;16,43;15,19;1,000-5,000 (small rural);CAMPIÑA;Guadalajara;Castilla-La Mancha
10126;Montánchez;1608,0;29,98;<=30 km;-10,46;-4,5;-2,78;1,000-5,000 (small rural);CACERES;Cáceres;Extremadura
22059;Biescas;1609,0;56,47;30-60 km;-7,33;4,8;3,81;1,000-5,000 (small rural);JACETANIA;Huesca;Aragón
48097;Zaratamo;1611,0;7,7;<=30 km;-3,42;1,98;-2,19;1,000-5,000 (small rural);GRAN BILBAO;Bizkaia;País Vasco/Euskadi
01009;Asparrena;1611,0;30,75;30-60 km;-2,61;-0,61;-1,35;1,000-5,000 (small rural);LLANADA ALAVESA;Araba/Álava;País Vasco/Euskadi
17184;Santa Pau;1611,0;28,82;<=30 km;-3,25;0,76;1,64;1,000-5,000 (small rural);GARROTXA;Girona;Cataluña/Catalunya
47182;Valdestillas;1612,0;20,26;<=30 km;-6,46;-3,02;0,31;1,000-5,000 (small rural);SUR;Valladolid;Castilla y León
10019;Almaraz;1615,0;71,91;>60 km;8,55;-3,68;-5,0;1,000-5,000 (small rural);NAVALMORAL DE LA MATA;Cáceres;Extremadura
39032;Hermandad de Campoo de Suso;1616,0;38,58;30-60 km;-9,64;-1,41;0,75;1,000-5,000 (small rural);REINOSA;Cantabria;Cantabria
44158;Mora de Rubielos;1618,0;62,58;>60 km;-6,06;-0,13;5,13;1,000-5,000 (small rural);MAESTRAZGO;Teruel;Aragón
07028;Lloret de Vistalegre;1619,0;23,51;<=30 km;-1,01;13,65;10,51;1,000-5,000 (small rural);MALLORCA;Illes Balears;Illes Balears
27047;A Pobra do Brollón;1619,0;49,15;30-60 km;-15,69;-4,15;0,25;1,000-5,000 (small rural);SUR;Lugo;Galicia
29061;Istán;1622,0;12,34;<=30 km;-5,79;4,25;6,71;1,000-5,000 (small rural);CENTRO-SUR O GUADALORCE;Málaga;Andalucía
28175;Villamantilla;1624,0;21,7;<=30 km;26,91;6,62;7,27;1,000-5,000 (small rural);SUR OCCIDENTAL;Madrid;Comunidad de Madrid
06007;Alconchel;1626,0;46,65;30-60 km;-9,35;-2,93;-1,69;1,000-5,000 (small rural);OLIVENZA;Badajoz;Extremadura
19290;Trijueque;1626,0;22,52;<=30 km;-17,53;13,23;22,53;1,000-5,000 (small rural);ALCARRIA ALTA;Guadalajara;Castilla-La Mancha
46173;Montaverner;1626,0;22,69;<=30 km;-9,6;-0,06;-0,25;1,000-5,000 (small rural);VALLES DE ALBAIDA;València/Valencia;Comunitat Valenciana
31236;Ultzama;1628,0;21,81;<=30 km;-2,64;0,85;-2,46;1,000-5,000 (small rural);NORD OCCIDENTAL;Navarra;Comunidad Foral de Navarra
46120;Estivella;1631,0;8,23;<=30 km;2,46;4,12;9,39;1,000-5,000 (small rural);SAGUNTO;València/Valencia;Comunitat Valenciana
43150;Tivissa;1632,0;35,59;30-60 km;-8,06;0,0;-0,43;1,000-5,000 (small rural);RIBERA D'EBRE;Tarragona;Cataluña/Catalunya
48040;Gatika;1633,0;9,45;<=30 km;5,56;0,06;-2,45;1,000-5,000 (small rural);MUNGUIA;Bizkaia;País Vasco/Euskadi
26059;Entrena;1635,0;9,35;<=30 km;-0,27;6,19;1,36;1,000-5,000 (small rural);RIOJA MEDIA;La Rioja;La Rioja
36019;Fornelos de Montes;1637,0;19,96;<=30 km;-15,38;-2,8;2,7;1,000-5,000 (small rural);INTERIOR;Pontevedra;Galicia
05186;Piedrahíta;1637,0;61,76;>60 km;-9,48;-3,15;-6,67;1,000-5,000 (small rural);BARCO AVILA-PIEDRAHITA;Ávila;Castilla y León
18157;Pinos Genil;1638,0;8,25;<=30 km;4,33;4,76;7,91;1,000-5,000 (small rural);DE LA VEGA;Granada;Andalucía
24076;Garrafe de Torío;1640,0;17,03;<=30 km;11,98;7,73;3,21;1,000-5,000 (small rural);TIERRAS DE LEON;León;Castilla y León
45153;San Pablo de los Montes;1644,0;46,68;30-60 km;-14,16;-4,54;-4,59;1,000-5,000 (small rural);MONTES DE NAVAHERMOSA;Toledo;Castilla-La Mancha
29086;Sayalonga;1646,0;11,51;<=30 km;1,41;-2,65;1,98;1,000-5,000 (small rural);VELEZ MALAGA;Málaga;Andalucía
09124;Espinosa de los Monteros;1648,0;43,34;30-60 km;-16,77;-1,3;-1,55;1,000-5,000 (small rural);MERINDADES;Burgos;Castilla y León
33006;Bimenes;1649,0;12,67;<=30 km;-8,63;-0,53;-2,48;1,000-5,000 (small rural);OVIEDO;Asturias;Principado de Asturias
23017;Cabra del Santo Cristo;1651,0;46,03;30-60 km;-8,66;-2,93;-7,56;1,000-5,000 (small rural);MAGINA;Jaén;Andalucía
06116;Salvaleón;1656,0;40,2;30-60 km;-9,55;-6,0;-2,13;1,000-5,000 (small rural);JEREZ DE LOS CABALLEROS;Badajoz;Extremadura
48021;Busturia;1656,0;22,08;<=30 km;-5,63;0,73;0,42;1,000-5,000 (small rural);GUERNIKA-BERMEO;Bizkaia;País Vasco/Euskadi
46103;Quartell;1657,0;5,46;<=30 km;4,48;5,06;1,04;1,000-5,000 (small rural);SAGUNTO;València/Valencia;Comunitat Valenciana
04057;Laujar de Andarax;1658,0;31,11;30-60 km;-15,72;3,45;4,21;1,000-5,000 (small rural);ALTO ANDARAX;Almería;Andalucía
16198;Sisante;1660,0;55,08;30-60 km;-12,65;-1,46;2,53;1,000-5,000 (small rural);MANCHUELA;Cuenca;Castilla-La Mancha
02072;Socovos;1662,0;66,59;>60 km;-9,83;-2,23;-5,03;1,000-5,000 (small rural);SIERRA SEGURA;Albacete;Castilla-La Mancha
32091;Vilardevós;1662,0;69,8;>60 km;-9,67;-6,85;-6,68;1,000-5,000 (small rural);VERIN;Ourense;Galicia
45006;Alcaudete de la Jara;1662,0;20,01;<=30 km;-16,32;-3,46;1,09;1,000-5,000 (small rural);LA JARA;Toledo;Castilla-La Mancha
40101;Hontanares de Eresma;1662,0;9,46;<=30 km;29,32;6,98;10,65;1,000-5,000 (small rural);SEGOVIA;Segovia;Castilla y León
24094;Mansilla de las Mulas;1663,0;19,29;<=30 km;-9,33;-2,01;-2,63;1,000-5,000 (small rural);ESLA-CAMPOS;León;Castilla y León
26099;Murillo de Río Leza;1665,0;13,7;<=30 km;-8,56;-2,24;2,97;1,000-5,000 (small rural);RIOJA MEDIA;La Rioja;La Rioja
18162;Polopos;1671,0;16,72;<=30 km;-13,34;0,65;-2,51;1,000-5,000 (small rural);LA COSTA;Granada;Andalucía
21062;Rosal de la Frontera;1671,0;76,02;>60 km;-11,03;-1,46;-0,65;1,000-5,000 (small rural);SIERRA;Huelva;Andalucía
28094;Navalafuente;1672,0;17,98;<=30 km;7,63;12,6;6,29;1,000-5,000 (small rural);LOZOYA SOMOSIERRA;Madrid;Comunidad de Madrid
41002;Alanís;1673,0;78,07;>60 km;-4,2;-1,72;-2,51;1,000-5,000 (small rural);LA SIERRA NORTE;Sevilla;Andalucía
28178;Villanueva de Perales;1674,0;17,61;<=30 km;2,77;3,36;4,69;1,000-5,000 (small rural);SUR OCCIDENTAL;Madrid;Comunidad de Madrid
39064;Riotuerto;1675,0;18,91;<=30 km;-0,74;2,24;1,82;1,000-5,000 (small rural);COSTERA;Cantabria;Cantabria
46026;Alfarb;1676,0;15,0;<=30 km;-5,42;2,09;7,16;1,000-5,000 (small rural);HOYA DE BUÑOL;València/Valencia;Comunitat Valenciana
08049;Casserres;1676,0;33,04;30-60 km;-2,38;4,07;2,44;1,000-5,000 (small rural);BERGUEDA;Barcelona;Cataluña/Catalunya
10193;Torreorgaz;1676,0;16,4;<=30 km;-5,87;-0,12;0,06;1,000-5,000 (small rural);CACERES;Cáceres;Extremadura
46106;Chelva;1677,0;53,07;30-60 km;-9,92;5,67;5,94;1,000-5,000 (small rural);ALTO TURIA;València/Valencia;Comunitat Valenciana
45089;Malpica de Tajo;1678,0;24,17;<=30 km;-14,43;-1,33;-1,81;1,000-5,000 (small rural);TALAVERA;Toledo;Castilla-La Mancha
15028;Corcubión;1678,0;55,79;30-60 km;-9,9;1,77;4,48;1,000-5,000 (small rural);OCCIDENTAL;A Coruña;Galicia
06094;Oliva de Mérida;1679,0;42,2;30-60 km;-4,6;-1,38;-1,81;1,000-5,000 (small rural);MERIDA;Badajoz;Extremadura
03023;Beneixama;1679,0;21,69;<=30 km;-5,89;0,23;-1,64;1,000-5,000 (small rural);VINALOPO;Alacant/Alicante;Comunitat Valenciana
08082;Fogars de la Selva;1680,0;24,69;<=30 km;-3,34;4,98;9,09;1,000-5,000 (small rural);SELVA;Barcelona;Cataluña/Catalunya
12140;Viver;1680,0;40,39;30-60 km;-10,23;8,0;1,14;1,000-5,000 (small rural);PALANCIA;Castelló/Castellón;Comunitat Valenciana
17012;Avinyonet de Puigventós;1684,0;30,58;30-60 km;3,71;3,3;1,63;1,000-5,000 (small rural);ALT EMPORDA;Girona;Cataluña/Catalunya
23008;Arquillos;1685,0;22,87;<=30 km;-8,64;-3,34;-1,35;1,000-5,000 (small rural);EL CONDADO;Jaén;Andalucía
39098;Villacarriedo;1685,0;21,05;<=30 km;-7,03;1,31;3,69;1,000-5,000 (small rural);PAS-IGUÑA;Cantabria;Cantabria
23081;Segura de la Sierra;1688,0;87,41;>60 km;-8,6;-0,62;-4,69;1,000-5,000 (small rural);SIERRA DE SEGURA;Jaén;Andalucía
07902;Es Migjorn Gran;1690,0;121,6;>60 km;-11,14;9,49;12,67;1,000-5,000 (small rural);MENORCA;Illes Balears;Illes Balears
17110;Mont-ras;1690,0;27,97;<=30 km;-5,89;-1,12;1,08;1,000-5,000 (small rural);BAIX EMPORDA;Girona;Cataluña/Catalunya
17161;Sant Feliu de Pallerols;1692,0;30,04;30-60 km;0,9;8,41;16,21;1,000-5,000 (small rural);GARROTXA;Girona;Cataluña/Catalunya
33055;Ribadedeva;1693,0;42,56;30-60 km;-6,85;-1,93;-1,8;1,000-5,000 (small rural);LLANES;Asturias;Principado de Asturias
18063;Darro;1695,0;33,69;30-60 km;7,09;3,35;3,61;1,000-5,000 (small rural);GUADIX;Granada;Andalucía
22116;Grañén;1696,0;23,55;<=30 km;-12,07;-0,74;-2,53;1,000-5,000 (small rural);HOYA DE HUESCA;Huesca;Aragón
36007;Campo Lameiro;1697,0;14,24;<=30 km;-8,3;-2,05;-4,07;1,000-5,000 (small rural);INTERIOR;Pontevedra;Galicia
31908;Lekunberri;1697,0;30,01;30-60 km;1,97;5,8;4,5;1,000-5,000 (small rural);NORD OCCIDENTAL;Navarra;Comunidad Foral de Navarra
27021;Xermade;1698,0;41,34;30-60 km;-13,54;-3,97;-3,96;1,000-5,000 (small rural);TERRA CHA;Lugo;Galicia
11018;El Gastor;1698,0;45,94;30-60 km;-6,25;-0,98;-0,64;1,000-5,000 (small rural);SIERRA DE CADIZ;Cádiz;Andalucía
19225;Pozo de Guadalajara;1699,0;15,99;<=30 km;-5,26;9,69;22,05;1,000-5,000 (small rural);CAMPIÑA;Guadalajara;Castilla-La Mancha
19086;Cifuentes;1701,0;51,3;30-60 km;-17,07;-5,07;5,59;1,000-5,000 (small rural);ALCARRIA ALTA;Guadalajara;Castilla-La Mancha
07034;Mancor de la Vall;1702,0;26,16;<=30 km;9,44;7,84;8,48;1,000-5,000 (small rural);MALLORCA;Illes Balears;Illes Balears
23019;Campillo de Arenas;1703,0;26,33;<=30 km;-9,78;-2,3;-2,29;1,000-5,000 (small rural);SIERRA SUR;Jaén;Andalucía
40057;Coca;1703,0;46,83;30-60 km;-12,55;-2,71;-1,33;1,000-5,000 (small rural);CUELLAR;Segovia;Castilla y León
28120;Rascafría;1707,0;23,42;<=30 km;-15,77;5,47;-2,68;1,000-5,000 (small rural);LOZOYA SOMOSIERRA;Madrid;Comunidad de Madrid
10112;Madrigalejo;1708,0;69,28;>60 km;-4,34;-3,7;0,83;1,000-5,000 (small rural);LOGROSAN;Cáceres;Extremadura
13089;Villahermosa;1709,0;84,06;>60 km;-12,52;-4,53;-3,45;1,000-5,000 (small rural);CAMPO DE MONTIEL;Ciudad Real;Castilla-La Mancha
06051;Fuenlabrada de los Montes;1709,0;82,6;>60 km;-3,75;-4,58;-4,68;1,000-5,000 (small rural);HERRERA DUQUE;Badajoz;Extremadura
08028;Cabrera d'Anoia;1709,0;25,48;<=30 km;0,66;10,54;12,36;1,000-5,000 (small rural);ANOIA;Barcelona;Cataluña/Catalunya
32053;Oímbra;1711,0;61,54;>60 km;-11,1;-3,0;-0,12;1,000-5,000 (small rural);VERIN;Ourense;Galicia
48042;Gordexola;1711,0;12,72;<=30 km;-4,67;2,19;-0,7;1,000-5,000 (small rural);ENCARTACIONES;Bizkaia;País Vasco/Euskadi
33058;Riosa;1712,0;15,16;<=30 km;-8,25;-5,02;-6,75;1,000-5,000 (small rural);MIERES;Asturias;Principado de Asturias
08065;Castellví de la Marca;1716,0;13,74;<=30 km;-5,76;4,11;7,45;1,000-5,000 (small rural);ALT PENEDÉS;Barcelona;Cataluña/Catalunya
23065;Orcera;1717,0;84,43;>60 km;-6,95;-4,03;-2,5;1,000-5,000 (small rural);SIERRA DE SEGURA;Jaén;Andalucía
20015;Ataun;1717,0;38,43;30-60 km;1,08;1,68;1,18;1,000-5,000 (small rural);GOIERRI;Gipuzkoa;País Vasco/Euskadi
24064;Cubillos del Sil;1719,0;17,13;<=30 km;1,58;-2,34;-4,29;1,000-5,000 (small rural);BIERZO;León;Castilla y León
45167;El Toboso;1723,0;79,77;>60 km;-16,28;-4,71;1,41;1,000-5,000 (small rural);LA MANCHA;Toledo;Castilla-La Mancha
06136;Usagre;1723,0;67,52;>60 km;-7,89;-0,9;-2,16;1,000-5,000 (small rural);LLERENA;Badajoz;Extremadura
10018;Aliseda;1724,0;21,74;<=30 km;-6,46;-5,35;-1,54;1,000-5,000 (small rural);CACERES;Cáceres;Extremadura
12071;Jérica;1726,0;34,35;30-60 km;-5,14;6,25;4,61;1,000-5,000 (small rural);PALANCIA;Castelló/Castellón;Comunitat Valenciana
32004;Avión;1727,0;29,14;<=30 km;-26,42;-3,77;-0,63;1,000-5,000 (small rural);ORENSE;Ourense;Galicia
17006;Alp;1728,0;70,25;>60 km;-14,0;5,52;5,05;1,000-5,000 (small rural);CERDANYA;Girona;Cataluña/Catalunya
46002;Ador;1729,0;7,11;<=30 km;-9,21;27,21;-2,43;1,000-5,000 (small rural);GANDIA;València/Valencia;Comunitat Valenciana
21029;Cumbres Mayores;1729,0;87,83;>60 km;-6,99;-2,86;-0,29;1,000-5,000 (small rural);SIERRA;Huelva;Andalucía
50038;Ateca;1732,0;82,48;>60 km;-15,51;-3,57;0,17;1,000-5,000 (small rural);CALATAYUD;Zaragoza;Aragón
08097;Gualba;1738,0;20,94;<=30 km;8,46;7,02;9,65;1,000-5,000 (small rural);VALLES ORIENTAL;Barcelona;Cataluña/Catalunya
39078;Santiurde de Toranzo;1739,0;15,68;<=30 km;1,83;4,44;2,6;1,000-5,000 (small rural);PAS-IGUÑA;Cantabria;Cantabria
20078;Zaldibia;1740,0;32,38;30-60 km;4,02;1,43;6,36;1,000-5,000 (small rural);GOIERRI;Gipuzkoa;País Vasco/Euskadi
08013;Avinyonet del Penedès;1744,0;14,39;<=30 km;-3,33;1,92;2,53;1,000-5,000 (small rural);ALT PENEDÉS;Barcelona;Cataluña/Catalunya
24159;Santa Marina del Rey;1745,0;24,28;<=30 km;-7,9;-4,69;-5,57;1,000-5,000 (small rural);EL PARAMO;León;Castilla y León
17133;Les Planes d'Hostoles;1746,0;25,33;<=30 km;-4,63;3,07;2,05;1,000-5,000 (small rural);GARROTXA;Girona;Cataluña/Catalunya
10032;Brozas;1746,0;33,71;30-60 km;-7,68;-4,12;-2,46;1,000-5,000 (small rural);BROZAS;Cáceres;Extremadura
21004;Almonaster la Real;1751,0;60,05;>60 km;-0,05;-2,78;-1,96;1,000-5,000 (small rural);SIERRA;Huelva;Andalucía
10087;Guadalupe;1752,0;68,98;>60 km;-4,99;-3,44;-3,84;1,000-5,000 (small rural);LOGROSAN;Cáceres;Extremadura
24206;Toral de los Vados;1753,0;18,48;<=30 km;-12,95;-4,13;-3,1;1,000-5,000 (small rural);BIERZO;León;Castilla y León
15080;Sobrado;1754,0;35,83;30-60 km;-11,5;-1,17;-1,35;1,000-5,000 (small rural);INTERIOR;A Coruña;Galicia
27029;Meira;1756,0;34,95;30-60 km;-3,03;1,17;1,44;1,000-5,000 (small rural);TERRA CHA;Lugo;Galicia
39004;Arenas de Iguña;1756,0;18,18;<=30 km;-6,42;1,61;3,11;1,000-5,000 (small rural);PAS-IGUÑA;Cantabria;Cantabria
29031;El Burgo;1758,0;32,85;30-60 km;-5,57;-0,99;-2,6;1,000-5,000 (small rural);SERRANIA DE RONDA;Málaga;Andalucía
44122;Híjar;1760,0;71,12;>60 km;-9,35;3,63;-0,62;1,000-5,000 (small rural);BAJO ARAGON;Teruel;Aragón
32059;A Peroxa;1761,0;13,73;<=30 km;-12,71;-2,41;-3,56;1,000-5,000 (small rural);ORENSE;Ourense;Galicia
23020;Canena;1761,0;12,51;<=30 km;-8,85;-3,19;-3,35;1,000-5,000 (small rural);LA LOMA;Jaén;Andalucía
13033;Castellar de Santiago;1762,0;57,49;30-60 km;-10,96;-4,43;-3,87;1,000-5,000 (small rural);CAMPO DE MONTIEL;Ciudad Real;Castilla-La Mancha
10146;Pinofranqueado;1763,0;91,92;>60 km;9,44;-3,78;4,82;1,000-5,000 (small rural);HERVAS;Cáceres;Extremadura
19274;Torija;1764,0;16,41;<=30 km;-9,69;10,74;11,86;1,000-5,000 (small rural);ALCARRIA ALTA;Guadalajara;Castilla-La Mancha
24021;Boñar;1766,0;42,29;30-60 km;-10,08;-1,68;-2,91;1,000-5,000 (small rural);LA MONTAÑA DE RIAÑO;León;Castilla y León
17902;Forallac;1766,0;21,42;<=30 km;-4,31;-0,29;3,4;1,000-5,000 (small rural);BAIX EMPORDA;Girona;Cataluña/Catalunya
45034;Camuñas;1767,0;63,93;>60 km;-7,1;-0,8;2,38;1,000-5,000 (small rural);LA MANCHA;Toledo;Castilla-La Mancha
16033;Belmonte;1769,0;93,37;>60 km;-11,6;-6,6;-2,27;1,000-5,000 (small rural);MANCHA BAJA;Cuenca;Castilla-La Mancha
46215;Riola;1770,0;25,14;<=30 km;-4,8;2,65;-0,56;1,000-5,000 (small rural);RIBERAS DEL JUCAR;València/Valencia;Comunitat Valenciana
45078;Huerta de Valdecarábanos;1771,0;18,02;<=30 km;-12,76;0,12;5,23;1,000-5,000 (small rural);LA MANCHA;Toledo;Castilla-La Mancha
06125;Siruela;1771,0;95,61;>60 km;-10,41;-3,14;-4,37;1,000-5,000 (small rural);PUEBLA ALCOCER;Badajoz;Extremadura
13038;Chillón;1773,0;80,43;>60 km;-9,5;-2,95;-0,23;1,000-5,000 (small rural);MONTES SUR;Ciudad Real;Castilla-La Mancha
31038;Artajona;1774,0;27,26;<=30 km;-4,49;4,31;1,9;1,000-5,000 (small rural);NAVARRA MEDIA;Navarra;Comunidad Foral de Navarra
24148;San Justo de la Vega;1775,0;38,07;30-60 km;-5,63;-5,07;-0,28;1,000-5,000 (small rural);ASTORGA;León;Castilla y León
03116;Salinas;1775,0;8,63;<=30 km;0,19;3,6;8,1;1,000-5,000 (small rural);VINALOPO;Alacant/Alicante;Comunitat Valenciana
18912;Cuevas del Campo;1775,0;76,49;>60 km;-7,98;-1,8;1,89;1,000-5,000 (small rural);BAZA;Granada;Andalucía
29033;Canillas de Aceituno;1777,0;11,84;<=30 km;-25,42;5,19;4,28;1,000-5,000 (small rural);VELEZ MALAGA;Málaga;Andalucía
10020;Almoharín;1779,0;35,87;30-60 km;-7,83;-2,29;-0,95;1,000-5,000 (small rural);TRUJILLO;Cáceres;Extremadura
10061;Ceclavín;1781,0;57,07;30-60 km;-7,38;-2,86;-1,11;1,000-5,000 (small rural);BROZAS;Cáceres;Extremadura
45070;Guadamur;1782,0;12,44;<=30 km;-2,86;1,4;-1,33;1,000-5,000 (small rural);SAGRA-TOLEDO;Toledo;Castilla-La Mancha
31152;Lerín;1783,0;40,69;30-60 km;-11,22;2,9;0,45;1,000-5,000 (small rural);RIBERA ALTA ARAGON;Navarra;Comunidad Foral de Navarra
23064;Noalejo;1783,0;31,2;30-60 km;-6,3;-3,29;-5,36;1,000-5,000 (small rural);SIERRA SUR;Jaén;Andalucía
19151;Humanes;1784,0;23,34;<=30 km;-3,88;6,05;13,13;1,000-5,000 (small rural);CAMPIÑA;Guadalajara;Castilla-La Mancha
22254;Zaidín;1785,0;24,68;<=30 km;4,91;4,85;-4,03;1,000-5,000 (small rural);BAJO CINCA;Huesca;Aragón
06124;Segura de León;1792,0;88,56;>60 km;-6,94;-4,53;-2,29;1,000-5,000 (small rural);JEREZ DE LOS CABALLEROS;Badajoz;Extremadura
18053;Cortes de Baza;1793,0;83,28;>60 km;-14,35;-1,63;-4,12;1,000-5,000 (small rural);BAZA;Granada;Andalucía
45143;Quismondo;1798,0;37,1;30-60 km;-12,57;8,07;10,1;1,000-5,000 (small rural);TORRIJOS;Toledo;Castilla-La Mancha
15003;Aranga;1799,0;36,0;30-60 km;-8,42;-3,22;-1,85;1,000-5,000 (small rural);INTERIOR;A Coruña;Galicia
02034;Fuentealbilla;1799,0;42,98;30-60 km;-9,17;1,1;-2,02;1,000-5,000 (small rural);MANCHUELA;Albacete;Castilla-La Mancha
15010;Boimorto;1801,0;33,42;30-60 km;-7,73;-3,91;-7,31;1,000-5,000 (small rural);INTERIOR;A Coruña;Galicia
03129;Tibi;1803,0;11,71;<=30 km;-9,08;8,12;6,62;1,000-5,000 (small rural);VINALOPO;Alacant/Alicante;Comunitat Valenciana
10216;Zarza de Granadilla;1803,0;84,13;>60 km;-2,04;-1,7;0,61;1,000-5,000 (small rural);HERVAS;Cáceres;Extremadura
17025;Bordils;1804,0;9,34;<=30 km;-2,48;5,58;0,45;1,000-5,000 (small rural);GIRONES;Girona;Cataluña/Catalunya
49261;Villaralbo;1805,0;11,53;<=30 km;-0,96;-2,91;0,06;1,000-5,000 (small rural);DUERO BAJO;Zamora;Castilla y León
46084;Càrcer;1806,0;32,02;30-60 km;-7,59;-2,88;-0,88;1,000-5,000 (small rural);RIBERAS DEL JUCAR;València/Valencia;Comunitat Valenciana
49125;Moraleja del Vino;1806,0;15,46;<=30 km;5,21;2,05;3,79;1,000-5,000 (small rural);DUERO BAJO;Zamora;Castilla y León
06107;Puebla de Obando;1806,0;26,3;<=30 km;-4,37;-1,55;-1,79;1,000-5,000 (small rural);ALBURQUERQUE;Badajoz;Extremadura
43126;La Riera de Gaià;1807,0;8,09;<=30 km;1,61;2,12;4,03;1,000-5,000 (small rural);TARRAGONES;Tarragona;Cataluña/Catalunya
06004;Alange;1808,0;30,47;30-60 km;-5,17;-1,6;-2,27;1,000-5,000 (small rural);MERIDA;Badajoz;Extremadura
46162;Massalavés;1811,0;29,29;<=30 km;-2,44;3,62;10,97;1,000-5,000 (small rural);RIBERAS DEL JUCAR;València/Valencia;Comunitat Valenciana
20005;Alegia;1812,0;23,59;<=30 km;-1,8;2,09;2,84;1,000-5,000 (small rural);TOLOSA;Gipuzkoa;País Vasco/Euskadi
46187;Palma de Gandía;1816,0;4,71;<=30 km;-18,5;7,58;9,4;1,000-5,000 (small rural);GANDIA;València/Valencia;Comunitat Valenciana
15050;Monfero;1818,0;28,44;<=30 km;-8,86;-2,75;-4,72;1,000-5,000 (small rural);INTERIOR;A Coruña;Galicia
32042;Lobios;1820,0;55,35;30-60 km;-19,79;-3,46;8,85;1,000-5,000 (small rural);VERIN;Ourense;Galicia
32088;Vilamartín de Valdeorras;1822,0;40,65;30-60 km;-13,48;5,21;-0,82;1,000-5,000 (small rural);EL BARCO DE VALDEORRAS;Ourense;Galicia
27003;Antas de Ulla;1822,0;37,52;30-60 km;-9,49;-3,64;-5,84;1,000-5,000 (small rural);CENTRAL;Lugo;Galicia
16112;Huete;1822,0;54,91;30-60 km;-11,38;-1,74;4,35;1,000-5,000 (small rural);MANCHA ALTA;Cuenca;Castilla-La Mancha
28156;Valdeavero;1823,0;14,31;<=30 km;6,62;10,6;9,16;1,000-5,000 (small rural);CAMPIÑA;Madrid;Comunidad de Madrid
35025;Tejeda;1826,0;16,0;<=30 km;-11,4;-2,92;-2,09;1,000-5,000 (small rural);GRAN CANARIA;Las Palmas;Canarias
48068;Mundaka;1828,0;24,92;<=30 km;-4,02;1,47;-1,83;1,000-5,000 (small rural);GUERNIKA-BERMEO;Bizkaia;País Vasco/Euskadi
43144;La Secuita;1828,0;8,62;<=30 km;5,94;1,83;5,79;1,000-5,000 (small rural);TARRAGONES;Tarragona;Cataluña/Catalunya
18088;Guadahortuna;1830,0;42,01;30-60 km;-4,02;-4,42;-0,49;1,000-5,000 (small rural);IZNALLOZ;Granada;Andalucía
03061;Daya Nueva;1832,0;13,19;<=30 km;-15,29;2,27;4,27;1,000-5,000 (small rural);MERIDIONAL;Alacant/Alicante;Comunitat Valenciana
09048;Belorado;1834,0;40,9;30-60 km;-13,46;-3,41;4,56;1,000-5,000 (small rural);DEMANDA;Burgos;Castilla y León
09023;Arcos;1835,0;13,27;<=30 km;22,16;7,84;1,05;1,000-5,000 (small rural);ARLANZON;Burgos;Castilla y León
28056;Fresnedillas de la Oliva;1837,0;24,42;<=30 km;-1,96;12,1;5,45;1,000-5,000 (small rural);GUADARRAMA;Madrid;Comunidad de Madrid
24227;Villaturiel;1838,0;9,34;<=30 km;0,62;-0,64;-1,45;1,000-5,000 (small rural);ESLA-CAMPOS;León;Castilla y León
25149;Oliana;1839,0;58,96;30-60 km;-5,97;3,92;-0,97;1,000-5,000 (small rural);ALT URGELL;Lleida;Cataluña/Catalunya
31193;Cendea de Olza/Oltza Zendea;1842,0;9,39;<=30 km;11,96;1,41;-1,39;1,000-5,000 (small rural);CUENCA PAMPLONA;Navarra;Comunidad Foral de Navarra
01018;Zigoitia;1844,0;13,6;<=30 km;2,14;2,8;2,33;1,000-5,000 (small rural);ESTRIBACIONES GORBEA;Araba/Álava;País Vasco/Euskadi
39082;Selaya;1846,0;26,78;<=30 km;-5,9;-1,96;-0,43;1,000-5,000 (small rural);PAS-IGUÑA;Cantabria;Cantabria
17145;Ribes de Freser;1847,0;65,24;>60 km;-8,14;1,19;3,36;1,000-5,000 (small rural);RIPOLLES;Girona;Cataluña/Catalunya
33057;Ribera de Arriba;1852,0;5,04;<=30 km;-5,59;-0,32;0,05;1,000-5,000 (small rural);OVIEDO;Asturias;Principado de Asturias
32087;Vilamarín;1854,0;12,48;<=30 km;-10,27;-1,16;-1,49;1,000-5,000 (small rural);ORENSE;Ourense;Galicia
01004;Artziniega;1856,0;19,44;<=30 km;-0,76;-1,2;2,6;1,000-5,000 (small rural);CANTABRICA;Araba/Álava;País Vasco/Euskadi
06066;Higuera de Vargas;1856,0;51,37;30-60 km;-6,31;-1,03;-3,83;1,000-5,000 (small rural);OLIVENZA;Badajoz;Extremadura
45196;Villaseca de la Sagra;1859,0;16,16;<=30 km;-2,73;3,63;0,05;1,000-5,000 (small rural);SAGRA-TOLEDO;Toledo;Castilla-La Mancha
31221;Doneztebe/Santesteban;1860,0;22,42;<=30 km;3,16;5,61;1,86;1,000-5,000 (small rural);NORD OCCIDENTAL;Navarra;Comunidad Foral de Navarra
45110;Navalcán;1863,0;26,2;<=30 km;-13,51;-5,73;-3,22;1,000-5,000 (small rural);TALAVERA;Toledo;Castilla-La Mancha
02015;Barrax;1864,0;28,46;<=30 km;-9,26;-3,0;3,1;1,000-5,000 (small rural);CENTRO;Albacete;Castilla-La Mancha
12050;les Coves de Vinromà;1865,0;38,79;30-60 km;-10,4;-1,65;4,07;1,000-5,000 (small rural);BAJO MAESTRAZGO;Castelló/Castellón;Comunitat Valenciana
23047;La Iruela;1867,0;63,65;>60 km;-4,72;-2,22;-1,32;1,000-5,000 (small rural);SIERRA DE CAZORLA;Jaén;Andalucía
39031;Hazas de Cesto;1867,0;21,03;<=30 km;2,24;6,68;13,56;1,000-5,000 (small rural);COSTERA;Cantabria;Cantabria
31101;Ezcabarte;1870,0;6,2;<=30 km;7,28;0,28;3,37;1,000-5,000 (small rural);NORD OCCIDENTAL;Navarra;Comunidad Foral de Navarra
38052;Vilaflor de Chasna;1871,0;7,73;<=30 km;-11,8;8,75;4,58;1,000-5,000 (small rural);SUR DE TENERIFE;Santa Cruz de Tenerife;Canarias
18126;La Malahá;1872,0;15,94;<=30 km;1,53;-2,13;4,7;1,000-5,000 (small rural);ALHAMA;Granada;Andalucía
39005;Argoños;1872,0;27,45;<=30 km;0,06;6,44;2,07;1,000-5,000 (small rural);COSTERA;Cantabria;Cantabria
45037;El Carpio de Tajo;1873,0;32,87;30-60 km;-11,02;-2,94;3,08;1,000-5,000 (small rural);TORRIJOS;Toledo;Castilla-La Mancha
28183;Zarzalejo;1874,0;19,49;<=30 km;5,49;10,25;4,93;1,000-5,000 (small rural);GUADARRAMA;Madrid;Comunidad de Madrid
33054;Las Regueras;1875,0;11,29;<=30 km;-5,4;0,64;-0,11;1,000-5,000 (small rural);OVIEDO;Asturias;Principado de Asturias
43022;Batea;1877,0;63,27;>60 km;-9,86;-1,0;-0,11;1,000-5,000 (small rural);TERRA ALTA;Tarragona;Cataluña/Catalunya
25210;Soses;1881,0;14,01;<=30 km;-2,55;0,96;5,61;1,000-5,000 (small rural);SEGRIA;Lleida;Cataluña/Catalunya
09434;Villagonzalo Pedernales;1882,0;7,12;<=30 km;9,65;3,81;1,57;1,000-5,000 (small rural);ARLANZON;Burgos;Castilla y León
13092;Villanueva de la Fuente;1883,0;76,16;>60 km;-12,6;-6,5;-5,14;1,000-5,000 (small rural);CAMPO DE MONTIEL;Ciudad Real;Castilla-La Mancha
50222;Quinto;1884,0;45,0;30-60 km;-6,89;-0,56;-2,74;1,000-5,000 (small rural);ZARAGOZA;Zaragoza;Aragón
06141;Valencia del Ventoso;1885,0;74,82;>60 km;-6,99;-3,83;-2,38;1,000-5,000 (small rural);LLERENA;Badajoz;Extremadura
38021;Hermigua;1887,0;46,55;30-60 km;-19,0;-2,11;6,79;1,000-5,000 (small rural);ISLA DE LA GOMERA;Santa Cruz de Tenerife;Canarias
02056;Ontur;1890,0;50,86;30-60 km;-9,16;-3,21;-3,72;1,000-5,000 (small rural);HELLIN;Albacete;Castilla-La Mancha
20046;Irura;1895,0;15,47;<=30 km;12,6;0,81;0,96;1,000-5,000 (small rural);TOLOSA;Gipuzkoa;País Vasco/Euskadi
45113;Los Navalucillos;1897,0;44,59;30-60 km;-13,39;-7,37;-5,67;1,000-5,000 (small rural);LA JARA;Toledo;Castilla-La Mancha
34083;Herrera de Pisuerga;1898,0;56,15;30-60 km;-9,94;-5,83;0,48;1,000-5,000 (small rural);BOEDO-OJEDA;Palencia;Castilla y León
33010;Candamo;1899,0;16,54;<=30 km;-6,54;-0,91;-3,46;1,000-5,000 (small rural);GRADO;Asturias;Principado de Asturias
25025;Naut Aran;1899,0;122,27;>60 km;1,19;8,44;-2,16;1,000-5,000 (small rural);VAL D'ARAN;Lleida;Cataluña/Catalunya
07053;Santa Eugènia;1899,0;12,37;<=30 km;0,79;3,17;10,15;1,000-5,000 (small rural);MALLORCA;Illes Balears;Illes Balears
38014;Fuencaliente de la Palma;1900,0;117,41;>60 km;-11,02;2,75;8,2;1,000-5,000 (small rural);ISLA DE LA PALMA;Santa Cruz de Tenerife;Canarias
06059;Granja de Torrehermosa;1900,0;95,47;>60 km;-8,13;-3,72;-3,31;1,000-5,000 (small rural);AZUAGA;Badajoz;Extremadura
34217;Villalobón;1900,0;8,35;<=30 km;14,73;7,02;7,47;1,000-5,000 (small rural);CAMPOS;Palencia;Castilla y León
25204;Seròs;1902,0;27,49;<=30 km;-0,79;1,8;-1,09;1,000-5,000 (small rural);SEGRIA;Lleida;Cataluña/Catalunya
10109;Logrosán;1903,0;84,21;>60 km;-2,64;-3,14;-2,11;1,000-5,000 (small rural);LOGROSAN;Cáceres;Extremadura
27063;O Valadouro;1906,0;60,07;>60 km;-8,17;-2,2;-2,76;1,000-5,000 (small rural);COSTA;Lugo;Galicia
46055;Beniarjó;1907,0;5,91;<=30 km;-1,46;1,95;7,13;1,000-5,000 (small rural);GANDIA;València/Valencia;Comunitat Valenciana
33008;Cabrales;1908,0;64,23;>60 km;-9,83;-3,0;-1,75;1,000-5,000 (small rural);CANGAS DE ONIS;Asturias;Principado de Asturias
34123;Paredes de Nava;1911,0;23,04;<=30 km;-7,19;-2,85;1,92;1,000-5,000 (small rural);CAMPOS;Palencia;Castilla y León
29010;Almargen;1913,0;57,9;30-60 km;-6,18;-2,02;-1,59;1,000-5,000 (small rural);NORTE O ANTEQUERA;Málaga;Andalucía
25099;Golmés;1916,0;28,81;<=30 km;9,52;-0,48;3,29;1,000-5,000 (small rural);PLA D'URGELL;Lleida;Cataluña/Catalunya
32047;A Merca;1916,0;14,72;<=30 km;-13,02;1,47;-1,19;1,000-5,000 (small rural);ORENSE;Ourense;Galicia
43090;El Montmell;1917,0;21,08;<=30 km;-6,89;20,39;10,81;1,000-5,000 (small rural);BAIX PENEDES;Tarragona;Cataluña/Catalunya
28019;Belmonte de Tajo;1917,0;19,64;<=30 km;7,18;7,62;9,48;1,000-5,000 (small rural);VEGAS;Madrid;Comunidad de Madrid
50094;Daroca;1919,0;75,1;>60 km;-11,63;-4,11;0,26;1,000-5,000 (small rural);DAROCA;Zaragoza;Aragón
46161;Marines;1921,0;23,28;<=30 km;1,42;3,61;1,43;1,000-5,000 (small rural);CAMPOS DE LIRIA;València/Valencia;Comunitat Valenciana
47101;Nava del Rey;1925,0;42,09;30-60 km;-1,8;-3,48;-2,18;1,000-5,000 (small rural);SUR;Valladolid;Castilla y León
17139;Les Preses;1925,0;35,01;30-60 km;1,09;6,35;2,67;1,000-5,000 (small rural);GARROTXA;Girona;Cataluña/Catalunya
29009;Almáchar;1927,0;9,47;<=30 km;-3,77;2,28;4,56;1,000-5,000 (small rural);VELEZ MALAGA;Málaga;Andalucía
15027;Coirós;1931,0;25,84;<=30 km;1,69;2,69;3,1;1,000-5,000 (small rural);SEPTENTRIONAL;A Coruña;Galicia
45171;La Torre de Esteban Hambrán;1932,0;32,4;30-60 km;-5,36;-0,53;14,12;1,000-5,000 (small rural);TORRIJOS;Toledo;Castilla-La Mancha
14044;Monturque;1933,0;42,78;30-60 km;-0,35;-0,81;-0,77;1,000-5,000 (small rural);CAMPIÑA ALTA;Córdoba;Andalucía
04098;Vélez-Blanco;1933,0;32,54;30-60 km;-15,73;0,41;-0,67;1,000-5,000 (small rural);LOS VELEZ;Almería;Andalucía
44008;Albalate del Arzobispo;1933,0;69,12;>60 km;-6,48;-1,35;-2,23;1,000-5,000 (small rural);BAJO ARAGON;Teruel;Aragón
18099;Huétor de Santillán;1938,0;16,93;<=30 km;0,48;0,8;2,16;1,000-5,000 (small rural);DE LA VEGA;Granada;Andalucía
36014;Crecente;1938,0;32,21;30-60 km;-17,8;-3,49;-1,17;1,000-5,000 (small rural);MIÑO;Pontevedra;Galicia
12128;Vilafamés;1938,0;14,04;<=30 km;-6,61;0,38;5,33;1,000-5,000 (small rural);LLANOS CENTRALES;Castelló/Castellón;Comunitat Valenciana
24105;Onzonilla;1942,0;7,88;<=30 km;1,02;1,2;4,58;1,000-5,000 (small rural);ESLA-CAMPOS;León;Castilla y León
33039;Muros de Nalón;1942,0;14,52;<=30 km;-4,13;4,06;1,09;1,000-5,000 (small rural);GRADO;Asturias;Principado de Asturias
28017;Batres;1943,0;11,09;<=30 km;6,06;11,11;6,76;1,000-5,000 (small rural);SUR OCCIDENTAL;Madrid;Comunidad de Madrid
42164;San Leonardo de Yagüe;1949,0;75,85;>60 km;-8,84;-0,24;-4,55;1,000-5,000 (small rural);PINARES;Soria;Castilla y León
43160;Vallmoll;1951,0;12,71;<=30 km;3,09;3,16;8,81;1,000-5,000 (small rural);ALT CAMP;Tarragona;Cataluña/Catalunya
06902;Pueblonuevo del Guadiana;1953,0;10,4;<=30 km;-1,65;-2,16;-1,81;1,000-5,000 (small rural);BADAJOZ;Badajoz;Extremadura
10082;Garrovillas de Alconétar;1959,0;35,83;30-60 km;-5,7;-4,82;0,2;1,000-5,000 (small rural);CACERES;Cáceres;Extremadura
23049;Jabalquinto;1961,0;13,3;<=30 km;-12,72;-2,75;-2,58;1,000-5,000 (small rural);CAMPIÑA DEL NORTE;Jaén;Andalucía
02075;Valdeganga;1961,0;26,72;<=30 km;0,77;0,21;0,72;1,000-5,000 (small rural);MANCHUELA;Albacete;Castilla-La Mancha
24170;Torre del Bierzo;1968,0;21,71;<=30 km;-15,81;-3,84;-5,34;1,000-5,000 (small rural);BIERZO;León;Castilla y León
32063;A Pobra de Trives;1968,0;50,53;30-60 km;-12,46;-4,86;-2,33;1,000-5,000 (small rural);EL BARCO DE VALDEORRAS;Ourense;Galicia
18046;Castril;1968,0;81,43;>60 km;-8,7;-4,99;-2,48;1,000-5,000 (small rural);HUESCAR;Granada;Andalucía
12016;Artana;1971,0;10,91;<=30 km;-0,55;0,61;0,05;1,000-5,000 (small rural);LA PLANA;Castelló/Castellón;Comunitat Valenciana
28027;Buitrago del Lozoya;1973,0;37,39;30-60 km;-10,78;3,47;1,7;1,000-5,000 (small rural);LOZOYA SOMOSIERRA;Madrid;Comunidad de Madrid
18188;Villanueva Mesía;1979,0;37,21;30-60 km;-5,8;0,69;-2,89;1,000-5,000 (small rural);DE LA VEGA;Granada;Andalucía
38016;Garafía;1983,0;137,59;>60 km;-7,21;11,5;9,38;1,000-5,000 (small rural);ISLA DE LA PALMA;Santa Cruz de Tenerife;Canarias
04045;Fiñana;1984,0;49,23;30-60 km;-15,63;-0,75;0,35;1,000-5,000 (small rural);RIO NACIMIENTO;Almería;Andalucía
09330;Salas de los Infantes;1984,0;47,85;30-60 km;-8,19;1,28;0,2;1,000-5,000 (small rural);DEMANDA;Burgos;Castilla y León
32076;San Cristovo de Cea;1989,0;17,36;<=30 km;-14,92;-5,43;-4,01;1,000-5,000 (small rural);ORENSE;Ourense;Galicia
39038;Limpias;1991,0;32,89;30-60 km;-0,92;5,03;1,53;1,000-5,000 (small rural);COSTERA;Cantabria;Cantabria
06005;La Albuera;1992,0;18,15;<=30 km;-1,32;-0,15;-1,68;1,000-5,000 (small rural);BADAJOZ;Badajoz;Extremadura
10014;Aldeanueva de la Vera;1997,0;76,39;>60 km;-4,6;-2,4;-1,87;1,000-5,000 (small rural);JARAIZ DE LA VERA;Cáceres;Extremadura
11019;Grazalema;1998,0;40,44;30-60 km;-4,81;-1,12;-1,58;1,000-5,000 (small rural);SIERRA DE CADIZ;Cádiz;Andalucía
34047;Carrión de los Condes;1999,0;38,42;30-60 km;-4,64;-4,06;-0,6;1,000-5,000 (small rural);CAMPOS;Palencia;Castilla y León
25240;Vallfogona de Balaguer;2000,0;24,97;<=30 km;1,08;1,49;4,6;1,000-5,000 (small rural);NOGUERA;Lleida;Cataluña/Catalunya
12100;Sant Mateu;2004,0;55,24;30-60 km;-7,55;-0,3;1,83;1,000-5,000 (small rural);BAJO MAESTRAZGO;Castelló/Castellón;Comunitat Valenciana
20901;Mendaro;2004,0;32,39;30-60 km;4,3;-1,34;1,06;1,000-5,000 (small rural);BAJO DEBA;Gipuzkoa;País Vasco/Euskadi
29099;Viñuela;2006,0;10,8;<=30 km;3,28;1,24;-1,91;1,000-5,000 (small rural);VELEZ MALAGA;Málaga;Andalucía
24196;Vega de Espinareda;2007,0;31,76;30-60 km;-10,78;-6,18;0,1;1,000-5,000 (small rural);BIERZO;León;Castilla y León
45166;Tembleque;2009,0;38,58;30-60 km;-14,13;-1,45;2,14;1,000-5,000 (small rural);LA MANCHA;Toledo;Castilla-La Mancha
38901;El Pinar de El Hierro;2010,0;137,24;>60 km;-1,55;6,08;3,82;1,000-5,000 (small rural);ISLA DE HIERRO;Santa Cruz de Tenerife;Canarias
38007;Barlovento;2014,0;130,65;>60 km;-16,67;3,56;4,84;1,000-5,000 (small rural);ISLA DE LA PALMA;Santa Cruz de Tenerife;Canarias
21018;El Campillo;2014,0;54,14;30-60 km;-7,47;-1,96;0,9;1,000-5,000 (small rural);ANDEVALO ORIENTAL;Huelva;Andalucía
17189;La Cellera de Ter;2014,0;19,6;<=30 km;-4,7;-0,15;2,08;1,000-5,000 (small rural);SELVA;Girona;Cataluña/Catalunya
28042;Colmenar del Arroyo;2015,0;25,52;<=30 km;7,51;11,28;7,47;1,000-5,000 (small rural);SUR OCCIDENTAL;Madrid;Comunidad de Madrid
07063;Valldemossa;2016,0;18,41;<=30 km;-2,84;4,99;-1,27;1,000-5,000 (small rural);MALLORCA;Illes Balears;Illes Balears
43009;Alforja;2019,0;14,74;<=30 km;-3,59;3,08;9,55;1,000-5,000 (small rural);BAIX CAMP;Tarragona;Cataluña/Catalunya
18136;Montejícar;2020,0;34,91;30-60 km;-10,61;-4,21;-2,51;1,000-5,000 (small rural);IZNALLOZ;Granada;Andalucía
06020;Bienvenida;2021,0;75,41;>60 km;-7,33;-1,93;-3,16;1,000-5,000 (small rural);LLERENA;Badajoz;Extremadura
06037;La Codosera;2025,0;49,26;30-60 km;-8,15;-3,3;-1,17;1,000-5,000 (small rural);ALBURQUERQUE;Badajoz;Extremadura
05022;El Barraco;2027,0;24,74;<=30 km;-9,2;4,45;2,74;1,000-5,000 (small rural);VALLE BAJO ALBERCHE;Ávila;Castilla y León
07045;Puigpunyent;2035,0;8,64;<=30 km;1,37;4,58;-1,07;1,000-5,000 (small rural);MALLORCA;Illes Balears;Illes Balears
02051;Montealegre del Castillo;2038,0;53,14;30-60 km;-9,94;-0,2;0,0;1,000-5,000 (small rural);ALMANSA;Albacete;Castilla-La Mancha
41001;Aguadulce;2042,0;70,9;>60 km;-5,45;-0,2;0,99;1,000-5,000 (small rural);DE ESTEPA;Sevilla;Andalucía
46128;la Font de la Figuera;2043,0;36,35;30-60 km;-7,48;-0,64;0,89;1,000-5,000 (small rural);LA COSTERA DE JATIVA;València/Valencia;Comunitat Valenciana
10130;Navaconcejo;2044,0;88,88;>60 km;-1,18;1,6;0,44;1,000-5,000 (small rural);PLASENCIA;Cáceres;Extremadura
27009;Carballedo;2044,0;20,36;<=30 km;-12,61;-5,01;-3,72;1,000-5,000 (small rural);SUR;Lugo;Galicia
17132;Peralada;2047,0;38,81;30-60 km;0,7;4,12;5,24;1,000-5,000 (small rural);ALT EMPORDA;Girona;Cataluña/Catalunya
48052;Larrabetzu;2047,0;12,56;<=30 km;5,39;2,56;-1,63;1,000-5,000 (small rural);GRAN BILBAO;Bizkaia;País Vasco/Euskadi
32052;Nogueira de Ramuín;2048,0;15,83;<=30 km;-14,62;2,78;-0,92;1,000-5,000 (small rural);ORENSE;Ourense;Galicia
12034;Càlig;2048,0;62,18;>60 km;-12,39;2,93;2,3;1,000-5,000 (small rural);LITORAL NORTE;Castelló/Castellón;Comunitat Valenciana
03025;Benferri;2053,0;11,41;<=30 km;-0,1;0,93;4,85;1,000-5,000 (small rural);MERIDIONAL;Alacant/Alicante;Comunitat Valenciana
10177;Sierra de Fuentes;2056,0;16,11;<=30 km;-3,33;-0,6;3,63;1,000-5,000 (small rural);CACERES;Cáceres;Extremadura
21069;Santa Olalla del Cala;2061,0;58,86;30-60 km;-8,54;1,5;1,33;1,000-5,000 (small rural);SIERRA;Huelva;Andalucía
24162;Santovenia de la Valdoncina;2064,0;6,34;<=30 km;4,65;-1,38;-0,72;1,000-5,000 (small rural);TIERRAS DE LEON;León;Castilla y León
20011;Antzuola;2069,0;37,48;30-60 km;-1,65;-2,57;-0,58;1,000-5,000 (small rural);ALTO DEBA;Gipuzkoa;País Vasco/Euskadi
38003;Alajeró;2071,0;52,08;30-60 km;-1,64;2,04;1,17;1,000-5,000 (small rural);ISLA DE LA GOMERA;Santa Cruz de Tenerife;Canarias
41073;El Pedroso;2074,0;46,3;30-60 km;-6,84;0,05;1,77;1,000-5,000 (small rural);LA SIERRA NORTE;Sevilla;Andalucía
18914;Valderrubio;2077,0;21,27;<=30 km;;-1,29;0,87;1,000-5,000 (small rural);DE LA VEGA;Granada;Andalucía
23080;Santo Tomé;2077,0;55,85;30-60 km;-11,08;-1,67;-1,94;1,000-5,000 (small rural);SIERRA DE CAZORLA;Jaén;Andalucía
06155;Villar del Rey;2080,0;27,71;<=30 km;-7,2;-3,0;-1,09;1,000-5,000 (small rural);ALBURQUERQUE;Badajoz;Extremadura
25029;Arbeca;2081,0;31,16;30-60 km;-10,51;-0,97;-2,8;1,000-5,000 (small rural);GARRIGUES;Lleida;Cataluña/Catalunya
13098;Viso del Marqués;2081,0;46,31;30-60 km;-13,68;-5,88;-6,43;1,000-5,000 (small rural);PASTOS;Ciudad Real;Castilla-La Mancha
18050;Cogollos de la Vega;2084,0;12,81;<=30 km;2,96;-1,42;3,42;1,000-5,000 (small rural);DE LA VEGA;Granada;Andalucía
14047;Obejo;2085,0;25,47;<=30 km;1,31;1,76;2,96;1,000-5,000 (small rural);LA SIERRA;Córdoba;Andalucía
01058;Legutio;2086,0;15,08;<=30 km;6,01;6,63;4,67;1,000-5,000 (small rural);ESTRIBACIONES GORBEA;Araba/Álava;País Vasco/Euskadi
20010;Anoeta;2087,0;15,78;<=30 km;12,5;2,56;0,05;1,000-5,000 (small rural);TOLOSA;Gipuzkoa;País Vasco/Euskadi
50152;Maella;2089,0;69,93;>60 km;-0,69;2,74;1,31;1,000-5,000 (small rural);CASPE;Zaragoza;Aragón
24061;Cuadros;2090,0;16,64;<=30 km;-1,63;1,93;1,6;1,000-5,000 (small rural);TIERRAS DE LEON;León;Castilla y León
26046;Cenicero;2091,0;16,47;<=30 km;-3,12;3,44;-0,71;1,000-5,000 (small rural);RIOJA ALTA;La Rioja;La Rioja
46065;Beniparrell;2091,0;6,37;<=30 km;-1,6;4,82;3,31;1,000-5,000 (small rural);HUERTA DE VALENCIA;València/Valencia;Comunitat Valenciana
08265;Sant Vicenç de Torelló;2092,0;48,17;30-60 km;-2,49;3,13;0,72;1,000-5,000 (small rural);OSONA;Barcelona;Cataluña/Catalunya
08146;Olesa de Bonesvalls;2093,0;13,09;<=30 km;-1,59;7,61;8,84;1,000-5,000 (small rural);ALT PENEDÉS;Barcelona;Cataluña/Catalunya
39041;Mazcuerras;2093,0;12,05;<=30 km;0,19;-1,89;0,62;1,000-5,000 (small rural);COSTERA;Cantabria;Cantabria
45045;Cazalegas;2098,0;13,59;<=30 km;-5,37;7,48;13,16;1,000-5,000 (small rural);TALAVERA;Toledo;Castilla-La Mancha
26061;Ezcaray;2098,0;52,12;30-60 km;-1,97;2,42;1,06;1,000-5,000 (small rural);SIERRA RIOJA ALTA;La Rioja;La Rioja
27027;Lourenzá;2098,0;55,35;30-60 km;-9,19;-2,38;-1,46;1,000-5,000 (small rural);COSTA;Lugo;Galicia
08066;Castellví de Rosanes;2106,0;10,1;<=30 km;1,9;7,02;5,51;1,000-5,000 (small rural);BAIX LLOBREGAT;Barcelona;Cataluña/Catalunya
23082;Siles;2109,0;87,24;>60 km;-5,96;-2,34;-4,53;1,000-5,000 (small rural);SIERRA DE SEGURA;Jaén;Andalucía
10212;Villanueva de la Vera;2110,0;54,45;30-60 km;-1,28;3,32;-0,19;1,000-5,000 (small rural);JARAIZ DE LA VERA;Cáceres;Extremadura
45154;San Román de los Montes;2112,0;14,36;<=30 km;3,45;5,24;7,26;1,000-5,000 (small rural);TALAVERA;Toledo;Castilla-La Mancha
45112;Los Navalmorales;2120,0;33,21;30-60 km;-4,14;-14,22;-3,72;1,000-5,000 (small rural);LA JARA;Toledo;Castilla-La Mancha
10205;Valverde del Fresno;2121,0;99,39;>60 km;-3,29;-6,77;-3,15;1,000-5,000 (small rural);CORIA;Cáceres;Extremadura
18907;Valle del Zalabí;2122,0;53,58;30-60 km;-7,3;-1,31;0,24;1,000-5,000 (small rural);GUADIX;Granada;Andalucía
03080;Jacarilla;2122,0;5,48;<=30 km;-7,09;2,22;4,53;1,000-5,000 (small rural);MERIDIONAL;Alacant/Alicante;Comunitat Valenciana
27048;A Pontenova;2124,0;47,53;30-60 km;-14,71;-3,33;-3,76;1,000-5,000 (small rural);COSTA;Lugo;Galicia
10035;Cabezuela del Valle;2127,0;84,93;>60 km;-7,33;-0,46;-0,65;1,000-5,000 (small rural);PLASENCIA;Cáceres;Extremadura
08237;Sant Quirze de Besora;2127,0;51,93;30-60 km;-4,95;1,8;-0,84;1,000-5,000 (small rural);OSONA;Barcelona;Cataluña/Catalunya
45040;El Casar de Escalona;2128,0;29,29;<=30 km;-19,54;2,75;18,82;1,000-5,000 (small rural);TORRIJOS;Toledo;Castilla-La Mancha
21077;Villarrasa;2128,0;30,28;30-60 km;-0,87;2,37;-3,4;1,000-5,000 (small rural);CONDADO CAMPIÑA;Huelva;Andalucía
27059;Sober;2129,0;29,1;<=30 km;-7,07;-2,52;-5,08;1,000-5,000 (small rural);SUR;Lugo;Galicia
29013;Alozaina;2130,0;24,15;<=30 km;-11,07;3,72;1,91;1,000-5,000 (small rural);CENTRO-SUR O GUADALORCE;Málaga;Andalucía
31142;Larraga;2133,0;34,34;30-60 km;-4,67;2,33;1,19;1,000-5,000 (small rural);NAVARRA MEDIA;Navarra;Comunidad Foral de Navarra
39011;Bareyo;2133,0;17,33;<=30 km;-4,24;7,96;0,19;1,000-5,000 (small rural);COSTERA;Cantabria;Cantabria
04083;Serón;2133,0;54,81;30-60 km;-12,64;0,2;4,61;1,000-5,000 (small rural);ALTO ALMAZORA;Almería;Andalucía
09907;Alfoz de Quintanadueñas;2133,0;8,21;<=30 km;3,62;7,77;-1,39;1,000-5,000 (small rural);ARLANZON;Burgos;Castilla y León
45025;Cabañas de la Sagra;2137,0;15,58;<=30 km;-9,71;9,28;9,31;1,000-5,000 (small rural);SAGRA-TOLEDO;Toledo;Castilla-La Mancha
47066;Fuensaldaña;2137,0;5,52;<=30 km;10,45;21,71;7,06;1,000-5,000 (small rural);CENTRO;Valladolid;Castilla y León
45137;La Pueblanueva;2138,0;13,19;<=30 km;-5,5;-0,87;-1,43;1,000-5,000 (small rural);TALAVERA;Toledo;Castilla-La Mancha
12129;Vilafranca/Villafranca del Cid;2139,0;51,76;30-60 km;-10,29;-1,17;-2,82;1,000-5,000 (small rural);ALTO MAESTRAZGO;Castelló/Castellón;Comunitat Valenciana
39026;Corvera de Toranzo;2139,0;15,61;<=30 km;-6,21;0,64;4,14;1,000-5,000 (small rural);PAS-IGUÑA;Cantabria;Cantabria
26120;Quel;2139,0;44,45;30-60 km;-4,06;2,07;3,13;1,000-5,000 (small rural);RIOJA BAJA;La Rioja;La Rioja
20016;Aia;2141,0;14,33;<=30 km;4,05;-1,2;4,13;1,000-5,000 (small rural);UROLA COSTA;Gipuzkoa;País Vasco/Euskadi
17150;Riudellots de la Selva;2142,0;10,68;<=30 km;0,35;0,83;3,18;1,000-5,000 (small rural);SELVA;Girona;Cataluña/Catalunya
23905;Arroyo del Ojanco;2143,0;69,82;>60 km;-6,7;-3,44;-4,46;1,000-5,000 (small rural);SIERRA DE SEGURA;Jaén;Andalucía
40170;Riaza;2144,0;75,46;>60 km;-15,02;1,72;0,42;1,000-5,000 (small rural);SEPULVEDA;Segovia;Castilla y León
08038;Callús;2145,0;9,49;<=30 km;6,55;0,14;2,24;1,000-5,000 (small rural);BAGES;Barcelona;Cataluña/Catalunya
39024;Comillas;2146,0;20,78;<=30 km;-9,48;-1,81;1,37;1,000-5,000 (small rural);COSTERA;Cantabria;Cantabria
28037;Cenicientos;2148,0;43,43;30-60 km;-4,98;5,2;3,12;1,000-5,000 (small rural);SUR OCCIDENTAL;Madrid;Comunidad de Madrid
06039;La Coronada;2148,0;66,79;>60 km;-1,84;-0,32;-1,24;1,000-5,000 (small rural);DON BENITO;Badajoz;Extremadura
05187;Piedralaves;2150,0;38,27;30-60 km;-8,4;3,84;0,66;1,000-5,000 (small rural);VALLE DEL TIETAR;Ávila;Castilla y León
30014;Campos del Río;2151,0;16,73;<=30 km;-9,16;0,78;4,37;1,000-5,000 (small rural);CENTRO;Murcia;Región de Murcia
39091;Valdáliga;2152,0;24,6;<=30 km;-4,64;-1,55;-0,23;1,000-5,000 (small rural);COSTERA;Cantabria;Cantabria
06055;Fuentes de León;2158,0;90,38;>60 km;-6,88;-2,9;-3,83;1,000-5,000 (small rural);JEREZ DE LOS CABALLEROS;Badajoz;Extremadura
45071;La Guardia;2160,0;25,7;<=30 km;-7,18;-0,45;-2,96;1,000-5,000 (small rural);LA MANCHA;Toledo;Castilla-La Mancha
15038;Frades;2163,0;24,67;<=30 km;-7,1;-3,31;-6,2;1,000-5,000 (small rural);INTERIOR;A Coruña;Galicia
28168;El Vellón;2166,0;19,5;<=30 km;4,2;7,26;3,98;1,000-5,000 (small rural);LOZOYA SOMOSIERRA;Madrid;Comunidad de Madrid
05163;Navaluenga;2172,0;29,92;<=30 km;-13,15;13,68;1,73;1,000-5,000 (small rural);VALLE BAJO ALBERCHE;Ávila;Castilla y León
08290;Ullastrell;2176,0;5,05;<=30 km;7,88;1,3;3,82;1,000-5,000 (small rural);VALLES OCCIDENTAL;Barcelona;Cataluña/Catalunya
08016;Bagà;2182,0;62,16;>60 km;-9,4;-0,33;1,72;1,000-5,000 (small rural);BERGUEDA;Barcelona;Cataluña/Catalunya
05102;El Hoyo de Pinares;2183,0;27,07;<=30 km;-8,51;-0,05;0,92;1,000-5,000 (small rural);VALLE BAJO ALBERCHE;Ávila;Castilla y León
46148;Loriguilla;2186,0;43,08;30-60 km;17,73;2,17;7,84;1,000-5,000 (small rural);ALTO TURIA;València/Valencia;Comunitat Valenciana
23071;Puente de Génave;2188,0;76,89;>60 km;-4,89;-0,6;1,02;1,000-5,000 (small rural);SIERRA DE SEGURA;Jaén;Andalucía
18192;Zafarraya;2189,0;24,88;<=30 km;-5,31;1,9;4,44;1,000-5,000 (small rural);ALHAMA;Granada;Andalucía
25230;Torregrossa;2194,0;19,76;<=30 km;-2,19;-1,51;1,72;1,000-5,000 (small rural);PLA D'URGELL;Lleida;Cataluña/Catalunya
21043;Jabugo;2196,0;72,85;>60 km;-4,24;-0,49;-2,27;1,000-5,000 (small rural);SIERRA;Huelva;Andalucía
31064;Cadreita;2197,0;65,4;>60 km;-4,92;2,61;7,43;1,000-5,000 (small rural);RIBERA ALTA ARAGON;Navarra;Comunidad Foral de Navarra
32013;Boborás;2199,0;25,83;<=30 km;-19,11;-4,05;-0,32;1,000-5,000 (small rural);ORENSE;Ourense;Galicia
04070;Oria;2199,0;52,42;30-60 km;-21,68;-1,03;-0,72;1,000-5,000 (small rural);ALTO ALMAZORA;Almería;Andalucía
06087;Monterrubio de la Serena;2199,0;93,35;>60 km;-8,85;-4,27;-4,89;1,000-5,000 (small rural);CASTUERA;Badajoz;Extremadura
18164;Puebla de Don Fadrique;2202,0;62,47;>60 km;-4,43;-2,84;-1,12;1,000-5,000 (small rural);HUESCAR;Granada;Andalucía
06067;Higuera la Real;2202,0;81,69;>60 km;-6,78;-2,74;0,0;1,000-5,000 (small rural);JEREZ DE LOS CABALLEROS;Badajoz;Extremadura
45059;Dosbarrios;2203,0;22,3;<=30 km;-6,34;2,82;-2,65;1,000-5,000 (small rural);LA MANCHA;Toledo;Castilla-La Mancha
25158;El Palau d'Anglesola;2205,0;23,5;<=30 km;0,51;1,94;0,0;1,000-5,000 (small rural);PLA D'URGELL;Lleida;Cataluña/Catalunya
46104;Quatretonda;2206,0;14,82;<=30 km;-7,85;-4,15;2,8;1,000-5,000 (small rural);VALLES DE ALBAIDA;València/Valencia;Comunitat Valenciana
37117;Doñinos de Salamanca;2209,0;5,6;<=30 km;16,08;8,0;-0,23;1,000-5,000 (small rural);SALAMANCA;Salamanca;Castilla y León
25209;Sort;2213,0;99,26;>60 km;-9,83;0,79;1,47;1,000-5,000 (small rural);PALLARS SOBIRA;Lleida;Cataluña/Catalunya
06019;Berlanga;2214,0;90,82;>60 km;-3,56;-2,29;-3,99;1,000-5,000 (small rural);AZUAGA;Badajoz;Extremadura
21047;Manzanilla;2216,0;43,58;30-60 km;-9,74;3,51;2,97;1,000-5,000 (small rural);CONDADO CAMPIÑA;Huelva;Andalucía
02057;Ossa de Montiel;2216,0;75,73;>60 km;-8,71;-4,72;-1,12;1,000-5,000 (small rural);MANCHA;Albacete;Castilla-La Mancha
27001;Abadín;2217,0;41,72;30-60 km;-11,42;-5,4;-3,48;1,000-5,000 (small rural);TERRA CHA;Lugo;Galicia
31105;Fitero;2222,0;67,41;>60 km;-10,32;3,17;6,78;1,000-5,000 (small rural);RIBERA BAJA;Navarra;Comunidad Foral de Navarra
24039;Carrizo;2222,0;22,22;<=30 km;-9,64;-0,13;-1,94;1,000-5,000 (small rural);ASTORGA;León;Castilla y León
06133;Torremejía;2222,0;20,58;<=30 km;1,66;-0,66;-1,2;1,000-5,000 (small rural);MERIDA;Badajoz;Extremadura
07049;Sant Joan;2228,0;28,61;<=30 km;3,98;4,9;1,97;1,000-5,000 (small rural);MALLORCA;Illes Balears;Illes Balears
50165;Mequinenza;2232,0;43,79;30-60 km;-6,01;-0,39;-2,62;1,000-5,000 (small rural);CASPE;Zaragoza;Aragón
14024;Encinas Reales;2234,0;56,81;30-60 km;-4,61;-1,27;-0,98;1,000-5,000 (small rural);CAMPIÑA ALTA;Córdoba;Andalucía
06080;Medellín;2237,0;36,72;30-60 km;-2,93;-1,27;-0,45;1,000-5,000 (small rural);DON BENITO;Badajoz;Extremadura
21030;Chucena;2238,0;39,05;30-60 km;5,03;0,45;-0,18;1,000-5,000 (small rural);CONDADO CAMPIÑA;Huelva;Andalucía
17178;Sant Pere Pescador;2241,0;30,94;30-60 km;-3,23;2,16;7,59;1,000-5,000 (small rural);ALT EMPORDA;Girona;Cataluña/Catalunya
46261;Yátova;2242,0;32,45;30-60 km;-4,06;1,88;6,16;1,000-5,000 (small rural);HOYA DE BUÑOL;València/Valencia;Comunitat Valenciana
08011;Avià;2243,0;38,39;30-60 km;0,18;-2,27;2,0;1,000-5,000 (small rural);BERGUEDA;Barcelona;Cataluña/Catalunya
09321;Roa;2244,0;62,3;>60 km;-7,9;0,5;2,19;1,000-5,000 (small rural);LA RIBERA;Burgos;Castilla y León
36047;Rodeiro;2244,0;34,61;30-60 km;-15,39;-5,9;-4,96;1,000-5,000 (small rural);MONTAÑA;Pontevedra;Galicia
18029;Benamaurel;2246,0;83,6;>60 km;-5,42;-0,57;-1,66;1,000-5,000 (small rural);BAZA;Granada;Andalucía
23072;La Puerta de Segura;2246,0;80,5;>60 km;-8,37;-3,81;-0,18;1,000-5,000 (small rural);SIERRA DE SEGURA;Jaén;Andalucía
11011;El Bosque;2249,0;41,49;30-60 km;1,42;2,58;1,17;1,000-5,000 (small rural);SIERRA DE CADIZ;Cádiz;Andalucía
25007;Albatàrrec;2251,0;7,82;<=30 km;11,52;-4,75;1,21;1,000-5,000 (small rural);SEGRIA;Lleida;Cataluña/Catalunya
39048;Penagos;2254,0;14,66;<=30 km;10,92;2,85;3,97;1,000-5,000 (small rural);COSTERA;Cantabria;Cantabria
26047;Cervera del Río Alhama;2255,0;65,03;>60 km;-13,24;0,65;-2,51;1,000-5,000 (small rural);RIOJA BAJA;La Rioja;La Rioja
02010;Alpera;2260,0;53,67;30-60 km;-6,07;0,44;-1,09;1,000-5,000 (small rural);ALMANSA;Albacete;Castilla-La Mancha
25051;Bellver de Cerdanya;2260,0;71,91;>60 km;-12,7;7,88;5,85;1,000-5,000 (small rural);CERDANYA;Lleida;Cataluña/Catalunya
43031;Les Borges del Camp;2260,0;9,24;<=30 km;-3,08;1,15;7,41;1,000-5,000 (small rural);BAIX CAMP;Tarragona;Cataluña/Catalunya
21023;El Cerro de Andévalo;2260,0;49,0;30-60 km;-1,23;-2,89;-2,59;1,000-5,000 (small rural);ANDEVALO OCCIDENTAL;Huelva;Andalucía
08094;La Granada;2263,0;15,62;<=30 km;5,86;3,62;2,54;1,000-5,000 (small rural);ALT PENEDÉS;Barcelona;Cataluña/Catalunya
08083;Folgueroles;2263,0;38,74;30-60 km;3,1;-0,31;-0,26;1,000-5,000 (small rural);OSONA;Barcelona;Cataluña/Catalunya
16905;Arcas;2264,0;29,02;<=30 km;12,96;12,13;21,26;1,000-5,000 (small rural);SERRANIA MEDIA;Cuenca;Castilla-La Mancha
20043;Idiazabal;2268,0;39,6;30-60 km;1,05;-1,04;-0,57;1,000-5,000 (small rural);GOIERRI;Gipuzkoa;País Vasco/Euskadi
18119;Lecrín;2268,0;23,16;<=30 km;-8,01;4,47;3,23;1,000-5,000 (small rural);VALLE DE LECRIN;Granada;Andalucía
25052;Bellvís;2269,0;20,42;<=30 km;-5,32;-0,35;0,49;1,000-5,000 (small rural);PLA D'URGELL;Lleida;Cataluña/Catalunya
16124;Las Mesas;2271,0;86,31;>60 km;-9,69;-0,77;-1,69;1,000-5,000 (small rural);MANCHA BAJA;Cuenca;Castilla-La Mancha
28179;Villar del Olmo;2277,0;17,94;<=30 km;-7,16;12,4;2,99;1,000-5,000 (small rural);CAMPIÑA;Madrid;Comunidad de Madrid
08254;L'Esquirol;2277,0;39,9;30-60 km;-2,48;2,66;3,59;1,000-5,000 (small rural);OSONA;Barcelona;Cataluña/Catalunya
39006;Arnuero;2279,0;22,31;<=30 km;-0,14;1,71;6,3;1,000-5,000 (small rural);COSTERA;Cantabria;Cantabria
36020;Agolada;2282,0;41,91;30-60 km;-16,92;-5,99;2,42;1,000-5,000 (small rural);MONTAÑA;Pontevedra;Galicia
34056;Cervera de Pisuerga;2284,0;62,25;>60 km;-8,88;-1,21;-0,17;1,000-5,000 (small rural);CERVERA;Palencia;Castilla y León
04044;Fines;2286,0;54,75;30-60 km;-13,62;8,43;5,83;1,000-5,000 (small rural);ALTO ALMAZORA;Almería;Andalucía
08025;El Bruc;2288,0;13,36;<=30 km;-0,2;7,4;5,1;1,000-5,000 (small rural);ANOIA;Barcelona;Cataluña/Catalunya
47193;Viana de Cega;2292,0;16,23;<=30 km;2,69;5,99;6,11;1,000-5,000 (small rural);CENTRO;Valladolid;Castilla y León
06058;La Garrovilla;2292,0;7,86;<=30 km;-3,04;-2,79;-1,8;1,000-5,000 (small rural);MERIDA;Badajoz;Extremadura
05021;El Barco de Ávila;2297,0;68,63;>60 km;-10,74;-2,96;-0,04;1,000-5,000 (small rural);BARCO AVILA-PIEDRAHITA;Ávila;Castilla y León
14015;Carcabuey;2299,0;56,66;30-60 km;-7,18;-3,26;-3,16;1,000-5,000 (small rural);PENIBETICA;Córdoba;Andalucía
31032;Arguedas;2303,0;70,07;>60 km;-4,21;-0,22;-0,3;1,000-5,000 (small rural);RIBERA BAJA;Navarra;Comunidad Foral de Navarra
41904;El Palmar de Troya;2306,0;3,07;<=30 km;;;-1,45;1,000-5,000 (small rural);LA CAMPIÑA;Sevilla;Andalucía
08246;Santa Eugènia de Berga;2308,0;35,03;30-60 km;-1,53;1,48;2,17;1,000-5,000 (small rural);OSONA;Barcelona;Cataluña/Catalunya
39043;Meruelo;2311,0;20,15;<=30 km;13,95;9,69;6,3;1,000-5,000 (small rural);COSTERA;Cantabria;Cantabria
03904;San Isidro;2312,0;13,32;<=30 km;-0,72;11,02;7,74;1,000-5,000 (small rural);MERIDIONAL;Alacant/Alicante;Comunitat Valenciana
08012;Avinyó;2313,0;19,99;<=30 km;-3,49;1,6;1,18;1,000-5,000 (small rural);BAGES;Barcelona;Cataluña/Catalunya
31057;Buñuel;2315,0;54,36;30-60 km;-6,22;0,67;3,44;1,000-5,000 (small rural);RIBERA BAJA;Navarra;Comunidad Foral de Navarra
46063;Benimodo;2316,0;24,73;<=30 km;-2,66;0,54;2,8;1,000-5,000 (small rural);RIBERAS DEL JUCAR;València/Valencia;Comunitat Valenciana
31904;Irurtzun;2316,0;18,6;<=30 km;-4,21;3,94;0,87;1,000-5,000 (small rural);NORD OCCIDENTAL;Navarra;Comunidad Foral de Navarra
22907;Aínsa-Sobrarbe;2317,0;49,55;30-60 km;-4,66;7,48;0,22;1,000-5,000 (small rural);SOBRARBE;Huesca;Aragón
46058;Benifairó de les Valls;2318,0;3,81;<=30 km;0,23;4,61;2,2;1,000-5,000 (small rural);SAGUNTO;València/Valencia;Comunitat Valenciana
21032;Escacena del Campo;2318,0;40,26;30-60 km;8,52;0,7;1,05;1,000-5,000 (small rural);CONDADO CAMPIÑA;Huelva;Andalucía
25232;Torres de Segre;2318,0;12,37;<=30 km;3,68;3,21;-2,65;1,000-5,000 (small rural);SEGRIA;Lleida;Cataluña/Catalunya
18068;Dílar;2319,0;15,16;<=30 km;11,5;5,17;8,52;1,000-5,000 (small rural);DE LA VEGA;Granada;Andalucía
16125;Minglanilla;2322,0;67,26;>60 km;-17,61;1,18;3,8;1,000-5,000 (small rural);MANCHUELA;Cuenca;Castilla-La Mancha
14004;Almedinilla;2323,0;49,94;30-60 km;-2,19;-2,37;-1,23;1,000-5,000 (small rural);PENIBETICA;Córdoba;Andalucía
28060;Fuentidueña de Tajo;2328,0;31,61;30-60 km;-2,32;12,24;4,49;1,000-5,000 (small rural);VEGAS;Madrid;Comunidad de Madrid
32081;Toén;2333,0;7,99;<=30 km;-8,75;0,25;-1,73;1,000-5,000 (small rural);ORENSE;Ourense;Galicia
46150;Llutxent;2335,0;11,76;<=30 km;-6,74;-2,44;0,86;1,000-5,000 (small rural);VALLES DE ALBAIDA;València/Valencia;Comunitat Valenciana
18012;Algarinejo;2335,0;54,63;30-60 km;-21,56;-5,83;-4,3;1,000-5,000 (small rural);MONTEFRIO;Granada;Andalucía
14065;La Victoria;2335,0;21,64;<=30 km;-0,39;2,28;-0,04;1,000-5,000 (small rural);LAS COLONIAS;Córdoba;Andalucía
24175;Valdefresno;2335,0;8,7;<=30 km;5,4;1,42;5,75;1,000-5,000 (small rural);TIERRAS DE LEON;León;Castilla y León
18167;Purullena;2338,0;38,74;30-60 km;3,05;0,35;0,78;1,000-5,000 (small rural);GUADIX;Granada;Andalucía
27041;Pantón;2340,0;26,37;<=30 km;-12,64;-4,33;-3,66;1,000-5,000 (small rural);SUR;Lugo;Galicia
16251;Villanueva de la Jara;2340,0;52,1;30-60 km;-5,2;-1,04;2,63;1,000-5,000 (small rural);MANCHUELA;Cuenca;Castilla-La Mancha
14026;Espiel;2341,0;45,54;30-60 km;0,57;-0,57;-3,42;1,000-5,000 (small rural);LA SIERRA;Córdoba;Andalucía
46146;Xeresa;2341,0;3,33;<=30 km;-6,81;5,17;3,77;1,000-5,000 (small rural);GANDIA;València/Valencia;Comunitat Valenciana
24015;Benavides;2342,0;30,63;30-60 km;-10,19;-2,84;-3,46;1,000-5,000 (small rural);ASTORGA;León;Castilla y León
45134;Portillo de Toledo;2346,0;30,46;30-60 km;-4,98;1,6;5,53;1,000-5,000 (small rural);TORRIJOS;Toledo;Castilla-La Mancha
08061;Castellgalí;2347,0;4,81;<=30 km;2,59;6,14;7,71;1,000-5,000 (small rural);BAGES;Barcelona;Cataluña/Catalunya
45001;Ajofrín;2350,0;15,85;<=30 km;-2,77;-0,36;5,1;1,000-5,000 (small rural);MONTE DE LOS YEBENES;Toledo;Castilla-La Mancha
46209;Rafelguaraf;2350,0;20,67;<=30 km;-5,45;-0,51;-0,34;1,000-5,000 (small rural);LA COSTERA DE JATIVA;València/Valencia;Comunitat Valenciana
46090;Castelló de Rugat;2352,0;18,83;<=30 km;-4,61;1,8;1,55;1,000-5,000 (small rural);VALLES DE ALBAIDA;València/Valencia;Comunitat Valenciana
28035;Carabaña;2352,0;17,46;<=30 km;-4,72;12,44;9,8;1,000-5,000 (small rural);VEGAS;Madrid;Comunidad de Madrid
31104;Falces;2353,0;45,78;30-60 km;-12,29;0,43;1,6;1,000-5,000 (small rural);RIBERA ALTA ARAGON;Navarra;Comunidad Foral de Navarra
08165;La Pobla de Claramunt;2353,0;21,71;<=30 km;-3,48;1,38;6,62;1,000-5,000 (small rural);ANOIA;Barcelona;Cataluña/Catalunya
38029;Puntagorda;2355,0;139,78;>60 km;-0,94;7,77;5,42;1,000-5,000 (small rural);ISLA DE LA PALMA;Santa Cruz de Tenerife;Canarias
16171;El Provencio;2358,0;75,25;>60 km;-11,09;-0,08;-2,4;1,000-5,000 (small rural);MANCHA BAJA;Cuenca;Castilla-La Mancha
48903;Loiu;2359,0;7,18;<=30 km;-5,22;-2,19;-0,17;1,000-5,000 (small rural);GRAN BILBAO;Bizkaia;País Vasco/Euskadi
25048;Bell-lloc d'Urgell;2359,0;16,02;<=30 km;-5,11;1,75;1,29;1,000-5,000 (small rural);PLA D'URGELL;Lleida;Cataluña/Catalunya
37376;Vitigudino;2361,0;63,06;>60 km;-10,85;-5,04;-2,03;1,000-5,000 (small rural);VITIGUDINO;Salamanca;Castilla y León
22054;Benasque;2362,0;100,02;>60 km;-5,14;3,8;5,49;1,000-5,000 (small rural);RIBARGORZA;Huesca;Aragón
10113;Madroñera;2364,0;62,32;>60 km;-7,59;-5,74;-3,35;1,000-5,000 (small rural);TRUJILLO;Cáceres;Extremadura
14023;Dos Torres;2365,0;70,23;>60 km;-5,05;-0,7;-1,42;1,000-5,000 (small rural);PEDROCHES;Córdoba;Andalucía
47122;Portillo;2368,0;26,72;<=30 km;-4,73;-2,89;-0,63;1,000-5,000 (small rural);SURESTE;Valladolid;Castilla y León
16249;Villamayor de Santiago;2370,0;71,58;>60 km;-15,18;-2,22;-3,89;1,000-5,000 (small rural);MANCHA BAJA;Cuenca;Castilla-La Mancha
01063;Zuia;2372,0;19,17;<=30 km;-4,46;0,22;2,33;1,000-5,000 (small rural);ESTRIBACIONES GORBEA;Araba/Álava;País Vasco/Euskadi
29090;Tolox;2374,0;19,06;<=30 km;-11,99;5,76;7,76;1,000-5,000 (small rural);CENTRO-SUR O GUADALORCE;Málaga;Andalucía
39069;San Felices de Buelna;2376,0;7,22;<=30 km;4,44;-1,34;0,89;1,000-5,000 (small rural);PAS-IGUÑA;Cantabria;Cantabria
02012;Balazote;2379,0;22,67;<=30 km;-4,51;0,13;0,68;1,000-5,000 (small rural);CENTRO;Albacete;Castilla-La Mancha
25173;El Pont de Suert;2380,0;86,71;>60 km;-10,01;5,19;2,1;1,000-5,000 (small rural);ALTA RIBAGORÇA;Lleida;Cataluña/Catalunya
15047;Mesía;2383,0;31,22;30-60 km;-9,75;-3,99;-3,87;1,000-5,000 (small rural);INTERIOR;A Coruña;Galicia
03026;Beniarbeig;2384,0;25,61;<=30 km;1,91;12,3;7,05;1,000-5,000 (small rural);MARQUESADO;Alacant/Alicante;Comunitat Valenciana
03097;Orba;2387,0;25,63;<=30 km;-21,91;5,78;6,9;1,000-5,000 (small rural);MARQUESADO;Alacant/Alicante;Comunitat Valenciana
15064;Paderne;2387,0;21,94;<=30 km;-7,12;-1,07;-0,25;1,000-5,000 (small rural);SEPTENTRIONAL;A Coruña;Galicia
43108;El Pla de Santa Maria;2389,0;24,14;<=30 km;-4,99;1,52;2,09;1,000-5,000 (small rural);ALT CAMP;Tarragona;Cataluña/Catalunya
39037;Liérganes;2390,0;15,27;<=30 km;-4,15;1,39;-0,54;1,000-5,000 (small rural);COSTERA;Cantabria;Cantabria
17056;Cornellà del Terri;2390,0;11,82;<=30 km;2,1;4,31;-1,32;1,000-5,000 (small rural);PLA DE L'ESTANY;Girona;Cataluña/Catalunya
32050;Monterrei;2397,0;54,25;30-60 km;-10,7;-3,88;-4,16;1,000-5,000 (small rural);VERIN;Ourense;Galicia
07035;Maria de la Salut;2397,0;35,19;30-60 km;-2,04;4,62;6,91;1,000-5,000 (small rural);MALLORCA;Illes Balears;Illes Balears
24139;Sahagún;2398,0;52,84;30-60 km;-7,91;-3,02;-1,76;1,000-5,000 (small rural);SAHAGUN;León;Castilla y León
32002;Amoeiro;2399,0;7,04;<=30 km;-2,87;3,0;2,83;1,000-5,000 (small rural);ORENSE;Ourense;Galicia
43178;Vinyols i els Arcs;2400,0;7,8;<=30 km;0,89;11,09;9,44;1,000-5,000 (small rural);BAIX CAMP;Tarragona;Cataluña/Catalunya
31109;Galar;2400,0;7,66;<=30 km;23,05;2,76;5,54;1,000-5,000 (small rural);CUENCA PAMPLONA;Navarra;Comunidad Foral de Navarra
23085;Torreblascopedro;2402,0;12,6;<=30 km;-9,17;-5,54;-0,83;1,000-5,000 (small rural);CAMPIÑA DEL NORTE;Jaén;Andalucía
31067;Carcastillo;2411,0;54,94;30-60 km;-3,86;1,3;-3,06;1,000-5,000 (small rural);RIBERA ALTA ARAGON;Navarra;Comunidad Foral de Navarra
50017;Alfajarín;2415,0;23,82;<=30 km;3,3;2,68;1,73;1,000-5,000 (small rural);ZARAGOZA;Zaragoza;Aragón
17007;Amer;2415,0;19,61;<=30 km;-1,54;5,63;1,34;1,000-5,000 (small rural);SELVA;Girona;Cataluña/Catalunya
46004;Agullent;2416,0;17,32;<=30 km;-3,71;-1,82;1,98;1,000-5,000 (small rural);VALLES DE ALBAIDA;València/Valencia;Comunitat Valenciana
02033;Fuente-Álamo;2417,0;46,58;30-60 km;-4,24;-1,69;-1,23;1,000-5,000 (small rural);ALMANSA;Albacete;Castilla-La Mancha
43024;Bellvei;2417,0;11,52;<=30 km;5,33;5,16;4,95;1,000-5,000 (small rural);BAIX PENEDES;Tarragona;Cataluña/Catalunya
23045;Huesa;2419,0;61,69;>60 km;-4,55;-2,06;-2,26;1,000-5,000 (small rural);SIERRA DE CAZORLA;Jaén;Andalucía
36013;Covelo;2422,0;29,17;<=30 km;-22,57;1,57;-1,34;1,000-5,000 (small rural);INTERIOR;Pontevedra;Galicia
46182;Olocau;2425,0;18,95;<=30 km;15,36;14,84;19,58;1,000-5,000 (small rural);CAMPOS DE LIRIA;València/Valencia;Comunitat Valenciana
46067;Benissanó;2427,0;13,59;<=30 km;-1,58;4,95;3,98;1,000-5,000 (small rural);CAMPOS DE LIRIA;València/Valencia;Comunitat Valenciana
43074;Llorenç del Penedès;2431,0;14,47;<=30 km;2,54;2,32;2,1;1,000-5,000 (small rural);BAIX PENEDES;Tarragona;Cataluña/Catalunya
29093;Valle de Abdalajís;2435,0;29,32;<=30 km;-6,66;-3,31;-1,93;1,000-5,000 (small rural);CENTRO-SUR O GUADALORCE;Málaga;Andalucía
46212;Real;2435,0;14,44;<=30 km;-7,73;4,55;8,22;1,000-5,000 (small rural);HOYA DE BUÑOL;València/Valencia;Comunitat Valenciana
22021;Almudévar;2437,0;15,07;<=30 km;-4,53;0,75;1,04;1,000-5,000 (small rural);HOYA DE HUESCA;Huesca;Aragón
06903;Guadiana;2437,0;17,41;<=30 km;;-2,1;-1,14;1,000-5,000 (small rural);ALBURQUERQUE;Badajoz;Extremadura
46107;Chella;2439,0;42,39;30-60 km;-10,19;-1,3;0,08;1,000-5,000 (small rural);ENGUERA Y LA CANAL;València/Valencia;Comunitat Valenciana
17148;Riudarenes;2445,0;22,67;<=30 km;-1,74;4,68;7,1;1,000-5,000 (small rural);SELVA;Girona;Cataluña/Catalunya
50208;Pina de Ebro;2446,0;48,29;30-60 km;-7,27;0,72;2,34;1,000-5,000 (small rural);ZARAGOZA;Zaragoza;Aragón
46200;la Pobla del Duc;2449,0;20,09;<=30 km;1,97;-2,13;-1,37;1,000-5,000 (small rural);VALLES DE ALBAIDA;València/Valencia;Comunitat Valenciana
43166;Vilallonga del Camp;2451,0;9,44;<=30 km;7,29;1,97;2,77;1,000-5,000 (small rural);TARRAGONES;Tarragona;Cataluña/Catalunya
31108;Fustiñana;2451,0;58,12;30-60 km;-4,86;0,12;-1,57;1,000-5,000 (small rural);RIBERA BAJA;Navarra;Comunidad Foral de Navarra
10010;Alcuéscar;2454,0;26,15;<=30 km;-9,67;-6,05;-1,29;1,000-5,000 (small rural);CACERES;Cáceres;Extremadura
27901;Baralla;2455,0;27,6;<=30 km;-8,97;-4,72;0,41;1,000-5,000 (small rural);MONTAÑA;Lugo;Galicia
39030;Guriezo;2458,0;24,29;<=30 km;-3,16;2,68;1,99;1,000-5,000 (small rural);COSTERA;Cantabria;Cantabria
48081;Lezama;2459,0;9,08;<=30 km;-5,05;1,03;0,2;1,000-5,000 (small rural);GRAN BILBAO;Bizkaia;País Vasco/Euskadi
31249;Valtierra;2464,0;66,65;>60 km;-6,4;2,78;1,03;1,000-5,000 (small rural);RIBERA BAJA;Navarra;Comunidad Foral de Navarra
29058;Guaro;2469,0;17,99;<=30 km;-9,65;6,6;6,15;1,000-5,000 (small rural);CENTRO-SUR O GUADALORCE;Málaga;Andalucía
45013;Almorox;2472,0;42,71;30-60 km;-10,29;7,36;6,64;1,000-5,000 (small rural);TORRIJOS;Toledo;Castilla-La Mancha
45098;Menasalbas;2485,0;40,64;30-60 km;-14,0;-5,85;-2,32;1,000-5,000 (small rural);MONTES DE NAVAHERMOSA;Toledo;Castilla-La Mancha
45084;Lillo;2493,0;43,81;30-60 km;-15,01;-1,0;-3,15;1,000-5,000 (small rural);LA MANCHA;Toledo;Castilla-La Mancha
12080;Morella;2494,0;66,77;>60 km;-12,63;-1,27;3,66;1,000-5,000 (small rural);ALTO MAESTRAZGO;Castelló/Castellón;Comunitat Valenciana
45177;Urda;2494,0;48,49;30-60 km;-14,25;-5,39;3,06;1,000-5,000 (small rural);LA MANCHA;Toledo;Castilla-La Mancha
27011;Castroverde;2497,0;18,89;<=30 km;-8,76;-2,47;-4,29;1,000-5,000 (small rural);CENTRAL;Lugo;Galicia
08232;Sant Pere de Riudebitlles;2497,0;24,64;<=30 km;-1,64;3,12;3,57;1,000-5,000 (small rural);ALT PENEDÉS;Barcelona;Cataluña/Catalunya
39001;Alfoz de Lloredo;2499,0;12,34;<=30 km;-1,53;1,2;2,54;1,000-5,000 (small rural);COSTERA;Cantabria;Cantabria
27026;Láncara;2500,0;25,53;<=30 km;-7,29;-3,26;-2,0;1,000-5,000 (small rural);CENTRAL;Lugo;Galicia
32020;Cartelle;2500,0;16,52;<=30 km;-18,67;-2,76;-2,72;1,000-5,000 (small rural);ORENSE;Ourense;Galicia
40043;Carbonero el Mayor;2502,0;28,43;<=30 km;-2,55;-1,07;0,0;1,000-5,000 (small rural);CUELLAR;Segovia;Castilla y León
08236;Sant Quintí de Mediona;2504,0;24,21;<=30 km;1,07;8,63;5,79;1,000-5,000 (small rural);ALT PENEDÉS;Barcelona;Cataluña/Catalunya
07030;Llubí;2505,0;31,0;30-60 km;-4,05;6,33;5,03;1,000-5,000 (small rural);MALLORCA;Illes Balears;Illes Balears
02086;Yeste;2509,0;79,22;>60 km;-16,1;-4,0;-2,26;1,000-5,000 (small rural);SIERRA SEGURA;Albacete;Castilla-La Mancha
41076;Pruna;2509,0;50,74;30-60 km;-6,38;-2,03;-3,65;1,000-5,000 (small rural);LA SIERRA SUR;Sevilla;Andalucía
14074;El Viso;2511,0;87,03;>60 km;-7,21;-1,21;-1,02;1,000-5,000 (small rural);PEDROCHES;Córdoba;Andalucía
36025;A Lama;2515,0;19,36;<=30 km;-16,73;-0,82;4,36;1,000-5,000 (small rural);INTERIOR;Pontevedra;Galicia
29018;Ardales;2516,0;39,69;30-60 km;-6,19;1,0;-0,08;1,000-5,000 (small rural);NORTE O ANTEQUERA;Málaga;Andalucía
41048;Guadalcanal;2522,0;79,67;>60 km;-9,16;-2,19;-2,55;1,000-5,000 (small rural);LA SIERRA NORTE;Sevilla;Andalucía
46160;Manuel;2524,0;25,2;<=30 km;-6,74;0,53;2,94;1,000-5,000 (small rural);LA COSTERA DE JATIVA;València/Valencia;Comunitat Valenciana
04086;Sorbas;2525,0;33,56;30-60 km;-11,63;3,43;2,19;1,000-5,000 (small rural);CAMPO TABERNAS;Almería;Andalucía
17039;Camprodon;2527,0;49,36;30-60 km;-9,63;7,7;3,78;1,000-5,000 (small rural);RIPOLLES;Girona;Cataluña/Catalunya
27023;Guntín;2529,0;13,45;<=30 km;-8,85;-2,94;-4,13;1,000-5,000 (small rural);CENTRAL;Lugo;Galicia
33038;Morcín;2537,0;9,49;<=30 km;-7,11;-3,34;-0,24;1,000-5,000 (small rural);MIERES;Asturias;Principado de Asturias
39062;Ribamontán al Monte;2538,0;15,3;<=30 km;3,83;5,54;6,55;1,000-5,000 (small rural);COSTERA;Cantabria;Cantabria
44153;Monreal del Campo;2541,0;83,36;>60 km;-10,48;3,66;0,75;1,000-5,000 (small rural);CUENCA DEL JILOCA;Teruel;Aragón
06126;Solana de los Barros;2542,0;29,18;<=30 km;-4,22;-2,65;-1,28;1,000-5,000 (small rural);ALMENDRALEJO;Badajoz;Extremadura
31084;Etxarri Aranatz;2545,0;36,95;30-60 km;-0,85;-0,56;2,25;1,000-5,000 (small rural);NORD OCCIDENTAL;Navarra;Comunidad Foral de Navarra
44246;Valderrobres;2545,0;88,38;>60 km;1,52;2,89;3,58;1,000-5,000 (small rural);BAJO ARAGON;Teruel;Aragón
28057;Fresno de Torote;2548,0;13,18;<=30 km;3,63;10,77;5,46;1,000-5,000 (small rural);CAMPIÑA;Madrid;Comunidad de Madrid
31041;Ayegui/Aiegi;2550,0;37,29;30-60 km;21,43;4,25;4,94;1,000-5,000 (small rural);TIERRA ESTELLA;Navarra;Comunidad Foral de Navarra
46197;Polinyà de Xúquer;2551,0;25,55;<=30 km;-0,8;1,46;2,24;1,000-5,000 (small rural);RIBERAS DEL JUCAR;València/Valencia;Comunitat Valenciana
41061;Marinaleda;2555,0;57,07;30-60 km;-4,07;-0,3;-2,41;1,000-5,000 (small rural);DE ESTEPA;Sevilla;Andalucía
17124;Pals;2556,0;27,72;<=30 km;-9,39;2,23;1,59;1,000-5,000 (small rural);BAIX EMPORDA;Girona;Cataluña/Catalunya
09194;Lerma;2556,0;41,07;30-60 km;-8,14;1,91;-2,03;1,000-5,000 (small rural);ARLANZA;Burgos;Castilla y León
31107;Funes;2558,0;56,74;30-60 km;-0,68;-1,21;4,2;1,000-5,000 (small rural);RIBERA ALTA ARAGON;Navarra;Comunidad Foral de Navarra
28169;Venturada;2559,0;18,11;<=30 km;9,25;14,7;7,21;1,000-5,000 (small rural);LOZOYA SOMOSIERRA;Madrid;Comunidad de Madrid
45195;Villarrubia de Santiago;2559,0;29,78;<=30 km;-8,45;-2,87;2,03;1,000-5,000 (small rural);LA MANCHA;Toledo;Castilla-La Mancha
18182;Ugíjar;2561,0;33,79;30-60 km;-7,38;1,15;0,43;1,000-5,000 (small rural);LAS ALPUJARRAS;Granada;Andalucía
23011;Baños de la Encina;2563,0;23,98;<=30 km;-3,72;-0,57;-1,27;1,000-5,000 (small rural);SIERRA MORENA;Jaén;Andalucía
45125;Oropesa;2564,0;31,4;30-60 km;-6,41;-1,2;-2,36;1,000-5,000 (small rural);TALAVERA;Toledo;Castilla-La Mancha
23902;Bedmar y Garcíez;2571,0;29,02;<=30 km;-11,41;-0,97;-3,2;1,000-5,000 (small rural);MAGINA;Jaén;Andalucía
06097;Orellana la Vieja;2573,0;74,76;>60 km;-6,73;-3,74;-2,06;1,000-5,000 (small rural);DON BENITO;Badajoz;Extremadura
08014;Aiguafreda;2576,0;20,93;<=30 km;1,33;2,2;0,78;1,000-5,000 (small rural);VALLES ORIENTAL;Barcelona;Cataluña/Catalunya
17019;Besalú;2583,0;26,67;<=30 km;2,99;1,42;3,24;1,000-5,000 (small rural);GARROTXA;Girona;Cataluña/Catalunya
08223;Sant Llorenç Savall;2586,0;12,57;<=30 km;-2,11;6,03;2,86;1,000-5,000 (small rural);VALLES OCCIDENTAL;Barcelona;Cataluña/Catalunya
37023;Aldeatejada;2587,0;6,96;<=30 km;41,63;15,99;12,14;1,000-5,000 (small rural);SALAMANCA;Salamanca;Castilla y León
34069;Dueñas;2587,0;11,95;<=30 km;-6,54;-1,56;-0,19;1,000-5,000 (small rural);EL CERRATO;Palencia;Castilla y León
08233;Sant Pere de Torelló;2592,0;43,43;30-60 km;0,58;2,85;4,18;1,000-5,000 (small rural);OSONA;Barcelona;Cataluña/Catalunya
45124;Orgaz;2595,0;27,29;<=30 km;-4,7;0,04;-1,14;1,000-5,000 (small rural);MONTE DE LOS YEBENES;Toledo;Castilla-La Mancha
46039;Anna;2595,0;38,28;30-60 km;-4,0;-0,42;-1,22;1,000-5,000 (small rural);ENGUERA Y LA CANAL;València/Valencia;Comunitat Valenciana
18171;Salar;2597,0;40,06;30-60 km;-4,41;-0,04;-1,55;1,000-5,000 (small rural);DE LA VEGA;Granada;Andalucía
27060;Taboada;2601,0;35,31;30-60 km;-14,44;-4,98;-3,27;1,000-5,000 (small rural);SUR;Lugo;Galicia
25038;Aitona;2603,0;19,64;<=30 km;5,95;-2,04;4,41;1,000-5,000 (small rural);SEGRIA;Lleida;Cataluña/Catalunya
50118;Gallur;2603,0;38,61;30-60 km;-9,83;-2,78;1,88;1,000-5,000 (small rural);BORJA;Zaragoza;Aragón
08222;Sant Llorenç d'Hortons;2617,0;15,45;<=30 km;2,21;-5,35;6,43;1,000-5,000 (small rural);ALT PENEDÉS;Barcelona;Cataluña/Catalunya
41025;Carrión de los Céspedes;2617,0;33,07;30-60 km;0,12;3,48;1,16;1,000-5,000 (small rural);EL ALJARAFE;Sevilla;Andalucía
15033;Dodro;2620,0;26,72;<=30 km;-4,97;-2,9;-3,32;1,000-5,000 (small rural);OCCIDENTAL;A Coruña;Galicia
45197;Villasequilla;2621,0;14,84;<=30 km;-5,78;3,89;1,08;1,000-5,000 (small rural);LA MANCHA;Toledo;Castilla-La Mancha
18066;Deifontes;2622,0;17,7;<=30 km;1,99;0,34;-0,11;1,000-5,000 (small rural);IZNALLOZ;Granada;Andalucía
18194;Zújar;2623,0;78,61;>60 km;-13,45;-3,12;4,25;1,000-5,000 (small rural);BAZA;Granada;Andalucía
02019;El Bonillo;2624,0;60,01;>60 km;-5,97;-4,19;-3,46;1,000-5,000 (small rural);MANCHA;Albacete;Castilla-La Mancha
11034;Setenil de las Bodegas;2624,0;45,03;30-60 km;-5,76;-1,24;-2,74;1,000-5,000 (small rural);SIERRA DE CADIZ;Cádiz;Andalucía
23018;Cambil;2632,0;23,36;<=30 km;-5,1;-2,81;-1,13;1,000-5,000 (small rural);MAGINA;Jaén;Andalucía
02035;La Gineta;2635,0;19,54;<=30 km;-4,14;4,33;3,17;1,000-5,000 (small rural);CENTRO;Albacete;Castilla-La Mancha
06108;Puebla de Sancho Pérez;2635,0;64,51;>60 km;-4,62;-2,42;-1,13;1,000-5,000 (small rural);ALMENDRALEJO;Badajoz;Extremadura
36001;Arbo;2636,0;34,58;30-60 km;-27,53;-1,44;1,42;1,000-5,000 (small rural);MIÑO;Pontevedra;Galicia
08122;Mediona;2637,0;27,81;<=30 km;-4,09;3,78;9,01;1,000-5,000 (small rural);ALT PENEDÉS;Barcelona;Cataluña/Catalunya
19117;Fontanar;2637,0;9,94;<=30 km;3,12;6,73;4,52;1,000-5,000 (small rural);CAMPIÑA;Guadalajara;Castilla-La Mancha
28051;Chapinería;2642,0;27,52;<=30 km;3,39;11,34;5,93;1,000-5,000 (small rural);SUR OCCIDENTAL;Madrid;Comunidad de Madrid
41062;Martín de la Jara;2643,0;62,29;>60 km;-1,83;-2,1;-0,75;1,000-5,000 (small rural);LA SIERRA SUR;Sevilla;Andalucía
46034;Almoines;2643,0;5,32;<=30 km;-3,78;6,26;4,55;1,000-5,000 (small rural);GANDIA;València/Valencia;Comunitat Valenciana
29002;Alcaucín;2653,0;16,03;<=30 km;-18,16;5,67;12,13;1,000-5,000 (small rural);VELEZ MALAGA;Málaga;Andalucía
46163;Massalfassar;2653,0;13,5;<=30 km;4,81;3,79;3,07;1,000-5,000 (small rural);SAGUNTO;València/Valencia;Comunitat Valenciana
08288;Torrelles de Foix;2657,0;22,23;<=30 km;-8,6;8,68;7,18;1,000-5,000 (small rural);ALT PENEDÉS;Barcelona;Cataluña/Catalunya
24209;Villafranca del Bierzo;2659,0;30,11;30-60 km;-12,84;-5,65;-5,24;1,000-5,000 (small rural);BIERZO;León;Castilla y León
18095;Güevéjar;2660,0;8,01;<=30 km;2,0;4,6;0,08;1,000-5,000 (small rural);DE LA VEGA;Granada;Andalucía
48075;Orozko;2666,0;19,05;<=30 km;9,06;0,26;0,3;1,000-5,000 (small rural);ARRATIA-NERVION;Bizkaia;País Vasco/Euskadi
45051;Cobeja;2668,0;15,02;<=30 km;-8,63;9,34;10,61;1,000-5,000 (small rural);SAGRA-TOLEDO;Toledo;Castilla-La Mancha
31006;Ablitas;2669,0;62,95;>60 km;-5,28;-0,12;7,62;1,000-5,000 (small rural);RIBERA BAJA;Navarra;Comunidad Foral de Navarra
13085;Torrenueva;2669,0;64,91;>60 km;-6,79;-1,6;-1,44;1,000-5,000 (small rural);CAMPO DE MONTIEL;Ciudad Real;Castilla-La Mancha
46211;el Real de Gandia;2670,0;4,18;<=30 km;4,6;6,51;4,66;1,000-5,000 (small rural);GANDIA;València/Valencia;Comunitat Valenciana
03114;la Romana;2672,0;15,31;<=30 km;-6,93;6,99;5,11;1,000-5,000 (small rural);VINALOPO;Alacant/Alicante;Comunitat Valenciana
26006;Alberite;2674,0;7,88;<=30 km;-10,4;3,49;6,2;1,000-5,000 (small rural);RIOJA MEDIA;La Rioja;La Rioja
08058;Castellet i la Gornal;2674,0;6,86;<=30 km;0,45;9,12;9,05;1,000-5,000 (small rural);ALT PENEDÉS;Barcelona;Cataluña/Catalunya
43002;Albinyana;2677,0;17,83;<=30 km;-0,3;5,61;6,91;1,000-5,000 (small rural);BAIX PENEDES;Tarragona;Cataluña/Catalunya
24065;Chozas de Abajo;2678,0;13,88;<=30 km;4,72;1,25;3,16;1,000-5,000 (small rural);EL PARAMO;León;Castilla y León
38047;Tijarafe;2684,0;135,41;>60 km;-6,26;-0,16;4,84;1,000-5,000 (small rural);ISLA DE LA PALMA;Santa Cruz de Tenerife;Canarias
03901;els Poblets;2684,0;24,84;<=30 km;-13,79;-4,99;-1,36;1,000-5,000 (small rural);MARQUESADO;Alacant/Alicante;Comunitat Valenciana
08171;Prats de Lluçanès;2688,0;34,95;30-60 km;-5,34;3,82;2,05;1,000-5,000 (small rural);OSONA;Barcelona;Cataluña/Catalunya
08037;Calldetenes;2690,0;37,0;30-60 km;0,82;0,28;7,43;1,000-5,000 (small rural);OSONA;Barcelona;Cataluña/Catalunya
44076;Cella;2690,0;65,72;>60 km;-9,12;-1,07;4,34;1,000-5,000 (small rural);CUENCA DEL JILOCA;Teruel;Aragón
26008;Aldeanueva de Ebro;2691,0;51,89;30-60 km;-3,05;2,27;-3,69;1,000-5,000 (small rural);RIOJA BAJA;La Rioja;La Rioja
02901;Pozo Cañada;2692,0;22,35;<=30 km;-3,28;0,39;-3,75;1,000-5,000 (small rural);CENTRO;Albacete;Castilla-La Mancha
03077;el Fondó de les Neus/Hondón de las Nieves;2696,0;19,66;<=30 km;-19,07;6,47;2,35;1,000-5,000 (small rural);VINALOPO;Alacant/Alicante;Comunitat Valenciana
13097;Villarta de San Juan;2698,0;53,63;30-60 km;-7,35;-4,29;-0,92;1,000-5,000 (small rural);MANCHA;Ciudad Real;Castilla-La Mancha
38030;Puntallana;2699,0;121,95;>60 km;0,54;2,25;5,88;1,000-5,000 (small rural);ISLA DE LA PALMA;Santa Cruz de Tenerife;Canarias
39047;Noja;2700,0;25,34;<=30 km;-3,48;4,37;1,89;1,000-5,000 (small rural);COSTERA;Cantabria;Cantabria
23904;Santiago-Pontones;2701,0;84,37;>60 km;-14,97;-7,45;-4,63;1,000-5,000 (small rural);SIERRA DE SEGURA;Jaén;Andalucía
46123;Favara;2701,0;16,58;<=30 km;2,57;2,93;5,38;1,000-5,000 (small rural);RIBERAS DEL JUCAR;València/Valencia;Comunitat Valenciana
27006;Becerreá;2703,0;36,89;30-60 km;-8,49;-0,04;-4,35;1,000-5,000 (small rural);MONTAÑA;Lugo;Galicia
25172;Ponts;2703,0;58,03;30-60 km;-3,39;0,96;2,81;1,000-5,000 (small rural);NOGUERA;Lleida;Cataluña/Catalunya
50062;El Burgo de Ebro;2704,0;21,27;<=30 km;3,84;4,36;6,54;1,000-5,000 (small rural);ZARAGOZA;Zaragoza;Aragón
48022;Karrantza Harana/Valle de Carranza;2711,0;30,19;30-60 km;-2,76;1,62;-1,74;1,000-5,000 (small rural);ENCARTACIONES;Bizkaia;País Vasco/Euskadi
08100;Gurb;2712,0;41,23;30-60 km;3,07;1,92;0,26;1,000-5,000 (small rural);OSONA;Barcelona;Cataluña/Catalunya
31153;Lesaka;2716,0;7,67;<=30 km;-2,35;0,33;-1,02;1,000-5,000 (small rural);NORD OCCIDENTAL;Navarra;Comunidad Foral de Navarra
50126;Illueca;2727,0;60,66;>60 km;-7,25;-6,28;-1,84;1,000-5,000 (small rural);CALATAYUD;Zaragoza;Aragón
18133;Molvízar;2730,0;11,72;<=30 km;-12,71;-0,4;-0,66;1,000-5,000 (small rural);LA COSTA;Granada;Andalucía
15076;San Sadurniño;2733,0;18,17;<=30 km;-7,16;-0,57;-2,81;1,000-5,000 (small rural);SEPTENTRIONAL;A Coruña;Galicia
06072;Lobón;2734,0;21,45;<=30 km;-1,16;0,11;-0,94;1,000-5,000 (small rural);MERIDA;Badajoz;Extremadura
32086;Viana do Bolo;2736,0;57,16;30-60 km;-8,72;-4,85;-1,83;1,000-5,000 (small rural);EL BARCO DE VALDEORRAS;Ourense;Galicia
11903;San Martín del Tesorillo;2739,0;17,55;<=30 km;;;-2,91;1,000-5,000 (small rural);CAMPO DE GIBRALTAR;Cádiz;Andalucía
03074;Granja de Rocamora;2739,0;9,81;<=30 km;0,24;4,82;4,98;1,000-5,000 (small rural);MERIDIONAL;Alacant/Alicante;Comunitat Valenciana
08296;Vallromanes;2742,0;7,61;<=30 km;4,92;2,53;5,71;1,000-5,000 (small rural);VALLES ORIENTAL;Barcelona;Cataluña/Catalunya
32045;Maside;2742,0;13,06;<=30 km;-8,53;-1,77;0,88;1,000-5,000 (small rural);ORENSE;Ourense;Galicia
19126;Galápagos;2748,0;16,66;<=30 km;10,76;6,75;6,55;1,000-5,000 (small rural);CAMPIÑA;Guadalajara;Castilla-La Mancha
25122;Linyola;2749,0;27,09;<=30 km;-3,17;2,41;0,92;1,000-5,000 (small rural);PLA D'URGELL;Lleida;Cataluña/Catalunya
06901;Valdelacalzada;2755,0;14,17;<=30 km;-3,47;-0,11;0,88;1,000-5,000 (small rural);ALBURQUERQUE;Badajoz;Extremadura
29040;Casarabonela;2758,0;28,94;<=30 km;-5,8;0,88;8,93;1,000-5,000 (small rural);CENTRO-SUR O GUADALORCE;Málaga;Andalucía
21017;Calañas;2759,0;36,58;30-60 km;-2,1;-32,23;-0,14;1,000-5,000 (small rural);ANDEVALO ORIENTAL;Huelva;Andalucía
23039;Guarromán;2760,0;12,16;<=30 km;-1,67;-2,34;1,69;1,000-5,000 (small rural);CAMPIÑA DEL NORTE;Jaén;Andalucía
23046;Ibros;2764,0;9,94;<=30 km;-5,55;-2,64;-1,57;1,000-5,000 (small rural);LA LOMA;Jaén;Andalucía
10189;Torrejoncillo;2765,0;59,95;30-60 km;-7,95;-2,72;-4,46;1,000-5,000 (small rural);CORIA;Cáceres;Extremadura
48086;Sopuerta;2765,0;13,87;<=30 km;0,31;2,69;4,81;1,000-5,000 (small rural);ENCARTACIONES;Bizkaia;País Vasco/Euskadi
06159;Zahínos;2765,0;61,74;>60 km;-2,08;-0,89;-0,54;1,000-5,000 (small rural);JEREZ DE LOS CABALLEROS;Badajoz;Extremadura
46156;Llombai;2767,0;14,88;<=30 km;-3,02;-1,3;4,38;1,000-5,000 (small rural);HOYA DE BUÑOL;València/Valencia;Comunitat Valenciana
45069;Gerindote;2767,0;22,83;<=30 km;-6,08;4,63;15,53;1,000-5,000 (small rural);TORRIJOS;Toledo;Castilla-La Mancha
08064;Castellterçol;2773,0;21,15;<=30 km;-0,08;8,85;5,36;1,000-5,000 (small rural);VALLES ORIENTAL;Barcelona;Cataluña/Catalunya
15034;Dumbría;2776,0;48,23;30-60 km;-16,4;-3,72;-5,16;1,000-5,000 (small rural);OCCIDENTAL;A Coruña;Galicia
25013;Alfarràs;2778,0;22,15;<=30 km;-7,34;-2,23;0,69;1,000-5,000 (small rural);SEGRIA;Lleida;Cataluña/Catalunya
29083;Riogordo;2778,0;21,08;<=30 km;-13,18;1,22;1,61;1,000-5,000 (small rural);NORTE O ANTEQUERA;Málaga;Andalucía
36040;Portas;2781,0;14,83;<=30 km;-1,76;-4,16;-2,76;1,000-5,000 (small rural);LITORAL;Pontevedra;Galicia
17073;Fornells de la Selva;2781,0;6,63;<=30 km;9,79;1,93;3,0;1,000-5,000 (small rural);GIRONES;Girona;Cataluña/Catalunya
28137;Los Santos de la Humosa;2785,0;9,87;<=30 km;8,23;7,36;2,05;1,000-5,000 (small rural);CAMPIÑA;Madrid;Comunidad de Madrid
38044;El Tanque;2787,0;21,91;<=30 km;-8,72;5,96;-1,48;1,000-5,000 (small rural);NORTE DE TENERIFE;Santa Cruz de Tenerife;Canarias
27044;A Pastoriza;2787,0;37,36;30-60 km;-8,84;-4,52;-4,49;1,000-5,000 (small rural);TERRA CHA;Lugo;Galicia
40138;Nava de la Asunción;2787,0;37,58;30-60 km;-6,54;-1,51;1,42;1,000-5,000 (small rural);CUELLAR;Segovia;Castilla y León
34079;Grijota;2789,0;7,69;<=30 km;22,75;10,0;11,74;1,000-5,000 (small rural);CAMPOS;Palencia;Castilla y León
05002;La Adrada;2796,0;39,31;30-60 km;-3,62;9,54;1,41;1,000-5,000 (small rural);VALLE DEL TIETAR;Ávila;Castilla y León
39095;Val de San Vicente;2796,0;35,52;30-60 km;-1,48;0,51;0,36;1,000-5,000 (small rural);COSTERA;Cantabria;Cantabria
43139;Santa Coloma de Queralt;2800,0;40,78;30-60 km;-12,84;0,19;3,63;1,000-5,000 (small rural);CONCA DE BARBERA;Tarragona;Cataluña/Catalunya
43137;Sant Jaume dels Domenys;2803,0;14,8;<=30 km;2,24;4,51;5,14;1,000-5,000 (small rural);BAIX PENEDES;Tarragona;Cataluña/Catalunya
10110;Losar de la Vera;2805,0;65,8;>60 km;-4,05;-3,31;5,53;1,000-5,000 (small rural);JARAIZ DE LA VERA;Cáceres;Extremadura
14014;Cañete de las Torres;2806,0;32,77;30-60 km;-4,97;-2,73;-2,84;1,000-5,000 (small rural);CAMPIÑA BAJA;Córdoba;Andalucía
14039;Luque;2809,0;51,29;30-60 km;-9,49;-3,03;-4,62;1,000-5,000 (small rural);PENIBETICA;Córdoba;Andalucía
28146;Tielmes;2810,0;13,85;<=30 km;0,19;6,8;1,04;1,000-5,000 (small rural);VEGAS;Madrid;Comunidad de Madrid
45085;Lominchar;2815,0;24,0;<=30 km;2,07;7,76;11,4;1,000-5,000 (small rural);SAGRA-TOLEDO;Toledo;Castilla-La Mancha
19053;Brihuega;2816,0;29,35;<=30 km;-12,53;2,83;14,15;1,000-5,000 (small rural);ALCARRIA ALTA;Guadalajara;Castilla-La Mancha
14050;Pedro Abad;2817,0;25,42;<=30 km;-3,76;-0,92;0,32;1,000-5,000 (small rural);CAMPIÑA BAJA;Córdoba;Andalucía
14009;Belmez;2818,0;62,66;>60 km;-9,42;-1,99;-2,99;1,000-5,000 (small rural);PEDROCHES;Córdoba;Andalucía
48012;Bakio;2821,0;17,45;<=30 km;3,86;4,91;1,66;1,000-5,000 (small rural);MUNGUIA;Bizkaia;País Vasco/Euskadi
46132;el Genovés;2823,0;21,64;<=30 km;-0,39;-1,52;1,36;1,000-5,000 (small rural);LA COSTERA DE JATIVA;València/Valencia;Comunitat Valenciana
28174;Villamanta;2823,0;19,85;<=30 km;-1,31;5,68;6,81;1,000-5,000 (small rural);SUR OCCIDENTAL;Madrid;Comunidad de Madrid
07012;Campanet;2824,0;34,47;30-60 km;-3,83;2,76;5,22;1,000-5,000 (small rural);MALLORCA;Illes Balears;Illes Balears
23067;Pegalajar;2827,0;14,4;<=30 km;-4,85;-1,95;-1,12;1,000-5,000 (small rural);SIERRA SUR;Jaén;Andalucía
28028;Bustarviejo;2829,0;19,77;<=30 km;8,65;8,65;4,74;1,000-5,000 (small rural);LOZOYA SOMOSIERRA;Madrid;Comunidad de Madrid
32043;Maceda;2837,0;26,12;<=30 km;-6,55;-1,42;-0,42;1,000-5,000 (small rural);VERIN;Ourense;Galicia
24114;La Pola de Gordón;2842,0;33,08;30-60 km;-15,29;-7,97;-7,12;1,000-5,000 (small rural);LA MONTAÑA DE LUNA;León;Castilla y León
10105;Jarandilla de la Vera;2845,0;68,55;>60 km;-6,94;-0,87;0,07;1,000-5,000 (small rural);JARAIZ DE LA VERA;Cáceres;Extremadura
50903;Villamayor de Gállego;2854,0;15,69;<=30 km;-5,68;2,67;3,11;1,000-5,000 (small rural);ZARAGOZA;Zaragoza;Aragón
24169;Toreno;2855,0;24,79;<=30 km;-12,79;-4,43;-5,37;1,000-5,000 (small rural);BIERZO;León;Castilla y León
43055;Falset;2856,0;25,63;<=30 km;-4,47;-2,96;4,85;1,000-5,000 (small rural);PRIORAT;Tarragona;Cataluña/Catalunya
45198;Villatobas;2858,0;33,21;30-60 km;-12,31;7,53;11,21;1,000-5,000 (small rural);LA MANCHA;Toledo;Castilla-La Mancha
31065;Caparroso;2861,0;54,52;30-60 km;-2,4;3,03;2,77;1,000-5,000 (small rural);RIBERA ALTA ARAGON;Navarra;Comunidad Foral de Navarra
41028;Castilleja de Guzmán;2863,0;8,73;<=30 km;-1,56;1,2;0,1;1,000-5,000 (small rural);EL ALJARAFE;Sevilla;Andalucía
29100;Yunquera;2868,0;25,06;<=30 km;-8,02;-0,49;0,07;1,000-5,000 (small rural);CENTRO-SUR O GUADALORCE;Málaga;Andalucía
34157;Saldaña;2869,0;64,96;>60 km;0,49;-1,8;-2,75;1,000-5,000 (small rural);SALDAÑA-VALDAVIA;Palencia;Castilla y León
24223;Villarejo de Órbigo;2873,0;33,02;30-60 km;-6,36;-1,87;-2,44;1,000-5,000 (small rural);ASTORGA;León;Castilla y León
31098;Esteribar;2877,0;17,74;<=30 km;12,3;7,31;3,12;1,000-5,000 (small rural);PIRINEOS;Navarra;Comunidad Foral de Navarra
39056;Puente Viesgo;2881,0;6,81;<=30 km;-0,11;1,19;-0,72;1,000-5,000 (small rural);COSTERA;Cantabria;Cantabria
19192;Mondéjar;2900,0;27,98;<=30 km;-2,88;4,1;5,65;1,000-5,000 (small rural);CAMPIÑA;Guadalajara;Castilla-La Mancha
24056;Cistierna;2905,0;44,14;30-60 km;-12,56;-3,56;-4,38;1,000-5,000 (small rural);LA MONTAÑA DE RIAÑO;León;Castilla y León
27007;Begonte;2905,0;20,33;<=30 km;-9,12;-2,01;-2,39;1,000-5,000 (small rural);TERRA CHA;Lugo;Galicia
50068;Calatorao;2906,0;35,71;30-60 km;-6,84;2,1;-0,51;1,000-5,000 (small rural);LA ALMUNIA DE DOÑA GODINA;Zaragoza;Aragón
20039;Getaria;2906,0;18,31;<=30 km;5,59;-0,85;4,01;1,000-5,000 (small rural);UROLA COSTA;Gipuzkoa;País Vasco/Euskadi
45181;Velada;2907,0;15,49;<=30 km;-0,35;1,4;0,07;1,000-5,000 (small rural);TALAVERA;Toledo;Castilla-La Mancha
43104;El Perelló;2907,0;46,82;30-60 km;-13,55;-0,59;2,14;1,000-5,000 (small rural);BAIX EBRE;Tarragona;Cataluña/Catalunya
31015;Andosilla;2913,0;42,72;30-60 km;-10,33;1,36;5,85;1,000-5,000 (small rural);RIBERA ALTA ARAGON;Navarra;Comunidad Foral de Navarra
47217;Villanubla;2915,0;7,12;<=30 km;17,1;5,05;3,08;1,000-5,000 (small rural);CENTRO;Valladolid;Castilla y León
17032;Cadaqués;2918,0;49,82;30-60 km;-3,72;2,47;3,48;1,000-5,000 (small rural);ALT EMPORDA;Girona;Cataluña/Catalunya
15040;Laxe;2919,0;51,31;30-60 km;-8,2;-2,59;-2,83;1,000-5,000 (small rural);OCCIDENTAL;A Coruña;Galicia
31163;Marcilla;2921,0;52,86;30-60 km;0,78;0,14;1,92;1,000-5,000 (small rural);RIBERA ALTA ARAGON;Navarra;Comunidad Foral de Navarra
28030;La Cabrera;2922,0;24,76;<=30 km;1,1;6,47;5,03;1,000-5,000 (small rural);LOZOYA SOMOSIERRA;Madrid;Comunidad de Madrid
18094;Güéjar Sierra;2926,0;21,26;<=30 km;-4,8;2,0;0,69;1,000-5,000 (small rural);DE LA VEGA;Granada;Andalucía
41078;La Puebla de los Infantes;2927,0;64,18;>60 km;-4,63;-0,46;-2,4;1,000-5,000 (small rural);LA SIERRA NORTE;Sevilla;Andalucía
31206;Puente la Reina/Gares;2930,0;18,98;<=30 km;-2,5;2,71;0,34;1,000-5,000 (small rural);CUENCA PAMPLONA;Navarra;Comunidad Foral de Navarra
19143;Horche;2934,0;12,37;<=30 km;2,33;6,46;8,59;1,000-5,000 (small rural);CAMPIÑA;Guadalajara;Castilla-La Mancha
42162;San Esteban de Gormaz;2935,0;98,37;>60 km;-6,79;-2,06;-0,44;1,000-5,000 (small rural);BURGO DE OSMA;Soria;Castilla y León
21076;Villanueva de los Castillejos;2936,0;31,97;30-60 km;-0,54;3,19;3,05;1,000-5,000 (small rural);ANDEVALO OCCIDENTAL;Huelva;Andalucía
13064;Poblete;2940,0;5,05;<=30 km;24,62;7,31;6,56;1,000-5,000 (small rural);CAMPO DE CALATRAVA;Ciudad Real;Castilla-La Mancha
01010;Ayala/Aiara;2942,0;22,73;<=30 km;3,09;-0,54;-0,3;1,000-5,000 (small rural);CANTABRICA;Araba/Álava;País Vasco/Euskadi
39102;Voto;2945,0;29,56;<=30 km;-2,76;1,6;5,59;1,000-5,000 (small rural);COSTERA;Cantabria;Cantabria
23014;Begíjar;2947,0;14,81;<=30 km;-3,0;-2,5;-1,7;1,000-5,000 (small rural);LA LOMA;Jaén;Andalucía
23096;Villanueva de la Reina;2948,0;22,96;<=30 km;-5,49;-3,81;-2,58;1,000-5,000 (small rural);SIERRA MORENA;Jaén;Andalucía
50225;Ricla;2949,0;43,59;30-60 km;-5,58;3,8;0,92;1,000-5,000 (small rural);LA ALMUNIA DE DOÑA GODINA;Zaragoza;Aragón
50160;Mallén;2951,0;48,02;30-60 km;-15,34;-3,44;-0,87;1,000-5,000 (small rural);BORJA;Zaragoza;Aragón
38050;Vallehermoso;2954,0;55,05;30-60 km;-4,9;3,11;1,27;1,000-5,000 (small rural);ISLA DE LA GOMERA;Santa Cruz de Tenerife;Canarias
29055;Fuente de Piedra;2958,0;49,27;30-60 km;-11,63;8,46;6,79;1,000-5,000 (small rural);NORTE O ANTEQUERA;Málaga;Andalucía
45192;Villanueva de Alcardete;2963,0;65,92;>60 km;-11,5;-5,09;-5,34;1,000-5,000 (small rural);LA MANCHA;Toledo;Castilla-La Mancha
21078;Zalamea la Real;2963,0;46,31;30-60 km;-8,49;-1,13;-3,01;1,000-5,000 (small rural);ANDEVALO ORIENTAL;Huelva;Andalucía
46093;Catadau;2967,0;19,5;<=30 km;0,47;0,57;4,25;1,000-5,000 (small rural);HOYA DE BUÑOL;València/Valencia;Comunitat Valenciana
20028;Zizurkil;2970,0;11,34;<=30 km;6,36;0,84;-1,03;1,000-5,000 (small rural);TOLOSA;Gipuzkoa;País Vasco/Euskadi
06022;Burguillos del Cerro;2970,0;58,46;30-60 km;-6,25;-0,29;-3,45;1,000-5,000 (small rural);JEREZ DE LOS CABALLEROS;Badajoz;Extremadura
01001;Alegría-Dulantzi;2971,0;14,63;<=30 km;3,92;1,32;1,57;1,000-5,000 (small rural);LLANADA ALAVESA;Araba/Álava;País Vasco/Euskadi
11013;Castellar de la Frontera;2976,0;16,47;<=30 km;-5,18;1,89;-3,06;1,000-5,000 (small rural);CAMPO DE GIBRALTAR;Cádiz;Andalucía
15086;Trazo;2979,0;11,34;<=30 km;-8,24;-2,83;-2,62;1,000-5,000 (small rural);INTERIOR;A Coruña;Galicia
21073;Villablanca;2979,0;35,85;30-60 km;-4,63;2,54;2,34;1,000-5,000 (small rural);ANDEVALO OCCIDENTAL;Huelva;Andalucía
29073;Monda;2981,0;12,74;<=30 km;-0,44;9,47;7,93;1,000-5,000 (small rural);CENTRO-SUR O GUADALORCE;Málaga;Andalucía
25016;Alguaire;2986,0;12,07;<=30 km;-4,1;4,36;-2,58;1,000-5,000 (small rural);SEGRIA;Lleida;Cataluña/Catalunya
04103;Zurgena;2990,0;44,99;30-60 km;-8,17;0,07;3,28;1,000-5,000 (small rural);ALTO ALMAZORA;Almería;Andalucía
23034;Fuensanta de Martos;2990,0;24,31;<=30 km;-5,1;-2,43;-0,7;1,000-5,000 (small rural);SIERRA SUR;Jaén;Andalucía
43042;Castellvell del Camp;2995,0;5,08;<=30 km;2,04;0,17;4,25;1,000-5,000 (small rural);BAIX CAMP;Tarragona;Cataluña/Catalunya
21008;Aroche;2997,0;75,22;>60 km;-4,6;-2,03;-1,61;1,000-5,000 (small rural);SIERRA;Huelva;Andalucía
24157;Santa María del Páramo;2999,0;29,33;<=30 km;-2,21;0,42;-3,54;1,000-5,000 (small rural);EL PARAMO;León;Castilla y León
29046;Cortes de la Frontera;3000,0;28,7;<=30 km;-8,87;-4,62;-1,12;1,000-5,000 (small rural);SERRANIA DE RONDA;Málaga;Andalucía
36037;Pazos de Borbén;3002,0;18,0;<=30 km;-6,3;-0,17;0,91;1,000-5,000 (small rural);INTERIOR;Pontevedra;Galicia
45067;Gálvez;3006,0;28,82;<=30 km;-10,61;-0,03;-0,3;1,000-5,000 (small rural);SAGRA-TOLEDO;Toledo;Castilla-La Mancha
31019;Aoiz/Agoitz;3007,0;24,24;<=30 km;-0,39;6,36;7,74;1,000-5,000 (small rural);PIRINEOS;Navarra;Comunidad Foral de Navarra
31149;Leitza;3011,0;22,71;<=30 km;-3,28;3,86;0,03;1,000-5,000 (small rural);NORD OCCIDENTAL;Navarra;Comunidad Foral de Navarra
25171;La Pobla de Segur;3015,0;78,42;>60 km;-9,15;3,78;-1,15;1,000-5,000 (small rural);PALLARS JUSSA;Lleida;Cataluña/Catalunya
04904;Balanegra;3016,0;13,74;<=30 km;;0,89;1,93;1,000-5,000 (small rural);CAMPO DALIAS;Almería;Andalucía
48912;Alonsotegi;3020,0;4,95;<=30 km;2,84;1,41;2,58;1,000-5,000 (small rural);GRAN BILBAO;Bizkaia;País Vasco/Euskadi
46168;Miramar;3020,0;7,65;<=30 km;2,76;5,43;10,22;1,000-5,000 (small rural);GANDIA;València/Valencia;Comunitat Valenciana
48095;Zaldibar;3027,0;34,82;30-60 km;1,28;-0,52;-0,36;1,000-5,000 (small rural);DURANGUESADO;Bizkaia;País Vasco/Euskadi
27005;Barreiros;3030,0;63,72;>60 km;-6,89;2,04;0,97;1,000-5,000 (small rural);COSTA;Lugo;Galicia
26105;Navarrete;3038,0;9,9;<=30 km;2,93;1,49;1,4;1,000-5,000 (small rural);RIOJA MEDIA;La Rioja;La Rioja
03081;Xaló;3042,0;19,47;<=30 km;-20,6;7,79;5,19;1,000-5,000 (small rural);MARQUESADO;Alacant/Alicante;Comunitat Valenciana
08905;La Palma de Cervelló;3044,0;10,66;<=30 km;-0,7;1,11;0,96;1,000-5,000 (small rural);BAIX LLOBREGAT;Barcelona;Cataluña/Catalunya
13044;Fuente el Fresno;3047,0;32,77;30-60 km;-9,29;-3,44;-2,99;1,000-5,000 (small rural);MONTES NORTE;Ciudad Real;Castilla-La Mancha
37092;Castellanos de Moriscos;3051,0;10,54;<=30 km;41,11;7,42;8,62;1,000-5,000 (small rural);SALAMANCA;Salamanca;Castilla y León
18184;Vélez de Benaudalla;3054,0;8,38;<=30 km;-2,1;1,85;4,48;1,000-5,000 (small rural);LA COSTA;Granada;Andalucía
46179;Navarrés;3055,0;39,8;30-60 km;-7,28;0,97;1,7;1,000-5,000 (small rural);ENGUERA Y LA CANAL;València/Valencia;Comunitat Valenciana
27050;Quiroga;3057,0;51,76;30-60 km;-10,32;-3,25;-2,98;1,000-5,000 (small rural);SUR;Lugo;Galicia
42095;Golmayo;3059,0;84,52;>60 km;20,07;10,75;7,56;1,000-5,000 (small rural);SORIA;Soria;Castilla y León
39057;Ramales de la Victoria;3061,0;35,64;30-60 km;3,99;0,73;5,48;1,000-5,000 (small rural);ASON;Cantabria;Cantabria
14073;Villaviciosa de Córdoba;3064,0;32,52;30-60 km;-5,05;-3,24;-3,98;1,000-5,000 (small rural);LA SIERRA;Córdoba;Andalucía
38012;Fasnia;3066,0;17,97;<=30 km;-9,02;1,41;9,23;1,000-5,000 (small rural);SUR DE TENERIFE;Santa Cruz de Tenerife;Canarias
04047;Gádor;3067,0;17,2;<=30 km;-7,27;-0,63;1,96;1,000-5,000 (small rural);CAMPO NIJAR Y BAJO ANDARAX;Almería;Andalucía
04048;Los Gallardos;3071,0;46,95;30-60 km;-25,59;7,14;2,26;1,000-5,000 (small rural);BAJO ALMAZORA;Almería;Andalucía
12136;la Vilavella;3073,0;9,42;<=30 km;-3,19;-3,56;-1,22;1,000-5,000 (small rural);LA PLANA;Castelló/Castellón;Comunitat Valenciana
13083;Torralba de Calatrava;3075,0;20,15;<=30 km;-4,96;1,05;2,84;1,000-5,000 (small rural);CAMPO DE CALATRAVA;Ciudad Real;Castilla-La Mancha
31254;Villafranca;3077,0;60,39;>60 km;-4,31;2,32;5,85;1,000-5,000 (small rural);RIBERA ALTA ARAGON;Navarra;Comunidad Foral de Navarra
41014;Badolatosa;3078,0;61,09;>60 km;-2,92;0,16;-0,68;1,000-5,000 (small rural);DE ESTEPA;Sevilla;Andalucía
46251;Vallada;3079,0;28,41;<=30 km;-8,08;1,84;-0,42;1,000-5,000 (small rural);LA COSTERA DE JATIVA;València/Valencia;Comunitat Valenciana
36036;Oia;3080,0;22,78;<=30 km;-5,5;2,85;-0,77;1,000-5,000 (small rural);MIÑO;Pontevedra;Galicia
08207;Sant Esteve de Palautordera;3080,0;17,92;<=30 km;5,25;9,02;2,77;1,000-5,000 (small rural);VALLES ORIENTAL;Barcelona;Cataluña/Catalunya
49127;Morales del Vino;3085,0;10,55;<=30 km;5,92;4,23;1,82;1,000-5,000 (small rural);DUERO BAJO;Zamora;Castilla y León
36044;Pontecesures;3088,0;23,91;<=30 km;-3,16;1,45;0,23;1,000-5,000 (small rural);LITORAL;Pontevedra;Galicia
12053;Chilches/Xilxes;3094,0;12,98;<=30 km;-6,54;4,68;10,7;1,000-5,000 (small rural);LA PLANA;Castelló/Castellón;Comunitat Valenciana
42004;Ágreda;3094,0;81,69;>60 km;-5,7;-0,07;2,93;1,000-5,000 (small rural);CAMPO DE GOMARA;Soria;Castilla y León
21058;Puebla de Guzmán;3095,0;52,13;30-60 km;0,77;0,38;-1,87;1,000-5,000 (small rural);ANDEVALO OCCIDENTAL;Huelva;Andalucía
18916;Torrenueva Costa;3098,0;4,03;<=30 km;;;7,12;1,000-5,000 (small rural);LA COSTA;Granada;Andalucía
15042;Lousame;3099,0;30,73;30-60 km;-5,74;-4,46;-4,2;1,000-5,000 (small rural);OCCIDENTAL;A Coruña;Galicia
14008;Belalcázar;3099,0;91,2;>60 km;-3,28;-2,02;-3,37;1,000-5,000 (small rural);PEDROCHES;Córdoba;Andalucía
44238;Utrillas;3102,0;97,79;>60 km;-7,83;1,11;3,3;1,000-5,000 (small rural);SERRANIA DE MONTALBAN;Teruel;Aragón
12124;Vall d'Alba;3103,0;20,57;<=30 km;-8,4;4,47;5,44;1,000-5,000 (small rural);LLANOS CENTRALES;Castelló/Castellón;Comunitat Valenciana
28095;Navalagamella;3111,0;20,17;<=30 km;3,21;4,58;14,37;1,000-5,000 (small rural);SUR OCCIDENTAL;Madrid;Comunidad de Madrid
17185;Sant Joan les Fonts;3111,0;34,73;30-60 km;1,88;2,83;2,0;1,000-5,000 (small rural);GARROTXA;Girona;Cataluña/Catalunya
46089;Casinos;3113,0;30,97;30-60 km;-2,92;3,89;8,05;1,000-5,000 (small rural);CAMPOS DE LIRIA;València/Valencia;Comunitat Valenciana
29027;Benamocarra;3115,0;3,17;<=30 km;-3,11;1,03;2,81;1,000-5,000 (small rural);VELEZ MALAGA;Málaga;Andalucía
27018;A Fonsagrada;3116,0;42,18;30-60 km;-14,83;-7,27;-6,37;1,000-5,000 (small rural);MONTAÑA;Lugo;Galicia
46191;Pedralba;3124,0;23,73;<=30 km;-7,51;2,7;9,54;1,000-5,000 (small rural);CAMPOS DE LIRIA;València/Valencia;Comunitat Valenciana
18138;Moraleda de Zafayona;3127,0;31,89;30-60 km;-3,2;-1,68;0,68;1,000-5,000 (small rural);DE LA VEGA;Granada;Andalucía
36018;Forcarei;3127,0;29,13;<=30 km;-12,88;-5,3;-4,31;1,000-5,000 (small rural);MONTAÑA;Pontevedra;Galicia
43088;Montbrió del Camp;3128,0;10,56;<=30 km;14,02;5,55;4,79;1,000-5,000 (small rural);BAIX CAMP;Tarragona;Cataluña/Catalunya
28109;Pelayos de la Presa;3136,0;37,45;30-60 km;-1,75;14,22;10,93;1,000-5,000 (small rural);SUR OCCIDENTAL;Madrid;Comunidad de Madrid
33019;Colunga;3148,0;32,4;30-60 km;-7,9;-2,88;-2,72;1,000-5,000 (small rural);GIJON;Asturias;Principado de Asturias
40906;San Cristóbal de Segovia;3153,0;9,6;<=30 km;4,45;2,68;1,64;1,000-5,000 (small rural);SEGOVIA;Segovia;Castilla y León
23025;Castellar;3156,0;48,67;30-60 km;-5,15;-2,88;-3,4;1,000-5,000 (small rural);EL CONDADO;Jaén;Andalucía
31078;Cortes;3160,0;51,64;30-60 km;-6,33;0,51;-0,13;1,000-5,000 (small rural);RIBERA BAJA;Navarra;Comunidad Foral de Navarra
43064;Gandesa;3166,0;59,67;30-60 km;-6,46;2,96;2,19;1,000-5,000 (small rural);TERRA ALTA;Tarragona;Cataluña/Catalunya
32026;Coles;3172,0;7,53;<=30 km;-3,81;2,49;1,5;1,000-5,000 (small rural);ORENSE;Ourense;Galicia
46098;Corbera;3173,0;22,75;<=30 km;-4,95;-2,28;2,75;1,000-5,000 (small rural);RIBERAS DEL JUCAR;València/Valencia;Comunitat Valenciana
14025;Espejo;3177,0;23,7;<=30 km;-5,67;-1,83;-2,9;1,000-5,000 (small rural);CAMPIÑA BAJA;Córdoba;Andalucía
15084;Tordoia;3181,0;20,08;<=30 km;-17,63;-3,96;-1,46;1,000-5,000 (small rural);INTERIOR;A Coruña;Galicia
07041;Petra;3184,0;37,68;30-60 km;-4,28;7,19;5,15;1,000-5,000 (small rural);MALLORCA;Illes Balears;Illes Balears
06113;Ribera del Fresno;3187,0;46,74;30-60 km;-2,53;-2,65;-2,48;1,000-5,000 (small rural);ALMENDRALEJO;Badajoz;Extremadura
46195;Piles;3195,0;8,79;<=30 km;-4,94;2,01;16,52;1,000-5,000 (small rural);GANDIA;València/Valencia;Comunitat Valenciana
08294;Vallgorguina;3198,0;11,12;<=30 km;6,57;6,94;4,78;1,000-5,000 (small rural);VALLES ORIENTAL;Barcelona;Cataluña/Catalunya
08127;Monistrol de Montserrat;3198,0;12,44;<=30 km;-2,46;7,55;0,63;1,000-5,000 (small rural);BAGES;Barcelona;Cataluña/Catalunya
16066;Casasimarro;3205,0;49,24;30-60 km;-8,13;0,55;3,76;1,000-5,000 (small rural);MANCHUELA;Cuenca;Castilla-La Mancha
28110;Perales de Tajuña;3207,0;10,76;<=30 km;-1,85;8,05;4,84;1,000-5,000 (small rural);VEGAS;Madrid;Comunidad de Madrid
28165;Valdilecha;3213,0;12,06;<=30 km;-1,4;8,42;4,35;1,000-5,000 (small rural);CAMPIÑA;Madrid;Comunidad de Madrid
07038;Montuïri;3216,0;23,75;<=30 km;-1,25;7,67;4,18;1,000-5,000 (small rural);MALLORCA;Illes Balears;Illes Balears
17207;La Vall d'en Bas;3219,0;37,58;30-60 km;4,5;2,84;3,34;1,000-5,000 (small rural);GARROTXA;Girona;Cataluña/Catalunya
37322;Terradillos;3220,0;14,47;<=30 km;-10,7;1,47;4,01;1,000-5,000 (small rural);ALBA DE TORMES;Salamanca;Castilla y León
41003;Albaida del Aljarafe;3223,0;20,35;<=30 km;5,59;0,88;0,06;1,000-5,000 (small rural);EL ALJARAFE;Sevilla;Andalucía
28031;Cadalso de los Vidrios;3228,0;44,24;30-60 km;5,06;5,05;0,78;1,000-5,000 (small rural);SUR OCCIDENTAL;Madrid;Comunidad de Madrid
08162;Els Hostalets de Pierola;3231,0;18,13;<=30 km;2,62;4,57;5,45;1,000-5,000 (small rural);ANOIA;Barcelona;Cataluña/Catalunya
13031;Carrión de Calatrava;3233,0;14,79;<=30 km;2,2;0,19;4,76;1,000-5,000 (small rural);CAMPO DE CALATRAVA;Ciudad Real;Castilla-La Mancha
44014;Alcorisa;3234,0;96,55;>60 km;-8,53;0,52;-1,79;1,000-5,000 (small rural);BAJO ARAGON;Teruel;Aragón
45046;Cebolla;3234,0;24,46;<=30 km;-12,53;-1,81;0,94;1,000-5,000 (small rural);TALAVERA;Toledo;Castilla-La Mancha
05057;Cebreros;3239,0;29,38;<=30 km;-12,16;6,22;-0,22;1,000-5,000 (small rural);VALLE BAJO ALBERCHE;Ávila;Castilla y León
39019;Castañeda;3252,0;9,35;<=30 km;11,09;7,83;7,36;1,000-5,000 (small rural);COSTERA;Cantabria;Cantabria
33017;Castropol;3252,0;71,45;>60 km;-6,7;-3,89;-2,49;1,000-5,000 (small rural);LUARCA;Asturias;Principado de Asturias
06127;Talarrubias;3259,0;95,98;>60 km;-4,17;-1,9;-2,86;1,000-5,000 (small rural);PUEBLA ALCOCER;Badajoz;Extremadura
45132;Pepino;3259,0;8,83;<=30 km;9,6;5,26;6,5;1,000-5,000 (small rural);TALAVERA;Toledo;Castilla-La Mancha
08032;Caldes d'Estrac;3259,0;6,71;<=30 km;1,69;8,32;5,23;1,000-5,000 (small rural);MARESME;Barcelona;Cataluña/Catalunya
17036;Campdevànol;3262,0;63,09;>60 km;-6,73;0,66;1,15;1,000-5,000 (small rural);RIPOLLES;Girona;Cataluña/Catalunya
27040;Palas de Rei;3267,0;27,56;<=30 km;-6,79;-2,87;-1,48;1,000-5,000 (small rural);CENTRAL;Lugo;Galicia
36010;Catoira;3268,0;25,67;<=30 km;-4,36;-0,99;-1,45;1,000-5,000 (small rural);LITORAL;Pontevedra;Galicia
06154;Villanueva del Fresno;3274,0;59,6;30-60 km;-6,68;-1,94;-1,83;1,000-5,000 (small rural);OLIVENZA;Badajoz;Extremadura
26064;Fuenmayor;3278,0;9,97;<=30 km;-2,34;2,67;2,73;1,000-5,000 (small rural);RIOJA MEDIA;La Rioja;La Rioja
41006;Alcolea del Río;3279,0;38,61;30-60 km;0,15;-1,15;-2,06;1,000-5,000 (small rural);LA VEGA;Sevilla;Andalucía
19190;Molina de Aragón;3280,0;75,88;>60 km;-8,31;-2,37;1,96;1,000-5,000 (small rural);MOLINA DE ARAGON;Guadalajara;Castilla-La Mancha
08273;Subirats;3281,0;19,4;<=30 km;-2,02;4,1;4,19;1,000-5,000 (small rural);ALT PENEDÉS;Barcelona;Cataluña/Catalunya
29902;Villanueva de la Concepción;3286,0;20,2;<=30 km;-4,44;-0,33;0,27;1,000-5,000 (small rural);NORTE O ANTEQUERA;Málaga;Andalucía
46231;Simat de la Valldigna;3289,0;12,54;<=30 km;-10,07;-1,17;0,09;1,000-5,000 (small rural);GANDIA;València/Valencia;Comunitat Valenciana
28093;Navacerrada;3290,0;12,05;<=30 km;4,14;10,61;2,17;1,000-5,000 (small rural);GUADARRAMA;Madrid;Comunidad de Madrid
41084;El Rubio;3290,0;62,23;>60 km;-3,03;-2,0;-2,55;1,000-5,000 (small rural);LA CAMPIÑA;Sevilla;Andalucía
15007;A Baña;3291,0;20,16;<=30 km;-13,68;-3,31;-2,89;1,000-5,000 (small rural);OCCIDENTAL;A Coruña;Galicia
08117;Les Masies de Voltregà;3292,0;47,42;30-60 km;-1,07;1,73;3,59;1,000-5,000 (small rural);OSONA;Barcelona;Cataluña/Catalunya
15015;Cabanas;3296,0;14,09;<=30 km;-0,96;1,24;-1,88;1,000-5,000 (small rural);SEPTENTRIONAL;A Coruña;Galicia
08220;Sant Julià de Vilatorta;3297,0;35,12;30-60 km;3,92;1,81;4,6;1,000-5,000 (small rural);OSONA;Barcelona;Cataluña/Catalunya
23051;Jamilena;3298,0;16,5;<=30 km;-4,32;-0,75;-0,12;1,000-5,000 (small rural);CAMPIÑA DEL SUR;Jaén;Andalucía
21074;Villalba del Alcor;3302,0;41,27;30-60 km;-4,49;1,55;-0,96;1,000-5,000 (small rural);CONDADO CAMPIÑA;Huelva;Andalucía
19293;Uceda;3303,0;30,88;30-60 km;-1,15;13,99;12,62;1,000-5,000 (small rural);CAMPIÑA;Guadalajara;Castilla-La Mancha
29053;Frigiliana;3310,0;21,66;<=30 km;-6,32;3,63;3,5;1,000-5,000 (small rural);VELEZ MALAGA;Málaga;Andalucía
12033;Cabanes;3313,0;20,08;<=30 km;-3,51;4,78;9,45;1,000-5,000 (small rural);LA PLANA;Castelló/Castellón;Comunitat Valenciana
43094;Móra la Nova;3314,0;38,51;30-60 km;-6,66;1,6;6,22;1,000-5,000 (small rural);RIBERA D'EBRE;Tarragona;Cataluña/Catalunya
48905;Zamudio;3314,0;6,85;<=30 km;-0,95;1,27;1,13;1,000-5,000 (small rural);GRAN BILBAO;Bizkaia;País Vasco/Euskadi
17233;Vilobí d'Onyar;3315,0;13,1;<=30 km;3,53;3,57;0,15;1,000-5,000 (small rural);SELVA;Girona;Cataluña/Catalunya
08042;Cànoves i Samalús;3315,0;13,11;<=30 km;3,12;7,48;2,98;1,000-5,000 (small rural);VALLES ORIENTAL;Barcelona;Cataluña/Catalunya
33018;Coaña;3323,0;68,44;>60 km;-1,74;-0,72;0,33;1,000-5,000 (small rural);LUARCA;Asturias;Principado de Asturias
43060;Flix;3324,0;41,16;30-60 km;-9,17;-1,15;-3,68;1,000-5,000 (small rural);RIBERA D'EBRE;Tarragona;Cataluña/Catalunya
27025;Xove;3327,0;63,9;>60 km;-4,41;1,39;-0,98;1,000-5,000 (small rural);COSTA;Lugo;Galicia
08018;Balsareny;3328,0;16,52;<=30 km;-7,27;2,28;1,53;1,000-5,000 (small rural);BAGES;Barcelona;Cataluña/Catalunya
43111;La Pobla de Montornès;3329,0;12,75;<=30 km;-3,69;6,05;11,0;1,000-5,000 (small rural);TARRAGONES;Tarragona;Cataluña/Catalunya
25021;Almenar;3338,0;17,38;<=30 km;-3,8;-2,55;-0,8;1,000-5,000 (small rural);SEGRIA;Lleida;Cataluña/Catalunya
18027;Benalúa;3339,0;42,29;30-60 km;-2,49;0,12;1,52;1,000-5,000 (small rural);GUADIX;Granada;Andalucía
06162;La Zarza;3345,0;22,86;<=30 km;-4,18;-3,65;-1,04;1,000-5,000 (small rural);MERIDA;Badajoz;Extremadura
28099;Navas del Rey;3347,0;32,37;30-60 km;2,57;8,62;9,31;1,000-5,000 (small rural);SUR OCCIDENTAL;Madrid;Comunidad de Madrid
43020;Banyeres del Penedès;3347,0;12,77;<=30 km;4,21;4,86;2,04;1,000-5,000 (small rural);BAIX PENEDES;Tarragona;Cataluña/Catalunya
29079;Periana;3350,0;18,48;<=30 km;-12,49;2,97;6,05;1,000-5,000 (small rural);VELEZ MALAGA;Málaga;Andalucía
27030;Mondoñedo;3352,0;51,3;30-60 km;-13,42;-4,37;-3,68;1,000-5,000 (small rural);COSTA;Lugo;Galicia
25189;Rosselló;3353,0;7,15;<=30 km;1,75;1,79;5,24;1,000-5,000 (small rural);SEGRIA;Lleida;Cataluña/Catalunya
29059;Humilladero;3360,0;47,21;30-60 km;-1,97;-0,51;2,03;1,000-5,000 (small rural);NORTE O ANTEQUERA;Málaga;Andalucía
41051;Huévar del Aljarafe;3360,0;30,08;30-60 km;6,38;6,28;7,38;1,000-5,000 (small rural);EL ALJARAFE;Sevilla;Andalucía
27014;O Corgo;3370,0;13,24;<=30 km;-9,25;-1,35;-2,03;1,000-5,000 (small rural);CENTRAL;Lugo;Galicia
17167;Sant Joan de les Abadesses;3375,0;52,18;30-60 km;-6,36;0,81;3,85;1,000-5,000 (small rural);RIPOLLES;Girona;Cataluña/Catalunya
22117;Graus;3380,0;66,32;>60 km;-9,82;3,9;-1,57;1,000-5,000 (small rural);RIBARGORZA;Huesca;Aragón
15085;Touro;3387,0;17,79;<=30 km;-9,53;-3,45;-3,09;1,000-5,000 (small rural);INTERIOR;A Coruña;Galicia
21046;Lucena del Puerto;3388,0;17,29;<=30 km;-0,06;-6,13;6,31;1,000-5,000 (small rural);CONDADO LITORAL;Huelva;Andalucía
08227;Sant Martí Sarroca;3391,0;16,86;<=30 km;0,0;1,7;3,2;1,000-5,000 (small rural);ALT PENEDÉS;Barcelona;Cataluña/Catalunya
43903;Camarles;3392,0;56,95;30-60 km;-9,17;-1,77;5,34;1,000-5,000 (small rural);BAIX EBRE;Tarragona;Cataluña/Catalunya
47090;Mojados;3393,0;27,03;<=30 km;-3,31;1,81;2,48;1,000-5,000 (small rural);SURESTE;Valladolid;Castilla y León
02053;Munera;3395,0;50,53;30-60 km;-6,3;-2,28;-1,11;1,000-5,000 (small rural);MANCHA;Albacete;Castilla-La Mancha
06069;Hornachos;3396,0;54,86;30-60 km;-4,27;-3,57;-3,22;1,000-5,000 (small rural);ALMENDRALEJO;Badajoz;Extremadura
06063;Herrera del Duque;3399,0;81,22;>60 km;-3,92;-0,57;-1,9;1,000-5,000 (small rural);HERRERA DUQUE;Badajoz;Extremadura
29096;Villanueva del Rosario;3401,0;27,2;<=30 km;-7,21;0,03;0,8;1,000-5,000 (small rural);NORTE O ANTEQUERA;Málaga;Andalucía
47112;Pedrajas de San Esteban;3406,0;37,35;30-60 km;-8,49;0,36;2,16;1,000-5,000 (small rural);SURESTE;Valladolid;Castilla y León
23074;Rus;3407,0;16,15;<=30 km;-5,0;-1,79;-3,1;1,000-5,000 (small rural);LA LOMA;Jaén;Andalucía
17086;La Jonquera;3408,0;50,96;30-60 km;2,04;3,31;2,04;1,000-5,000 (small rural);ALT EMPORDA;Girona;Cataluña/Catalunya
50235;San Mateo de Gállego;3409,0;23,73;<=30 km;-1,91;8,97;-0,18;1,000-5,000 (small rural);ZARAGOZA;Zaragoza;Aragón
41901;Cañada Rosal;3410,0;53,71;30-60 km;1,38;1,21;1,88;1,000-5,000 (small rural);LA CAMPIÑA;Sevilla;Andalucía
21056;Paterna del Campo;3412,0;45,95;30-60 km;-5,12;-0,17;-1,9;1,000-5,000 (small rural);CONDADO CAMPIÑA;Huelva;Andalucía
01043;Oyón-Oion;3413,0;9,13;<=30 km;1,64;1,48;-0,15;1,000-5,000 (small rural);RIOJA ALAVESA;Araba/Álava;País Vasco/Euskadi
46113;Daimús;3419,0;5,78;<=30 km;-5,69;4,76;4,33;1,000-5,000 (small rural);GANDIA;València/Valencia;Comunitat Valenciana
28008;Aldea del Fresno;3422,0;28,35;<=30 km;3,36;14,34;10,92;1,000-5,000 (small rural);SUR OCCIDENTAL;Madrid;Comunidad de Madrid
24038;Carracedelo;3423,0;15,11;<=30 km;-5,05;-1,99;0,59;1,000-5,000 (small rural);BIERZO;León;Castilla y León
22225;Tamarite de Litera;3429,0;26,34;<=30 km;-5,5;-2,24;-0,58;1,000-5,000 (small rural);LA LITERA;Huesca;Aragón
06160;Zalamea de la Serena;3431,0;75,28;>60 km;-6,22;-3,69;-1,21;1,000-5,000 (small rural);CASTUERA;Badajoz;Extremadura
46008;Albalat de la Ribera;3446,0;22,29;<=30 km;-6,87;1,17;2,32;1,000-5,000 (small rural);RIBERAS DEL JUCAR;València/Valencia;Comunitat Valenciana
04016;Antas;3450,0;52,49;30-60 km;-7,44;5,87;2,83;1,000-5,000 (small rural);BAJO ALMAZORA;Almería;Andalucía
29088;Sierra de Yeguas;3452,0;56,86;30-60 km;-5,32;0,89;1,95;1,000-5,000 (small rural);NORTE O ANTEQUERA;Málaga;Andalucía
50073;Cariñena;3456,0;43,53;30-60 km;-10,43;2,87;2,55;1,000-5,000 (small rural);LA ALMUNIA DE DOÑA GODINA;Zaragoza;Aragón
45118;Novés;3463,0;28,23;<=30 km;-4,86;14,89;8,93;1,000-5,000 (small rural);TORRIJOS;Toledo;Castilla-La Mancha
03034;Benijófar;3471,0;8,86;<=30 km;-20,78;-1,01;4,45;1,000-5,000 (small rural);MERIDIONAL;Alacant/Alicante;Comunitat Valenciana
25119;Juneda;3473,0;22,88;<=30 km;-2,84;4,69;-2,69;1,000-5,000 (small rural);GARRIGUES;Lleida;Cataluña/Catalunya
06016;Barcarrota;3473,0;40,21;30-60 km;-2,7;-2,29;-0,71;1,000-5,000 (small rural);JEREZ DE LOS CABALLEROS;Badajoz;Extremadura
08098;Sant Salvador de Guardiola;3476,0;7,24;<=30 km;-0,6;2,37;7,18;1,000-5,000 (small rural);BAGES;Barcelona;Cataluña/Catalunya
46176;Montroi/Montroy;3477,0;14,66;<=30 km;-2,15;8,75;13,29;1,000-5,000 (small rural);HOYA DE BUÑOL;València/Valencia;Comunitat Valenciana
25034;Artesa de Segre;3485,0;53,66;30-60 km;-8,36;-0,17;1,28;1,000-5,000 (small rural);NOGUERA;Lleida;Cataluña/Catalunya
27058;O Saviñao;3488,0;37,78;30-60 km;-13,07;-4,11;-2,81;1,000-5,000 (small rural);SUR;Lugo;Galicia
45158;Santa Olalla;3502,0;36,08;30-60 km;-8,32;5,41;3,27;1,000-5,000 (small rural);TORRIJOS;Toledo;Castilla-La Mancha
28170;Villaconejos;3508,0;15,6;<=30 km;-5,1;3,0;1,27;1,000-5,000 (small rural);VEGAS;Madrid;Comunidad de Madrid
13065;Porzuna;3516,0;31,32;30-60 km;-10,43;-2,13;0,6;1,000-5,000 (small rural);MONTES NORTE;Ciudad Real;Castilla-La Mancha
45128;Pantoja;3523,0;13,47;<=30 km;-3,39;5,25;3,37;1,000-5,000 (small rural);SAGRA-TOLEDO;Toledo;Castilla-La Mancha
18132;Moclín;3529,0;26,12;<=30 km;-9,33;-2,95;-2,32;1,000-5,000 (small rural);MONTEFRIO;Granada;Andalucía
23007;Arjonilla;3531,0;37,9;30-60 km;-4,77;-1,8;-0,39;1,000-5,000 (small rural);CAMPIÑA DEL NORTE;Jaén;Andalucía
46260;Vinalesa;3531,0;8,55;<=30 km;5,65;2,1;2,32;1,000-5,000 (small rural);HUERTA DE VALENCIA;València/Valencia;Comunitat Valenciana
31165;Mendavia;3535,0;21,26;<=30 km;-3,95;-0,82;0,86;1,000-5,000 (small rural);RIBERA ALTA ARAGON;Navarra;Comunidad Foral de Navarra
23056;Lopera;3539,0;43,15;30-60 km;-5,21;-0,9;-2,77;1,000-5,000 (small rural);CAMPIÑA DEL NORTE;Jaén;Andalucía
29043;Colmenar;3545,0;18,48;<=30 km;-7,9;1,71;2,75;1,000-5,000 (small rural);NORTE O ANTEQUERA;Málaga;Andalucía
04092;Tíjola;3549,0;59,76;30-60 km;-6,71;-1,15;0,6;1,000-5,000 (small rural);ALTO ALMAZORA;Almería;Andalucía
45186;La Villa de Don Fadrique;3553,0;57,49;30-60 km;-7,84;-3,95;-0,64;1,000-5,000 (small rural);LA MANCHA;Toledo;Castilla-La Mancha
23093;Valdepeñas de Jaén;3556,0;25,55;<=30 km;-6,23;-3,95;-2,55;1,000-5,000 (small rural);SIERRA SUR;Jaén;Andalucía
40040;Cantalejo;3558,0;44,38;30-60 km;-8,65;-0,59;1,02;1,000-5,000 (small rural);SEPULVEDA;Segovia;Castilla y León
47104;Olmedo;3564,0;41,31;30-60 km;-5,93;-2,19;-0,28;1,000-5,000 (small rural);SURESTE;Valladolid;Castilla y León
04031;Cantoria;3569,0;53,65;30-60 km;-19,51;9,88;0,62;1,000-5,000 (small rural);ALTO ALMAZORA;Almería;Andalucía
33070;Tapia de Casariego;3579,0;78,25;>60 km;-4,8;-2,95;-2,82;1,000-5,000 (small rural);LUARCA;Asturias;Principado de Asturias
48055;Lemoa;3586,0;14,62;<=30 km;5,62;-0,91;2,78;1,000-5,000 (small rural);DURANGUESADO;Bizkaia;País Vasco/Euskadi
45109;Navahermosa;3592,0;46,03;30-60 km;-11,23;-1,29;-0,22;1,000-5,000 (small rural);MONTES DE NAVAHERMOSA;Toledo;Castilla-La Mancha
25012;Alcoletge;3594,0;10,03;<=30 km;13,27;2,14;2,92;1,000-5,000 (small rural);SEGRIA;Lleida;Cataluña/Catalunya
02030;Elche de la Sierra;3596,0;58,38;30-60 km;-7,21;-1,85;1,1;1,000-5,000 (small rural);SIERRA SEGURA;Albacete;Castilla-La Mancha
27020;Friol;3598,0;20,77;<=30 km;-8,57;-2,39;-2,28;1,000-5,000 (small rural);CENTRAL;Lugo;Galicia
24134;La Robla;3605,0;23,98;<=30 km;-11,7;-4,38;-2,93;1,000-5,000 (small rural);LA MONTAÑA DE LUNA;León;Castilla y León
08031;Calaf;3618,0;26,62;<=30 km;-1,28;1,41;0,58;1,000-5,000 (small rural);ANOIA;Barcelona;Cataluña/Catalunya
29049;Cuevas de San Marcos;3620,0;53,78;30-60 km;-9,15;-1,55;0,17;1,000-5,000 (small rural);NORTE O ANTEQUERA;Málaga;Andalucía
46025;Alfara del Patriarca;3623,0;7,63;<=30 km;4,59;-0,39;9,75;1,000-5,000 (small rural);HUERTA DE VALENCIA;València/Valencia;Comunitat Valenciana
01901;Iruña Oka/Iruña de Oca;3625,0;11,07;<=30 km;10,05;4,05;4,53;1,000-5,000 (small rural);LLANADA ALAVESA;Araba/Álava;País Vasco/Euskadi
03046;Busot;3629,0;13,05;<=30 km;-12,37;9,64;13,16;1,000-5,000 (small rural);CENTRAL;Alacant/Alicante;Comunitat Valenciana
27032;Monterroso;3632,0;28,26;<=30 km;-8,78;-2,86;1,97;1,000-5,000 (small rural);CENTRAL;Lugo;Galicia
03043;Biar;3634,0;19,87;<=30 km;-2,35;-0,63;0,17;1,000-5,000 (small rural);VINALOPO;Alacant/Alicante;Comunitat Valenciana
41063;Los Molares;3636,0;13,31;<=30 km;1,62;2,98;2,05;1,000-5,000 (small rural);LA CAMPIÑA;Sevilla;Andalucía
31169;Milagro;3639,0;62,1;>60 km;-1,16;2,15;4,87;1,000-5,000 (small rural);RIBERA ALTA ARAGON;Navarra;Comunidad Foral de Navarra
14045;Moriles;3643,0;47,33;30-60 km;-3,63;-0,13;-2,1;1,000-5,000 (small rural);CAMPIÑA ALTA;Córdoba;Andalucía
12902;Sant Joan de Moró;3644,0;10,71;<=30 km;4,97;6,71;10,19;1,000-5,000 (small rural);LLANOS CENTRALES;Castelló/Castellón;Comunitat Valenciana
17169;Sant Julià de Ramis;3644,0;6,86;<=30 km;2,96;4,36;0,89;1,000-5,000 (small rural);GIRONES;Girona;Cataluña/Catalunya
36002;Barro;3657,0;10,01;<=30 km;0,85;-2,53;0,97;1,000-5,000 (small rural);LITORAL;Pontevedra;Galicia
41046;Gilena;3658,0;68,71;>60 km;-2,92;-2,14;-1,38;1,000-5,000 (small rural);DE ESTEPA;Sevilla;Andalucía
18116;Lanjarón;3660,0;22,83;<=30 km;-9,23;3,64;1,33;1,000-5,000 (small rural);LAS ALPUJARRAS;Granada;Andalucía
43902;Sant Jaume d'Enveja;3667,0;58,38;30-60 km;-1,75;2,04;3,24;1,000-5,000 (small rural);MONTSIA;Tarragona;Cataluña/Catalunya
41074;Peñaflor;3670,0;59,89;30-60 km;-3,11;-0,57;0,6;1,000-5,000 (small rural);LA VEGA;Sevilla;Andalucía
46122;Faura;3671,0;4,53;<=30 km;-3,97;0,45;3,03;1,000-5,000 (small rural);SAGUNTO;València/Valencia;Comunitat Valenciana
43140;Santa Oliva;3672,0;14,0;<=30 km;-0,84;3,67;6,43;1,000-5,000 (small rural);BAIX PENEDES;Tarragona;Cataluña/Catalunya
36034;As Neves;3678,0;28,13;<=30 km;-9,82;-3,13;-2,44;1,000-5,000 (small rural);MIÑO;Pontevedra;Galicia
44051;Calanda;3678,0;99,65;>60 km;-6,87;1,21;-2,0;1,000-5,000 (small rural);BAJO ARAGON;Teruel;Aragón
43906;L'Ampolla;3681,0;52,03;30-60 km;-5,53;5,0;6,88;1,000-5,000 (small rural);BAIX EBRE;Tarragona;Cataluña/Catalunya
03012;Algorfa;3684,0;10,09;<=30 km;-40,3;19,66;8,48;1,000-5,000 (small rural);MERIDIONAL;Alacant/Alicante;Comunitat Valenciana
08215;Sant Hipòlit de Voltregà;3687,0;47,1;30-60 km;-2,65;2,07;3,95;1,000-5,000 (small rural);OSONA;Barcelona;Cataluña/Catalunya
15901;Cariño;3691,0;38,36;30-60 km;-10,51;-4,61;-1,91;1,000-5,000 (small rural);SEPTENTRIONAL;A Coruña;Galicia
31208;Ribaforada;3701,0;59,53;30-60 km;0,95;-0,64;-0,46;1,000-5,000 (small rural);RIBERA BAJA;Navarra;Comunidad Foral de Navarra
29089;Teba;3702,0;50,55;30-60 km;-7,26;-2,38;-0,67;1,000-5,000 (small rural);NORTE O ANTEQUERA;Málaga;Andalucía
08143;Òdena;3710,0;19,78;<=30 km;4,18;2,02;0,79;1,000-5,000 (small rural);ANOIA;Barcelona;Cataluña/Catalunya
21049;Minas de Riotinto;3713,0;56,51;30-60 km;-5,61;-2,28;-1,72;1,000-5,000 (small rural);ANDEVALO ORIENTAL;Huelva;Andalucía
18048;Cijuela;3714,0;20,9;<=30 km;4,6;7,06;6,97;1,000-5,000 (small rural);DE LA VEGA;Granada;Andalucía
15045;Mazaricos;3719,0;38,89;30-60 km;-14,96;-3,57;-2,29;1,000-5,000 (small rural);OCCIDENTAL;A Coruña;Galicia
46228;Serra;3725,0;15,21;<=30 km;-8,39;7,6;12,0;1,000-5,000 (small rural);SAGUNTO;València/Valencia;Comunitat Valenciana
13027;Calzada de Calatrava;3727,0;43,64;30-60 km;-11,72;-4,92;3,1;1,000-5,000 (small rural);CAMPO DE CALATRAVA;Ciudad Real;Castilla-La Mancha
15088;Val do Dubra;3734,0;16,51;<=30 km;-8,86;-2,78;-2,15;1,000-5,000 (small rural);INTERIOR;A Coruña;Galicia
29045;Cómpeta;3735,0;20,24;<=30 km;0,39;3,23;-3,39;1,000-5,000 (small rural);VELEZ MALAGA;Málaga;Andalucía
46157;la Llosa de Ranes;3736,0;28,3;<=30 km;-11,75;2,85;1,33;1,000-5,000 (small rural);LA COSTERA DE JATIVA;València/Valencia;Comunitat Valenciana
39027;Campoo de Enmedio;3736,0;38,8;30-60 km;-0,92;-1,55;1,19;1,000-5,000 (small rural);REINOSA;Cantabria;Cantabria
14037;Iznájar;3739,0;56,26;30-60 km;-6,99;-5,46;-8,94;1,000-5,000 (small rural);PENIBETICA;Córdoba;Andalucía
35032;Valleseco;3741,0;13,64;<=30 km;-3,86;-0,79;-0,35;1,000-5,000 (small rural);GRAN CANARIA;Las Palmas;Canarias
45023;Burguillos de Toledo;3743,0;10,05;<=30 km;16,06;6,47;10,41;1,000-5,000 (small rural);SAGRA-TOLEDO;Toledo;Castilla-La Mancha
33023;El Franco;3744,0;74,82;>60 km;-3,69;-1,31;-0,95;1,000-5,000 (small rural);LUARCA;Asturias;Principado de Asturias
16106;Horcajo de Santiago;3754,0;57,56;30-60 km;-15,0;0,54;5,9;1,000-5,000 (small rural);MANCHA ALTA;Cuenca;Castilla-La Mancha
26117;Pradejón;3754,0;37,58;30-60 km;-4,54;2,77;-4,43;1,000-5,000 (small rural);RIOJA BAJA;La Rioja;La Rioja
31042;Azagra;3756,0;51,13;30-60 km;-0,44;-1,87;-0,66;1,000-5,000 (small rural);RIBERA ALTA ARAGON;Navarra;Comunidad Foral de Navarra
31250;Bera;3763,0;10,03;<=30 km;0,03;-0,05;0,11;1,000-5,000 (small rural);NORD OCCIDENTAL;Navarra;Comunidad Foral de Navarra
50204;Pedrola;3766,0;29,17;<=30 km;-8,38;1,8;5,43;1,000-5,000 (small rural);ZARAGOZA;Zaragoza;Aragón
17215;Vilablareix;3772,0;5,67;<=30 km;12,08;15,63;16,96;1,000-5,000 (small rural);GIRONES;Girona;Cataluña/Catalunya
46258;Villar del Arzobispo;3775,0;36,28;30-60 km;-6,89;-0,03;5,51;1,000-5,000 (small rural);ALTO TURIA;València/Valencia;Comunitat Valenciana
11017;Espera;3777,0;22,43;<=30 km;-1,29;-1,49;-1,77;1,000-5,000 (small rural);CAMPIÑA DE CADIZ;Cádiz;Andalucía
23075;Sabiote;3780,0;33,0;30-60 km;-6,15;-2,3;-2,25;1,000-5,000 (small rural);LA LOMA;Jaén;Andalucía
12012;Altura;3790,0;29,7;<=30 km;-9,3;4,25;3,61;1,000-5,000 (small rural);PALANCIA;Castelló/Castellón;Comunitat Valenciana
08269;Seva;3798,0;26,35;<=30 km;1,14;6,45;2,76;1,000-5,000 (small rural);OSONA;Barcelona;Cataluña/Catalunya
15020;Carnota;3800,0;48,43;30-60 km;-16,01;-4,39;-1,4;1,000-5,000 (small rural);OCCIDENTAL;A Coruña;Galicia
45061;Escalona;3801,0;44,63;30-60 km;-8,47;7,56;10,46;1,000-5,000 (small rural);TORRIJOS;Toledo;Castilla-La Mancha
33069;Soto del Barco;3807,0;11,63;<=30 km;-3,71;-0,95;-1,12;1,000-5,000 (small rural);GRADO;Asturias;Principado de Asturias
20065;Soraluze-Placencia de las Armas;3810,0;36,78;30-60 km;-2,35;0,23;-2,38;1,000-5,000 (small rural);BAJO DEBA;Gipuzkoa;País Vasco/Euskadi
07065;Vilafranca de Bonany;3816,0;34,62;30-60 km;3,01;12,03;7,25;1,000-5,000 (small rural);MALLORCA;Illes Balears;Illes Balears
43054;L'Espluga de Francolí;3817,0;30,32;30-60 km;-4,26;-0,67;2,69;1,000-5,000 (small rural);CONCA DE BARBERA;Tarragona;Cataluña/Catalunya
18115;Láchar;3826,0;22,45;<=30 km;2,86;5,84;7,77;1,000-5,000 (small rural);DE LA VEGA;Granada;Andalucía
43138;Santa Bàrbara;3827,0;71,66;>60 km;-4,81;-0,4;1,73;1,000-5,000 (small rural);MONTSIA;Tarragona;Cataluña/Catalunya
08203;Sant Cebrià de Vallalta;3828,0;15,6;<=30 km;-3,39;6,76;7,23;1,000-5,000 (small rural);MARESME;Barcelona;Cataluña/Catalunya
20027;Zestoa;3838,0;21,66;<=30 km;1,59;1,18;1,83;1,000-5,000 (small rural);UROLA COSTA;Gipuzkoa;País Vasco/Euskadi
42134;Ólvega;3838,0;85,28;>60 km;-5,56;1,16;4,63;1,000-5,000 (small rural);CAMPO DE GOMARA;Soria;Castilla y León
23026;Castillo de Locubín;3840,0;33,74;30-60 km;-11,33;-2,45;-4,45;1,000-5,000 (small rural);SIERRA SUR;Jaén;Andalucía
26005;Albelda de Iregua;3855,0;10,95;<=30 km;2,07;0,64;10,65;1,000-5,000 (small rural);RIOJA MEDIA;La Rioja;La Rioja
41052;Lantejuela;3861,0;52,51;30-60 km;-1,74;0,57;0,13;1,000-5,000 (small rural);LA CAMPIÑA;Sevilla;Andalucía
13077;Santa Cruz de Mudela;3871,0;54,87;30-60 km;-9,3;-3,3;-3,63;1,000-5,000 (small rural);MANCHA;Ciudad Real;Castilla-La Mancha
48910;Iurreta;3873,0;24,27;<=30 km;-5,4;1,45;4,79;1,000-5,000 (small rural);DURANGUESADO;Bizkaia;País Vasco/Euskadi
43095;El Morell;3878,0;8,84;<=30 km;5,4;2,27;3,91;1,000-5,000 (small rural);TARRAGONES;Tarragona;Cataluña/Catalunya
04011;Alhama de Almería;3878,0;19,2;<=30 km;-4,75;3,26;3,88;1,000-5,000 (small rural);ALTO ANDARAX;Almería;Andalucía
14041;Montemayor;3885,0;21,88;<=30 km;-5,82;-0,59;0,88;1,000-5,000 (small rural);CAMPIÑA ALTA;Córdoba;Andalucía
46134;Gilet;3887,0;5,48;<=30 km;1,85;6,87;11,03;1,000-5,000 (small rural);SAGUNTO;València/Valencia;Comunitat Valenciana
13066;Pozuelo de Calatrava;3894,0;14,94;<=30 km;5,56;5,23;7,48;1,000-5,000 (small rural);CAMPO DE CALATRAVA;Ciudad Real;Castilla-La Mancha
47027;Cabezón de Pisuerga;3895,0;14,95;<=30 km;4,49;1,46;3,95;1,000-5,000 (small rural);CENTRO;Valladolid;Castilla y León
07047;Sencelles;3900,0;18,3;<=30 km;0,83;10,86;10,11;1,000-5,000 (small rural);MALLORCA;Illes Balears;Illes Balears
18039;Caniles;3906,0;67,07;>60 km;-13,76;-0,54;-3,27;1,000-5,000 (small rural);BAZA;Granada;Andalucía
06120;Santa Amalia;3920,0;33,27;30-60 km;-6,47;-2,51;-0,94;1,000-5,000 (small rural);DON BENITO;Badajoz;Extremadura
10096;Hervás;3921,0;78,03;>60 km;-2,26;-2,47;-0,78;1,000-5,000 (small rural);HERVAS;Cáceres;Extremadura
17027;Breda;3930,0;23,98;<=30 km;-1,08;2,76;2,45;1,000-5,000 (small rural);SELVA;Girona;Cataluña/Catalunya
33074;Vegadeo;3930,0;64,13;>60 km;-6,39;1,24;0,41;1,000-5,000 (small rural);VEGADEO;Asturias;Principado de Asturias
45133;Polán;3932,0;21,25;<=30 km;-4,54;3,17;0,61;1,000-5,000 (small rural);SAGRA-TOLEDO;Toledo;Castilla-La Mancha
18056;Cúllar;3936,0;69,1;>60 km;-8,1;-2,21;-3,51;1,000-5,000 (small rural);BAZA;Granada;Andalucía
46127;la Font d'en Carròs;3938,0;8,97;<=30 km;-10,69;0,08;3,82;1,000-5,000 (small rural);GANDIA;València/Valencia;Comunitat Valenciana
31076;Cizur;3940,0;9,08;<=30 km;8,15;1,04;1,29;1,000-5,000 (small rural);CUENCA PAMPLONA;Navarra;Comunidad Foral de Navarra
30042;Villanueva del Río Segura;3944,0;11,13;<=30 km;10,6;18,49;20,69;1,000-5,000 (small rural);RIO SEGURA;Murcia;Región de Murcia
08145;Olèrdola;3946,0;9,29;<=30 km;-0,53;6,54;2,57;1,000-5,000 (small rural);ALT PENEDÉS;Barcelona;Cataluña/Catalunya
45115;Noblejas;3952,0;21,07;<=30 km;-3,26;6,74;6,21;1,000-5,000 (small rural);LA MANCHA;Toledo;Castilla-La Mancha
39099;Villaescusa;3953,0;11,43;<=30 km;5,32;1,18;-0,13;1,000-5,000 (small rural);COSTERA;Cantabria;Cantabria
30032;Pliego;3964,0;31,2;30-60 km;-3,82;0,68;2,48;1,000-5,000 (small rural);CENTRO;Murcia;Región de Murcia
41037;Los Corrales;3970,0;64,91;>60 km;-1,16;0,68;-0,38;1,000-5,000 (small rural);LA SIERRA SUR;Sevilla;Andalucía
47133;Renedo de Esgueva;3972,0;12,52;<=30 km;19,63;2,95;2,5;1,000-5,000 (small rural);CENTRO;Valladolid;Castilla y León
02079;Villamalea;3973,0;53,59;30-60 km;1,8;-1,75;-1,66;1,000-5,000 (small rural);MANCHUELA;Albacete;Castilla-La Mancha
21006;Alosno;3982,0;35,35;30-60 km;-7,72;-0,33;1,35;1,000-5,000 (small rural);ANDEVALO OCCIDENTAL;Huelva;Andalucía
39080;San Vicente de la Barquera;3992,0;28,82;<=30 km;-6,75;-2,04;-1,99;1,000-5,000 (small rural);COSTERA;Cantabria;Cantabria
28119;Quijorna;4001,0;14,26;<=30 km;9,04;7,03;11,36;1,000-5,000 (small rural);SUR OCCIDENTAL;Madrid;Comunidad de Madrid
08261;Santa Susanna;4023,0;23,39;<=30 km;1,06;7,96;10,22;1,000-5,000 (small rural);MARESME;Barcelona;Cataluña/Catalunya
26125;Rincón de Soto;4024,0;56,05;30-60 km;-2,54;4,78;3,18;1,000-5,000 (small rural);RIOJA BAJA;La Rioja;La Rioja
10115;Malpartida de Cáceres;4030,0;8,99;<=30 km;-4,68;-2,31;-0,74;1,000-5,000 (small rural);CACERES;Cáceres;Extremadura
08017;Balenyà;4036,0;25,62;<=30 km;-0,81;3,09;3,49;1,000-5,000 (small rural);OSONA;Barcelona;Cataluña/Catalunya
21063;San Bartolomé de la Torre;4036,0;23,35;<=30 km;2,08;4,54;4,94;1,000-5,000 (small rural);ANDEVALO OCCIDENTAL;Huelva;Andalucía
45157;Santa Cruz del Retamar;4038,0;37,19;30-60 km;-6,33;20,64;13,62;1,000-5,000 (small rural);TORRIJOS;Toledo;Castilla-La Mancha
09903;Villarcayo de Merindad de Castilla la Vieja;4047,0;58,23;30-60 km;-12,99;-4,23;0,45;1,000-5,000 (small rural);MERINDADES;Burgos;Castilla y León
46074;Bonrepòs i Mirambell;4048,0;8,64;<=30 km;5,96;3,7;7,09;1,000-5,000 (small rural);HUERTA DE VALENCIA;València/Valencia;Comunitat Valenciana
21040;Hinojos;4056,0;40,18;30-60 km;-0,84;-0,15;3,92;1,000-5,000 (small rural);CONDADO LITORAL;Huelva;Andalucía
06012;Arroyo de San Serván;4061,0;15,37;<=30 km;-2,02;-1,09;-0,49;1,000-5,000 (small rural);MERIDA;Badajoz;Extremadura
24070;Fabero;4061,0;31,72;30-60 km;-11,17;-4,5;-6,56;1,000-5,000 (small rural);BIERZO;León;Castilla y León
29039;Casabermeja;4065,0;12,75;<=30 km;-6,34;5,85;9,51;1,000-5,000 (small rural);NORTE O ANTEQUERA;Málaga;Andalucía
19105;Chiloeches;4067,0;7,9;<=30 km;11,28;8,24;7,11;1,000-5,000 (small rural);CAMPIÑA;Guadalajara;Castilla-La Mancha
29020;Arriate;4073,0;36,6;30-60 km;-1,63;-0,84;-0,95;1,000-5,000 (small rural);SERRANIA DE RONDA;Málaga;Andalucía
29095;Villanueva de Algaidas;4075,0;46,71;30-60 km;-5,59;-2,11;-1,31;1,000-5,000 (small rural);NORTE O ANTEQUERA;Málaga;Andalucía
31191;Olite/Erriberri;4087,0;41,11;30-60 km;4,72;1,7;2,23;1,000-5,000 (small rural);NAVARRA MEDIA;Navarra;Comunidad Foral de Navarra
14001;Adamuz;4091,0;29,24;<=30 km;-5,17;-1,05;-1,21;1,000-5,000 (small rural);LA SIERRA;Córdoba;Andalucía
04088;Tabernas;4097,0;21,75;<=30 km;0,85;4,94;5,4;1,000-5,000 (small rural);CAMPO TABERNAS;Almería;Andalucía
31906;Orkoien;4097,0;4,52;<=30 km;7,51;4,1;-1,51;1,000-5,000 (small rural);CUENCA PAMPLONA;Navarra;Comunidad Foral de Navarra
15014;Cabana de Bergantiños;4098,0;42,07;30-60 km;-10,65;-3,5;-2,08;1,000-5,000 (small rural);SEPTENTRIONAL;A Coruña;Galicia
17142;Quart;4099,0;5,57;<=30 km;13,33;5,93;6,3;1,000-5,000 (small rural);GIRONES;Girona;Cataluña/Catalunya
45156;Santa Cruz de la Zarza;4100,0;42,05;30-60 km;-12,66;-3,61;0,37;1,000-5,000 (small rural);LA MANCHA;Toledo;Castilla-La Mancha
24034;Camponaraya;4104,0;13,15;<=30 km;-3,98;1,06;-0,02;1,000-5,000 (small rural);BIERZO;León;Castilla y León
36032;Moraña;4110,0;14,73;<=30 km;-3,46;-1,88;-0,27;1,000-5,000 (small rural);LITORAL;Pontevedra;Galicia
20042;Ibarra;4112,0;17,7;<=30 km;-2,31;1,15;-2,56;1,000-5,000 (small rural);TOLOSA;Gipuzkoa;País Vasco/Euskadi
45088;Magán;4114,0;12,78;<=30 km;5,44;14,5;5,65;1,000-5,000 (small rural);SAGRA-TOLEDO;Toledo;Castilla-La Mancha
43109;La Pobla de Mafumet;4115,0;7,33;<=30 km;37,15;3,39;2,24;1,000-5,000 (small rural);TARRAGONES;Tarragona;Cataluña/Catalunya
08286;La Torre de Claramunt;4122,0;25,94;<=30 km;-2,34;3,66;7,01;1,000-5,000 (small rural);ANOIA;Barcelona;Cataluña/Catalunya
31068;Cascante;4131,0;74,53;>60 km;-5,31;3,77;4,27;1,000-5,000 (small rural);RIBERA BAJA;Navarra;Comunidad Foral de Navarra
29011;Almogía;4132,0;13,83;<=30 km;-10,8;2,36;7,07;1,000-5,000 (small rural);CENTRO-SUR O GUADALORCE;Málaga;Andalucía
22213;Sariñena;4135,0;45,0;30-60 km;-5,61;0,12;-0,91;1,000-5,000 (small rural);MONEGROS;Huesca;Aragón
08053;Castellbell i el Vilar;4138,0;9,4;<=30 km;-2,51;7,06;7,4;1,000-5,000 (small rural);BAGES;Barcelona;Cataluña/Catalunya
09410;Valle de Mena;4140,0;28,0;<=30 km;-5,53;6,63;3,84;1,000-5,000 (small rural);MERINDADES;Burgos;Castilla y León
08182;El Pont de Vilomara i Rocafort;4140,0;7,03;<=30 km;1,42;5,66;3,09;1,000-5,000 (small rural);BAGES;Barcelona;Cataluña/Catalunya
06121;Santa Marta;4145,0;30,84;30-60 km;-3,38;-1,96;1,25;1,000-5,000 (small rural);ALMENDRALEJO;Badajoz;Extremadura
18111;Jun;4145,0;3,43;<=30 km;7,07;3,78;5,52;1,000-5,000 (small rural);DE LA VEGA;Granada;Andalucía
46072;Bocairent;4148,0;10,42;<=30 km;-4,11;-2,68;1,15;1,000-5,000 (small rural);VALLES DE ALBAIDA;València/Valencia;Comunitat Valenciana
45183;Las Ventas de Retamosa;4160,0;28,15;<=30 km;0,62;12,73;12,92;1,000-5,000 (small rural);SAGRA-TOLEDO;Toledo;Castilla-La Mancha
43028;La Bisbal del Penedès;4168,0;19,37;<=30 km;2,58;10,57;8,83;1,000-5,000 (small rural);BAIX PENEDES;Tarragona;Cataluña/Catalunya
04038;Dalías;4169,0;11,74;<=30 km;-0,13;1,76;1,63;1,000-5,000 (small rural);CAMPO DALIAS;Almería;Andalucía
45188;Villaluenga de la Sagra;4171,0;19,22;<=30 km;-6,2;7,03;3,4;1,000-5,000 (small rural);SAGRA-TOLEDO;Toledo;Castilla-La Mancha
48065;Ugao-Miraballes;4175,0;8,4;<=30 km;1,82;-0,24;1,48;1,000-5,000 (small rural);ARRATIA-NERVION;Bizkaia;País Vasco/Euskadi
41082;La Roda de Andalucía;4180,0;58,23;30-60 km;-2,8;-0,47;-1,02;1,000-5,000 (small rural);DE ESTEPA;Sevilla;Andalucía
15032;Curtis;4181,0;38,6;30-60 km;-5,84;3,11;2,45;1,000-5,000 (small rural);INTERIOR;A Coruña;Galicia
08204;Sant Climent de Llobregat;4182,0;4,73;<=30 km;3,35;2,09;-0,26;1,000-5,000 (small rural);BAIX LLOBREGAT;Barcelona;Cataluña/Catalunya
46136;Godelleta;4182,0;12,45;<=30 km;1,13;7,28;12,6;1,000-5,000 (small rural);HOYA DE BUÑOL;València/Valencia;Comunitat Valenciana
27013;Cervo;4184,0;69,46;>60 km;-6,31;-0,83;-0,19;1,000-5,000 (small rural);COSTA;Lugo;Galicia
43050;Creixell;4190,0;14,79;<=30 km;2,33;10,95;7,11;1,000-5,000 (small rural);TARRAGONES;Tarragona;Cataluña/Catalunya
23094;Vilches;4190,0;19,84;<=30 km;-6,16;-3,16;-4,25;1,000-5,000 (small rural);EL CONDADO;Jaén;Andalucía
31905;Beriáin;4197,0;9,27;<=30 km;2,47;4,85;1,57;1,000-5,000 (small rural);TIERRA ESTELLA;Navarra;Comunidad Foral de Navarra
15012;Boqueixón;4200,0;12,06;<=30 km;-4,24;-0,69;0,33;1,000-5,000 (small rural);OCCIDENTAL;A Coruña;Galicia
48074;Urduña/Orduña;4203,0;28,25;<=30 km;-2,93;0,45;0,1;1,000-5,000 (small rural);ARRATIA-NERVION;Bizkaia;País Vasco/Euskadi
04093;Turre;4209,0;44,04;30-60 km;-14,97;15,01;8,14;1,000-5,000 (small rural);BAJO ALMAZORA;Almería;Andalucía
28036;Casarrubuelos;4211,0;8,51;<=30 km;13,21;6,26;6,91;1,000-5,000 (small rural);SUR OCCIDENTAL;Madrid;Comunidad de Madrid
39076;Santillana del Mar;4211,0;7,42;<=30 km;3,1;1,41;-0,47;1,000-5,000 (small rural);COSTERA;Cantabria;Cantabria
41090;El Saucejo;4213,0;62,46;>60 km;-3,1;-1,26;-0,8;1,000-5,000 (small rural);LA SIERRA SUR;Sevilla;Andalucía
27015;Cospeito;4213,0;24,64;<=30 km;-8,31;-4,83;-3,68;1,000-5,000 (small rural);TERRA CHA;Lugo;Galicia
06143;Valverde de Leganés;4218,0;24,73;<=30 km;0,12;-0,45;1,47;1,000-5,000 (small rural);OLIVENZA;Badajoz;Extremadura
32072;A Rúa;4223,0;47,04;30-60 km;-5,51;-2,62;-0,52;1,000-5,000 (small rural);EL BARCO DE VALDEORRAS;Ourense;Galicia
37067;Cabrerizos;4226,0;6,98;<=30 km;5,08;0,66;-1,35;1,000-5,000 (small rural);SALAMANCA;Salamanca;Castilla y León
06085;Monesterio;4230,0;75,22;>60 km;-1,98;0,31;-0,87;1,000-5,000 (small rural);LLERENA;Badajoz;Extremadura
31176;Murchante;4239,0;73,65;>60 km;5,68;1,15;2,52;1,000-5,000 (small rural);RIBERA BAJA;Navarra;Comunidad Foral de Navarra
45002;Alameda de la Sagra;4239,0;10,63;<=30 km;1,35;5,47;12,83;1,000-5,000 (small rural);SAGRA-TOLEDO;Toledo;Castilla-La Mancha
20034;Eskoriatza;4241,0;20,84;<=30 km;1,14;1,08;2,66;1,000-5,000 (small rural);ALTO DEBA;Gipuzkoa;País Vasco/Euskadi
17163;Sant Gregori;4243,0;7,52;<=30 km;10,85;7,27;5,76;1,000-5,000 (small rural);GIRONES;Girona;Cataluña/Catalunya
17013;Begur;4245,0;30,58;30-60 km;-6,78;2,67;5,1;1,000-5,000 (small rural);BAIX EMPORDA;Girona;Cataluña/Catalunya
46009;Albalat dels Sorells;4249,0;10,44;<=30 km;1,06;4,21;3,38;1,000-5,000 (small rural);HUERTA DE VALENCIA;València/Valencia;Comunitat Valenciana
45021;Borox;4250,0;7,29;<=30 km;5,56;7,42;6,76;1,000-5,000 (small rural);SAGRA-TOLEDO;Toledo;Castilla-La Mancha
15093;Zas;4261,0;38,94;30-60 km;-10,5;-4,3;-2,81;1,000-5,000 (small rural);OCCIDENTAL;A Coruña;Galicia
23903;Villatorres;4267,0;14,33;<=30 km;-0,95;-1,06;-1,02;1,000-5,000 (small rural);CAMPIÑA DEL NORTE;Jaén;Andalucía
21053;Niebla;4284,0;28,62;<=30 km;-1,87;1,34;3,03;1,000-5,000 (small rural);CONDADO CAMPIÑA;Huelva;Andalucía
07058;Selva;4294,0;28,94;<=30 km;4,65;3,64;4,07;1,000-5,000 (small rural);MALLORCA;Illes Balears;Illes Balears
38033;San Andrés y Sauces;4296,0;126,77;>60 km;-14,92;2,46;1,97;1,000-5,000 (small rural);ISLA DE LA PALMA;Santa Cruz de Tenerife;Canarias
04017;Arboleas;4319,0;48,19;30-60 km;-8,23;2,16;-7,81;1,000-5,000 (small rural);ALTO ALMAZORA;Almería;Andalucía
14018;El Carpio;4325,0;20,82;<=30 km;-2,4;-1,68;-1,3;1,000-5,000 (small rural);CAMPIÑA BAJA;Córdoba;Andalucía
48094;Igorre;4330,0;15,64;<=30 km;-0,51;1,34;0,37;1,000-5,000 (small rural);ARRATIA-NERVION;Bizkaia;País Vasco/Euskadi
45047;Cedillo del Condado;4337,0;20,73;<=30 km;16,32;9,17;7,75;1,000-5,000 (small rural);SAGRA-TOLEDO;Toledo;Castilla-La Mancha
13063;Piedrabuena;4345,0;31,34;30-60 km;-6,19;-1,55;-1,03;1,000-5,000 (small rural);MONTES NORTE;Ciudad Real;Castilla-La Mancha
06091;Navalvillar de Pela;4345,0;81,66;>60 km;-5,79;-1,17;-1,07;1,000-5,000 (small rural);PUEBLA ALCOCER;Badajoz;Extremadura
14029;Fuente Obejuna;4346,0;78,66;>60 km;-8,02;-3,14;-3,53;1,000-5,000 (small rural);PEDROCHES;Córdoba;Andalucía
47023;Boecillo;4357,0;14,39;<=30 km;6,27;1,56;3,27;1,000-5,000 (small rural);CENTRO;Valladolid;Castilla y León
08158;El Papiol;4363,0;5,57;<=30 km;4,09;3,14;3,1;1,000-5,000 (small rural);BAIX LLOBREGAT;Barcelona;Cataluña/Catalunya
46170;Moixent/Mogente;4373,0;31,73;30-60 km;-8,13;0,19;1,09;1,000-5,000 (small rural);LA COSTERA DE JATIVA;València/Valencia;Comunitat Valenciana
21011;Beas;4374,0;23,58;<=30 km;-2,64;5,38;-2,02;1,000-5,000 (small rural);CONDADO CAMPIÑA;Huelva;Andalucía
15052;Muxía;4380,0;57,64;30-60 km;-9,76;-3,63;-4,03;1,000-5,000 (small rural);OCCIDENTAL;A Coruña;Galicia
48077;Plentzia;4390,0;7,43;<=30 km;1,76;1,17;-0,54;1,000-5,000 (small rural);MUNGUIA;Bizkaia;País Vasco/Euskadi
14036;Hornachuelos;4390,0;56,2;30-60 km;-3,46;-0,53;-2,81;1,000-5,000 (small rural);LA SIERRA;Córdoba;Andalucía
15074;Rois;4395,0;21,8;<=30 km;-5,76;-1,56;-2,18;1,000-5,000 (small rural);OCCIDENTAL;A Coruña;Galicia
07016;Consell;4399,0;15,0;<=30 km;4,57;5,86;3,68;1,000-5,000 (small rural);MALLORCA;Illes Balears;Illes Balears
23063;Navas de San Juan;4409,0;29,63;<=30 km;-9,88;-1,8;-1,43;1,000-5,000 (small rural);EL CONDADO;Jaén;Andalucía
31251;Viana;4413,0;9,16;<=30 km;1,49;4,45;1,66;1,000-5,000 (small rural);TIERRA ESTELLA;Navarra;Comunidad Foral de Navarra
08148;Olivella;4419,0;11,34;<=30 km;1,84;10,67;7,08;1,000-5,000 (small rural);GARRAF;Barcelona;Cataluña/Catalunya
46014;Albuixech;4419,0;13,05;<=30 km;-2,18;5,17;5,49;1,000-5,000 (small rural);HUERTA DE VALENCIA;València/Valencia;Comunitat Valenciana
36030;Mondariz;4425,0;23,39;<=30 km;-10,49;-2,27;0,71;1,000-5,000 (small rural);MIÑO;Pontevedra;Galicia
14040;Montalbán de Córdoba;4435,0;33,41;30-60 km;-3,62;1,99;-1,82;1,000-5,000 (small rural);CAMPIÑA BAJA;Córdoba;Andalucía
17083;Hostalric;4446,0;25,82;<=30 km;1,89;4,66;2,63;1,000-5,000 (small rural);SELVA;Girona;Cataluña/Catalunya
06109;Quintana de la Serena;4455,0;64,63;>60 km;-6,17;-1,59;-2,64;1,000-5,000 (small rural);CASTUERA;Badajoz;Extremadura
23079;Santisteban del Puerto;4457,0;40,56;30-60 km;-4,99;-1,06;-0,34;1,000-5,000 (small rural);EL CONDADO;Jaén;Andalucía
04074;Pechina;4463,0;9,08;<=30 km;6,99;3,11;7,72;1,000-5,000 (small rural);CAMPO NIJAR Y BAJO ANDARAX;Almería;Andalucía
07060;Sineu;4469,0;28,17;<=30 km;-1,25;9,51;8,42;1,000-5,000 (small rural);MALLORCA;Illes Balears;Illes Balears
43904;L'Aldea;4471,0;61,82;>60 km;-6,69;0,56;7,48;1,000-5,000 (small rural);BAIX EBRE;Tarragona;Cataluña/Catalunya
11902;San José del Valle;4472,0;21,34;<=30 km;0,84;0,68;0,9;1,000-5,000 (small rural);CAMPIÑA DE CADIZ;Cádiz;Andalucía
31070;Castejón;4473,0;72,44;>60 km;-4,63;4,79;3,88;1,000-5,000 (small rural);RIBERA BAJA;Navarra;Comunidad Foral de Navarra
39002;Ampuero;4477,0;33,1;30-60 km;-0,19;3,53;2,5;1,000-5,000 (small rural);COSTERA;Cantabria;Cantabria
10049;Casar de Cáceres;4477,0;21,71;<=30 km;-6,48;0,36;-0,86;1,000-5,000 (small rural);CACERES;Cáceres;Extremadura
14022;Doña Mencía;4478,0;44,08;30-60 km;-5,83;-1,73;-2,72;1,000-5,000 (small rural);CAMPIÑA ALTA;Córdoba;Andalucía
08175;Puig-reig;4489,0;27,46;<=30 km;-6,0;4,76;4,66;1,000-5,000 (small rural);BERGUEDA;Barcelona;Cataluña/Catalunya
17146;Riells i Viabrea;4499,0;23,87;<=30 km;-1,78;6,65;5,41;1,000-5,000 (small rural);SELVA;Girona;Cataluña/Catalunya
45052;Cobisa;4500,0;8,21;<=30 km;4,35;2,53;2,81;1,000-5,000 (small rural);SAGRA-TOLEDO;Toledo;Castilla-La Mancha
36015;Cuntis;4515,0;23,23;<=30 km;-6,24;-1,42;-2,76;1,000-5,000 (small rural);MONTAÑA;Pontevedra;Galicia
16113;Iniesta;4525,0;57,18;30-60 km;-7,31;1,3;3,9;1,000-5,000 (small rural);MANCHUELA;Cuenca;Castilla-La Mancha
06023;Cabeza del Buey;4526,0;101,17;>60 km;-6,52;-4,0;-4,35;1,000-5,000 (small rural);CASTUERA;Badajoz;Extremadura
05241;El Tiemblo;4526,0;32,92;30-60 km;-6,73;7,74;2,54;1,000-5,000 (small rural);VALLE BAJO ALBERCHE;Ávila;Castilla y León
38013;Frontera;4528,0;139,13;>60 km;-3,86;6,47;5,84;1,000-5,000 (small rural);ISLA DE HIERRO;Santa Cruz de Tenerife;Canarias
28145;Talamanca de Jarama;4533,0;20,19;<=30 km;14,89;10,68;9,94;1,000-5,000 (small rural);CAMPIÑA;Madrid;Comunidad de Madrid
47086;Medina de Rioseco;4537,0;30,55;30-60 km;-4,62;-3,52;-0,29;1,000-5,000 (small rural);TIERRA DE CAMPOS;Valladolid;Castilla y León
44050;Calamocha;4542,0;86,09;>60 km;-5,94;3,57;1,54;1,000-5,000 (small rural);CUENCA DEL JILOCA;Teruel;Aragón
23070;Pozo Alcón;4550,0;71,62;>60 km;-11,53;-0,04;-3,31;1,000-5,000 (small rural);SIERRA DE CAZORLA;Jaén;Andalucía
50209;Pinseque;4551,0;14,31;<=30 km;7,57;7,06;8,77;1,000-5,000 (small rural);ZARAGOZA;Zaragoza;Aragón
38045;Tazacorte;4559,0;129,4;>60 km;-16,89;-0,91;0,02;1,000-5,000 (small rural);ISLA DE LA PALMA;Santa Cruz de Tenerife;Canarias
12901;les Alqueries/Alquerías del Niño Perdido;4563,0;4,86;<=30 km;0,74;1,77;0,53;1,000-5,000 (small rural);LA PLANA;Castelló/Castellón;Comunitat Valenciana
50099;Épila;4565,0;33,67;30-60 km;-6,5;-0,77;4,51;1,000-5,000 (small rural);LA ALMUNIA DE DOÑA GODINA;Zaragoza;Aragón
19331;Yunquera de Henares;4566,0;13,22;<=30 km;6,31;10,85;4,63;1,000-5,000 (small rural);CAMPIÑA;Guadalajara;Castilla-La Mancha
28162;Valdeolmos-Alalpardo;4568,0;13,49;<=30 km;16,25;6,68;6,01;1,000-5,000 (small rural);CAMPIÑA;Madrid;Comunidad de Madrid
46203;la Pobla Llarga;4569,0;24,75;<=30 km;-2,41;-0,94;2,91;1,000-5,000 (small rural);RIBERAS DEL JUCAR;València/Valencia;Comunitat Valenciana
48916;Usansolo;4572,0;9,86;<=30 km;;;;1,000-5,000 (small rural);GRAN BILBAO;Bizkaia;País Vasco/Euskadi
08047;Cardona;4574,0;24,89;<=30 km;-7,58;-1,27;-0,41;1,000-5,000 (small rural);BAGES;Barcelona;Cataluña/Catalunya
15066;O Pino;4581,0;16,17;<=30 km;-2,09;-0,37;-1,25;1,000-5,000 (small rural);INTERIOR;A Coruña;Galicia
48904;Sondika;4587,0;4,05;<=30 km;-1,37;1,33;0,7;1,000-5,000 (small rural);GRAN BILBAO;Bizkaia;País Vasco/Euskadi
02024;Casas-Ibáñez;4591,0;54,42;30-60 km;-5,4;0,4;1,12;1,000-5,000 (small rural);MANCHUELA;Albacete;Castilla-La Mancha
06052;Fuente de Cantos;4592,0;83,17;>60 km;-2,77;-2,09;-1,96;1,000-5,000 (small rural);LLERENA;Badajoz;Extremadura
46042;Aielo de Malferit;4599,0;23,74;<=30 km;-2,14;-1,16;0,15;1,000-5,000 (small rural);VALLES DE ALBAIDA;València/Valencia;Comunitat Valenciana
48019;Berriz;4600,0;29,26;<=30 km;-3,61;-3,01;1,39;1,000-5,000 (small rural);DURANGUESADO;Bizkaia;País Vasco/Euskadi
39061;Ribamontán al Mar;4615,0;11,26;<=30 km;-1,12;4,09;-0,3;1,000-5,000 (small rural);COSTERA;Cantabria;Cantabria
21025;Cortegana;4618,0;64,72;>60 km;-1,72;-2,11;-0,37;1,000-5,000 (small rural);SIERRA;Huelva;Andalucía
18079;Fuente Vaqueros;4625,0;17,58;<=30 km;1,46;0,64;4,76;1,000-5,000 (small rural);DE LA VEGA;Granada;Andalucía
02029;Chinchilla de Monte-Aragón;4626,0;23,84;<=30 km;4,93;3,87;6,49;1,000-5,000 (small rural);CENTRO;Albacete;Castilla-La Mancha
41056;La Luisiana;4626,0;56,28;30-60 km;-1,15;0,33;0,85;1,000-5,000 (small rural);LA CAMPIÑA;Sevilla;Andalucía
41032;Cazalla de la Sierra;4629,0;61,63;>60 km;-4,4;-0,77;-2,59;1,000-5,000 (small rural);LA SIERRA NORTE;Sevilla;Andalucía
50115;Fuentes de Ebro;4631,0;34,07;30-60 km;-1,06;1,25;0,67;1,000-5,000 (small rural);ZARAGOZA;Zaragoza;Aragón
28140;Serranillos del Valle;4634,0;11,13;<=30 km;12,86;8,93;4,63;1,000-5,000 (small rural);SUR OCCIDENTAL;Madrid;Comunidad de Madrid
45031;Camarena;4634,0;27,74;<=30 km;-1,56;13,3;9,22;1,000-5,000 (small rural);TORRIJOS;Toledo;Castilla-La Mancha
50066;Cadrete;4639,0;14,74;<=30 km;18,0;11,39;7,04;1,000-5,000 (small rural);ZARAGOZA;Zaragoza;Aragón
14060;Santaella;4655,0;37,46;30-60 km;-1,32;-23,33;0,95;1,000-5,000 (small rural);CAMPIÑA BAJA;Córdoba;Andalucía
02045;Madrigueras;4658,0;31,56;30-60 km;-3,87;-0,24;0,09;1,000-5,000 (small rural);MANCHUELA;Albacete;Castilla-La Mancha
10116;Malpartida de Plasencia;4673,0;71,66;>60 km;-2,27;0,76;0,78;1,000-5,000 (small rural);PLASENCIA;Cáceres;Extremadura
41097;Villamanrique de la Condesa;4677,0;31,77;30-60 km;6,89;1,18;3,22;1,000-5,000 (small rural);LAS MARISMAS;Sevilla;Andalucía
38010;Buenavista del Norte;4680,0;25,56;<=30 km;-6,0;0,23;-1,8;1,000-5,000 (small rural);NORTE DE TENERIFE;Santa Cruz de Tenerife;Canarias
29076;Ojén;4682,0;6,7;<=30 km;8,42;12,75;16,38;1,000-5,000 (small rural);CENTRO-SUR O GUADALORCE;Málaga;Andalucía
40112;La Lastrilla;4697,0;9,88;<=30 km;9,54;10,95;12,21;1,000-5,000 (small rural);SEGOVIA;Segovia;Castilla y León
41036;El Coronil;4697,0;16,66;<=30 km;-3,86;-2,25;-0,04;1,000-5,000 (small rural);LA CAMPIÑA;Sevilla;Andalucía
36028;Meis;4703,0;10,76;<=30 km;-4,01;0,42;-1,94;1,000-5,000 (small rural);LITORAL;Pontevedra;Galicia
47155;Santovenia de Pisuerga;4703,0;10,01;<=30 km;8,4;5,94;2,15;1,000-5,000 (small rural);CENTRO;Valladolid;Castilla y León
15037;Fisterra;4704,0;60,9;>60 km;-5,0;0,28;-0,21;1,000-5,000 (small rural);OCCIDENTAL;A Coruña;Galicia
38042;Los Silos;4705,0;25,18;<=30 km;-7,78;-1,37;0,28;1,000-5,000 (small rural);NORTE DE TENERIFE;Santa Cruz de Tenerife;Canarias
06028;Campanario;4705,0;71,37;>60 km;-5,06;-2,9;-2,45;1,000-5,000 (small rural);DON BENITO;Badajoz;Extremadura
46255;Vilallonga/Villalonga;4713,0;11,5;<=30 km;1,02;3,49;5,84;1,000-5,000 (small rural);GANDIA;València/Valencia;Comunitat Valenciana
28125;Robledo de Chavela;4725,0;27,93;<=30 km;2,05;7,69;5,49;1,000-5,000 (small rural);GUADARRAMA;Madrid;Comunidad de Madrid
28087;Los Molinos;4731,0;12,51;<=30 km;-4,76;5,43;3,68;1,000-5,000 (small rural);GUADARRAMA;Madrid;Comunidad de Madrid
45101;Miguel Esteban;4733,0;72,59;>60 km;-8,86;-2,02;-1,58;1,000-5,000 (small rural);LA MANCHA;Toledo;Castilla-La Mancha
24030;Cacabelos;4735,0;19,86;<=30 km;-6,24;-4,75;-3,13;1,000-5,000 (small rural);BIERZO;León;Castilla y León
39009;Bárcena de Cicero;4741,0;27,13;<=30 km;1,42;5,09;7,77;1,000-5,000 (small rural);COSTERA;Cantabria;Cantabria
06050;Fregenal de la Sierra;4743,0;77,01;>60 km;-5,29;-2,18;-1,41;1,000-5,000 (small rural);JEREZ DE LOS CABALLEROS;Badajoz;Extremadura
03070;Formentera del Segura;4749,0;10,78;<=30 km;-7,4;4,99;9,5;1,000-5,000 (small rural);MERIDIONAL;Alacant/Alicante;Comunitat Valenciana
46118;Enguera;4769,0;40,37;30-60 km;-17,46;-0,44;-0,21;1,000-5,000 (small rural);ENGUERA Y LA CANAL;València/Valencia;Comunitat Valenciana
45180;Valmojado;4771,0;21,58;<=30 km;-1,17;5,03;7,7;1,000-5,000 (small rural);SAGRA-TOLEDO;Toledo;Castilla-La Mancha
45028;Calera y Chozas;4773,0;16,67;<=30 km;-1,26;0,02;2,84;1,000-5,000 (small rural);TALAVERA;Toledo;Castilla-La Mancha
13093;Villanueva de los Infantes;4785,0;86,0;>60 km;-12,34;-3,54;-1,38;1,000-5,000 (small rural);CAMPO DE MONTIEL;Ciudad Real;Castilla-La Mancha
33059;Salas;4799,0;31,26;30-60 km;-11,1;-4,05;-1,62;1,000-5,000 (small rural);GRADO;Asturias;Principado de Asturias
17137;Porqueres;4804,0;17,57;<=30 km;3,68;2,31;2,19;1,000-5,000 (small rural);PLA DE L'ESTANY;Girona;Cataluña/Catalunya
04024;Benahadux;4808,0;12,55;<=30 km;1,1;3,88;6,23;1,000-5,000 (small rural);CAMPO NIJAR Y BAJO ANDARAX;Almería;Andalucía
50288;Villanueva de Gállego;4814,0;13,21;<=30 km;2,87;1,37;1,88;1,000-5,000 (small rural);ZARAGOZA;Zaragoza;Aragón
19257;Sigüenza;4830,0;67,52;>60 km;-9,12;-1,33;12,38;1,000-5,000 (small rural);SIERRA;Guadalajara;Castilla-La Mancha
36901;A Illa de Arousa;4849,0;24,55;<=30 km;-1,04;-0,14;-2,06;1,000-5,000 (small rural);LITORAL;Pontevedra;Galicia
08069;Collbató;4849,0;15,07;<=30 km;3,58;4,42;4,17;1,000-5,000 (small rural);BAIX LLOBREGAT;Barcelona;Cataluña/Catalunya
03042;el Poble Nou de Benitatxell/Benitachell;4851,0;30,65;30-60 km;-27,8;7,68;9,08;1,000-5,000 (small rural);MARQUESADO;Alacant/Alicante;Comunitat Valenciana
38049;Valle Gran Rey;4854,0;58,44;30-60 km;-18,51;3,55;4,54;1,000-5,000 (small rural);ISLA DE LA GOMERA;Santa Cruz de Tenerife;Canarias
25228;Torrefarrera;4861,0;7,21;<=30 km;7,98;1,56;3,38;1,000-5,000 (small rural);SEGRIA;Lleida;Cataluña/Catalunya
31216;Sangüesa/Zangoza;4862,0;41,38;30-60 km;-4,8;-1,77;-0,21;1,000-5,000 (small rural);NAVARRA MEDIA;Navarra;Comunidad Foral de Navarra
28002;Ajalvir;4863,0;6,21;<=30 km;8,37;2,57;4,0;1,000-5,000 (small rural);CAMPIÑA;Madrid;Comunidad de Madrid
15055;Neda;4868,0;11,75;<=30 km;-5,09;-1,56;-3,26;1,000-5,000 (small rural);SEPTENTRIONAL;A Coruña;Galicia
26021;Autol;4875,0;48,74;30-60 km;1,1;5,21;3,68;1,000-5,000 (small rural);RIOJA BAJA;La Rioja;La Rioja
41012;Aznalcázar;4886,0;32,99;30-60 km;6,82;2,65;5,9;1,000-5,000 (small rural);LAS MARISMAS;Sevilla;Andalucía
14067;Villafranca de Córdoba;4886,0;17,32;<=30 km;2,82;0,74;-0,22;1,000-5,000 (small rural);CAMPIÑA BAJA;Córdoba;Andalucía
45056;Chozas de Canales;4887,0;26,64;<=30 km;-5,72;15,14;12,73;1,000-5,000 (small rural);SAGRA-TOLEDO;Toledo;Castilla-La Mancha
45135;La Puebla de Almoradiel;4887,0;64,52;>60 km;-10,31;-4,49;-3,05;1,000-5,000 (small rural);LA MANCHA;Toledo;Castilla-La Mancha
28150;Torrejón de Velasco;4893,0;6,44;<=30 km;2,72;6,89;6,51;1,000-5,000 (small rural);SUR OCCIDENTAL;Madrid;Comunidad de Madrid
33021;Cudillero;4896,0;25,12;<=30 km;-9,4;-2,17;-1,45;1,000-5,000 (small rural);GRADO;Asturias;Principado de Asturias
45187;Villafranca de los Caballeros;4897,0;65,51;>60 km;-7,03;-1,28;0,64;1,000-5,000 (small rural);LA MANCHA;Toledo;Castilla-La Mancha
03109;Rafal;4900,0;6,77;<=30 km;3,84;4,05;6,59;1,000-5,000 (small rural);MERIDIONAL;Alacant/Alicante;Comunitat Valenciana
13011;Almadén;4902,0;69,16;>60 km;-9,24;-6,52;-3,98;1,000-5,000 (small rural);MONTES SUR;Ciudad Real;Castilla-La Mancha
38034;San Juan de la Rambla;4904,0;25,76;<=30 km;-5,2;1,15;1,03;1,000-5,000 (small rural);NORTE DE TENERIFE;Santa Cruz de Tenerife;Canarias
14010;Benamejí;4910,0;54,3;30-60 km;-2,52;0,14;-1,45;1,000-5,000 (small rural);CAMPIÑA ALTA;Córdoba;Andalucía
38015;Garachico;4924,0;21,46;<=30 km;-9,39;1,58;0,59;1,000-5,000 (small rural);NORTE DE TENERIFE;Santa Cruz de Tenerife;Canarias
31157;Lodosa;4931,0;31,83;30-60 km;-5,27;1,68;1,8;1,000-5,000 (small rural);RIBERA ALTA ARAGON;Navarra;Comunidad Foral de Navarra
06093;Oliva de la Frontera;4936,0;69,37;>60 km;-5,11;-2,16;-2,89;1,000-5,000 (small rural);JEREZ DE LOS CABALLEROS;Badajoz;Extremadura
32069;Ribadavia;4936,0;21,46;<=30 km;-6,67;-0,46;-1,38;1,000-5,000 (small rural);ORENSE;Ourense;Galicia
11002;Alcalá del Valle;4936,0;50,5;30-60 km;-2,72;-1,8;-1,89;1,000-5,000 (small rural);SIERRA DE CADIZ;Cádiz;Andalucía
08234;Sant Pere de Vilamajor;4941,0;15,89;<=30 km;1,34;6,86;5,78;1,000-5,000 (small rural);VALLES ORIENTAL;Barcelona;Cataluña/Catalunya
15089;Vedra;4942,0;15,07;<=30 km;0,1;-0,28;-1,79;1,000-5,000 (small rural);OCCIDENTAL;A Coruña;Galicia
17092;Llançà;4943,0;48,88;30-60 km;-6,69;-0,53;2,09;1,000-5,000 (small rural);ALT EMPORDA;Girona;Cataluña/Catalunya
46048;Bellreguard;4943,0;6,46;<=30 km;-4,33;1,82;6,71;1,000-5,000 (small rural);GANDIA;València/Valencia;Comunitat Valenciana
23073;Quesada;4952,0;58,48;30-60 km;-7,55;-2,68;-4,05;1,000-5,000 (small rural);SIERRA DE CAZORLA;Jaén;Andalucía
23012;Beas de Segura;4968,0;69,67;>60 km;-8,47;-1,46;-2,87;1,000-5,000 (small rural);SIERRA DE SEGURA;Jaén;Andalucía
08115;Martorelles;4987,0;2,99;<=30 km;-3,28;0,6;3,4;1,000-5,000 (small rural);VALLES ORIENTAL;Barcelona;Cataluña/Catalunya
28151;Torrelaguna;4991,0;24,34;<=30 km;-4,19;3,66;1,92;1,000-5,000 (small rural);LOZOYA SOMOSIERRA;Madrid;Comunidad de Madrid
45123;Ontígola;4992,0;12,33;<=30 km;7,36;10,84;5,25;1,000-5,000 (small rural);LA MANCHA;Toledo;Castilla-La Mancha
06006;Alburquerque;4998,0;39,45;30-60 km;-4,41;-1,78;-4,71;1,000-5,000 (small rural);ALBURQUERQUE;Badajoz;Extremadura
05240;Sotillo de la Adrada;5003,0;41,07;30-60 km;-5,93;3,94;5,97;5,000-20,000 (semi-urban);VALLE DEL TIETAR;Ávila;Castilla y León
43100;Els Pallaresos;5006,0;4,09;<=30 km;8,68;2,81;2,75;5,000-20,000 (semi-urban);TARRAGONES;Tarragona;Cataluña/Catalunya
08029;Cabrera de Mar;5018,0;4,97;<=30 km;1,46;2,64;4,83;5,000-20,000 (semi-urban);MARESME;Barcelona;Cataluña/Catalunya
45145;Recas;5023,0;19,9;<=30 km;3,58;7,85;10,74;5,000-20,000 (semi-urban);SAGRA-TOLEDO;Toledo;Castilla-La Mancha
28164;Valdetorres de Jarama;5026,0;14,84;<=30 km;7,68;7,12;7,03;5,000-20,000 (semi-urban);CAMPIÑA;Madrid;Comunidad de Madrid
05047;Candeleda;5031,0;44,14;30-60 km;-4,05;1,02;-0,36;5,000-20,000 (semi-urban);VALLE DEL TIETAR;Ávila;Castilla y León
36059;Vila de Cruces;5033,0;27,33;<=30 km;-14,8;-3,34;-1,26;5,000-20,000 (semi-urban);MONTAÑA;Pontevedra;Galicia
45203;Yuncler;5033,0;20,2;<=30 km;2,97;15,56;15,86;5,000-20,000 (semi-urban);SAGRA-TOLEDO;Toledo;Castilla-La Mancha
41099;Villanueva del Río y Minas;5033,0;37,0;30-60 km;-7,3;0,66;2,88;5,000-20,000 (semi-urban);LA VEGA;Sevilla;Andalucía
46233;Sollana;5035,0;15,54;<=30 km;-3,07;0,55;2,52;5,000-20,000 (semi-urban);RIBERAS DEL JUCAR;València/Valencia;Comunitat Valenciana
27010;Castro de Rei;5041,0;21,75;<=30 km;-8,42;1,98;-1,35;5,000-20,000 (semi-urban);TERRA CHA;Lugo;Galicia
36009;A Cañiza;5046,0;35,81;30-60 km;-19,01;-1,12;-1,35;5,000-20,000 (semi-urban);INTERIOR;Pontevedra;Galicia
08092;Gironella;5055,0;34,38;30-60 km;-5,41;1,7;2,83;5,000-20,000 (semi-urban);BERGUEDA;Barcelona;Cataluña/Catalunya
38053;Villa de Mazo;5070,0;115,96;>60 km;-4,09;1,75;4,0;5,000-20,000 (semi-urban);ISLA DE LA PALMA;Santa Cruz de Tenerife;Canarias
21052;Nerva;5073,0;59,7;30-60 km;-7,08;-3,32;-1,05;5,000-20,000 (semi-urban);ANDEVALO ORIENTAL;Huelva;Andalucía
48060;Markina-Xemein;5078,0;36,53;30-60 km;0,64;2,8;0,12;5,000-20,000 (semi-urban);ONDARROA;Bizkaia;País Vasco/Euskadi
41072;Pedrera;5085,0;63,9;>60 km;-0,8;-1,11;-1,2;5,000-20,000 (semi-urban);DE ESTEPA;Sevilla;Andalucía
15024;Cerceda;5085,0;20,54;<=30 km;-7,42;-0,54;1,78;5,000-20,000 (semi-urban);INTERIOR;A Coruña;Galicia
24188;Valencia de Don Juan;5094,0;34,48;30-60 km;2,1;-2,7;-1,26;5,000-20,000 (semi-urban);ESLA-CAMPOS;León;Castilla y León
15016;Camariñas;5098,0;58,36;30-60 km;-12,14;-1,84;-2,41;5,000-20,000 (semi-urban);OCCIDENTAL;A Coruña;Galicia
33042;Noreña;5102,0;1,64;<=30 km;-4,09;-1,05;-0,22;5,000-20,000 (semi-urban);OVIEDO;Asturias;Principado de Asturias
13058;Moral de Calatrava;5103,0;39,81;30-60 km;-6,15;-1,29;-2,07;5,000-20,000 (semi-urban);CAMPO DE CALATRAVA;Ciudad Real;Castilla-La Mancha
03002;Agost;5107,0;9,51;<=30 km;-2,65;4,1;4,1;5,000-20,000 (semi-urban);VINALOPO;Alacant/Alicante;Comunitat Valenciana
07023;Ferreries;5114,0;120,77;>60 km;-1,78;4,2;4,54;5,000-20,000 (semi-urban);MENORCA;Illes Balears;Illes Balears
27022;Guitiriz;5122,0;32,93;30-60 km;-3,75;-0,91;-6,1;5,000-20,000 (semi-urban);TERRA CHA;Lugo;Galicia
37008;Alba de Tormes;5122,0;20,65;<=30 km;-3,76;-0,14;-0,72;5,000-20,000 (semi-urban);ALBA DE TORMES;Salamanca;Castilla y León
07059;ses Salines;5129,0;37,79;30-60 km;-7,81;2,73;2,38;5,000-20,000 (semi-urban);MALLORCA;Illes Balears;Illes Balears
41022;La Campana;5132,0;45,99;30-60 km;-2,94;-1,0;-1,84;5,000-20,000 (semi-urban);LA CAMPIÑA;Sevilla;Andalucía
41027;Castilblanco de los Arroyos;5134,0;35,94;30-60 km;-6,79;5,18;1,48;5,000-20,000 (semi-urban);LA SIERRA NORTE;Sevilla;Andalucía
17020;Bescanó;5141,0;10,47;<=30 km;7,13;3,1;0,92;5,000-20,000 (semi-urban);GIRONES;Girona;Cataluña/Catalunya
15902;Oza-Cesuras;5151,0;26,26;<=30 km;-5,89;0,29;-0,37;5,000-20,000 (semi-urban);SEPTENTRIONAL;A Coruña;Galicia
33045;Parres;5152,0;40,43;30-60 km;-7,02;-1,14;-2,65;5,000-20,000 (semi-urban);LLANES;Asturias;Principado de Asturias
18105;Iznalloz;5154,0;24,62;<=30 km;-28,13;0,18;1,18;5,000-20,000 (semi-urban);IZNALLOZ;Granada;Andalucía
01051;Agurain/Salvatierra;5155,0;24,61;<=30 km;2,89;0,22;2,51;5,000-20,000 (semi-urban);LLANADA ALAVESA;Araba/Álava;País Vasco/Euskadi
45102;Mocejón;5172,0;10,99;<=30 km;-1,59;3,73;3,25;5,000-20,000 (semi-urban);SAGRA-TOLEDO;Toledo;Castilla-La Mancha
47114;Peñafiel;5188,0;54,99;30-60 km;-7,39;-0,43;2,37;5,000-20,000 (semi-urban);SURESTE;Valladolid;Castilla y León
39040;Marina de Cudeyo;5190,0;7,97;<=30 km;-2,52;1,33;0,08;5,000-20,000 (semi-urban);COSTERA;Cantabria;Cantabria
50055;Borja;5191,0;55,15;30-60 km;-1,47;2,34;3,06;5,000-20,000 (semi-urban);BORJA;Zaragoza;Aragón
15051;Mugardos;5195,0;7,3;<=30 km;-3,25;-1,53;-0,59;5,000-20,000 (semi-urban);SEPTENTRIONAL;A Coruña;Galicia
10203;Valencia de Alcántara;5196,0;66,49;>60 km;-9,71;-2,1;-2,42;5,000-20,000 (semi-urban);VALENCIA DE ALCANTARA;Cáceres;Extremadura
33040;Nava;5203,0;16,25;<=30 km;-4,72;-1,31;-1,16;5,000-20,000 (semi-urban);OVIEDO;Asturias;Principado de Asturias
42043;Burgo de Osma-Ciudad de Osma;5204,0;98,57;>60 km;-5,39;2,19;3,38;5,000-20,000 (semi-urban);BURGO DE OSMA;Soria;Castilla y León
06123;San Vicente de Alcántara;5204,0;50,17;30-60 km;-3,93;-2,47;-2,55;5,000-20,000 (semi-urban);ALBURQUERQUE;Badajoz;Extremadura
19220;Pioz;5204,0;17,04;<=30 km;7,81;24,32;11,03;5,000-20,000 (semi-urban);CAMPIÑA;Guadalajara;Castilla-La Mancha
40181;Real Sitio de San Ildefonso;5205,0;13,47;<=30 km;-6,72;-0,57;-0,61;5,000-20,000 (semi-urban);SEGOVIA;Segovia;Castilla y León
36046;Ribadumia;5212,0;14,19;<=30 km;-0,51;1,74;1,07;5,000-20,000 (semi-urban);LITORAL;Pontevedra;Galicia
23038;La Guardia de Jaén;5218,0;7,82;<=30 km;10,44;2,36;2,68;5,000-20,000 (semi-urban);SIERRA SUR;Jaén;Andalucía
43043;El Catllar;5218,0;6,05;<=30 km;2,48;9,12;10,08;5,000-20,000 (semi-urban);TARRAGONES;Tarragona;Cataluña/Catalunya
39044;Miengo;5221,0;10,46;<=30 km;0,6;7,34;3,2;5,000-20,000 (semi-urban);COSTERA;Cantabria;Cantabria
11001;Alcalá de los Gazules;5223,0;35,94;30-60 km;-5,24;0,06;-0,42;5,000-20,000 (semi-urban);DE LA JANDA;Cádiz;Andalucía
45054;Corral de Almaguer;5237,0;49,3;30-60 km;-13,02;-5,36;3,33;5,000-20,000 (semi-urban);LA MANCHA;Toledo;Castilla-La Mancha
45107;Nambroca;5250,0;11,48;<=30 km;10,58;7,46;5,97;5,000-20,000 (semi-urban);SAGRA-TOLEDO;Toledo;Castilla-La Mancha
07020;Esporles;5252,0;14,17;<=30 km;-0,28;2,27;2,3;5,000-20,000 (semi-urban);MALLORCA;Illes Balears;Illes Balears
36027;Meaño;5264,0;13,67;<=30 km;-2,31;-0,02;-0,94;5,000-20,000 (semi-urban);LITORAL;Pontevedra;Galicia
15043;Malpica de Bergantiños;5267,0;32,33;30-60 km;-9,57;-2,11;-1,22;5,000-20,000 (semi-urban);SEPTENTRIONAL;A Coruña;Galicia
38048;Valverde;5268,0;126,33;>60 km;-2,54;2,6;3,62;5,000-20,000 (semi-urban);ISLA DE HIERRO;Santa Cruz de Tenerife;Canarias
03138;el Verger;5272,0;23,58;<=30 km;-9,76;7,1;8,9;5,000-20,000 (semi-urban);MARQUESADO;Alacant/Alicante;Comunitat Valenciana
25050;Bellpuig;5276,0;35,42;30-60 km;-0,3;1,8;2,43;5,000-20,000 (semi-urban);URGELL;Lleida;Cataluña/Catalunya
23066;Peal de Becerro;5276,0;52,93;30-60 km;-5,21;0,91;-0,92;5,000-20,000 (semi-urban);SIERRA DE CAZORLA;Jaén;Andalucía
20056;Mutriku;5281,0;33,34;30-60 km;6,88;-1,31;-0,06;5,000-20,000 (semi-urban);BAJO DEBA;Gipuzkoa;País Vasco/Euskadi
46044;Ayora;5284,0;61,16;>60 km;-1,92;-1,16;1,32;5,000-20,000 (semi-urban);VALLE DE AYORA;València/Valencia;Comunitat Valenciana
06128;Talavera la Real;5298,0;9,02;<=30 km;-3,17;-1,21;-0,24;5,000-20,000 (semi-urban);BADAJOZ;Badajoz;Extremadura
18135;Montefrío;5305,0;42,3;30-60 km;-11,05;-2,61;-0,58;5,000-20,000 (semi-urban);MONTEFRIO;Granada;Andalucía
41026;Casariche;5307,0;61,6;>60 km;-0,8;-2,64;-1,43;5,000-20,000 (semi-urban);DE ESTEPA;Sevilla;Andalucía
14046;Nueva Carteya;5307,0;35,61;30-60 km;-4,31;-0,96;-0,64;5,000-20,000 (semi-urban);CAMPIÑA ALTA;Córdoba;Andalucía
18093;Gualchos;5309,0;8,31;<=30 km;8,11;1,48;0,42;5,000-20,000 (semi-urban);LA COSTA;Granada;Andalucía
15068;Ponteceso;5318,0;38,29;30-60 km;-8,49;-1,94;-2,55;5,000-20,000 (semi-urban);SEPTENTRIONAL;A Coruña;Galicia
43005;Alcover;5348,0;13,58;<=30 km;0,45;1,51;3,14;5,000-20,000 (semi-urban);ALT CAMP;Tarragona;Cataluña/Catalunya
45014;Añover de Tajo;5354,0;7,62;<=30 km;-4,88;3,38;2,92;5,000-20,000 (semi-urban);SAGRA-TOLEDO;Toledo;Castilla-La Mancha
27039;Outeiro de Rei;5358,0;11,52;<=30 km;1,18;2,42;2,72;5,000-20,000 (semi-urban);CENTRAL;Lugo;Galicia
47050;Cigales;5364,0;13,51;<=30 km;6,83;2,69;1,23;5,000-20,000 (semi-urban);CENTRO;Valladolid;Castilla y León
08043;Canyelles;5367,0;5,34;<=30 km;2,48;9,04;9,84;5,000-20,000 (semi-urban);GARRAF;Barcelona;Cataluña/Catalunya
23006;Arjona;5376,0;31,57;30-60 km;-1,89;-2,59;-1,36;5,000-20,000 (semi-urban);CAMPIÑA DEL NORTE;Jaén;Andalucía
17186;Sarrià de Ter;5392,0;3,76;<=30 km;7,17;2,29;3,08;5,000-20,000 (semi-urban);GIRONES;Girona;Cataluña/Catalunya
20029;Deba;5399,0;27,18;<=30 km;1,51;-0,29;-0,77;5,000-20,000 (semi-urban);BAJO DEBA;Gipuzkoa;País Vasco/Euskadi
06002;Aceuchal;5404,0;35,13;30-60 km;-4,92;0,11;-1,15;5,000-20,000 (semi-urban);ALMENDRALEJO;Badajoz;Extremadura
29097;Villanueva del Trabuco;5410,0;31,64;30-60 km;-1,79;1,13;0,93;5,000-20,000 (semi-urban);NORTE O ANTEQUERA;Málaga;Andalucía
15061;Ortigueira;5418,0;39,03;30-60 km;-14,23;-5,5;-1,22;5,000-20,000 (semi-urban);SEPTENTRIONAL;A Coruña;Galicia
45038;Carranque;5418,0;14,74;<=30 km;9,24;5,48;7,89;5,000-20,000 (semi-urban);SAGRA-TOLEDO;Toledo;Castilla-La Mancha
19326;Yebes;5421,0;12,7;<=30 km;78,94;31,78;16,93;5,000-20,000 (semi-urban);CAMPIÑA;Guadalajara;Castilla-La Mancha
04062;Macael;5428,0;48,25;30-60 km;-7,34;-1,62;-0,39;5,000-20,000 (semi-urban);ALTO ALMAZORA;Almería;Andalucía
46020;l'Alcúdia de Crespins;5438,0;33,01;30-60 km;-3,42;-0,85;5,72;5,000-20,000 (semi-urban);LA COSTERA DE JATIVA;València/Valencia;Comunitat Valenciana
11005;Algodonales;5443,0;38,37;30-60 km;-2,93;-1,14;-1,5;5,000-20,000 (semi-urban);SIERRA DE CADIZ;Cádiz;Andalucía
24163;Sariegos;5444,0;8,9;<=30 km;8,36;2,58;5,3;5,000-20,000 (semi-urban);TIERRAS DE LEON;León;Castilla y León
29001;Alameda;5449,0;55,42;30-60 km;-1,59;1,62;-0,07;5,000-20,000 (semi-urban);NORTE O ANTEQUERA;Málaga;Andalucía
29072;Mollina;5449,0;46,2;30-60 km;-6,8;6,39;2,02;5,000-20,000 (semi-urban);NORTE O ANTEQUERA;Málaga;Andalucía
42020;Almazán;5476,0;107,09;>60 km;-7,98;-2,08;1,2;5,000-20,000 (semi-urban);ALMAZAN;Soria;Castilla y León
18036;Cájar;5492,0;6,25;<=30 km;7,21;3,79;4,37;5,000-20,000 (semi-urban);DE LA VEGA;Granada;Andalucía
06036;Castuera;5497,0;83,11;>60 km;-6,83;-3,6;-3,7;5,000-20,000 (semi-urban);CASTUERA;Badajoz;Extremadura
11025;Paterna de Rivera;5505,0;20,47;<=30 km;-1,34;-1,08;0,64;5,000-20,000 (semi-urban);DE LA JANDA;Cádiz;Andalucía
37156;Guijuelo;5508,0;43,12;30-60 km;-6,99;-1,94;-0,76;5,000-20,000 (semi-urban);ALBA DE TORMES;Salamanca;Castilla y León
10021;Arroyo de la Luz;5520,0;20,15;<=30 km;-7,43;-3,21;-2,53;5,000-20,000 (semi-urban);CACERES;Cáceres;Extremadura
23044;Huelma;5522,0;36,0;30-60 km;-3,92;-2,79;-2,82;5,000-20,000 (semi-urban);MAGINA;Jaén;Andalucía
47161;Simancas;5538,0;9,05;<=30 km;-2,67;1,39;4,2;5,000-20,000 (semi-urban);CENTRO;Valladolid;Castilla y León
45202;Yepes;5541,0;8,99;<=30 km;-2,65;4,31;4,51;5,000-20,000 (semi-urban);LA MANCHA;Toledo;Castilla-La Mancha
34080;Guardo;5548,0;63,26;>60 km;-12,12;-5,96;-4,11;5,000-20,000 (semi-urban);GUARDO;Palencia;Castilla y León
33056;Ribadesella;5552,0;48,85;30-60 km;-7,42;-0,77;-2,36;5,000-20,000 (semi-urban);LLANES;Asturias;Principado de Asturias
17049;Celrà;5561,0;5,12;<=30 km;12,66;4,01;-0,8;5,000-20,000 (semi-urban);GIRONES;Girona;Cataluña/Catalunya
08044;Capellades;5567,0;24,18;<=30 km;-4,9;1,98;4,76;5,000-20,000 (semi-urban);ANOIA;Barcelona;Cataluña/Catalunya
35010;Haría;5567,0;22,03;<=30 km;-6,63;7,97;3,77;5,000-20,000 (semi-urban);LANZAROTE;Las Palmas;Canarias
28089;Moraleja de Enmedio;5576,0;6,82;<=30 km;-0,31;5,44;5,33;5,000-20,000 (semi-urban);SUR OCCIDENTAL;Madrid;Comunidad de Madrid
15001;Abegondo;5578,0;18,43;<=30 km;-4,24;0,73;1,53;5,000-20,000 (semi-urban);SEPTENTRIONAL;A Coruña;Galicia
41085;Salteras;5580,0;13,69;<=30 km;3,79;3,09;-1,17;5,000-20,000 (semi-urban);EL ALJARAFE;Sevilla;Andalucía
36043;Ponte Caldelas;5580,0;10,28;<=30 km;-11,98;1,04;0,58;5,000-20,000 (semi-urban);INTERIOR;Pontevedra;Galicia
10127;Montehermoso;5586,0;76,57;>60 km;-1,0;-0,89;-1,65;5,000-20,000 (semi-urban);PLASENCIA;Cáceres;Extremadura
05168;Las Navas del Marqués;5590,0;26,24;<=30 km;-11,24;1,79;6,86;5,000-20,000 (semi-urban);VALLE BAJO ALBERCHE;Ávila;Castilla y León
12021;Betxí;5592,0;5,91;<=30 km;-2,38;-1,82;-0,23;5,000-20,000 (semi-urban);LA PLANA;Castelló/Castellón;Comunitat Valenciana
38018;La Guancha;5593,0;24,81;<=30 km;-0,53;2,3;0,72;5,000-20,000 (semi-urban);NORTE DE TENERIFE;Santa Cruz de Tenerife;Canarias
43044;La Sénia;5594,0;82,81;>60 km;-6,5;-2,02;1,16;5,000-20,000 (semi-urban);MONTSIA;Tarragona;Cataluña/Catalunya
45119;Numancia de la Sagra;5616,0;15,66;<=30 km;-1,51;6,69;8,63;5,000-20,000 (semi-urban);SAGRA-TOLEDO;Toledo;Castilla-La Mancha
18165;Pulianas;5628,0;4,79;<=30 km;4,3;2,47;2,7;5,000-20,000 (semi-urban);DE LA VEGA;Granada;Andalucía
25003;Agramunt;5629,0;44,11;30-60 km;-4,39;1,32;3,02;5,000-20,000 (semi-urban);URGELL;Lleida;Cataluña/Catalunya
08902;Vilanova del Vallès;5632,0;4,87;<=30 km;6,23;3,67;1,75;5,000-20,000 (semi-urban);VALLES ORIENTAL;Barcelona;Cataluña/Catalunya
06074;Llerena;5645,0;88,2;>60 km;-2,72;-1,06;-0,91;5,000-20,000 (semi-urban);LLERENA;Badajoz;Extremadura
39028;Entrambasaguas;5646,0;17,33;<=30 km;12,76;5,25;5,39;5,000-20,000 (semi-urban);COSTERA;Cantabria;Cantabria
03107;Polop;5650,0;7,6;<=30 km;5,61;4,52;11,46;5,000-20,000 (semi-urban);CENTRAL;Alacant/Alicante;Comunitat Valenciana
18013;Alhama de Granada;5657,0;27,42;<=30 km;-3,35;-5,23;-0,18;5,000-20,000 (semi-urban);ALHAMA;Granada;Andalucía
11026;Prado del Rey;5667,0;39,22;30-60 km;-3,89;0,34;0,21;5,000-20,000 (semi-urban);SIERRA DE CADIZ;Cádiz;Andalucía
35001;Agaete;5670,0;24,04;<=30 km;-4,33;2,19;-0,44;5,000-20,000 (semi-urban);GRAN CANARIA;Las Palmas;Canarias
36056;Valga;5671,0;26,98;<=30 km;-1,92;-2,68;-1,68;5,000-20,000 (semi-urban);LITORAL;Pontevedra;Galicia
12117;Torreblanca;5674,0;31,5;30-60 km;-5,23;2,66;1,21;5,000-20,000 (semi-urban);LA PLANA;Castelló/Castellón;Comunitat Valenciana
18147;Órgiva;5674,0;15,34;<=30 km;-3,23;3,84;-3,27;5,000-20,000 (semi-urban);LAS ALPUJARRAS;Granada;Andalucía
03903;Los Montesinos;5682,0;5,18;<=30 km;-6,48;5,76;10,91;5,000-20,000 (semi-urban);MERIDIONAL;Alacant/Alicante;Comunitat Valenciana
46062;Benigànim;5695,0;20,25;<=30 km;-10,17;-2,66;-0,82;5,000-20,000 (semi-urban);VALLES DE ALBAIDA;València/Valencia;Comunitat Valenciana
03024;Benejúzar;5697,0;6,83;<=30 km;-1,59;1,72;4,47;5,000-20,000 (semi-urban);MERIDIONAL;Alacant/Alicante;Comunitat Valenciana
36902;Cerdedo-Cotobade;5705,0;15,04;<=30 km;-9,24;-1,65;-0,24;5,000-20,000 (semi-urban);INTERIOR;Pontevedra;Galicia
17221;Vilafant;5706,0;30,85;30-60 km;0,0;0,68;4,12;5,000-20,000 (semi-urban);ALT EMPORDA;Girona;Cataluña/Catalunya
13015;Almodóvar del Campo;5706,0;57,32;30-60 km;-6,53;-3,13;-4,05;5,000-20,000 (semi-urban);PASTOS;Ciudad Real;Castilla-La Mancha
48089;Urduliz;5711,0;5,39;<=30 km;18,96;16,55;13,45;5,000-20,000 (semi-urban);MUNGUIA;Bizkaia;País Vasco/Euskadi
32075;San Cibrao das Viñas;5718,0;8,62;<=30 km;13,21;4,95;3,79;5,000-20,000 (semi-urban);ORENSE;Ourense;Galicia
43093;Móra d'Ebre;5726,0;44,3;30-60 km;-1,3;-1,01;2,52;5,000-20,000 (semi-urban);RIBERA D'EBRE;Tarragona;Cataluña/Catalunya
32024;Celanova;5727,0;22,44;<=30 km;-7,64;2,15;1,33;5,000-20,000 (semi-urban);ORENSE;Ourense;Galicia
41033;Constantina;5742,0;60,18;>60 km;-6,83;-1,51;-2,08;5,000-20,000 (semi-urban);LA SIERRA NORTE;Sevilla;Andalucía
15029;Coristanco;5744,0;34,58;30-60 km;-11,11;-4,84;-2,28;5,000-20,000 (semi-urban);SEPTENTRIONAL;A Coruña;Galicia
45200;Los Yébenes;5753,0;49,89;30-60 km;-6,18;-3,13;-0,74;5,000-20,000 (semi-urban);MONTE DE LOS YEBENES;Toledo;Castilla-La Mancha
43016;L'Arboç;5758,0;9,17;<=30 km;-1,06;2,18;2,36;5,000-20,000 (semi-urban);BAIX PENEDES;Tarragona;Cataluña/Catalunya
38004;Arafo;5776,0;20,52;<=30 km;-0,09;0,76;3,07;5,000-20,000 (semi-urban);SUR DE TENERIFE;Santa Cruz de Tenerife;Canarias
30023;Librilla;5777,0;20,62;<=30 km;9,09;2,98;7,96;5,000-20,000 (semi-urban);SUROESTE Y VALLE GUADALENTIN;Murcia;Región de Murcia
18059;Chauchina;5781,0;17,4;<=30 km;15,14;1,41;2,79;5,000-20,000 (semi-urban);DE LA VEGA;Granada;Andalucía
41902;Isla Mayor;5781,0;25,03;<=30 km;-0,44;-0,53;-0,77;5,000-20,000 (semi-urban);LAS MARISMAS;Sevilla;Andalucía
18011;Alfacar;5784,0;7,54;<=30 km;-1,23;2,21;5,22;5,000-20,000 (semi-urban);DE LA VEGA;Granada;Andalucía
13020;Argamasilla de Calatrava;5802,0;25,87;<=30 km;-0,29;-1,15;-0,87;5,000-20,000 (semi-urban);CAMPO DE CALATRAVA;Ciudad Real;Castilla-La Mancha
45176;Ugena;5802,0;11,64;<=30 km;2,0;5,43;3,13;5,000-20,000 (semi-urban);SAGRA-TOLEDO;Toledo;Castilla-La Mancha
28052;Chinchón;5818,0;14,69;<=30 km;-2,76;5,1;5,67;5,000-20,000 (semi-urban);VEGAS;Madrid;Comunidad de Madrid
43145;La Selva del Camp;5819,0;7,08;<=30 km;-0,54;1,1;2,2;5,000-20,000 (semi-urban);BAIX CAMP;Tarragona;Cataluña/Catalunya
45064;Esquivias;5832,0;11,88;<=30 km;-1,75;5,47;1,48;5,000-20,000 (semi-urban);SAGRA-TOLEDO;Toledo;Castilla-La Mancha
25243;Vielha e Mijaran;5832,0;119,04;>60 km;-1,59;3,3;2,78;5,000-20,000 (semi-urban);VAL D'ARAN;Lleida;Cataluña/Catalunya
08235;Sant Pol de Mar;5834,0;15,33;<=30 km;-0,16;6,95;5,34;5,000-20,000 (semi-urban);MARESME;Barcelona;Cataluña/Catalunya
43012;Altafulla;5838,0;9,61;<=30 km;6,55;7,66;5,91;5,000-20,000 (semi-urban);TARRAGONES;Tarragona;Cataluña/Catalunya
13054;Membrilla;5839,0;56,56;30-60 km;-4,71;-1,48;-1,48;5,000-20,000 (semi-urban);MANCHA;Ciudad Real;Castilla-La Mancha
20075;Villabona;5859,0;13,25;<=30 km;0,26;-0,29;-0,09;5,000-20,000 (semi-urban);TOLOSA;Gipuzkoa;País Vasco/Euskadi
06103;Puebla de la Calzada;5859,0;19,66;<=30 km;-1,74;-0,26;-0,03;5,000-20,000 (semi-urban);MERIDA;Badajoz;Extremadura
39018;Cartes;5865,0;4,77;<=30 km;5,88;-0,48;2,0;5,000-20,000 (semi-urban);COSTERA;Cantabria;Cantabria
17181;Santa Cristina d'Aro;5866,0;21,33;<=30 km;2,53;3,94;8,47;5,000-20,000 (semi-urban);BAIX EMPORDA;Girona;Cataluña/Catalunya
36058;Vilaboa;5869,0;9,93;<=30 km;-0,02;0,02;-1,44;5,000-20,000 (semi-urban);LITORAL;Pontevedra;Galicia
15006;Arzúa;5887,0;27,44;<=30 km;-3,24;-1,47;-1,29;5,000-20,000 (semi-urban);INTERIOR;A Coruña;Galicia
07043;Porreres;5888,0;27,69;<=30 km;-5,19;5,34;4,69;5,000-20,000 (semi-urban);MALLORCA;Illes Balears;Illes Balears
23069;Porcuna;5907,0;40,31;30-60 km;-6,22;-2,67;-3,4;5,000-20,000 (semi-urban);CAMPIÑA DEL NORTE;Jaén;Andalucía
43907;La Canonja;5943,0;6,36;<=30 km;2,31;1,56;0,17;5,000-20,000 (semi-urban);TARRAGONES;Tarragona;Cataluña/Catalunya
12031;Borriol;5945,0;6,37;<=30 km;1,91;4,32;7,08;5,000-20,000 (semi-urban);LA PLANA;Castelló/Castellón;Comunitat Valenciana
40155;Palazuelos de Eresma;5968,0;13,34;<=30 km;16,48;5,44;6,63;5,000-20,000 (semi-urban);SEGOVIA;Segovia;Castilla y León
17008;Anglès;5969,0;17,02;<=30 km;-2,8;3,44;4,55;5,000-20,000 (semi-urban);SELVA;Girona;Cataluña/Catalunya
17164;Sant Hilari Sacalm;5982,0;29,27;<=30 km;-2,55;2,99;3,89;5,000-20,000 (semi-urban);SELVA;Girona;Cataluña/Catalunya
46139;Guadassuar;5992,0;26,18;<=30 km;-3,08;0,41;0,91;5,000-20,000 (semi-urban);RIBERAS DEL JUCAR;València/Valencia;Comunitat Valenciana
09209;Medina de Pomar;5997,0;48,24;30-60 km;-6,07;0,31;2,79;5,000-20,000 (semi-urban);MERINDADES;Burgos;Castilla y León
31202;Peralta/Azkoien;6003,0;52,41;30-60 km;-4,14;2,44;0,64;5,000-20,000 (semi-urban);RIBERA ALTA ARAGON;Navarra;Comunidad Foral de Navarra
20053;Lezo;6012,0;7,62;<=30 km;-0,05;0,28;-0,82;5,000-20,000 (semi-urban);DONOSTIA/SAN SEBASTIÁN;Gipuzkoa;País Vasco/Euskadi
25234;Tremp;6015,0;67,44;>60 km;-12,0;1,18;2,07;5,000-20,000 (semi-urban);PALLARS JUSSA;Lleida;Cataluña/Catalunya
48043;Gorliz;6015,0;9,28;<=30 km;2,99;5,97;-0,12;5,000-20,000 (semi-urban);MUNGUIA;Bizkaia;País Vasco/Euskadi
07001;Alaró;6037,0;20,09;<=30 km;-0,9;4,5;5,16;5,000-20,000 (semi-urban);MALLORCA;Illes Balears;Illes Balears
46143;Xeraco;6044,0;5,94;<=30 km;-7,16;1,21;4,73;5,000-20,000 (semi-urban);GANDIA;València/Valencia;Comunitat Valenciana
15062;Outes;6049,0;33,8;30-60 km;-10,06;-4,09;-1,64;5,000-20,000 (semi-urban);OCCIDENTAL;A Coruña;Galicia
20049;Lazkao;6055,0;33,94;30-60 km;2,81;6,39;0,8;5,000-20,000 (semi-urban);GOIERRI;Gipuzkoa;País Vasco/Euskadi
37246;Peñaranda de Bracamonte;6063,0;39,96;30-60 km;-5,11;-2,93;-0,98;5,000-20,000 (semi-urban);PEÑARANDA DE BRACAMONTE;Salamanca;Castilla y León
41013;Aznalcóllar;6079,0;35,47;30-60 km;-0,73;-0,53;0,31;5,000-20,000 (semi-urban);LA SIERRA NORTE;Sevilla;Andalucía
23099;Los Villares;6079,0;15,75;<=30 km;2,32;2,11;-0,44;5,000-20,000 (semi-urban);SIERRA SUR;Jaén;Andalucía
08010;Artés;6084,0;13,8;<=30 km;0,18;2,37;5,22;5,000-20,000 (semi-urban);BAGES;Barcelona;Cataluña/Catalunya
08274;Súria;6090,0;13,68;<=30 km;-5,5;0,47;2,82;5,000-20,000 (semi-urban);BAGES;Barcelona;Cataluña/Catalunya
38009;Breña Baja;6112,0;117,87;>60 km;1,61;6,69;4,19;5,000-20,000 (semi-urban);ISLA DE LA PALMA;Santa Cruz de Tenerife;Canarias
02073;Tarazona de la Mancha;6117,0;31,67;30-60 km;-4,27;-1,14;-1,08;5,000-20,000 (semi-urban);MANCHA;Albacete;Castilla-La Mancha
06025;Calamonte;6120,0;11,42;<=30 km;-0,76;-1,43;-0,52;5,000-20,000 (semi-urban);MERIDA;Badajoz;Extremadura
16133;Mota del Cuervo;6121,0;91,39;>60 km;-5,38;0,08;1,43;5,000-20,000 (semi-urban);MANCHA BAJA;Cuenca;Castilla-La Mancha
08075;Dosrius;6142,0;5,61;<=30 km;1,46;7,65;8,04;5,000-20,000 (semi-urban);MARESME;Barcelona;Cataluña/Catalunya
21014;Bonares;6153,0;21,32;<=30 km;-2,65;0,25;1,28;5,000-20,000 (semi-urban);CONDADO CAMPIÑA;Huelva;Andalucía
08289;Torrelles de Llobregat;6155,0;6,33;<=30 km;5,11;3,04;0,47;5,000-20,000 (semi-urban);BAIX LLOBREGAT;Barcelona;Cataluña/Catalunya
15004;Ares;6156,0;8,09;<=30 km;-2,47;5,75;2,65;5,000-20,000 (semi-urban);SEPTENTRIONAL;A Coruña;Galicia
08140;Navarcles;6160,0;8,02;<=30 km;-0,25;1,71;1,52;5,000-20,000 (semi-urban);BAGES;Barcelona;Cataluña/Catalunya
47007;Aldeamayor de San Martín;6163,0;18,98;<=30 km;22,44;6,12;6,46;5,000-20,000 (semi-urban);SURESTE;Valladolid;Castilla y León
45199;El Viso de San Juan;6164,0;20,29;<=30 km;12,86;20,78;17,3;5,000-20,000 (semi-urban);SAGRA-TOLEDO;Toledo;Castilla-La Mancha
20061;Orio;6182,0;9,74;<=30 km;11,14;2,49;1,41;5,000-20,000 (semi-urban);UROLA COSTA;Gipuzkoa;País Vasco/Euskadi
08141;Navàs;6185,0;19,23;<=30 km;-2,45;-0,83;3,55;5,000-20,000 (semi-urban);BAGES;Barcelona;Cataluña/Catalunya
30001;Abanilla;6206,0;19,56;<=30 km;-7,16;0,87;1,47;5,000-20,000 (semi-urban);NORDESTE;Murcia;Región de Murcia
07037;Es Mercadal;6215,0;130,35;>60 km;-11,46;13,7;14,16;5,000-20,000 (semi-urban);MENORCA;Illes Balears;Illes Balears
46006;Albaida;6235,0;18,45;<=30 km;-3,76;1,13;4,35;5,000-20,000 (semi-urban);VALLES DE ALBAIDA;València/Valencia;Comunitat Valenciana
39054;Polanco;6239,0;5,56;<=30 km;10,73;2,28;4,37;5,000-20,000 (semi-urban);COSTERA;Cantabria;Cantabria
20072;Urnieta;6250,0;7,72;<=30 km;1,22;0,44;0,86;5,000-20,000 (semi-urban);DONOSTIA/SAN SEBASTIÁN;Gipuzkoa;País Vasco/Euskadi
16134;Motilla del Palancar;6259,0;67,41;>60 km;-4,62;0,08;4,95;5,000-20,000 (semi-urban);MANCHUELA;Cuenca;Castilla-La Mancha
04101;Viator;6271,0;5,45;<=30 km;7,02;4,28;3,84;5,000-20,000 (semi-urban);CAMPO NIJAR Y BAJO ANDARAX;Almería;Andalucía
45099;Méntrida;6273,0;26,72;<=30 km;-1,35;14,22;10,79;5,000-20,000 (semi-urban);TORRIJOS;Toledo;Castilla-La Mancha
17202;Tossa de Mar;6274,0;27,85;<=30 km;-6,34;6,2;5,8;5,000-20,000 (semi-urban);SELVA;Girona;Cataluña/Catalunya
07004;Algaida;6311,0;16,24;<=30 km;2,98;7,85;5,84;5,000-20,000 (semi-urban);MALLORCA;Illes Balears;Illes Balears
33012;Cangas de Onís;6316,0;51,62;30-60 km;-6,69;-1,32;1,95;5,000-20,000 (semi-urban);CANGAS DE ONIS;Asturias;Principado de Asturias
19280;Torrejón del Rey;6324,0;14,75;<=30 km;2,36;11,17;7,33;5,000-20,000 (semi-urban);CAMPIÑA;Guadalajara;Castilla-La Mancha
34023;Venta de Baños;6331,0;9,87;<=30 km;-0,56;0,57;-1,06;5,000-20,000 (semi-urban);EL CERRATO;Palencia;Castilla y León
18084;Gójar;6340,0;10,19;<=30 km;5,48;5,09;5,79;5,000-20,000 (semi-urban);DE LA VEGA;Granada;Andalucía
26138;Santo Domingo de la Calzada;6348,0;41,46;30-60 km;-5,92;-0,14;2,03;5,000-20,000 (semi-urban);RIOJA ALTA;La Rioja;La Rioja
50163;María de Huerva;6371,0;19,61;<=30 km;11,31;6,32;5,81;5,000-20,000 (semi-urban);ZARAGOZA;Zaragoza;Aragón
25058;Les Borges Blanques;6379,0;27,94;<=30 km;-0,48;3,22;2,97;5,000-20,000 (semi-urban);GARRIGUES;Lleida;Cataluña/Catalunya
47231;Zaratán;6383,0;1,88;<=30 km;10,32;0,6;2,14;5,000-20,000 (semi-urban);CENTRO;Valladolid;Castilla y León
25023;Alpicat;6387,0;4,86;<=30 km;1,53;0,71;1,8;5,000-20,000 (semi-urban);SEGRIA;Lleida;Cataluña/Catalunya
47075;Íscar;6396,0;40,93;30-60 km;-6,56;-1,13;1,56;5,000-20,000 (semi-urban);SURESTE;Valladolid;Castilla y León
32001;Allariz;6410,0;19,17;<=30 km;0,69;3,34;1,52;5,000-20,000 (semi-urban);ORENSE;Ourense;Galicia
50219;La Puebla de Alfindén;6426,0;15,78;<=30 km;12,44;4,42;-0,31;5,000-20,000 (semi-urban);ZARAGOZA;Zaragoza;Aragón
04069;Olula del Río;6429,0;55,96;30-60 km;-5,53;0,74;2,73;5,000-20,000 (semi-urban);ALTO ALMAZORA;Almería;Andalucía
20073;Usurbil;6438,0;6,52;<=30 km;1,6;-0,54;4,99;5,000-20,000 (semi-urban);DONOSTIA/SAN SEBASTIÁN;Gipuzkoa;País Vasco/Euskadi
05014;Arenas de San Pedro;6438,0;33,11;30-60 km;-5,44;-0,31;0,06;5,000-20,000 (semi-urban);VALLE DEL TIETAR;Ávila;Castilla y León
07029;Lloseta;6456,0;22,03;<=30 km;1,68;6,69;3,3;5,000-20,000 (semi-urban);MALLORCA;Illes Balears;Illes Balears
28108;Pedrezuela;6467,0;13,4;<=30 km;20,17;8,35;3,87;5,000-20,000 (semi-urban);LOZOYA SOMOSIERRA;Madrid;Comunidad de Madrid
31215;San Adrián;6481,0;45,95;30-60 km;-0,78;2,05;1,76;5,000-20,000 (semi-urban);RIBERA ALTA ARAGON;Navarra;Comunidad Foral de Navarra
23059;Marmolejo;6507,0;46,87;30-60 km;-5,58;-2,2;-3,26;5,000-20,000 (semi-urban);SIERRA MORENA;Jaén;Andalucía
34225;Villamuriel de Cerrato;6508,0;5,86;<=30 km;2,99;-0,51;0,59;5,000-20,000 (semi-urban);EL CERRATO;Palencia;Castilla y León
36048;O Rosal;6509,0;30,76;30-60 km;-4,31;2,03;2,09;5,000-20,000 (semi-urban);MIÑO;Pontevedra;Galicia
16154;Las Pedroñeras;6518,0;85,26;>60 km;-8,28;1,37;-1,81;5,000-20,000 (semi-urban);MANCHA BAJA;Cuenca;Castilla-La Mancha
15022;Cedeira;6548,0;28,16;<=30 km;-6,13;-2,12;-1,53;5,000-20,000 (semi-urban);SEPTENTRIONAL;A Coruña;Galicia
43156;Ulldecona;6551,0;80,12;>60 km;-14,63;1,23;3,7;5,000-20,000 (semi-urban);MONTSIA;Tarragona;Cataluña/Catalunya
09056;Briviesca;6560,0;36,87;30-60 km;-10,64;-3,15;1,47;5,000-20,000 (semi-urban);BUREBA-EBRO;Burgos;Castilla y León
14035;Hinojosa del Duque;6563,0;79,49;>60 km;-5,55;-2,68;-1,81;5,000-20,000 (semi-urban);PEDROCHES;Córdoba;Andalucía
50182;La Muela;6564,0;19,5;<=30 km;0,48;11,79;7,17;5,000-20,000 (semi-urban);ZARAGOZA;Zaragoza;Aragón
41050;Herrera;6566,0;54,3;30-60 km;-1,22;0,29;0,95;5,000-20,000 (semi-urban);DE ESTEPA;Sevilla;Andalucía
06054;Fuente del Maestre;6567,0;47,12;30-60 km;-1,54;-1,03;-2,04;5,000-20,000 (semi-urban);ALMENDRALEJO;Badajoz;Extremadura
28018;Becerril de la Sierra;6573,0;8,39;<=30 km;4,32;9,78;7,61;5,000-20,000 (semi-urban);GUADARRAMA;Madrid;Comunidad de Madrid
17009;Arbúcies;6574,0;30,32;30-60 km;-4,26;-0,12;1,03;5,000-20,000 (semi-urban);SELVA;Girona;Cataluña/Catalunya
10128;Moraleja;6578,0;75,71;>60 km;-5,17;-1,58;-1,6;5,000-20,000 (semi-urban);CORIA;Cáceres;Extremadura
04099;Vélez-Rubio;6613,0;29,9;<=30 km;-6,63;-1,64;1,41;5,000-20,000 (semi-urban);LOS VELEZ;Almería;Andalucía
45201;Yeles;6649,0;12,36;<=30 km;0,14;11,91;15,05;5,000-20,000 (semi-urban);SAGRA-TOLEDO;Toledo;Castilla-La Mancha
06060;Guareña;6649,0;29,23;<=30 km;-3,54;-2,77;-2,39;5,000-20,000 (semi-urban);DON BENITO;Badajoz;Extremadura
41010;Almensilla;6653,0;14,05;<=30 km;2,47;4,64;5,82;5,000-20,000 (semi-urban);EL ALJARAFE;Sevilla;Andalucía
03071;Gata de Gorgos;6659,0;29,32;<=30 km;-7,62;5,6;7,01;5,000-20,000 (semi-urban);MARQUESADO;Alacant/Alicante;Comunitat Valenciana
08210;Sant Feliu de Codines;6661,0;15,28;<=30 km;0,92;3,59;3,98;5,000-20,000 (semi-urban);VALLES ORIENTAL;Barcelona;Cataluña/Catalunya
08198;Sant Antoni de Vilamajor;6668,0;12,25;<=30 km;8,1;4,73;4,46;5,000-20,000 (semi-urban);VALLES ORIENTAL;Barcelona;Cataluña/Catalunya
11021;Jimena de la Frontera;6695,0;28,83;<=30 km;-7,29;-31,8;0,45;5,000-20,000 (semi-urban);CAMPO DE GIBRALTAR;Cádiz;Andalucía
19319;Villanueva de la Torre;6696,0;12,11;<=30 km;4,41;0,35;1,59;5,000-20,000 (semi-urban);CAMPIÑA;Guadalajara;Castilla-La Mancha
12011;Almenara;6710,0;8,12;<=30 km;-2,98;6,0;7,29;5,000-20,000 (semi-urban);LA PLANA;Castelló/Castellón;Comunitat Valenciana
08264;Sant Vicenç de Montalt;6712,0;5,96;<=30 km;7,14;2,37;2,9;5,000-20,000 (semi-urban);MARESME;Barcelona;Cataluña/Catalunya
10104;Jaraíz de la Vera;6720,0;77,31;>60 km;-4,08;0,34;3,4;5,000-20,000 (semi-urban);JARAIZ DE LA VERA;Cáceres;Extremadura
17193;Sils;6720,0;19,22;<=30 km;7,61;6,37;5,84;5,000-20,000 (semi-urban);SELVA;Girona;Cataluña/Catalunya
37362;Villares de la Reina;6723,0;5,46;<=30 km;5,78;2,77;3,57;5,000-20,000 (semi-urban);SALAMANCA;Salamanca;Castilla y León
32058;O Pereiro de Aguiar;6731,0;9,11;<=30 km;0,71;3,45;4,03;5,000-20,000 (semi-urban);ORENSE;Ourense;Galicia
08138;Moià;6738,0;25,52;<=30 km;5,85;4,59;4,08;5,000-20,000 (semi-urban);BAGES;Barcelona;Cataluña/Catalunya
46177;Museros;6739,0;10,86;<=30 km;3,01;5,2;1,83;5,000-20,000 (semi-urban);SAGUNTO;València/Valencia;Comunitat Valenciana
33049;Piloña;6753,0;29,05;<=30 km;-9,31;-2,53;-2,43;5,000-20,000 (semi-urban);LLANES;Asturias;Principado de Asturias
20077;Urretxu;6765,0;35,55;30-60 km;-2,08;0,64;-0,12;5,000-20,000 (semi-urban);GOIERRI;Gipuzkoa;País Vasco/Euskadi
48045;Güeñes;6771,0;7,66;<=30 km;4,47;0,27;1,07;5,000-20,000 (semi-urban);ENCARTACIONES;Bizkaia;País Vasco/Euskadi
15021;Carral;6775,0;15,76;<=30 km;2,85;4,45;3,06;5,000-20,000 (semi-urban);SEPTENTRIONAL;A Coruña;Galicia
41071;Paradas;6779,0;27,33;<=30 km;-2,01;-1,07;-1,04;5,000-20,000 (semi-urban);LA CAMPIÑA;Sevilla;Andalucía
28033;Campo Real;6802,0;7,02;<=30 km;10,04;5,61;6,02;5,000-20,000 (semi-urban);CAMPIÑA;Madrid;Comunidad de Madrid
15092;Vimianzo;6808,0;47,24;30-60 km;-9,57;-2,98;-1,69;5,000-20,000 (semi-urban);OCCIDENTAL;A Coruña;Galicia
16190;San Clemente;6812,0;68,61;>60 km;-1,63;-2,17;-2,03;5,000-20,000 (semi-urban);MANCHA BAJA;Cuenca;Castilla-La Mancha
50252;Tauste;6817,0;37,49;30-60 km;-7,91;-1,98;0,59;5,000-20,000 (semi-urban);EGEA DE LOS CABALLEROS;Zaragoza;Aragón
08281;Teià;6818,0;8,32;<=30 km;2,78;3,49;4,38;5,000-20,000 (semi-urban);MARESME;Barcelona;Cataluña/Catalunya
34004;Aguilar de Campoo;6823,0;63,46;>60 km;-4,29;-1,91;1,67;5,000-20,000 (semi-urban);AGUILAR;Palencia;Castilla y León
30011;Blanca;6825,0;13,2;<=30 km;0,49;0,67;3,28;5,000-20,000 (semi-urban);RIO SEGURA;Murcia;Región de Murcia
08278;Taradell;6844,0;31,25;30-60 km;2,64;4,29;2,35;5,000-20,000 (semi-urban);OSONA;Barcelona;Cataluña/Catalunya
15087;Valdoviño;6857,0;15,81;<=30 km;-4,79;3,92;-0,22;5,000-20,000 (semi-urban);SEPTENTRIONAL;A Coruña;Galicia
08108;Lliçà de Vall;6861,0;4,06;<=30 km;-0,28;1,54;4,27;5,000-20,000 (semi-urban);VALLES ORIENTAL;Barcelona;Cataluña/Catalunya
14066;Villa del Río;6863,0;38,34;30-60 km;-2,92;-2,56;-2,18;5,000-20,000 (semi-urban);CAMPIÑA BAJA;Córdoba;Andalucía
35029;Tinajo;6865,0;16,05;<=30 km;5,24;5,36;6,48;5,000-20,000 (semi-urban);LANZAROTE;Las Palmas;Canarias
43047;Constantí;6888,0;6,18;<=30 km;-1,5;3,19;2,44;5,000-20,000 (semi-urban);TARRAGONES;Tarragona;Cataluña/Catalunya
25019;Almacelles;6896,0;15,17;<=30 km;2,93;1,27;0,31;5,000-20,000 (semi-urban);SEGRIA;Lleida;Cataluña/Catalunya
46257;Castelló;6897,0;28,2;<=30 km;-5,08;-1,4;-1,42;5,000-20,000 (semi-urban);RIBERAS DEL JUCAR;València/Valencia;Comunitat Valenciana
11029;Puerto Serrano;6898,0;30,47;30-60 km;-1,26;-0,6;-0,81;5,000-20,000 (semi-urban);LA SIERRA SUR;Cádiz;Andalucía
08183;Roda de Ter;6900,0;43,14;30-60 km;-0,42;4,07;6,99;5,000-20,000 (semi-urban);OSONA;Barcelona;Cataluña/Catalunya
28067;Guadalix de la Sierra;6904,0;12,73;<=30 km;0,95;7,76;4,7;5,000-20,000 (semi-urban);LOZOYA SOMOSIERRA;Madrid;Comunidad de Madrid
43129;Riudoms;6905,0;5,4;<=30 km;0,76;0,79;4,35;5,000-20,000 (semi-urban);BAIX CAMP;Tarragona;Cataluña/Catalunya
29005;Algarrobo;6909,0;8,12;<=30 km;-3,9;2,89;5,46;5,000-20,000 (semi-urban);VELEZ MALAGA;Málaga;Andalucía
13019;Argamasilla de Alba;6925,0;80,58;>60 km;-6,58;-0,83;1,18;5,000-20,000 (semi-urban);MANCHA;Ciudad Real;Castilla-La Mancha
08191;Sallent;6927,0;14,08;<=30 km;-4,32;1,22;3,13;5,000-20,000 (semi-urban);BAGES;Barcelona;Cataluña/Catalunya
41098;Villanueva del Ariscal;6938,0;17,18;<=30 km;7,33;1,55;3,97;5,000-20,000 (semi-urban);EL ALJARAFE;Sevilla;Andalucía
15048;Miño;6946,0;18,66;<=30 km;2,52;6,06;8,14;5,000-20,000 (semi-urban);SEPTENTRIONAL;A Coruña;Galicia
07050;Sant Joan de Labritja;6948,0;17,55;<=30 km;14,73;7,02;4,72;5,000-20,000 (semi-urban);IBIZA;Illes Balears;Illes Balears
15056;Negreira;6961,0;24,64;<=30 km;-2,74;-1,48;2,75;5,000-20,000 (semi-urban);OCCIDENTAL;A Coruña;Galicia
03120;San Miguel de Salinas;6976,0;9,1;<=30 km;-26,27;12,77;6,46;5,000-20,000 (semi-urban);MERIDIONAL;Alacant/Alicante;Comunitat Valenciana
15008;Bergondo;6986,0;14,6;<=30 km;-1,47;3,26;2,48;5,000-20,000 (semi-urban);SEPTENTRIONAL;A Coruña;Galicia
28050;Cubas de la Sagra;6988,0;7,41;<=30 km;22,14;5,26;5,21;5,000-20,000 (semi-urban);SUR OCCIDENTAL;Madrid;Comunidad de Madrid
23028;Cazorla;7012,0;62,44;>60 km;-5,19;-4,3;-3,26;5,000-20,000 (semi-urban);SIERRA DE CAZORLA;Jaén;Andalucía
45016;Argés;7014,0;8,84;<=30 km;9,21;4,42;5,94;5,000-20,000 (semi-urban);SAGRA-TOLEDO;Toledo;Castilla-La Mancha
11037;Trebujena;7015,0;10,96;<=30 km;0,4;-0,17;-0,38;5,000-20,000 (semi-urban);CAMPIÑA DE CADIZ;Cádiz;Andalucía
41064;Montellano;7031,0;23,56;<=30 km;-1,48;-0,95;0,24;5,000-20,000 (semi-urban);LA SIERRA SUR;Sevilla;Andalucía
45041;Casarrubios del Monte;7098,0;19,02;<=30 km;-0,84;13,92;14,91;5,000-20,000 (semi-urban);SAGRA-TOLEDO;Toledo;Castilla-La Mancha
43162;Vandellòs i l'Hospitalet de l'Infant;7104,0;28,82;<=30 km;5,94;4,06;6,91;5,000-20,000 (semi-urban);BAIX CAMP;Tarragona;Cataluña/Catalunya
23088;Torreperogil;7113,0;35,99;30-60 km;-4,14;-1,26;-1,13;5,000-20,000 (semi-urban);LA LOMA;Jaén;Andalucía
07052;Sant Lluís;7130,0;136,03;>60 km;-5,73;-0,22;3,68;5,000-20,000 (semi-urban);MENORCA;Illes Balears;Illes Balears
14012;Bujalance;7134,0;29,9;<=30 km;-4,2;-2,93;-2,49;5,000-20,000 (semi-urban);CAMPIÑA BAJA;Córdoba;Andalucía
28085;Miraflores de la Sierra;7139,0;15,01;<=30 km;-2,45;11,67;8,41;5,000-20,000 (semi-urban);LOZOYA SOMOSIERRA;Madrid;Comunidad de Madrid
48057;Lekeitio;7163,0;37,03;30-60 km;-2,44;0,18;-1,49;5,000-20,000 (semi-urban);ONDARROA;Bizkaia;País Vasco/Euskadi
48901;Derio;7168,0;7,21;<=30 km;17,33;3,59;5,72;5,000-20,000 (semi-urban);GRAN BILBAO;Bizkaia;País Vasco/Euskadi
12004;Alcalà de Xivert;7176,0;40,58;30-60 km;-16,87;0,18;7,25;5,000-20,000 (semi-urban);LITORAL NORTE;Castelló/Castellón;Comunitat Valenciana
20013;Aretxabaleta;7194,0;24,96;<=30 km;4,31;1,73;1,21;5,000-20,000 (semi-urban);ALTO DEBA;Gipuzkoa;País Vasco/Euskadi
18071;Dúrcal;7209,0;19,42;<=30 km;-4,16;2,77;0,57;5,000-20,000 (semi-urban);VALLE DE LECRIN;Granada;Andalucía
14053;Posadas;7224,0;36,65;30-60 km;-2,84;-0,64;-0,99;5,000-20,000 (semi-urban);CAMPIÑA BAJA;Córdoba;Andalucía
11901;Benalup-Casas Viejas;7228,0;30,95;30-60 km;-3,13;0,73;2,96;5,000-20,000 (semi-urban);DE LA JANDA;Cádiz;Andalucía
18098;Huéscar;7234,0;76,36;>60 km;-7,79;-1,78;-0,03;5,000-20,000 (semi-urban);HUESCAR;Granada;Andalucía
41042;Fuentes de Andalucía;7247,0;46,77;30-60 km;-1,72;0,29;1,22;5,000-20,000 (semi-urban);LA CAMPIÑA;Sevilla;Andalucía
44025;Andorra;7258,0;84,98;>60 km;-6,31;-4,01;-0,94;5,000-20,000 (semi-urban);BAJO ARAGON;Teruel;Aragón
48032;Elorrio;7266,0;32,99;30-60 km;0,8;0,64;-1,58;5,000-20,000 (semi-urban);DURANGUESADO;Bizkaia;País Vasco/Euskadi
10180;Talayuela;7304,0;54,08;30-60 km;-20,95;-0,23;-0,33;5,000-20,000 (semi-urban);NAVALMORAL DE LA MATA;Cáceres;Extremadura
03021;Banyeres de Mariola;7307,0;14,27;<=30 km;-1,36;0,0;2,73;5,000-20,000 (semi-urban);VINALOPO;Alacant/Alicante;Comunitat Valenciana
03083;Xixona/Jijona;7307,0;14,31;<=30 km;-7,19;-0,2;6,5;5,000-20,000 (semi-urban);CENTRAL;Alacant/Alicante;Comunitat Valenciana
41019;Burguillos;7327,0;23,12;<=30 km;3,77;4,29;6,16;5,000-20,000 (semi-urban);LA VEGA;Sevilla;Andalucía
28100;Nuevo Baztán;7339,0;16,53;<=30 km;-3,24;7,73;10,69;5,000-20,000 (semi-urban);CAMPIÑA;Madrid;Comunidad de Madrid
18006;Albuñol;7357,0;26,75;<=30 km;4,67;4,84;-1,55;5,000-20,000 (semi-urban);LA COSTA;Granada;Andalucía
41015;Benacazón;7358,0;23,55;<=30 km;4,29;2,02;0,49;5,000-20,000 (semi-urban);EL ALJARAFE;Sevilla;Andalucía
48071;Muskiz;7361,0;10,3;<=30 km;2,31;-1,7;-1,04;5,000-20,000 (semi-urban);GRAN BILBAO;Bizkaia;País Vasco/Euskadi
43013;L'Ametlla de Mar;7373,0;39,51;30-60 km;-9,96;4,85;3,39;5,000-20,000 (semi-urban);BAIX EBRE;Tarragona;Cataluña/Catalunya
28059;Fuente el Saz de Jarama;7379,0;9,84;<=30 km;0,74;5,23;7,21;5,000-20,000 (semi-urban);CAMPIÑA;Madrid;Comunidad de Madrid
38008;Breña Alta;7428,0;120,27;>60 km;-3,85;0,59;3,22;5,000-20,000 (semi-urban);ISLA DE LA PALMA;Santa Cruz de Tenerife;Canarias
03044;Bigastro;7431,0;1,44;<=30 km;-1,94;4,36;6,25;5,000-20,000 (semi-urban);MERIDIONAL;Alacant/Alicante;Comunitat Valenciana
28171;Villa del Prado;7437,0;35,68;30-60 km;-1,84;6,68;8,78;5,000-20,000 (semi-urban);SUR OCCIDENTAL;Madrid;Comunidad de Madrid
14057;La Rambla;7438,0;21,44;<=30 km;-1,22;0,09;-1,02;5,000-20,000 (semi-urban);CAMPIÑA BAJA;Córdoba;Andalucía
35020;La Aldea de San Nicolás;7449,0;23,46;<=30 km;-11,74;-1,21;-0,89;5,000-20,000 (semi-urban);GRAN CANARIA;Las Palmas;Canarias
50008;Alagón;7450,0;19,2;<=30 km;-1,22;0,38;4,62;5,000-20,000 (semi-urban);ZARAGOZA;Zaragoza;Aragón
15069;Pontedeume;7456,0;15,4;<=30 km;-4,85;-2,5;-3,01;5,000-20,000 (semi-urban);SEPTENTRIONAL;A Coruña;Galicia
08020;Begues;7462,0;7,46;<=30 km;6,29;5,67;1,44;5,000-20,000 (semi-urban);BAIX LLOBREGAT;Barcelona;Cataluña/Catalunya
16175;Quintanar del Rey;7484,0;42,59;30-60 km;-5,19;0,36;-1,73;5,000-20,000 (semi-urban);MANCHUELA;Cuenca;Castilla-La Mancha
07010;Bunyola;7490,0;16,88;<=30 km;6,48;4,81;6,44;5,000-20,000 (semi-urban);MALLORCA;Illes Balears;Illes Balears
04064;Mojácar;7517,0;49,95;30-60 km;-21,76;15,17;3,58;5,000-20,000 (semi-urban);BAJO ALMAZORA;Almería;Andalucía
03095;Ondara;7522,0;26,55;<=30 km;1,43;3,89;6,24;5,000-20,000 (semi-urban);MARQUESADO;Alacant/Alicante;Comunitat Valenciana
11010;Bornos;7533,0;26,69;<=30 km;-3,56;-1,23;-1,59;5,000-20,000 (semi-urban);CAMPIÑA DE CADIZ;Cádiz;Andalucía
46248;Turís;7544,0;15,0;<=30 km;1,5;4,33;9,18;5,000-20,000 (semi-urban);HOYA DE BUÑOL;València/Valencia;Comunitat Valenciana
28046;Collado Mediano;7547,0;6,91;<=30 km;0,85;8,36;2,71;5,000-20,000 (semi-urban);GUADARRAMA;Madrid;Comunidad de Madrid
43086;Montblanc;7550,0;23,82;<=30 km;-0,64;0,66;1,57;5,000-20,000 (semi-urban);CONCA DE BARBERA;Tarragona;Cataluña/Catalunya
08291;Vacarisses;7563,0;8,2;<=30 km;2,48;9,19;6,79;5,000-20,000 (semi-urban);VALLES OCCIDENTAL;Barcelona;Cataluña/Catalunya
13061;Pedro Muñoz;7567,0;91,52;>60 km;-13,57;-0,81;3,3;5,000-20,000 (semi-urban);MANCHA;Ciudad Real;Castilla-La Mancha
36053;Soutomaior;7584,0;12,18;<=30 km;0,26;2,42;1,36;5,000-20,000 (semi-urban);LITORAL;Pontevedra;Galicia
30028;Moratalla;7593,0;59,26;30-60 km;-3,98;-1,97;-2,62;5,000-20,000 (semi-urban);NOROESTE;Murcia;Región de Murcia
06014;Azuaga;7595,0;98,27;>60 km;-3,49;-2,4;-1,39;5,000-20,000 (semi-urban);AZUAGA;Badajoz;Extremadura
18149;Villa de Otura;7606,0;13,53;<=30 km;1,26;3,7;6,04;5,000-20,000 (semi-urban);DE LA VEGA;Granada;Andalucía
14019;Castro del Río;7612,0;26,96;<=30 km;-2,45;-1,2;-1,65;5,000-20,000 (semi-urban);CAMPIÑA BAJA;Córdoba;Andalucía
03058;Cox;7622,0;8,55;<=30 km;2,32;2,78;2,63;5,000-20,000 (semi-urban);MERIDIONAL;Alacant/Alicante;Comunitat Valenciana
07056;Santa María del Camí;7623,0;12,98;<=30 km;12,63;4,74;1,55;5,000-20,000 (semi-urban);MALLORCA;Illes Balears;Illes Balears
31902;Berrioplano/Berriobeiti;7631,0;6,4;<=30 km;28,07;6,52;2,18;5,000-20,000 (semi-urban);CUENCA PAMPLONA;Navarra;Comunidad Foral de Navarra
48090;Balmaseda;7633,0;18,94;<=30 km;2,06;-0,43;-0,24;5,000-20,000 (semi-urban);ENCARTACIONES;Bizkaia;País Vasco/Euskadi
25110;Guissona;7635,0;45,45;30-60 km;7,05;3,65;4,72;5,000-20,000 (semi-urban);SEGARRA;Lleida;Cataluña/Catalunya
37085;Carbajosa de la Sagrada;7636,0;5,6;<=30 km;10,22;6,06;3,64;5,000-20,000 (semi-urban);SALAMANCA;Salamanca;Castilla y León
48016;Berango;7647,0;2,3;<=30 km;3,71;1,98;5,17;5,000-20,000 (semi-urban);GRAN BILBAO;Bizkaia;País Vasco/Euskadi
28038;Cercedilla;7647,0;14,08;<=30 km;-3,04;5,92;3,91;5,000-20,000 (semi-urban);GUADARRAMA;Madrid;Comunidad de Madrid
37354;Villamayor;7669,0;5,41;<=30 km;7,86;2,28;4,04;5,000-20,000 (semi-urban);SALAMANCA;Salamanca;Castilla y León
46032;Almàssera;7672,0;10,14;<=30 km;0,8;1,89;3,22;5,000-20,000 (semi-urban);HUERTA DE VALENCIA;València/Valencia;Comunitat Valenciana
39042;Medio Cudeyo;7686,0;11,07;<=30 km;-1,35;1,14;1,05;5,000-20,000 (semi-urban);COSTERA;Cantabria;Cantabria
35008;Firgas;7688,0;10,32;<=30 km;-0,92;0,29;2,33;5,000-20,000 (semi-urban);GRAN CANARIA;Las Palmas;Canarias
24202;Villablino;7709,0;55,25;30-60 km;-11,62;-7,77;-6,28;5,000-20,000 (semi-urban);LA MONTAÑA DE LUNA;León;Castilla y León
31010;Altsasu/Alsasua;7710,0;41,82;30-60 km;-3,08;0,46;3,62;5,000-20,000 (semi-urban);NORD OCCIDENTAL;Navarra;Comunidad Foral de Navarra
08192;Santpedor;7716,0;7,06;<=30 km;4,33;0,45;1,98;5,000-20,000 (semi-urban);BAGES;Barcelona;Cataluña/Catalunya
15046;Melide;7734,0;39,32;30-60 km;-4,1;-0,21;4,13;5,000-20,000 (semi-urban);INTERIOR;A Coruña;Galicia
08251;Santa Margarida i els Monjos;7736,0;8,97;<=30 km;6,4;2,15;0,94;5,000-20,000 (semi-urban);ALT PENEDÉS;Barcelona;Cataluña/Catalunya
31122;Huarte/Uharte;7737,0;5,01;<=30 km;9,64;3,88;6,19;5,000-20,000 (semi-urban);CUENCA PAMPLONA;Navarra;Comunidad Foral de Navarra
15023;Cee;7740,0;55,87;30-60 km;-4,55;-0,11;2,27;5,000-20,000 (semi-urban);OCCIDENTAL;A Coruña;Galicia
48001;Abadiño;7742,0;29,3;<=30 km;2,87;1,13;1,63;5,000-20,000 (semi-urban);DURANGUESADO;Bizkaia;País Vasco/Euskadi
23097;Villanueva del Arzobispo;7753,0;61,01;>60 km;-5,85;-4,02;-2,69;5,000-20,000 (semi-urban);LA LOMA;Jaén;Andalucía
46216;Rocafort;7753,0;4,85;<=30 km;2,91;3,98;4,14;5,000-20,000 (semi-urban);HUERTA DE VALENCIA;València/Valencia;Comunitat Valenciana
13052;Malagón;7754,0;26,98;<=30 km;-7,17;-3,53;-1,12;5,000-20,000 (semi-urban);MONTES NORTE;Ciudad Real;Castilla-La Mancha
15060;Oroso;7757,0;14,42;<=30 km;3,88;1,05;3,01;5,000-20,000 (semi-urban);INTERIOR;A Coruña;Galicia
28154;Torres de la Alameda;7758,0;9,38;<=30 km;-1,46;-0,4;0,38;5,000-20,000 (semi-urban);CAMPIÑA;Madrid;Comunidad de Madrid
28041;Cobeña;7759,0;7,83;<=30 km;9,19;2,25;4,23;5,000-20,000 (semi-urban);CAMPIÑA;Madrid;Comunidad de Madrid
46126;Foios;7761,0;9,49;<=30 km;3,91;2,18;3,45;5,000-20,000 (semi-urban);HUERTA DE VALENCIA;València/Valencia;Comunitat Valenciana
20903;Astigarraga;7764,0;4,82;<=30 km;26,13;14,56;8,06;5,000-20,000 (semi-urban);DONOSTIA/SAN SEBASTIÁN;Gipuzkoa;País Vasco/Euskadi
08030;Cabrils;7767,0;7,16;<=30 km;1,39;2,98;2,64;5,000-20,000 (semi-urban);MARESME;Barcelona;Cataluña/Catalunya
30025;Lorquí;7770,0;5,11;<=30 km;-0,13;4,54;6,15;5,000-20,000 (semi-urban);RIO SEGURA;Murcia;Región de Murcia
46082;Canet d'En Berenguer;7771,0;5,41;<=30 km;10,59;3,6;14,08;5,000-20,000 (semi-urban);SAGUNTO;València/Valencia;Comunitat Valenciana
07064;es Castell;7772,0;139,41;>60 km;-8,1;2,48;3,21;5,000-20,000 (semi-urban);MENORCA;Illes Balears;Illes Balears
08067;Centelles;7775,0;21,87;<=30 km;0,77;2,32;2,37;5,000-20,000 (semi-urban);OSONA;Barcelona;Cataluña/Catalunya
33051;Pravia;7790,0;20,41;<=30 km;-6,79;-4,18;-1,84;5,000-20,000 (semi-urban);GRADO;Asturias;Principado de Asturias
41101;Villaverde del Río;7794,0;24,31;<=30 km;3,71;0,18;-0,22;5,000-20,000 (semi-urban);LA VEGA;Sevilla;Andalucía
08300;Viladecavalls;7802,0;5,11;<=30 km;0,22;1,89;2,38;5,000-20,000 (semi-urban);VALLES OCCIDENTAL;Barcelona;Cataluña/Catalunya
24189;Valverde de la Virgen;7806,0;9,78;<=30 km;5,78;2,03;4,89;5,000-20,000 (semi-urban);TIERRAS DE LEON;León;Castilla y León
18057;Cúllar Vega;7809,0;8,3;<=30 km;4,43;4,62;1,17;5,000-20,000 (semi-urban);DE LA VEGA;Granada;Andalucía
05016;Arévalo;7830,0;42,95;30-60 km;-0,15;-2,33;-0,65;5,000-20,000 (semi-urban);AREVALO-MADRIGAL;Ávila;Castilla y León
35033;Vega de San Mateo;7856,0;12,95;<=30 km;-2,12;0,26;2,76;5,000-20,000 (semi-urban);GRAN CANARIA;Las Palmas;Canarias
31050;Baztan;7863,0;28,73;<=30 km;-4,2;1,47;0,0;5,000-20,000 (semi-urban);NORD OCCIDENTAL;Navarra;Comunidad Foral de Navarra
11024;Olvera;7864,0;47,84;30-60 km;-4,63;-1,33;-1,9;5,000-20,000 (semi-urban);SIERRA DE CADIZ;Cádiz;Andalucía
28180;Villarejo de Salvanés;7900,0;23,51;<=30 km;-1,83;3,58;4,61;5,000-20,000 (semi-urban);VEGAS;Madrid;Comunidad de Madrid
08248;Santa Eulàlia de Ronçana;7911,0;7,62;<=30 km;2,93;4,81;4,95;5,000-20,000 (semi-urban);VALLES ORIENTAL;Barcelona;Cataluña/Catalunya
41045;Gerena;7923,0;25,54;<=30 km;7,08;2,64;2,36;5,000-20,000 (semi-urban);LA SIERRA NORTE;Sevilla;Andalucía
50025;La Almunia de Doña Godina;7937,0;42,9;30-60 km;-2,43;2,1;-0,58;5,000-20,000 (semi-urban);LA ALMUNIA DE DOÑA GODINA;Zaragoza;Aragón
02074;Tobarra;7947,0;42,15;30-60 km;-5,5;-0,61;3,33;5,000-20,000 (semi-urban);HELLIN;Albacete;Castilla-La Mancha
03096;Onil;7959,0;13,7;<=30 km;-3,35;1,26;5,15;5,000-20,000 (semi-urban);VINALOPO;Alacant/Alicante;Comunitat Valenciana
03048;Callosa d'en Sarrià;7959,0;11,14;<=30 km;-8,5;4,57;4,88;5,000-20,000 (semi-urban);CENTRAL;Alacant/Alicante;Comunitat Valenciana
17103;Maçanet de la Selva;7962,0;26,3;<=30 km;-3,9;6,21;8,34;5,000-20,000 (semi-urban);SELVA;Girona;Cataluña/Catalunya
14005;Almodóvar del Río;7981,0;27,18;<=30 km;0,16;0,9;-0,68;5,000-20,000 (semi-urban);CAMPIÑA BAJA;Córdoba;Andalucía
21061;Rociana del Condado;7985,0;27,76;<=30 km;1,86;1,07;1,93;5,000-20,000 (semi-urban);CONDADO CAMPIÑA;Huelva;Andalucía
35013;Moya;7987,0;13,54;<=30 km;-3,67;1,36;1,97;5,000-20,000 (semi-urban);GRAN CANARIA;Las Palmas;Canarias
12077;Moncofa;8011,0;15,05;<=30 km;-4,03;10,83;15,13;5,000-20,000 (semi-urban);LA PLANA;Castelló/Castellón;Comunitat Valenciana
45136;La Puebla de Montalbán;8032,0;31,73;30-60 km;-6,12;0,38;2,44;5,000-20,000 (semi-urban);TORRIJOS;Toledo;Castilla-La Mancha
29017;Archidona;8042,0;37,62;30-60 km;-5,18;-2,1;-0,89;5,000-20,000 (semi-urban);NORTE O ANTEQUERA;Málaga;Andalucía
43131;Roda de Berà;8048,0;17,25;<=30 km;1,11;10,31;12,92;5,000-20,000 (semi-urban);TARRAGONES;Tarragona;Cataluña/Catalunya
08208;Sant Esteve Sesrovires;8060,0;11,69;<=30 km;3,11;-0,37;3,72;5,000-20,000 (semi-urban);BAIX LLOBREGAT;Barcelona;Cataluña/Catalunya
06122;Los Santos de Maimona;8070,0;56,72;30-60 km;-1,3;-0,76;0,07;5,000-20,000 (semi-urban);ALMENDRALEJO;Badajoz;Extremadura
41096;Valencina de la Concepción;8080,0;10,91;<=30 km;-2,07;1,17;2,36;5,000-20,000 (semi-urban);EL ALJARAFE;Sevilla;Andalucía
27016;Chantada;8092,0;29,92;<=30 km;-5,91;-2,28;-0,52;5,000-20,000 (semi-urban);SUR;Lugo;Galicia
08091;Gelida;8098,0;14,98;<=30 km;3,02;4,78;4,86;5,000-20,000 (semi-urban);ALT PENEDÉS;Barcelona;Cataluña/Catalunya
03064;Dolores;8102,0;14,38;<=30 km;-1,3;3,21;6,33;5,000-20,000 (semi-urban);MERIDIONAL;Alacant/Alicante;Comunitat Valenciana
28032;Camarma de Esteruelas;8106,0;7,53;<=30 km;6,02;4,55;7,29;5,000-20,000 (semi-urban);CAMPIÑA;Madrid;Comunidad de Madrid
21070;Trigueros;8110,0;17,29;<=30 km;-1,43;1,59;2,58;5,000-20,000 (semi-urban);CONDADO CAMPIÑA;Huelva;Andalucía
33041;Navia;8112,0;61,3;>60 km;-6,54;-1,27;-2,29;5,000-20,000 (semi-urban);LUARCA;Asturias;Principado de Asturias
48073;Ondarroa;8113,0;36,24;30-60 km;-4,24;-0,85;-2,56;5,000-20,000 (semi-urban);ONDARROA;Bizkaia;País Vasco/Euskadi
07039;Muro;8115,0;38,97;30-60 km;-2,02;8,43;7,98;5,000-20,000 (semi-urban);MALLORCA;Illes Balears;Illes Balears
38027;El Paso;8156,0;126,29;>60 km;-6,08;2,68;5,31;5,000-20,000 (semi-urban);ISLA DE LA PALMA;Santa Cruz de Tenerife;Canarias
24014;Bembibre;8158,0;19,75;<=30 km;-8,64;-5,84;-3,51;5,000-20,000 (semi-urban);BIERZO;León;Castilla y León
39012;Cabezón de la Sal;8162,0;15,71;<=30 km;0,28;-0,91;-1,34;5,000-20,000 (semi-urban);COSTERA;Cantabria;Cantabria
26102;Nájera;8174,0;24,38;<=30 km;-4,31;0,16;1,41;5,000-20,000 (semi-urban);RIOJA ALTA;La Rioja;La Rioja
15053;Muros;8184,0;44,02;30-60 km;-8,08;-3,4;-2,56;5,000-20,000 (semi-urban);OCCIDENTAL;A Coruña;Galicia
15013;Brión;8197,0;17,92;<=30 km;3,18;2,7;3,02;5,000-20,000 (semi-urban);OCCIDENTAL;A Coruña;Galicia
15065;Padrón;8256,0;19,44;<=30 km;-5,17;-0,82;-0,73;5,000-20,000 (semi-urban);OCCIDENTAL;A Coruña;Galicia
03111;Redován;8285,0;6,22;<=30 km;3,84;3,35;2,82;5,000-20,000 (semi-urban);MERIDIONAL;Alacant/Alicante;Comunitat Valenciana
18047;Cenes de la Vega;8296,0;5,85;<=30 km;1,62;3,19;1,41;5,000-20,000 (semi-urban);DE LA VEGA;Granada;Andalucía
46178;Nàquera/Náquera;8308,0;13,04;<=30 km;2,68;17,66;13,79;5,000-20,000 (semi-urban);SAGUNTO;València/Valencia;Comunitat Valenciana
48096;Zalla;8316,0;13,85;<=30 km;1,97;0,44;-1,19;5,000-20,000 (semi-urban);ENCARTACIONES;Bizkaia;País Vasco/Euskadi
28091;Morata de Tajuña;8319,0;6,8;<=30 km;0,25;4,91;4,98;5,000-20,000 (semi-urban);VEGAS;Madrid;Comunidad de Madrid
31072;Cintruénigo;8333,0;70,12;>60 km;0,8;2,91;3,5;5,000-20,000 (semi-urban);RIBERA BAJA;Navarra;Comunidad Foral de Navarra
08244;Santa Coloma de Cervelló;8335,0;4,15;<=30 km;1,9;1,15;0,75;5,000-20,000 (semi-urban);BAIX LLOBREGAT;Barcelona;Cataluña/Catalunya
43133;Roquetes;8369,0;72,6;>60 km;-2,37;2,49;2,57;5,000-20,000 (semi-urban);BAIX EBRE;Tarragona;Cataluña/Catalunya
49219;Toro;8369,0;31,17;30-60 km;-7,0;-2,92;-1,91;5,000-20,000 (semi-urban);DUERO BAJO;Zamora;Castilla y León
14069;Villanueva de Córdoba;8381,0;47,78;30-60 km;-6,67;-1,28;-3,24;5,000-20,000 (semi-urban);PEDROCHES;Córdoba;Andalucía
07006;Artà;8387,0;55,65;30-60 km;-0,16;4,08;5,05;5,000-20,000 (semi-urban);MALLORCA;Illes Balears;Illes Balears
20051;Legazpi;8390,0;34,47;30-60 km;-2,83;-0,2;0,27;5,000-20,000 (semi-urban);GOIERRI;Gipuzkoa;País Vasco/Euskadi
21007;Aracena;8392,0;74,27;>60 km;3,02;2,18;2,15;5,000-20,000 (semi-urban);SIERRA;Huelva;Andalucía
39060;Reocín;8400,0;6,88;<=30 km;0,3;0,01;0,21;5,000-20,000 (semi-urban);COSTERA;Cantabria;Cantabria
03105;el Pinós/Pinoso;8407,0;19,46;<=30 km;-2,35;3,79;3,25;5,000-20,000 (semi-urban);VINALOPO;Alacant/Alicante;Comunitat Valenciana
04032;Carboneras;8441,0;38,56;30-60 km;-4,3;5,49;3,15;5,000-20,000 (semi-urban);CAMPO NIJAR Y BAJO ANDARAX;Almería;Andalucía
13047;Herencia;8459,0;61,6;>60 km;-5,83;1,01;-0,6;5,000-20,000 (semi-urban);MANCHA;Ciudad Real;Castilla-La Mancha
31088;Noáin (Valle de Elorz)/Noain (Elortzibar);8469,0;10,9;<=30 km;9,44;1,58;1,38;5,000-20,000 (semi-urban);CUENCA PAMPLONA;Navarra;Comunidad Foral de Navarra
29041;Casares;8486,0;12,65;<=30 km;7,73;19,95;15,58;5,000-20,000 (semi-urban);CENTRO-SUR O GUADALORCE;Málaga;Andalucía
12089;Peníscola/Peñíscola;8496,0;52,41;30-60 km;-8,41;5,84;7,79;5,000-20,000 (semi-urban);LITORAL NORTE;Castelló/Castellón;Comunitat Valenciana
19171;Marchamalo;8497,0;5,38;<=30 km;17,06;9,13;7,71;5,000-20,000 (semi-urban);CAMPIÑA;Guadalajara;Castilla-La Mancha
29032;Campillos;8499,0;49,01;30-60 km;-1,84;-2,54;2,39;5,000-20,000 (semi-urban);NORTE O ANTEQUERA;Málaga;Andalucía
17033;Caldes de Malavella;8509,0;16,93;<=30 km;5,04;7,95;5,69;5,000-20,000 (semi-urban);SELVA;Girona;Cataluña/Catalunya
08283;Tona;8511,0;29,59;<=30 km;-0,06;2,91;1,71;5,000-20,000 (semi-urban);OSONA;Barcelona;Cataluña/Catalunya
17213;Vidreres;8538,0;23,49;<=30 km;-0,12;4,3;5,76;5,000-20,000 (semi-urban);SELVA;Girona;Cataluña/Catalunya
39023;Colindres;8540,0;32,77;30-60 km;4,28;0,6;0,42;5,000-20,000 (semi-urban);COSTERA;Cantabria;Cantabria
28023;El Boalo;8547,0;9,39;<=30 km;7,29;8,24;6,72;5,000-20,000 (semi-urban);GUADARRAMA;Madrid;Comunidad de Madrid
08167;Polinyà;8555,0;4,23;<=30 km;5,0;1,25;0,72;5,000-20,000 (semi-urban);VALLES OCCIDENTAL;Barcelona;Cataluña/Catalunya
39059;Reinosa;8566,0;38,09;30-60 km;-8,31;-3,13;-2,77;5,000-20,000 (semi-urban);REINOSA;Cantabria;Cantabria
18134;Monachil;8608,0;13,64;<=30 km;4,27;3,97;5,79;5,000-20,000 (semi-urban);DE LA VEGA;Granada;Andalucía
10195;Trujillo;8619,0;45,71;30-60 km;-3,63;-4,05;-2,29;5,000-20,000 (semi-urban);TRUJILLO;Cáceres;Extremadura
41089;Santiponce;8625,0;8,07;<=30 km;0,94;0,58;1,58;5,000-20,000 (semi-urban);LA VEGA;Sevilla;Andalucía
48083;Ortuella;8629,0;5,48;<=30 km;-0,43;0,23;2,98;5,000-20,000 (semi-urban);GRAN BILBAO;Bizkaia;País Vasco/Euskadi
47165;Tordesillas;8638,0;25,74;<=30 km;-3,42;-0,71;-1,42;5,000-20,000 (semi-urban);SUR;Valladolid;Castilla y León
46183;l'Olleria;8648,0;25,91;<=30 km;-5,14;2,18;2,9;5,000-20,000 (semi-urban);VALLES DE ALBAIDA;València/Valencia;Comunitat Valenciana
04903;La Mojonera;8677,0;6,69;<=30 km;0,36;0,92;-4,5;5,000-20,000 (semi-urban);CAMPO DALIAS;Almería;Andalucía
03101;Pedreguer;8687,0;29,95;<=30 km;-2,92;6,89;8,51;5,000-20,000 (semi-urban);MARQUESADO;Alacant/Alicante;Comunitat Valenciana
50298;Zuera;8709,0;26,85;<=30 km;8,53;2,7;1,37;5,000-20,000 (semi-urban);ZARAGOZA;Zaragoza;Aragón
31077;Corella;8712,0;67,06;>60 km;-5,95;6,66;5,99;5,000-20,000 (semi-urban);RIBERA BAJA;Navarra;Comunidad Foral de Navarra
41903;El Cuervo de Sevilla;8716,0;20,5;<=30 km;0,44;0,45;0,57;5,000-20,000 (semi-urban);LA CAMPIÑA;Sevilla;Andalucía
33073;Tineo;8769,0;49,53;30-60 km;-10,43;-4,68;-3,59;5,000-20,000 (semi-urban);CANGAS DE NARCEA;Asturias;Principado de Asturias
47175;Tudela de Duero;8786,0;17,81;<=30 km;-2,23;1,18;1,6;5,000-20,000 (semi-urban);CENTRO;Valladolid;Castilla y León
36052;Silleda;8870,0;31,15;30-60 km;-5,76;1,69;0,28;5,000-20,000 (semi-urban);MONTAÑA;Pontevedra;Galicia
28043;Colmenar de Oreja;8888,0;20,88;<=30 km;-6,78;5,07;7,05;5,000-20,000 (semi-urban);VEGAS;Madrid;Comunidad de Madrid
08135;Montmeló;8906,0;3,56;<=30 km;-1,85;0,16;1,23;5,000-20,000 (semi-urban);VALLES ORIENTAL;Barcelona;Cataluña/Catalunya
45122;Olías del Rey;8947,0;9,06;<=30 km;8,35;7,42;8,78;5,000-20,000 (semi-urban);SAGRA-TOLEDO;Toledo;Castilla-La Mancha
03088;Monforte del Cid;8967,0;13,77;<=30 km;-2,3;7,0;5,49;5,000-20,000 (semi-urban);VINALOPO;Alacant/Alicante;Comunitat Valenciana
46109;Cheste;9022,0;16,75;<=30 km;-0,71;6,64;1,7;5,000-20,000 (semi-urban);HOYA DE BUÑOL;València/Valencia;Comunitat Valenciana
14043;Montoro;9049,0;40,89;30-60 km;-4,05;-2,17;-1,97;5,000-20,000 (semi-urban);LA SIERRA;Córdoba;Andalucía
13013;Almagro;9049,0;22,58;<=30 km;-1,1;-0,29;1,72;5,000-20,000 (semi-urban);CAMPO DE CALATRAVA;Ciudad Real;Castilla-La Mancha
46035;Almussafes;9057,0;14,46;<=30 km;6,02;0,58;0,81;5,000-20,000 (semi-urban);RIBERAS DEL JUCAR;València/Valencia;Comunitat Valenciana
15071;Porto do Son;9064,0;41,1;30-60 km;-5,85;-0,95;-0,99;5,000-20,000 (semi-urban);OCCIDENTAL;A Coruña;Galicia
46199;la Pobla de Farnals;9076,0;13,33;<=30 km;1,75;4,66;10,62;5,000-20,000 (semi-urban);SAGUNTO;València/Valencia;Comunitat Valenciana
29023;Benahavís;9077,0;12,0;<=30 km;33,94;-2,0;15,94;5,000-20,000 (semi-urban);CENTRO-SUR O GUADALORCE;Málaga;Andalucía
39085;Suances;9092,0;8,68;<=30 km;1,84;3,56;0,73;5,000-20,000 (semi-urban);COSTERA;Cantabria;Cantabria
06070;Jerez de los Caballeros;9112,0;60,12;>60 km;-4,77;-2,09;-0,64;5,000-20,000 (semi-urban);JEREZ DE LOS CABALLEROS;Badajoz;Extremadura
38005;Arico;9120,0;10,66;<=30 km;-4,16;5,15;10,76;5,000-20,000 (semi-urban);SUR DE TENERIFE;Santa Cruz de Tenerife;Canarias
28133;San Martín de Valdeiglesias;9159,0;40,67;30-60 km;0,75;5,31;4,55;5,000-20,000 (semi-urban);SUR OCCIDENTAL;Madrid;Comunidad de Madrid
38025;La Matanza de Acentejo;9160,0;13,69;<=30 km;2,3;1,76;0,5;5,000-20,000 (semi-urban);NORTE DE TENERIFE;Santa Cruz de Tenerife;Canarias
28072;Hoyo de Manzanares;9178,0;8,52;<=30 km;4,04;5,57;5,74;5,000-20,000 (semi-urban);GUADARRAMA;Madrid;Comunidad de Madrid
15067;A Pobra do Caramiñal;9184,0;34,25;30-60 km;-2,94;-1,05;-1,15;5,000-20,000 (semi-urban);OCCIDENTAL;A Coruña;Galicia
28075;Loeches;9200,0;10,27;<=30 km;11,66;2,16;3,84;5,000-20,000 (semi-urban);CAMPIÑA;Madrid;Comunidad de Madrid
26168;Villamediana de Iregua;9207,0;5,85;<=30 km;12,89;7,96;6,96;5,000-20,000 (semi-urban);RIOJA MEDIA;La Rioja;La Rioja
08209;Sant Fost de Campsentelles;9227,0;5,0;<=30 km;2,89;3,15;2,56;5,000-20,000 (semi-urban);VALLES ORIENTAL;Barcelona;Cataluña/Catalunya
08213;Sant Fruitós de Bages;9248,0;5,5;<=30 km;3,83;3,99;3,49;5,000-20,000 (semi-urban);BAGES;Barcelona;Cataluña/Catalunya
41070;Palomares del Río;9277,0;10,62;<=30 km;11,96;5,47;2,85;5,000-20,000 (semi-urban);LA VEGA;Sevilla;Andalucía
38041;El Sauzal;9278,0;11,26;<=30 km;-2,12;-0,32;4,04;5,000-20,000 (semi-urban);NORTE DE TENERIFE;Santa Cruz de Tenerife;Canarias
08214;Vilassar de Dalt;9281,0;8,93;<=30 km;1,9;0,68;2,28;5,000-20,000 (semi-urban);MARESME;Barcelona;Cataluña/Catalunya
47052;Cistérniga;9281,0;12,74;<=30 km;8,86;0,66;1,89;5,000-20,000 (semi-urban);CENTRO;Valladolid;Castilla y León
07008;Binissalem;9281,0;18,77;<=30 km;7,13;6,96;4,34;5,000-20,000 (semi-urban);MALLORCA;Illes Balears;Illes Balears
08282;Tiana;9305,0;3,76;<=30 km;8,43;3,44;3,29;5,000-20,000 (semi-urban);MARESME;Barcelona;Cataluña/Catalunya
38051;La Victoria de Acentejo;9313,0;15,64;<=30 km;-0,82;1,34;1,66;5,000-20,000 (semi-urban);NORTE DE TENERIFE;Santa Cruz de Tenerife;Canarias
15077;Santa Comba;9319,0;28,04;<=30 km;-7,46;-0,96;-0,43;5,000-20,000 (semi-urban);OCCIDENTAL;A Coruña;Galicia
07051;Sant Llorenç des Cardassar;9331,0;51,26;30-60 km;-7,08;6,13;4,61;5,000-20,000 (semi-urban);MALLORCA;Illes Balears;Illes Balears
03092;Muro de Alcoy;9345,0;13,31;<=30 km;3,49;-0,02;0,2;5,000-20,000 (semi-urban);MONTAÑA;Alacant/Alicante;Comunitat Valenciana
03069;Finestrat;9352,0;6,84;<=30 km;-7,57;16,0;26,34;5,000-20,000 (semi-urban);CENTRAL;Alacant/Alicante;Comunitat Valenciana
39074;Santa María de Cayón;9367,0;16,0;<=30 km;1,0;1,6;1,76;5,000-20,000 (semi-urban);COSTERA;Cantabria;Cantabria
46204;el Puig de Santa Maria;9367,0;10,75;<=30 km;-5,27;2,0;7,21;5,000-20,000 (semi-urban);SAGUNTO;València/Valencia;Comunitat Valenciana
10121;Miajadas;9370,0;44,85;30-60 km;-4,5;-1,88;-1,4;5,000-20,000 (semi-urban);TRUJILLO;Cáceres;Extremadura
41092;Tocina;9373,0;31,04;30-60 km;0,67;-0,73;-1,42;5,000-20,000 (semi-urban);LA VEGA;Sevilla;Andalucía
41094;Umbrete;9394,0;20,32;<=30 km;6,28;3,63;3,39;5,000-20,000 (semi-urban);EL ALJARAFE;Sevilla;Andalucía
48002;Abanto y Ciérvana-Abanto Zierbena;9409,0;8,0;<=30 km;-1,75;-1,14;-0,29;5,000-20,000 (semi-urban);GRAN BILBAO;Bizkaia;País Vasco/Euskadi
03055;Catral;9423,0;13,62;<=30 km;-5,19;2,88;6,11;5,000-20,000 (semi-urban);MERIDIONAL;Alacant/Alicante;Comunitat Valenciana
36049;Salceda de Caselas;9430,0;16,82;<=30 km;4,06;1,13;1,96;5,000-20,000 (semi-urban);MIÑO;Pontevedra;Galicia
03118;San Fulgencio;9433,0;13,77;<=30 km;-38,11;6,35;11,67;5,000-20,000 (semi-urban);MERIDIONAL;Alacant/Alicante;Comunitat Valenciana
28144;Soto del Real;9441,0;9,95;<=30 km;1,2;4,57;3,85;5,000-20,000 (semi-urban);LOZOYA SOMOSIERRA;Madrid;Comunidad de Madrid
08007;Arenys de Munt;9458,0;9,38;<=30 km;2,68;3,99;2,91;5,000-20,000 (semi-urban);MARESME;Barcelona;Cataluña/Catalunya
08005;L'Ametlla del Vallès;9462,0;8,02;<=30 km;3,17;3,43;7,68;5,000-20,000 (semi-urban);VALLES ORIENTAL;Barcelona;Cataluña/Catalunya
25207;Solsona;9480,0;39,62;30-60 km;-3,55;1,79;3,32;5,000-20,000 (semi-urban);SOLSONES;Lleida;Cataluña/Catalunya
45185;Villacañas;9489,0;53,1;30-60 km;-7,53;-2,63;0,58;5,000-20,000 (semi-urban);LA MANCHA;Toledo;Castilla-La Mancha
41067;Olivares;9504,0;20,22;<=30 km;-1,44;0,66;0,55;5,000-20,000 (semi-urban);EL ALJARAFE;Sevilla;Andalucía
17089;Llagostera;9508,0;19,85;<=30 km;1,53;6,68;7,42;5,000-20,000 (semi-urban);GIRONES;Girona;Cataluña/Catalunya
40063;Cuéllar;9530,0;51,99;30-60 km;-2,07;0,38;-0,94;5,000-20,000 (semi-urban);CUELLAR;Segovia;Castilla y León
25072;Cervera;9533,0;45,54;30-60 km;-3,76;2,89;2,2;5,000-20,000 (semi-urban);SEGARRA;Lleida;Cataluña/Catalunya
18150;Padul;9536,0;20,27;<=30 km;0,45;6,41;6,74;5,000-20,000 (semi-urban);VALLE DE LECRIN;Granada;Andalucía
27902;Burela;9547,0;74,73;>60 km;-0,53;-1,44;1,26;5,000-20,000 (semi-urban);COSTA;Lugo;Galicia
28082;Manzanares el Real;9550,0;14,7;<=30 km;9,95;7,04;3,78;5,000-20,000 (semi-urban);GUADARRAMA;Madrid;Comunidad de Madrid
08267;Sentmenat;9553,0;6,91;<=30 km;4,89;4,35;2,2;5,000-20,000 (semi-urban);VALLES OCCIDENTAL;Barcelona;Cataluña/Catalunya
38036;San Sebastián de la Gomera;9562,0;43,71;30-60 km;-3,95;3,53;3,25;5,000-20,000 (semi-urban);ISLA DE LA GOMERA;Santa Cruz de Tenerife;Canarias
22199;Sabiñánigo;9592,0;37,51;30-60 km;-10,55;1,16;2,57;5,000-20,000 (semi-urban);JACETANIA;Huesca;Aragón
36005;Caldas de Reis;9614,0;20,09;<=30 km;-2,34;-0,73;-1,78;5,000-20,000 (semi-urban);LITORAL;Pontevedra;Galicia
13096;Villarrubia de los Ojos;9620,0;39,36;30-60 km;-9,64;-1,82;-1,05;5,000-20,000 (semi-urban);MANCHA;Ciudad Real;Castilla-La Mancha
28044;Colmenarejo;9623,0;10,9;<=30 km;4,96;2,76;2,63;5,000-20,000 (semi-urban);SUR OCCIDENTAL;Madrid;Comunidad de Madrid
32032;Xinzo de Limia;9632,0;37,3;30-60 km;-4,4;-2,19;0,11;5,000-20,000 (semi-urban);VERIN;Ourense;Galicia
46237;Tavernes Blanques;9635,0;9,07;<=30 km;-2,26;0,97;4,67;5,000-20,000 (semi-urban);HUERTA DE VALENCIA;València/Valencia;Comunitat Valenciana
14027;Fernán-Núñez;9638,0;18,28;<=30 km;-1,16;-0,01;-0,3;5,000-20,000 (semi-urban);CAMPIÑA BAJA;Córdoba;Andalucía
12104;Segorbe;9640,0;19,2;<=30 km;-3,83;2,94;5,48;5,000-20,000 (semi-urban);PALANCIA;Castelló/Castellón;Comunitat Valenciana
08068;Cervelló;9647,0;10,57;<=30 km;2,98;2,93;4,48;5,000-20,000 (semi-urban);BAIX LLOBREGAT;Barcelona;Cataluña/Catalunya
46172;Montserrat;9656,0;8,06;<=30 km;2,94;14,14;11,57;5,000-20,000 (semi-urban);HOYA DE BUÑOL;València/Valencia;Comunitat Valenciana
28141;Sevilla la Nueva;9657,0;13,18;<=30 km;3,24;2,75;3,34;5,000-20,000 (semi-urban);SUR OCCIDENTAL;Madrid;Comunidad de Madrid
20080;Zumarraga;9687,0;33,83;30-60 km;-1,59;-1,69;0,2;5,000-20,000 (semi-urban);GOIERRI;Gipuzkoa;País Vasco/Euskadi
33026;Grado;9688,0;18,39;<=30 km;-8,45;-1,98;0,46;5,000-20,000 (semi-urban);GRADO;Asturias;Principado de Asturias
18158;Pinos Puente;9708,0;20,22;<=30 km;-22,53;-2,87;-1,47;5,000-20,000 (semi-urban);DE LA VEGA;Granada;Andalucía
46207;Rafelbunyol;9710,0;12,12;<=30 km;3,51;4,73;3,84;5,000-20,000 (semi-urban);SAGUNTO;València/Valencia;Comunitat Valenciana
45053;Consuegra;9758,0;51,56;30-60 km;-7,95;-1,54;-1,85;5,000-20,000 (semi-urban);LA MANCHA;Toledo;Castilla-La Mancha
46077;Buñol;9765,0;28,13;<=30 km;-3,61;-0,83;3,46;5,000-20,000 (semi-urban);HOYA DE BUÑOL;València/Valencia;Comunitat Valenciana
14058;Rute;9765,0;62,93;>60 km;-5,66;-0,22;-0,71;5,000-20,000 (semi-urban);PENIBETICA;Córdoba;Andalucía
35031;Valsequillo de Gran Canaria;9768,0;7,84;<=30 km;1,11;1,12;4,11;5,000-20,000 (semi-urban);GRAN CANARIA;Las Palmas;Canarias
15070;As Pontes de García Rodríguez;9782,0;32,59;30-60 km;-7,32;-2,0;-2,49;5,000-20,000 (semi-urban);INTERIOR;A Coruña;Galicia
21064;San Juan del Puerto;9811,0;10,77;<=30 km;8,86;3,32;3,24;5,000-20,000 (semi-urban);CONDADO CAMPIÑA;Huelva;Andalucía
08120;Matadepera;9815,0;5,91;<=30 km;7,01;4,1;1,48;5,000-20,000 (semi-urban);VALLES OCCIDENTAL;Barcelona;Cataluña/Catalunya
26011;Alfaro;9874,0;61,23;>60 km;-3,3;1,08;3,26;5,000-20,000 (semi-urban);RIOJA BAJA;La Rioja;La Rioja
14030;Fuente Palmera;9907,0;37,27;30-60 km;-1,29;-9,37;1,06;5,000-20,000 (semi-urban);LAS COLONIAS;Córdoba;Andalucía
18102;Íllora;9918,0;29,26;<=30 km;-1,09;-0,54;-1,61;5,000-20,000 (semi-urban);MONTEFRIO;Granada;Andalucía
45106;Mora;9930,0;31,23;30-60 km;-6,58;0,45;1,52;5,000-20,000 (semi-urban);LA MANCHA;Toledo;Castilla-La Mancha
08155;Palafolls;9938,0;27,04;<=30 km;2,29;4,21;3,03;5,000-20,000 (semi-urban);MARESME;Barcelona;Cataluña/Catalunya
43004;Alcanar;9943,0;79,98;>60 km;-11,4;1,88;3,8;5,000-20,000 (semi-urban);MONTSIA;Tarragona;Cataluña/Catalunya
27051;Ribadeo;9978,0;67,68;>60 km;-0,61;-0,29;1,08;5,000-20,000 (semi-urban);COSTA;Lugo;Galicia
08259;Santa Maria de Palautordera;10008,0;14,49;<=30 km;2,08;3,66;3,54;5,000-20,000 (semi-urban);VALLES ORIENTAL;Barcelona;Cataluña/Catalunya
17141;Puigcerdà;10008,0;77,9;>60 km;0,42;5,98;5,15;5,000-20,000 (semi-urban);CERDANYA;Girona;Cataluña/Catalunya
23061;Mengíbar;10011,0;17,71;<=30 km;1,89;0,46;0,38;5,000-20,000 (semi-urban);CAMPIÑA DEL NORTE;Jaén;Andalucía
33002;Aller;10012,0;32,42;30-60 km;-10,52;-4,27;-3,23;5,000-20,000 (semi-urban);MIERES;Asturias;Principado de Asturias
31258;Villava/Atarrabia;10016,0;3,92;<=30 km;-2,57;-0,19;-1,14;5,000-20,000 (semi-urban);CUENCA PAMPLONA;Navarra;Comunidad Foral de Navarra
25011;Alcarràs;10018,0;9,94;<=30 km;12,13;2,72;3,51;5,000-20,000 (semi-urban);SEGRIA;Lleida;Cataluña/Catalunya
24010;La Bañeza;10023,0;42,63;30-60 km;-5,05;-2,32;-0,45;5,000-20,000 (semi-urban);LA BAÑEZA;León;Castilla y León
08023;Bigues i Riells del Fai;10036,0;11,59;<=30 km;2,31;5,99;5,18;5,000-20,000 (semi-urban);VALLES ORIENTAL;Barcelona;Cataluña/Catalunya
08119;Masquefa;10038,0;17,35;<=30 km;2,45;11,36;4,31;5,000-20,000 (semi-urban);ANOIA;Barcelona;Cataluña/Catalunya
36023;A Guarda;10041,0;35,5;30-60 km;-4,13;-0,22;0,5;5,000-20,000 (semi-urban);MIÑO;Pontevedra;Galicia
07002;Alaior;10042,0;128,61;>60 km;-5,24;5,16;5,96;5,000-20,000 (semi-urban);MENORCA;Illes Balears;Illes Balears
28086;El Molar;10052,0;14,13;<=30 km;6,5;7,21;8,19;5,000-20,000 (semi-urban);LOZOYA SOMOSIERRA;Madrid;Comunidad de Madrid
45087;Madridejos;10102,0;59,94;30-60 km;-5,9;-2,87;-1,25;5,000-20,000 (semi-urban);LA MANCHA;Toledo;Castilla-La Mancha
22061;Binéfar;10118,0;33,87;30-60 km;-0,96;4,8;2,33;5,000-20,000 (semi-urban);LA LITERA;Huesca;Aragón
08262;Sant Vicenç de Castellet;10131,0;7,16;<=30 km;1,91;6,41;2,67;5,000-20,000 (semi-urban);BAGES;Barcelona;Cataluña/Catalunya
40076;El Espinar;10145,0;19,58;<=30 km;-6,09;4,58;7,06;5,000-20,000 (semi-urban);SEGOVIA;Segovia;Castilla y León
03123;Sax;10172,0;8,19;<=30 km;-3,03;1,68;2,39;5,000-20,000 (semi-urban);VINALOPO;Alacant/Alicante;Comunitat Valenciana
29080;Pizarra;10177,0;22,79;<=30 km;-0,7;4,98;6,32;5,000-20,000 (semi-urban);CENTRO-SUR O GUADALORCE;Málaga;Andalucía
27019;Foz;10198,0;66,83;>60 km;-0,37;0,76;1,19;5,000-20,000 (semi-urban);COSTA;Lugo;Galicia
30007;Alguazas;10204,0;9,71;<=30 km;2,9;3,33;3,68;5,000-20,000 (semi-urban);RIO SEGURA;Murcia;Región de Murcia
08003;Alella;10217,0;6,21;<=30 km;0,57;1,95;2,64;5,000-20,000 (semi-urban);MARESME;Barcelona;Cataluña/Catalunya
36061;Vilanova de Arousa;10225,0;18,3;<=30 km;-2,38;-0,44;-0,79;5,000-20,000 (semi-urban);LITORAL;Pontevedra;Galicia
23003;Alcaudete;10243,0;38,13;30-60 km;-5,6;-1,17;-1,83;5,000-20,000 (semi-urban);CAMPIÑA DEL SUR;Jaén;Andalucía
02025;Caudete;10249,0;30,68;30-60 km;-4,46;0,74;1,71;5,000-20,000 (semi-urban);ALMANSA;Albacete;Castilla-La Mancha
20081;Zumaia;10251,0;20,87;<=30 km;5,48;0,8;1,25;5,000-20,000 (semi-urban);UROLA COSTA;Gipuzkoa;País Vasco/Euskadi
33014;Carreño;10256,0;10,35;<=30 km;-3,81;-1,49;-0,31;5,000-20,000 (semi-urban);GIJON;Asturias;Principado de Asturias
33033;Lena;10259,0;31,01;30-60 km;-10,1;-4,42;-3,18;5,000-20,000 (semi-urban);MIERES;Asturias;Principado de Asturias
30013;Calasparra;10286,0;42,0;30-60 km;-4,41;-0,31;1,51;5,000-20,000 (semi-urban);RIO SEGURA;Murcia;Región de Murcia
14052;Peñarroya-Pueblonuevo;10289,0;70,48;>60 km;-6,34;-3,33;-2,08;5,000-20,000 (semi-urban);PEDROCHES;Córdoba;Andalucía
24008;Astorga;10308,0;37,07;30-60 km;-6,25;-4,32;-2,32;5,000-20,000 (semi-urban);ASTORGA;León;Castilla y León
23095;Villacarrillo;10320,0;52,28;30-60 km;-4,4;-2,32;-2,13;5,000-20,000 (semi-urban);LA LOMA;Jaén;Andalucía
01002;Amurrio;10330,0;25,53;<=30 km;2,77;0,2;0,22;5,000-20,000 (semi-urban);CANTABRICA;Araba/Álava;País Vasco/Euskadi
46165;Massanassa;10345,0;2,86;<=30 km;3,91;3,22;5,08;5,000-20,000 (semi-urban);HUERTA DE VALENCIA;València/Valencia;Comunitat Valenciana
20063;Oiartzun;10378,0;6,46;<=30 km;1,93;0,15;0,85;5,000-20,000 (semi-urban);DONOSTIA/SAN SEBASTIÁN;Gipuzkoa;País Vasco/Euskadi
28149;Torrejón de la Calzada;10378,0;4,07;<=30 km;15,35;11,27;8,68;5,000-20,000 (semi-urban);SUR OCCIDENTAL;Madrid;Comunidad de Madrid
18014;Alhendín;10399,0;16,46;<=30 km;21,27;5,52;7,49;5,000-20,000 (semi-urban);DE LA VEGA;Granada;Andalucía
33025;Gozón;10405,0;7,5;<=30 km;-3,63;-0,14;-0,07;5,000-20,000 (semi-urban);GIJON;Asturias;Principado de Asturias
17062;L'Escala;10429,0;28,33;<=30 km;-1,39;0,77;-0,65;5,000-20,000 (semi-urban);ALT EMPORDA;Girona;Cataluña/Catalunya
28004;El Álamo;10430,0;12,76;<=30 km;7,95;5,93;5,27;5,000-20,000 (semi-urban);SUR OCCIDENTAL;Madrid;Comunidad de Madrid
50074;Caspe;10432,0;66,21;>60 km;-3,85;6,91;2,45;5,000-20,000 (semi-urban);CASPE;Zaragoza;Aragón
36050;Salvaterra de Miño;10471,0;22,1;<=30 km;1,16;3,68;4,21;5,000-20,000 (semi-urban);MIÑO;Pontevedra;Galicia
41044;Gelves;10473,0;10,22;<=30 km;6,91;2,4;1,73;5,000-20,000 (semi-urban);LA VEGA;Sevilla;Andalucía
08250;Santa Margarida de Montbui;10549,0;27,35;<=30 km;-0,65;3,22;3,5;5,000-20,000 (semi-urban);ANOIA;Barcelona;Cataluña/Catalunya
12005;l'Alcora;10581,0;16,51;<=30 km;-3,26;-0,02;1,47;5,000-20,000 (semi-urban);PEÑAGOLOSA;Castelló/Castellón;Comunitat Valenciana
08230;Premià de Dalt;10594,0;10,14;<=30 km;1,74;-0,1;1,68;5,000-20,000 (semi-urban);MARESME;Barcelona;Cataluña/Catalunya
04049;Garrucha;10603,0;57,1;30-60 km;0,46;11,73;7,37;5,000-20,000 (semi-urban);BAJO ALMAZORA;Almería;Andalucía
46903;San Antonio de Benagéber;10630,0;4,9;<=30 km;27,7;7,4;11,88;5,000-20,000 (semi-urban);HUERTA DE VALENCIA;València/Valencia;Comunitat Valenciana
03102;Pego;10632,0;18,55;<=30 km;-10,73;1,87;3,83;5,000-20,000 (semi-urban);MARQUESADO;Alacant/Alicante;Comunitat Valenciana
31016;Ansoáin/Antsoain;10641,0;2,56;<=30 km;-0,22;-0,07;-0,85;5,000-20,000 (semi-urban);CUENCA PAMPLONA;Navarra;Comunidad Foral de Navarra
18100;Huétor Tájar;10653,0;40,44;30-60 km;1,01;2,22;1,32;5,000-20,000 (semi-urban);DE LA VEGA;Granada;Andalucía
46015;Alcàsser;10676,0;7,64;<=30 km;3,96;3,61;3,99;5,000-20,000 (semi-urban);HUERTA DE VALENCIA;València/Valencia;Comunitat Valenciana
17147;Ripoll;10692,0;56,19;30-60 km;-2,77;0,84;-0,27;5,000-20,000 (semi-urban);RIPOLLES;Girona;Cataluña/Catalunya
20076;Ordizia;10699,0;30,58;30-60 km;1,91;2,66;2,68;5,000-20,000 (semi-urban);GOIERRI;Gipuzkoa;País Vasco/Euskadi
28053;Daganzo de Arriba;10703,0;9,62;<=30 km;8,78;4,56;1,74;5,000-20,000 (semi-urban);CAMPIÑA;Madrid;Comunidad de Madrid
21054;La Palma del Condado;10709,0;36,17;30-60 km;1,36;0,23;-0,72;5,000-20,000 (semi-urban);CONDADO CAMPIÑA;Huelva;Andalucía
28066;Griñón;10718,0;6,61;<=30 km;3,39;2,84;2,4;5,000-20,000 (semi-urban);SUR OCCIDENTAL;Madrid;Comunidad de Madrid
41023;Cantillana;10728,0;28,48;<=30 km;-0,82;0,88;-0,25;5,000-20,000 (semi-urban);LA VEGA;Sevilla;Andalucía
08106;Llinars del Vallès;10740,0;9,63;<=30 km;4,91;2,83;6,17;5,000-20,000 (semi-urban);VALLES ORIENTAL;Barcelona;Cataluña/Catalunya
15072;Rianxo;10748,0;30,7;30-60 km;-5,03;-0,9;-2,33;5,000-20,000 (semi-urban);OCCIDENTAL;A Coruña;Galicia
39035;Laredo;10752,0;33,68;30-60 km;-7,04;-1,36;-2,22;5,000-20,000 (semi-urban);COSTERA;Cantabria;Cantabria
31227;Tafalla;10778,0;33,58;30-60 km;-6,6;-0,22;1,85;5,000-20,000 (semi-urban);NAVARRA MEDIA;Navarra;Comunidad Foral de Navarra
41077;La Puebla de Cazalla;10799,0;47,04;30-60 km;-3,89;-1,24;-0,89;5,000-20,000 (semi-urban);LA SIERRA SUR;Sevilla;Andalucía
50251;Tarazona;10803,0;72,81;>60 km;-5,24;-0,14;2,94;5,000-20,000 (semi-urban);BORJA;Zaragoza;Aragón
39025;Los Corrales de Buelna;10813,0;9,19;<=30 km;-6,12;-1,9;1,03;5,000-20,000 (semi-urban);PAS-IGUÑA;Cantabria;Cantabria
36022;O Grove;10821,0;22,67;<=30 km;-4,4;-0,01;1,14;5,000-20,000 (semi-urban);LITORAL;Pontevedra;Galicia
33034;Valdés;10895,0;44,95;30-60 km;-9,47;-3,86;-3,42;5,000-20,000 (semi-urban);LUARCA;Asturias;Principado de Asturias
46223;Sedaví;10908,0;1,58;<=30 km;0,86;0,97;5,45;5,000-20,000 (semi-urban);HUERTA DE VALENCIA;València/Valencia;Comunitat Valenciana
39079;Santoña;10916,0;30,78;30-60 km;-4,02;-0,35;-0,86;5,000-20,000 (semi-urban);COSTERA;Cantabria;Cantabria
17044;Cassà de la Selva;10943,0;12,52;<=30 km;4,52;1,41;4,17;5,000-20,000 (semi-urban);GIRONES;Girona;Cataluña/Catalunya
46011;Alberic;10945,0;31,59;30-60 km;-7,3;0,14;3,54;5,000-20,000 (semi-urban);RIBERAS DEL JUCAR;València/Valencia;Comunitat Valenciana
08181;La Roca del Vallès;10962,0;4,68;<=30 km;2,26;0,09;2,68;5,000-20,000 (semi-urban);VALLES ORIENTAL;Barcelona;Cataluña/Catalunya
46166;Meliana;10990,0;11,4;<=30 km;0,73;2,48;0,59;5,000-20,000 (semi-urban);HUERTA DE VALENCIA;València/Valencia;Comunitat Valenciana
08218;Sant Joan de Vilatorrada;11017,0;5,29;<=30 km;0,33;0,47;1,34;5,000-20,000 (semi-urban);BAGES;Barcelona;Cataluña/Catalunya
46256;Vilamarxant;11041,0;16,64;<=30 km;-0,18;5,73;9,35;5,000-20,000 (semi-urban);CAMPOS DE LIRIA;València/Valencia;Comunitat Valenciana
45019;Bargas;11099,0;10,03;<=30 km;3,77;5,14;4,6;5,000-20,000 (semi-urban);SAGRA-TOLEDO;Toledo;Castilla-La Mancha
32008;Barbadás;11176,0;5,77;<=30 km;10,89;0,65;1,4;5,000-20,000 (semi-urban);ORENSE;Ourense;Galicia
30020;Fortuna;11183,0;10,52;<=30 km;0,47;4,49;6,38;5,000-20,000 (semi-urban);NORDESTE;Murcia;Región de Murcia
45142;Quintanar de la Orden;11194,0;71,69;>60 km;-16,12;1,93;0,58;5,000-20,000 (semi-urban);LA MANCHA;Toledo;Castilla-La Mancha
31903;Berriozar;11201,0;3,48;<=30 km;10,56;5,47;4,46;5,000-20,000 (semi-urban);CUENCA PAMPLONA;Navarra;Comunidad Foral de Navarra
41016;Bollullos de la Mitación;11251,0;18,09;<=30 km;11,0;4,25;1,37;5,000-20,000 (semi-urban);EL ALJARAFE;Sevilla;Andalucía
28026;Brunete;11300,0;9,05;<=30 km;4,07;1,23;5,35;5,000-20,000 (semi-urban);AREA METROPOLITANA DE MADRID;Madrid;Comunidad de Madrid
45163;Sonseca;11328,0;25,43;<=30 km;-4,01;0,44;2,33;5,000-20,000 (semi-urban);MONTE DE LOS YEBENES;Toledo;Castilla-La Mancha
19058;Cabanillas del Campo;11329,0;5,66;<=30 km;4,96;7,12;4,47;5,000-20,000 (semi-urban);CAMPIÑA;Guadalajara;Castilla-La Mancha
23053;Jódar;11366,0;37,04;30-60 km;-1,81;-1,88;-1,87;5,000-20,000 (semi-urban);MAGINA;Jaén;Andalucía
23058;Mancha Real;11385,0;12,74;<=30 km;0,92;-0,06;0,62;5,000-20,000 (semi-urban);CAMPIÑA DEL SUR;Jaén;Andalucía
07024;Formentera;11389,0;24,89;<=30 km;18,48;-4,16;-2,72;5,000-20,000 (semi-urban);IBIZA;Illes Balears;Illes Balears
38046;Tegueste;11405,0;1,46;<=30 km;2,15;1,1;0,7;5,000-20,000 (semi-urban);NORTE DE TENERIFE;Santa Cruz de Tenerife;Canarias
03056;Cocentaina;11411,0;8,62;<=30 km;-1,21;-0,04;-0,35;5,000-20,000 (semi-urban);MONTAÑA;Alacant/Alicante;Comunitat Valenciana
33011;Cangas del Narcea;11421,0;61,57;>60 km;-9,14;-4,87;-4,55;5,000-20,000 (semi-urban);CANGAS DE NARCEA;Asturias;Principado de Asturias
30010;Beniel;11535,0;8,52;<=30 km;1,49;2,08;0,23;5,000-20,000 (semi-urban);RIO SEGURA;Murcia;Región de Murcia
20059;Oñati;11537,0;28,62;<=30 km;3,27;0,82;0,95;5,000-20,000 (semi-urban);ALTO DEBA;Gipuzkoa;País Vasco/Euskadi
20032;Elgoibar;11585,0;34,89;30-60 km;1,58;-1,02;1,06;5,000-20,000 (semi-urban);BAJO DEBA;Gipuzkoa;País Vasco/Euskadi
15041;A Laracha;11603,0;16,57;<=30 km;-0,49;1,94;0,71;5,000-20,000 (semi-urban);SEPTENTRIONAL;A Coruña;Galicia
03053;Castalla;11622,0;16,69;<=30 km;-6,31;8,83;8,09;5,000-20,000 (semi-urban);VINALOPO;Alacant/Alicante;Comunitat Valenciana
26084;Lardero;11658,0;5,26;<=30 km;16,99;8,33;5,58;5,000-20,000 (semi-urban);RIOJA MEDIA;La Rioja;La Rioja
18153;Peligros;11674,0;7,1;<=30 km;1,54;2,29;1,13;5,000-20,000 (semi-urban);DE LA VEGA;Granada;Andalucía
17022;La Bisbal d'Empordà;11683,0;17,85;<=30 km;3,26;3,05;4,41;5,000-20,000 (semi-urban);BAIX EMPORDA;Girona;Cataluña/Catalunya
20017;Azkoitia;11697,0;30,79;30-60 km;1,28;0,41;0,34;5,000-20,000 (semi-urban);UROLA COSTA;Gipuzkoa;País Vasco/Euskadi
46249;Utiel;11703,0;64,17;>60 km;-6,81;-0,54;1,96;5,000-20,000 (semi-urban);REQUENA-UTIEL;València/Valencia;Comunitat Valenciana
06095;Olivenza;11742,0;33,25;30-60 km;-0,26;-0,96;-1,09;5,000-20,000 (semi-urban);OLIVENZA;Badajoz;Extremadura
11023;Medina Sidonia;11764,0;21,79;<=30 km;-0,69;1,33;-0,41;5,000-20,000 (semi-urban);DE LA JANDA;Cádiz;Andalucía
12085;Orpesa/Oropesa del Mar;11785,0;17,65;<=30 km;-10,95;10,48;20,81;5,000-20,000 (semi-urban);LA PLANA;Castelló/Castellón;Comunitat Valenciana
30012;Bullas;11793,0;38,64;30-60 km;-6,59;0,62;1,5;5,000-20,000 (semi-urban);NOROESTE;Murcia;Región de Murcia
08157;Pallejà;11825,0;8,59;<=30 km;1,28;1,31;1,62;5,000-20,000 (semi-urban);BAIX LLOBREGAT;Barcelona;Cataluña/Catalunya
36004;Bueu;11837,0;15,37;<=30 km;-1,64;-1,33;-1,25;5,000-20,000 (semi-urban);LITORAL;Pontevedra;Galicia
37107;Ciudad Rodrigo;11846,0;78,52;>60 km;-7,59;-3,58;-1,82;5,000-20,000 (semi-urban);CIUDAD RODRIGO;Salamanca;Castilla y León
41079;La Puebla del Río;11871,0;23,29;<=30 km;-2,63;-0,05;-0,02;5,000-20,000 (semi-urban);LAS MARISMAS;Sevilla;Andalucía
46193;Picanya;11876,0;6,87;<=30 km;0,15;2,48;1,57;5,000-20,000 (semi-urban);HUERTA DE VALENCIA;València/Valencia;Comunitat Valenciana
48080;Valle de Trápaga-Trapagaran;11898,0;3,31;<=30 km;-2,22;-0,35;-0,11;5,000-20,000 (semi-urban);GRAN BILBAO;Bizkaia;País Vasco/Euskadi
04075;Pulpí;11906,0;33,26;30-60 km;3,77;8,84;15,12;5,000-20,000 (semi-urban);BAJO ALMAZORA;Almería;Andalucía
08197;Sant Andreu de Llavaneres;11933,0;4,06;<=30 km;3,38;2,51;7,02;5,000-20,000 (semi-urban);MARESME;Barcelona;Cataluña/Catalunya
48029;Etxebarri;11941,0;4,21;<=30 km;10,29;3,18;2,37;5,000-20,000 (semi-urban);GRAN BILBAO;Bizkaia;País Vasco/Euskadi
43901;Deltebre;11951,0;55,73;30-60 km;-6,53;0,3;3,57;5,000-20,000 (semi-urban);BAIX EBRE;Tarragona;Cataluña/Catalunya
48011;Arrigorriaga;11952,0;5,44;<=30 km;-1,97;-0,74;-1,55;5,000-20,000 (semi-urban);GRAN BILBAO;Bizkaia;País Vasco/Euskadi
37046;Béjar;11957,0;63,97;>60 km;-8,89;-5,34;-2,54;5,000-20,000 (semi-urban);LA SIERRA;Salamanca;Castilla y León
26071;Haro;11979,0;32,72;30-60 km;-4,0;2,86;2,97;5,000-20,000 (semi-urban);RIOJA ALTA;La Rioja;La Rioja
07005;Andratx;12062,0;9,74;<=30 km;-8,3;5,15;4,24;5,000-20,000 (semi-urban);MALLORCA;Illes Balears;Illes Balears
13023;Bolaños de Calatrava;12067,0;31,02;30-60 km;-2,28;0,91;0,63;5,000-20,000 (semi-urban);CAMPO DE CALATRAVA;Ciudad Real;Castilla-La Mancha
10067;Coria;12114,0;67,74;>60 km;-2,46;-1,6;-1,75;5,000-20,000 (semi-urban);CORIA;Cáceres;Extremadura
46060;Benifaió;12130,0;16,19;<=30 km;-1,33;0,31;1,36;5,000-20,000 (semi-urban);RIBERAS DEL JUCAR;València/Valencia;Comunitat Valenciana
13078;Socuéllamos;12157,0;88,66;>60 km;-10,08;-1,64;0,75;5,000-20,000 (semi-urban);MANCHA;Ciudad Real;Castilla-La Mancha
17047;Castelló d'Empúries;12163,0;36,47;30-60 km;-9,2;3,09;9,05;5,000-20,000 (semi-urban);ALT EMPORDA;Girona;Cataluña/Catalunya
07013;Campos;12163,0;30,67;30-60 km;5,64;7,68;6,46;5,000-20,000 (semi-urban);MALLORCA;Illes Balears;Illes Balears
11041;Villamartín;12169,0;27,96;<=30 km;-2,3;-0,02;0,36;5,000-20,000 (semi-urban);CAMPIÑA DE CADIZ;Cádiz;Andalucía
41005;Alcalá del Río;12250,0;17,06;<=30 km;5,77;2,83;-0,11;5,000-20,000 (semi-urban);LA VEGA;Sevilla;Andalucía
07062;Son Servera;12261,0;57,24;30-60 km;-7,63;4,02;3,6;5,000-20,000 (semi-urban);MALLORCA;Illes Balears;Illes Balears
33032;Laviana;12284,0;21,58;<=30 km;-6,03;-2,54;-3,69;5,000-20,000 (semi-urban);MIERES;Asturias;Principado de Asturias
18101;Huétor Vega;12294,0;4,71;<=30 km;1,14;1,29;1,44;5,000-20,000 (semi-urban);DE LA VEGA;Granada;Andalucía
17034;Calonge i Sant Antoni;12316,0;23,95;<=30 km;0,4;5,39;7,24;5,000-20,000 (semi-urban);BAIX EMPORDA;Girona;Cataluña/Catalunya
03041;Benissa;12317,0;21,07;<=30 km;-19,63;6,45;7,46;5,000-20,000 (semi-urban);MARQUESADO;Alacant/Alicante;Comunitat Valenciana
18911;Vegas del Genil;12325,0;9,21;<=30 km;14,1;6,35;5,54;5,000-20,000 (semi-urban);DE LA VEGA;Granada;Andalucía
46051;Benaguasil;12336,0;14,99;<=30 km;-2,97;4,51;8,51;5,000-20,000 (semi-urban);CAMPOS DE LIRIA;València/Valencia;Comunitat Valenciana
06149;Villafranca de los Barros;12362,0;43,49;30-60 km;-1,17;-3,03;-1,37;5,000-20,000 (semi-urban);ALMENDRALEJO;Badajoz;Extremadura
38040;Santiago del Teide;12373,0;16,91;<=30 km;-13,83;3,35;11,32;5,000-20,000 (semi-urban);SUR DE TENERIFE;Santa Cruz de Tenerife;Canarias
36003;Baiona;12380,0;16,0;<=30 km;-0,73;1,25;0,77;5,000-20,000 (semi-urban);LITORAL;Pontevedra;Galicia
41041;Estepa;12394,0;62,43;>60 km;-0,88;-0,35;-0,52;5,000-20,000 (semi-urban);DE ESTEPA;Sevilla;Andalucía
46019;l'Alcúdia;12402,0;24,97;<=30 km;4,32;2,14;1,71;5,000-20,000 (semi-urban);RIBERAS DEL JUCAR;València/Valencia;Comunitat Valenciana
04006;Albox;12408,0;43,59;30-60 km;3,52;3,2;2,8;5,000-20,000 (semi-urban);ALTO ALMAZORA;Almería;Andalucía
45066;Fuensalida;12508,0;25,93;<=30 km;-1,9;6,83;6,13;5,000-20,000 (semi-urban);TORRIJOS;Toledo;Castilla-La Mancha
17199;Torroella de Montgrí;12521,0;28,21;<=30 km;1,15;4,21;4,14;5,000-20,000 (semi-urban);BAIX EMPORDA;Girona;Cataluña/Catalunya
15035;Fene;12530,0;10,43;<=30 km;-5,7;-1,39;-2,35;5,000-20,000 (semi-urban);SEPTENTRIONAL;A Coruña;Galicia
21072;Valverde del Camino;12611,0;36,0;30-60 km;0,09;-0,52;-0,81;5,000-20,000 (semi-urban);ANDEVALO ORIENTAL;Huelva;Andalucía
08126;Montgat;12625,0;3,76;<=30 km;9,4;3,73;2,98;5,000-20,000 (semi-urban);MARESME;Barcelona;Cataluña/Catalunya
18173;Salobreña;12660,0;9,05;<=30 km;-3,03;0,61;1,51;5,000-20,000 (semi-urban);LA COSTA;Granada;Andalucía
21055;Palos de la Frontera;12663,0;9,32;<=30 km;16,08;8,0;5,52;5,000-20,000 (semi-urban);CONDADO LITORAL;Huelva;Andalucía
03089;Monòver/Monóvar;12764,0;9,51;<=30 km;-5,41;0,11;4,73;5,000-20,000 (semi-urban);VINALOPO;Alacant/Alicante;Comunitat Valenciana
15059;Ordes;12772,0;22,39;<=30 km;-2,84;-0,21;1,32;5,000-20,000 (semi-urban);INTERIOR;A Coruña;Galicia
31023;Aranguren;12787,0;8,06;<=30 km;34,97;11,55;9,05;5,000-20,000 (semi-urban);CUENCA PAMPLONA;Navarra;Comunidad Foral de Navarra
45205;Yuncos;12831,0;18,97;<=30 km;7,81;-1,41;18,66;5,000-20,000 (semi-urban);SAGRA-TOLEDO;Toledo;Castilla-La Mancha
25203;La Seu d'Urgell;12831,0;76,8;>60 km;-7,64;1,75;4,73;5,000-20,000 (semi-urban);ALT URGELL;Lleida;Cataluña/Catalunya
03128;Teulada;12834,0;27,45;<=30 km;-31,42;6,94;11,93;5,000-20,000 (semi-urban);MARQUESADO;Alacant/Alicante;Comunitat Valenciana
30018;Ceutí;12842,0;8,25;<=30 km;6,93;5,48;5,27;5,000-20,000 (semi-urban);RIO SEGURA;Murcia;Región de Murcia
08009;Argentona;12844,0;4,71;<=30 km;3,03;2,72;1,7;5,000-20,000 (semi-urban);MARESME;Barcelona;Cataluña/Catalunya
08302;Vilanova del Camí;12844,0;23,87;<=30 km;-2,37;3,03;0,85;5,000-20,000 (semi-urban);ANOIA;Barcelona;Cataluña/Catalunya
07014;Capdepera;12860,0;63,26;>60 km;-4,98;3,47;7,14;5,000-20,000 (semi-urban);MALLORCA;Illes Balears;Illes Balears
35027;Teror;12878,0;9,09;<=30 km;-3,93;1,49;1,93;5,000-20,000 (semi-urban);GRAN CANARIA;Las Palmas;Canarias
41018;Brenes;12883,0;19,22;<=30 km;-0,62;-0,21;2,4;5,000-20,000 (semi-urban);LA VEGA;Sevilla;Andalucía
07057;Santanyí;12887,0;42,67;30-60 km;-13,34;1,9;4,42;5,000-20,000 (semi-urban);MALLORCA;Illes Balears;Illes Balears
11039;Vejer de la Frontera;12915,0;19,98;<=30 km;-0,56;-1,31;2,73;5,000-20,000 (semi-urban);DE LA JANDA;Cádiz;Andalucía
08240;Sant Sadurní d'Anoia;12915,0;20,27;<=30 km;3,27;-0,2;0,58;5,000-20,000 (semi-urban);ALT PENEDÉS;Barcelona;Cataluña/Catalunya
13028;Campo de Criptana;12932,0;86,94;>60 km;-8,08;-2,71;-2,25;5,000-20,000 (semi-urban);MANCHA;Ciudad Real;Castilla-La Mancha
04029;Berja;12939,0;20,15;<=30 km;-19,87;2,64;1,82;5,000-20,000 (semi-urban);CAMPO DALIAS;Almería;Andalucía
08054;Castellbisbal;12972,0;4,42;<=30 km;0,24;2,25;2,87;5,000-20,000 (semi-urban);VALLES OCCIDENTAL;Barcelona;Cataluña/Catalunya
17048;Castell d’Aro, Platja d’Aro i s’Agaró;12981,0;25,3;<=30 km;1,66;8,22;13,32;5,000-20,000 (semi-urban);BAIX EMPORDA;Girona;Cataluña/Catalunya
30002;Abarán;13000,0;18,01;<=30 km;0,79;0,28;-0,51;5,000-20,000 (semi-urban);RIO SEGURA;Murcia;Región de Murcia
08001;Abrera;13014,0;8,91;<=30 km;6,48;2,32;3,12;5,000-20,000 (semi-urban);BAIX LLOBREGAT;Barcelona;Cataluña/Catalunya
08105;La Llagosta;13085,0;3,89;<=30 km;-2,75;-0,81;-1,31;5,000-20,000 (semi-urban);VALLES ORIENTAL;Barcelona;Cataluña/Catalunya
08904;Badia del Vallès;13118,0;3,14;<=30 km;-1,3;-1,41;-0,83;5,000-20,000 (semi-urban);VALLES OCCIDENTAL;Barcelona;Cataluña/Catalunya
21035;Gibraleón;13144,0;14,89;<=30 km;-0,14;2,09;2,61;5,000-20,000 (semi-urban);COSTA;Huelva;Andalucía
14002;Aguilar de la Frontera;13210,0;43,02;30-60 km;-1,3;-0,3;-1,4;5,000-20,000 (semi-urban);CAMPIÑA ALTA;Córdoba;Andalucía
23087;Torredonjimeno;13261,0;25,82;<=30 km;-2,55;-1,35;-2,1;5,000-20,000 (semi-urban);CAMPIÑA DEL SUR;Jaén;Andalucía
15009;Betanzos;13261,0;18,0;<=30 km;-4,4;0,88;1,77;5,000-20,000 (semi-urban);SEPTENTRIONAL;A Coruña;Galicia
03005;Albatera;13296,0;16,59;<=30 km;-0,43;5,58;4,58;5,000-20,000 (semi-urban);MERIDIONAL;Alacant/Alicante;Comunitat Valenciana
32009;O Barco de Valdeorras;13300,0;35,62;30-60 km;-3,84;-0,59;-0,63;5,000-20,000 (semi-urban);EL BARCO DE VALDEORRAS;Ourense;Galicia
46081;Canals;13415,0;30,32;30-60 km;-3,22;-2,44;1,19;5,000-20,000 (semi-urban);LA COSTERA DE JATIVA;València/Valencia;Comunitat Valenciana
46135;Godella;13437,0;3,75;<=30 km;-1,59;-0,24;3,15;5,000-20,000 (semi-urban);HUERTA DE VALENCIA;València/Valencia;Comunitat Valenciana
27057;Sarria;13459,0;27,74;<=30 km;-1,7;-0,66;1,52;5,000-20,000 (semi-urban);CENTRAL;Lugo;Galicia
41047;Gines;13524,0;10,69;<=30 km;1,3;0,43;-0,04;5,000-20,000 (semi-urban);EL ALJARAFE;Sevilla;Andalucía
33036;Llanes;13549,0;64,49;>60 km;-2,06;-0,21;-0,46;5,000-20,000 (semi-urban);LLANES;Asturias;Principado de Asturias
29012;Álora;13570,0;26,45;<=30 km;-4,26;2,97;1,75;5,000-20,000 (semi-urban);CENTRO-SUR O GUADALORCE;Málaga;Andalucía
19024;Alovera;13585,0;7,98;<=30 km;6,49;3,83;4,09;5,000-20,000 (semi-urban);CAMPIÑA;Guadalajara;Castilla-La Mancha
19071;El Casar;13628,0;22,63;<=30 km;4,64;7,6;7,22;5,000-20,000 (semi-urban);CAMPIÑA;Guadalajara;Castilla-La Mancha
17180;Santa Coloma de Farners;13657,0;21,73;<=30 km;4,46;4,38;1,47;5,000-20,000 (semi-urban);SELVA;Girona;Cataluña/Catalunya
07061;Sóller;13744,0;24,39;<=30 km;-1,5;-3,92;1,88;5,000-20,000 (semi-urban);MALLORCA;Illes Balears;Illes Balears
36006;Cambados;13752,0;16,79;<=30 km;-0,33;-1,02;0,58;5,000-20,000 (semi-urban);LITORAL;Pontevedra;Galicia
07055;Santa Margalida;13757,0;42,02;30-60 km;0,71;6,77;7,75;5,000-20,000 (semi-urban);MALLORCA;Illes Balears;Illes Balears
28129;San Agustín del Guadalix;13762,0;9,94;<=30 km;5,46;2,0;1,65;5,000-20,000 (semi-urban);LOZOYA SOMOSIERRA;Madrid;Comunidad de Madrid
36054;Tomiño;13782,0;22,16;<=30 km;-0,14;1,98;0,38;5,000-20,000 (semi-urban);MIÑO;Pontevedra;Galicia
27065;Vilalba;13787,0;36,05;30-60 km;-5,58;-1,55;-1,56;5,000-20,000 (semi-urban);TERRA CHA;Lugo;Galicia
32085;Verín;13798,0;63,08;>60 km;-5,08;-1,25;1,13;5,000-20,000 (semi-urban);VERIN;Ourense;Galicia
35003;Antigua;13832,0;76,59;>60 km;7,59;6,99;8,21;5,000-20,000 (semi-urban);FUERTEVENTURA;Las Palmas;Canarias
39073;Santa Cruz de Bezana;13832,0;5,94;<=30 km;8,85;2,53;4,06;5,000-20,000 (semi-urban);COSTERA;Cantabria;Cantabria
22130;Jaca;13883,0;48,03;30-60 km;-3,08;4,14;4,04;5,000-20,000 (semi-urban);JACETANIA;Huesca;Aragón
33035;Llanera;13938,0;11,59;<=30 km;-1,72;0,83;1,07;5,000-20,000 (semi-urban);OVIEDO;Asturias;Principado de Asturias
23086;Torredelcampo;13944,0;14,32;<=30 km;-1,3;-1,93;-0,82;5,000-20,000 (semi-urban);CAMPIÑA DEL SUR;Jaén;Andalucía
20019;Beasain;13961,0;31,1;30-60 km;1,0;0,49;0,09;5,000-20,000 (semi-urban);GOIERRI;Gipuzkoa;País Vasco/Euskadi
28167;Velilla de San Antonio;14003,0;5,18;<=30 km;2,7;2,87;11,64;5,000-20,000 (semi-urban);AREA METROPOLITANA DE MADRID;Madrid;Comunidad de Madrid
12082;Nules;14062,0;9,31;<=30 km;-3,12;0,65;6,08;5,000-20,000 (semi-urban);LA PLANA;Castelló/Castellón;Comunitat Valenciana
41049;Guillena;14064,0;27,33;<=30 km;6,97;3,19;7,74;5,000-20,000 (semi-urban);LA SIERRA NORTE;Sevilla;Andalucía
32019;O Carballiño;14075,0;18,43;<=30 km;-2,06;-0,2;1,18;5,000-20,000 (semi-urban);ORENSE;Ourense;Galicia
15057;Noia;14092,0;31,48;30-60 km;-3,91;-0,22;-1,04;5,000-20,000 (semi-urban);OCCIDENTAL;A Coruña;Galicia
45173;Torrijos;14099,0;26,24;<=30 km;-1,18;2,3;3,8;5,000-20,000 (semi-urban);TORRIJOS;Toledo;Castilla-La Mancha
41075;Pilas;14105,0;31,55;30-60 km;2,18;-0,67;1,8;5,000-20,000 (semi-urban);EL ALJARAFE;Sevilla;Andalucía
43092;Mont-roig del Camp;14114,0;17,2;<=30 km;-7,05;7,45;11,23;5,000-20,000 (semi-urban);BAIX CAMP;Tarragona;Cataluña/Catalunya
35023;Santa María de Guía de Gran Canaria;14135,0;16,29;<=30 km;-2,67;-0,38;1,9;5,000-20,000 (semi-urban);GRAN CANARIA;Las Palmas;Canarias
28160;Valdemorillo;14164,0;15,1;<=30 km;6,54;7,86;6,94;5,000-20,000 (semi-urban);SUR OCCIDENTAL;Madrid;Comunidad de Madrid
31097;Estella-Lizarra;14329,0;34,89;30-60 km;-3,82;1,74;3,0;5,000-20,000 (semi-urban);TIERRA ESTELLA;Navarra;Comunidad Foral de Navarra
21013;Bollullos Par del Condado;14359,0;35,5;30-60 km;0,28;1,97;-0,23;5,000-20,000 (semi-urban);CONDADO CAMPIÑA;Huelva;Andalucía
41087;Sanlúcar la Mayor;14375,0;26,01;<=30 km;3,39;2,51;2,49;5,000-20,000 (semi-urban);EL ALJARAFE;Sevilla;Andalucía
14017;La Carlota;14381,0;27,79;<=30 km;3,05;1,14;1,08;5,000-20,000 (semi-urban);LAS COLONIAS;Córdoba;Andalucía
45121;Ocaña;14469,0;15,2;<=30 km;0,11;17,67;11,1;5,000-20,000 (semi-urban);LA MANCHA;Toledo;Castilla-La Mancha
20074;Bergara;14471,0;37,07;30-60 km;0,78;-0,08;-0,77;5,000-20,000 (semi-urban);ALTO DEBA;Gipuzkoa;País Vasco/Euskadi
30017;Cehegín;14476,0;41,82;30-60 km;-6,71;-1,49;-2,18;5,000-20,000 (semi-urban);NOROESTE;Murcia;Región de Murcia
20009;Andoain;14563,0;9,02;<=30 km;-0,2;0,09;-0,46;5,000-20,000 (semi-urban);DONOSTIA/SAN SEBASTIÁN;Gipuzkoa;País Vasco/Euskadi
28090;Moralzarzal;14586,0;4,36;<=30 km;4,26;6,9;7,46;5,000-20,000 (semi-urban);GUADARRAMA;Madrid;Comunidad de Madrid
07044;Sa Pobla;14630,0;36,74;30-60 km;-0,68;6,5;5,46;5,000-20,000 (semi-urban);MALLORCA;Illes Balears;Illes Balears
46031;Alginet;14652,0;18,22;<=30 km;-1,32;6,43;5,09;5,000-20,000 (semi-urban);RIBERAS DEL JUCAR;València/Valencia;Comunitat Valenciana
23024;La Carolina;14681,0;23,44;<=30 km;-2,94;-1,69;-2,44;5,000-20,000 (semi-urban);SIERRA MORENA;Jaén;Andalucía
37294;Santa Marta de Tormes;14726,0;5,05;<=30 km;-0,32;-0,58;0,55;5,000-20,000 (semi-urban);SALAMANCA;Salamanca;Castilla y León
48085;Sopela;14940,0;3,47;<=30 km;6,44;4,64;4,65;5,000-20,000 (semi-urban);MUNGUIA;Bizkaia;País Vasco/Euskadi
18145;Ogíjares;15063,0;7,27;<=30 km;3,77;3,81;3,46;5,000-20,000 (semi-urban);DE LA VEGA;Granada;Andalucía
08285;Torelló;15093,0;47,6;30-60 km;0,46;2,69;3,71;5,000-20,000 (semi-urban);OSONA;Barcelona;Cataluña/Catalunya
36021;Gondomar;15103,0;11,05;<=30 km;1,86;4,8;1,23;5,000-20,000 (semi-urban);LITORAL;Pontevedra;Galicia
50089;Cuarte de Huerva;15112,0;10,5;<=30 km;34,48;5,5;9,72;5,000-20,000 (semi-urban);ZARAGOZA;Zaragoza;Aragón
08040;Canet de Mar;15140,0;11,92;<=30 km;2,49;1,56;2,23;5,000-20,000 (semi-urban);MARESME;Barcelona;Cataluña/Catalunya
36033;Mos;15152,0;8,26;<=30 km;1,27;0,32;-0,25;5,000-20,000 (semi-urban);LITORAL;Pontevedra;Galicia
20018;Azpeitia;15208,0;26,54;<=30 km;2,36;2,74;0,11;5,000-20,000 (semi-urban);UROLA COSTA;Gipuzkoa;País Vasco/Euskadi
27066;Viveiro;15217,0;56,88;30-60 km;-3,46;-1,28;-0,62;5,000-20,000 (semi-urban);COSTA;Lugo;Galicia
26018;Arnedo;15219,0;40,36;30-60 km;2,07;0,94;1,77;5,000-20,000 (semi-urban);RIOJA BAJA;La Rioja;La Rioja
13079;La Solana;15225,0;66,08;>60 km;-3,68;-1,07;-0,86;5,000-20,000 (semi-urban);MANCHA;Ciudad Real;Castilla-La Mancha
06088;Montijo;15232,0;14,61;<=30 km;-3,8;-0,84;-1,62;5,000-20,000 (semi-urban);MERIDA;Badajoz;Extremadura
04035;Cuevas del Almanzora;15246,0;42,04;30-60 km;3,86;6,15;4,26;5,000-20,000 (semi-urban);BAJO ALMAZORA;Almería;Andalucía
18175;Santa Fe;15269,0;13,21;<=30 km;-2,65;1,26;0,62;5,000-20,000 (semi-urban);DE LA VEGA;Granada;Andalucía
33076;Villaviciosa;15342,0;18,13;<=30 km;-3,39;3,04;3,18;5,000-20,000 (semi-urban);GIJON;Asturias;Principado de Asturias
38039;Santa Úrsula;15386,0;18,68;<=30 km;-1,0;3,75;2,66;5,000-20,000 (semi-urban);NORTE DE TENERIFE;Santa Cruz de Tenerife;Canarias
22112;Fraga;15390,0;34,65;30-60 km;4,15;1,81;0,92;5,000-20,000 (semi-urban);BAJO CINCA;Huesca;Aragón
33060;San Martín del Rey Aurelio;15405,0;14,36;<=30 km;-9,31;-3,8;-1,66;5,000-20,000 (semi-urban);OVIEDO;Asturias;Principado de Asturias
08156;Palau-solità i Plegamans;15456,0;4,56;<=30 km;1,91;1,92;3,61;5,000-20,000 (semi-urban);VALLES OCCIDENTAL;Barcelona;Cataluña/Catalunya
28010;Alpedrete;15543,0;3,57;<=30 km;6,34;4,14;3,9;5,000-20,000 (semi-urban);GUADARRAMA;Madrid;Comunidad de Madrid
25137;Mollerussa;15544,0;25,35;<=30 km;-0,89;-1,32;6,87;5,000-20,000 (semi-urban);PLA D'URGELL;Lleida;Cataluña/Catalunya
38037;Santa Cruz de la Palma;15565,0;122,77;>60 km;-7,94;-1,45;0,77;5,000-20,000 (semi-urban);ISLA DE LA PALMA;Santa Cruz de Tenerife;Canarias
02069;La Roda;15610,0;35,81;30-60 km;-4,94;-0,73;1,36;5,000-20,000 (semi-urban);MANCHA;Albacete;Castilla-La Mancha
48034;Ermua;15627,0;35,95;30-60 km;-1,98;-0,62;-1,04;5,000-20,000 (semi-urban);DURANGUESADO;Bizkaia;País Vasco/Euskadi
33020;Corvera de Asturias;15637,0;5,83;<=30 km;-2,25;-0,96;0,43;5,000-20,000 (semi-urban);GIJON;Asturias;Principado de Asturias
23009;Baeza;15677,0;21,07;<=30 km;-2,53;-0,88;-0,54;5,000-20,000 (semi-urban);LA LOMA;Jaén;Andalucía
43136;La Ràpita;15683,0;73,59;>60 km;-2,84;2,19;5,04;5,000-20,000 (semi-urban);MONTSIA;Tarragona;Cataluña/Catalunya
08072;Corbera de Llobregat;15726,0;11,11;<=30 km;2,67;2,55;4,72;5,000-20,000 (semi-urban);BAIX LLOBREGAT;Barcelona;Cataluña/Catalunya
28083;Meco;15732,0;7,98;<=30 km;8,09;6,76;5,56;5,000-20,000 (semi-urban);CAMPIÑA;Madrid;Comunidad de Madrid
43051;Cunit;15804,0;6,97;<=30 km;-4,06;14,24;12,24;5,000-20,000 (semi-urban);BAIX PENEDES;Tarragona;Cataluña/Catalunya
13056;Miguelturra;15834,0;7,43;<=30 km;4,88;2,23;1,12;5,000-20,000 (semi-urban);CAMPO DE CALATRAVA;Ciudad Real;Castilla-La Mancha
08295;Vallirana;15985,0;11,33;<=30 km;2,6;3,77;3,54;5,000-20,000 (semi-urban);BAIX LLOBREGAT;Barcelona;Cataluña/Catalunya
20064;Pasaia;16009,0;8,98;<=30 km;0,95;-1,62;0,89;5,000-20,000 (semi-urban);DONOSTIA/SAN SEBASTIÁN;Gipuzkoa;País Vasco/Euskadi
31907;Zizur Mayor/Zizur Nagusia;16124,0;4,52;<=30 km;5,88;2,06;6,09;5,000-20,000 (semi-urban);CUENCA PAMPLONA;Navarra;Comunidad Foral de Navarra
21060;Punta Umbría;16137,0;9,96;<=30 km;0,93;5,0;1,55;5,000-20,000 (semi-urban);COSTA;Huelva;Andalucía
44013;Alcañiz;16247,0;88,28;>60 km;-2,94;0,56;1,36;5,000-20,000 (semi-urban);BAJO ARAGON;Teruel;Aragón
08107;Lliçà d'Amunt;16253,0;4,96;<=30 km;3,3;3,72;3,7;5,000-20,000 (semi-urban);VALLES ORIENTAL;Barcelona;Cataluña/Catalunya
30901;Santomera;16320,0;13,1;<=30 km;2,61;0,3;1,03;5,000-20,000 (semi-urban);RIO SEGURA;Murcia;Región de Murcia
46054;Benetússer;16322,0;3,4;<=30 km;-5,2;5,19;5,78;5,000-20,000 (semi-urban);HUERTA DE VALENCIA;València/Valencia;Comunitat Valenciana
41020;Las Cabezas de San Juan;16410,0;15,72;<=30 km;-0,98;-0,27;0,46;5,000-20,000 (semi-urban);LA CAMPIÑA;Sevilla;Andalucía
46085;Carlet;16428,0;20,36;<=30 km;-0,25;2,17;3,64;5,000-20,000 (semi-urban);RIBERAS DEL JUCAR;València/Valencia;Comunitat Valenciana
11038;Ubrique;16439,0;35,91;30-60 km;-1,13;-0,8;-0,26;5,000-20,000 (semi-urban);SIERRA DE CADIZ;Cádiz;Andalucía
35030;Tuineje;16454,0;91,35;>60 km;6,32;5,12;5,82;5,000-20,000 (semi-urban);FUERTEVENTURA;Las Palmas;Canarias
16203;Tarancón;16462,0;49,81;30-60 km;-6,36;4,37;5,22;5,000-20,000 (semi-urban);MANCHA ALTA;Cuenca;Castilla-La Mancha
41040;Espartinas;16482,0;14,9;<=30 km;13,2;2,33;2,7;5,000-20,000 (semi-urban);EL ALJARAFE;Sevilla;Andalucía
08006;Arenys de Mar;16642,0;9,02;<=30 km;3,4;2,63;4,39;5,000-20,000 (semi-urban);MARESME;Barcelona;Cataluña/Catalunya
41007;La Algaba;16666,0;10,34;<=30 km;4,87;1,12;1,1;5,000-20,000 (semi-urban);LA VEGA;Sevilla;Andalucía
18062;Churriana de la Vega;16693,0;6,06;<=30 km;12,82;5,99;6,05;5,000-20,000 (semi-urban);DE LA VEGA;Granada;Andalucía
06158;Zafra;16711,0;59,53;30-60 km;1,48;0,06;-0,45;5,000-20,000 (semi-urban);ALMENDRALEJO;Badajoz;Extremadura
20036;Hondarribia;16929,0;5,8;<=30 km;3,33;-0,98;0,46;5,000-20,000 (semi-urban);BAJO BIDASOA;Gipuzkoa;País Vasco/Euskadi
14054;Pozoblanco;16946,0;46,67;30-60 km;-2,54;-0,38;-1,22;5,000-20,000 (semi-urban);PEDROCHES;Córdoba;Andalucía
10131;Navalmoral de la Mata;17028,0;60,56;>60 km;-0,51;-0,93;0,11;5,000-20,000 (semi-urban);NAVALMORAL DE LA MATA;Cáceres;Extremadura
48046;Gernika-Lumo;17033,0;20,93;<=30 km;2,88;0,71;-0,35;5,000-20,000 (semi-urban);GUERNIKA-BERMEO;Bizkaia;País Vasco/Euskadi
46007;Albal;17038,0;5,95;<=30 km;4,17;2,31;2,35;5,000-20,000 (semi-urban);HUERTA DE VALENCIA;València/Valencia;Comunitat Valenciana
48017;Bermeo;17042,0;21,6;<=30 km;-1,76;0,58;1,54;5,000-20,000 (semi-urban);GUERNIKA-BERMEO;Bizkaia;País Vasco/Euskadi
28068;Guadarrama;17062,0;11,03;<=30 km;1,76;6,09;1,88;5,000-20,000 (semi-urban);GUADARRAMA;Madrid;Comunidad de Madrid
08136;Montornès del Vallès;17089,0;4,67;<=30 km;1,23;3,33;1,7;5,000-20,000 (semi-urban);VALLES ORIENTAL;Barcelona;Cataluña/Catalunya
50095;Ejea de los Caballeros;17133,0;54,37;30-60 km;-4,1;2,6;0,57;5,000-20,000 (semi-urban);EGEA DE LOS CABALLEROS;Zaragoza;Aragón
15075;Sada;17140,0;11,41;<=30 km;2,5;5,72;4,63;5,000-20,000 (semi-urban);SEPTENTRIONAL;A Coruña;Galicia
41029;Castilleja de la Cuesta;17153,0;8,83;<=30 km;-0,07;0,09;-1,23;5,000-20,000 (semi-urban);EL ALJARAFE;Sevilla;Andalucía
08022;Berga;17160,0;42,31;30-60 km;-5,31;2,98;2,87;5,000-20,000 (semi-urban);BERGUEDA;Barcelona;Cataluña/Catalunya
03113;Rojales;17162,0;8,26;<=30 km;-24,8;-3,51;7,41;5,000-20,000 (semi-urban);MERIDIONAL;Alacant/Alicante;Comunitat Valenciana
28054;El Escorial;17176,0;10,92;<=30 km;3,11;4,75;3,51;5,000-20,000 (semi-urban);GUADARRAMA;Madrid;Comunidad de Madrid
46164;Massamagrell;17216,0;12,93;<=30 km;0,4;2,41;6,72;5,000-20,000 (semi-urban);SAGUNTO;València/Valencia;Comunitat Valenciana
08074;Cubelles;17243,0;4,32;<=30 km;2,95;7,06;7,43;5,000-20,000 (semi-urban);GARRAF;Barcelona;Cataluña/Catalunya
46111;Chiva;17245,0;20,47;<=30 km;-1,36;5,54;9,36;5,000-20,000 (semi-urban);HOYA DE BUÑOL;València/Valencia;Comunitat Valenciana
49021;Benavente;17246,0;55,21;30-60 km;-4,95;-3,16;-1,58;5,000-20,000 (semi-urban);BENAVENTE Y LOS VALLES;Zamora;Castilla y León
23010;Bailén;17264,0;12,47;<=30 km;-4,36;-1,81;-1,34;5,000-20,000 (semi-urban);CAMPIÑA DEL NORTE;Jaén;Andalucía
08088;La Garriga;17305,0;10,77;<=30 km;4,91;3,12;3,42;5,000-20,000 (semi-urban);VALLES ORIENTAL;Barcelona;Cataluña/Catalunya
08041;Canovelles;17312,0;3,75;<=30 km;1,85;3,4;2,61;5,000-20,000 (semi-urban);VALLES ORIENTAL;Barcelona;Cataluña/Catalunya
41068;Osuna;17374,0;60,64;>60 km;-1,32;-0,16;-1,25;5,000-20,000 (semi-urban);LA CAMPIÑA;Sevilla;Andalucía
36041;Poio;17425,0;7,04;<=30 km;2,24;1,25;1,13;5,000-20,000 (semi-urban);LITORAL;Pontevedra;Galicia
36055;Tui;17454,0;16,3;<=30 km;-2,18;2,93;0,32;5,000-20,000 (semi-urban);MIÑO;Pontevedra;Galicia
08161;Piera;17555,0;22,16;<=30 km;2,2;6,83;6,97;5,000-20,000 (semi-urban);ANOIA;Barcelona;Cataluña/Catalunya
22048;Barbastro;17558,0;46,85;30-60 km;-1,04;1,19;2,4;5,000-20,000 (semi-urban);SOMONTANO;Huesca;Aragón
30029;Mula;17585,0;32,51;30-60 km;-2,07;1,69;2,99;5,000-20,000 (semi-urban);CENTRO;Murcia;Región de Murcia
07042;Pollença;17594,0;45,65;30-60 km;0,27;4,82;3,68;5,000-20,000 (semi-urban);MALLORCA;Illes Balears;Illes Balears
46238;Tavernes de la Valldigna;17631,0;11,2;<=30 km;-4,67;0,02;2,73;5,000-20,000 (semi-urban);GANDIA;València/Valencia;Comunitat Valenciana
13039;Daimiel;17645,0;33,11;30-60 km;-2,66;-1,55;-0,71;5,000-20,000 (semi-urban);MANCHA;Ciudad Real;Castilla-La Mancha
25040;Balaguer;17705,0;24,32;<=30 km;-1,23;3,37;1,7;5,000-20,000 (semi-urban);NOGUERA;Lleida;Cataluña/Catalunya
13053;Manzanares;17745,0;52,07;30-60 km;-5,37;-1,1;-0,56;5,000-20,000 (semi-urban);MANCHA;Ciudad Real;Castilla-La Mancha
30033;Puerto Lumbreras;17822,0;17,7;<=30 km;4,75;7,2;10,97;5,000-20,000 (semi-urban);SUROESTE Y VALLE GUADALENTIN;Murcia;Región de Murcia
36051;Sanxenxo;17914,0;17,02;<=30 km;-1,96;2,46;1,58;5,000-20,000 (semi-urban);LITORAL;Pontevedra;Galicia
01036;Laudio/Llodio;17982,0;13,26;<=30 km;-1,95;-1,08;-0,15;5,000-20,000 (semi-urban);CANTABRICA;Araba/Álava;País Vasco/Euskadi
38032;El Rosario;17983,0;9,38;<=30 km;-0,41;1,37;2,23;5,000-20,000 (semi-urban);SUR DE TENERIFE;Santa Cruz de Tenerife;Canarias
43153;Torredembarra;17984,0;11,89;<=30 km;1,71;6,66;5,43;5,000-20,000 (semi-urban);TARRAGONES;Tarragona;Cataluña/Catalunya
48069;Mungia;17997,0;14,1;<=30 km;3,87;0,84;1,67;5,000-20,000 (semi-urban);MUNGUIA;Bizkaia;País Vasco/Euskadi
28172;Villalbilla;18000,0;6,92;<=30 km;24,59;12,13;19,61;5,000-20,000 (semi-urban);CAMPIÑA;Madrid;Comunidad de Madrid
28177;Villanueva del Pardillo;18086,0;6,67;<=30 km;5,8;1,07;4,48;5,000-20,000 (semi-urban);AREA METROPOLITANA DE MADRID;Madrid;Comunidad de Madrid
29068;Manilva;18099,0;16,65;<=30 km;5,64;12,5;7,42;5,000-20,000 (semi-urban);CENTRO-SUR O GUADALORCE;Málaga;Andalucía
03076;Guardamar del Segura;18111,0;9,43;<=30 km;-12,73;6,14;13,31;5,000-20,000 (semi-urban);MERIDIONAL;Alacant/Alicante;Comunitat Valenciana
35034;Yaiza;18113,0;22,24;<=30 km;9,32;4,22;6,69;5,000-20,000 (semi-urban);LANZAROTE;Las Palmas;Canarias
22158;Monzón;18152,0;45,51;30-60 km;-0,28;1,76;4,55;5,000-20,000 (semi-urban);LA LITERA;Huesca;Aragón
41055;Lora del Río;18189,0;49,7;30-60 km;-2,44;-1,5;-2,09;5,000-20,000 (semi-urban);LA VEGA;Sevilla;Andalucía
36035;Nigrán;18208,0;8,64;<=30 km;-1,44;1,59;1,13;5,000-20,000 (semi-urban);LITORAL;Pontevedra;Galicia
08033;Caldes de Montbui;18336,0;10,98;<=30 km;0,01;1,99;3,03;5,000-20,000 (semi-urban);VALLES ORIENTAL;Barcelona;Cataluña/Catalunya
14007;Baena;18436,0;39,12;30-60 km;-7,16;-2,34;-2,38;5,000-20,000 (semi-urban);CAMPIÑA ALTA;Córdoba;Andalucía
39008;El Astillero;18467,0;7,2;<=30 km;2,52;0,04;1,94;5,000-20,000 (semi-urban);COSTERA;Cantabria;Cantabria
25217;Tàrrega;18542,0;46,93;30-60 km;-3,09;5,08;5,06;5,000-20,000 (semi-urban);URGELL;Lleida;Cataluña/Catalunya
35021;Santa Brígida;18551,0;7,57;<=30 km;-3,57;-0,09;1,39;5,000-20,000 (semi-urban);GRAN CANARIA;Las Palmas;Canarias
27031;Monforte de Lemos;18560,0;37,61;30-60 km;-4,28;-1,92;1,74;5,000-20,000 (semi-urban);SUR;Lugo;Galicia
04052;Huércal de Almería;18584,0;11,05;<=30 km;7,22;3,19;3,39;5,000-20,000 (semi-urban);CAMPO NIJAR Y BAJO ANDARAX;Almería;Andalucía
24222;Villaquilambre;18647,0;7,31;<=30 km;3,57;-0,42;0,27;5,000-20,000 (semi-urban);TIERRAS DE LEON;León;Castilla y León
17118;Palamós;18651,0;27,88;<=30 km;-0,98;1,66;2,5;5,000-20,000 (semi-urban);BAIX EMPORDA;Girona;Cataluña/Catalunya
11035;Tarifa;18664,0;18,6;<=30 km;1,3;1,63;1,07;5,000-20,000 (semi-urban);CAMPO DE GIBRALTAR;Cádiz;Andalucía
30021;Fuente Álamo de Murcia;18719,0;22,34;<=30 km;1,93;6,43;8,67;5,000-20,000 (semi-urban);CAMPO DE CARTAGENA;Murcia;Región de Murcia
18089;Guadix;18725,0;50,61;30-60 km;-7,73;-1,37;1,42;5,000-20,000 (semi-urban);GUADIX;Granada;Andalucía
28131;San Lorenzo de El Escorial;18735,0;12,27;<=30 km;-2,29;2,02;1,52;5,000-20,000 (semi-urban);GUADARRAMA;Madrid;Comunidad de Madrid
08202;Sant Celoni;18761,0;16,92;<=30 km;3,77;2,38;3,22;5,000-20,000 (semi-urban);VALLES ORIENTAL;Barcelona;Cataluña/Catalunya
08284;Tordera;18780,0;25,25;<=30 km;4,15;5,02;5,58;5,000-20,000 (semi-urban);MARESME;Barcelona;Cataluña/Catalunya
03094;la Nucia;18783,0;5,19;<=30 km;-0,24;-0,73;3,73;5,000-20,000 (semi-urban);CENTRAL;Alacant/Alicante;Comunitat Valenciana
07022;Felanitx;18850,0;40,03;30-60 km;-6,22;3,81;3,78;5,000-20,000 (semi-urban);MALLORCA;Illes Balears;Illes Balears
08159;Parets del Vallès;18881,0;2,77;<=30 km;4,73;-0,7;-0,14;5,000-20,000 (semi-urban);VALLES ORIENTAL;Barcelona;Cataluña/Catalunya
15011;Boiro;19018,0;34,89;30-60 km;-1,16;0,59;0,33;5,000-20,000 (semi-urban);OCCIDENTAL;A Coruña;Galicia
50272;Utebo;19022,0;7,11;<=30 km;2,14;1,37;0,88;5,000-20,000 (semi-urban);ZARAGOZA;Zaragoza;Aragón
15082;Teo;19045,0;13,21;<=30 km;1,16;1,37;1,42;5,000-20,000 (semi-urban);OCCIDENTAL;A Coruña;Galicia
08046;Cardedeu;19064,0;8,63;<=30 km;5,62;2,44;2,45;5,000-20,000 (semi-urban);VALLES ORIENTAL;Barcelona;Cataluña/Catalunya
41102;El Viso del Alcor;19310,0;13,65;<=30 km;2,16;0,31;0,31;5,000-20,000 (semi-urban);LA CAMPIÑA;Sevilla;Andalucía
20902;Lasarte-Oria;19312,0;4,39;<=30 km;1,55;3,51;2,22;5,000-20,000 (semi-urban);DONOSTIA/SAN SEBASTIÁN;Gipuzkoa;País Vasco/Euskadi
36029;Moaña;19315,0;10,79;<=30 km;0,53;0,25;-0,93;5,000-20,000 (semi-urban);LITORAL;Pontevedra;Galicia
08110;Malgrat de Mar;19377,0;27,21;<=30 km;-0,54;2,77;2,25;5,000-20,000 (semi-urban);MARESME;Barcelona;Cataluña/Catalunya
41060;Marchena;19382,0;39,46;30-60 km;-1,01;-1,34;0,34;5,000-20,000 (semi-urban);LA CAMPIÑA;Sevilla;Andalucía
41011;Arahal;19417,0;22,96;<=30 km;0,77;-0,35;-0,41;5,000-20,000 (semi-urban);LA CAMPIÑA;Sevilla;Andalucía
35018;San Bartolomé;19443,0;5,36;<=30 km;-1,19;3,99;2,02;5,000-20,000 (semi-urban);LANZAROTE;Las Palmas;Canarias
04100;Vera;19488,0;53,34;30-60 km;5,71;11,76;10,1;5,000-20,000 (semi-urban);BAJO ALMAZORA;Almería;Andalucía
30902;Los Alcázares;19506,0;15,96;<=30 km;-5,35;8,05;15,18;5,000-20,000 (semi-urban);CAMPO DE CARTAGENA;Murcia;Región de Murcia
18003;Albolote;19587,0;14,54;<=30 km;4,29;2,04;2,4;5,000-20,000 (semi-urban);DE LA VEGA;Granada;Andalucía
46116;l'Eliana;19597,0;6,59;<=30 km;4,1;1,4;7,08;5,000-20,000 (semi-urban);HUERTA DE VALENCIA;València/Valencia;Comunitat Valenciana
31901;Barañáin/Barañain;19606,0;3,34;<=30 km;-6,63;-0,93;-1,24;5,000-20,000 (semi-urban);CUENCA PAMPLONA;Navarra;Comunidad Foral de Navarra
03049;Callosa de Segura;19658,0;8,16;<=30 km;3,59;2,17;2,0;5,000-20,000 (semi-urban);MERIDIONAL;Alacant/Alicante;Comunitat Valenciana
48003;Amorebieta-Etxano;19678,0;18,15;<=30 km;4,49;2,28;0,52;5,000-20,000 (semi-urban);DURANGUESADO;Bizkaia;País Vasco/Euskadi
50067;Calatayud;19850,0;67,31;>60 km;-3,19;-0,82;-0,1;5,000-20,000 (semi-urban);CALATAYUD;Zaragoza;Aragón
11016;Chipiona;19915,0;12,46;<=30 km;1,29;1,57;2,82;5,000-20,000 (semi-urban);COSTA NOROESTE DE CADIZ;Cádiz;Andalucía
14013;Cabra;20024,0;45,68;30-60 km;-2,98;-0,84;-1,09;20,000-50,000 (intermediate);CAMPIÑA ALTA;Córdoba;Andalucía
18193;La Zubia;20056,0;8,55;<=30 km;3,23;2,52;2,99;20,000-50,000 (intermediate);DE LA VEGA;Granada;Andalucía
28073;Humanes de Madrid;20074,0;4,3;<=30 km;4,44;0,76;1,71;20,000-50,000 (intermediate);SUR OCCIDENTAL;Madrid;Comunidad de Madrid
47085;Medina del Campo;20097,0;39,48;30-60 km;-4,29;-1,52;-0,86;20,000-50,000 (intermediate);SUR;Valladolid;Castilla y León
20071;Tolosa;20109,0;22,32;<=30 km;6,33;1,38;1,59;20,000-50,000 (intermediate);TOLOSA;Gipuzkoa;País Vasco/Euskadi
46230;Silla;20117,0;8,06;<=30 km;-4,02;4,03;4,72;20,000-50,000 (intermediate);HUERTA DE VALENCIA;València/Valencia;Comunitat Valenciana
36017;A Estrada;20139,0;25,38;<=30 km;-4,87;-1,94;-0,6;20,000-50,000 (intermediate);MONTAÑA;Pontevedra;Galicia
03011;l'Alfàs del Pi;20160,0;4,36;<=30 km;-15,12;2,2;-1,63;20,000-50,000 (intermediate);CENTRAL;Alacant/Alicante;Comunitat Valenciana
08238;Sant Quirze del Vallès;20161,0;4,28;<=30 km;4,28;1,09;0,02;20,000-50,000 (intermediate);VALLES OCCIDENTAL;Barcelona;Cataluña/Catalunya
36024;Lalín;20277,0;39,89;30-60 km;-4,98;0,48;0,39;20,000-50,000 (intermediate);MONTAÑA;Pontevedra;Galicia
38024;Los Llanos de Aridane;20283,0;127,03;>60 km;-4,91;2,36;-1,77;20,000-50,000 (intermediate);ISLA DE LA PALMA;Santa Cruz de Tenerife;Canarias
12028;Benicàssim/Benicasim;20322,0;9,8;<=30 km;-3,02;5,18;7,01;20,000-50,000 (intermediate);LA PLANA;Castelló/Castellón;Comunitat Valenciana
20040;Hernani;20355,0;7,54;<=30 km;3,66;0,69;-0,03;20,000-50,000 (intermediate);DONOSTIA/SAN SEBASTIÁN;Gipuzkoa;País Vasco/Euskadi
17152;Roses;20362,0;43,94;30-60 km;-2,61;3,12;2,21;20,000-50,000 (intermediate);ALT EMPORDA;Girona;Cataluña/Catalunya
08035;Calella;20369,0;18,36;<=30 km;-1,14;2,71;5,89;20,000-50,000 (intermediate);MARESME;Barcelona;Cataluña/Catalunya
18022;Atarfe;20455,0;12,82;<=30 km;11,93;3,47;6,55;20,000-50,000 (intermediate);DE LA VEGA;Granada;Andalucía
14049;Palma del Río;20546,0;55,61;30-60 km;-1,74;-1,18;-1,74;20,000-50,000 (intermediate);CAMPIÑA BAJA;Córdoba;Andalucía
18023;Baza;20562,0;70,95;>60 km;-6,56;-1,16;1,39;20,000-50,000 (intermediate);BAZA;Granada;Andalucía
17015;Banyoles;20599,0;16,19;<=30 km;1,24;2,82;2,14;20,000-50,000 (intermediate);PLA DE L'ESTANY;Girona;Cataluña/Catalunya
04053;Huércal-Overa;20609,0;34,17;30-60 km;0,37;4,93;4,38;20,000-50,000 (intermediate);BAJO ALMAZORA;Almería;Andalucía
36039;O Porriño;20711,0;11,03;<=30 km;8,44;2,39;2,47;20,000-50,000 (intermediate);LITORAL;Pontevedra;Galicia
08086;Les Franqueses del Vallès;20715,0;6,8;<=30 km;4,77;2,95;1,79;20,000-50,000 (intermediate);VALLES ORIENTAL;Barcelona;Cataluña/Catalunya
28132;San Martín de la Vega;20733,0;10,52;<=30 km;-2,08;5,69;4,43;20,000-50,000 (intermediate);VEGAS;Madrid;Comunidad de Madrid
46213;Requena;20740,0;52,91;30-60 km;-5,02;0,04;2,5;20,000-50,000 (intermediate);REQUENA-UTIEL;València/Valencia;Comunitat Valenciana
18122;Loja;20846,0;42,66;30-60 km;-5,32;0,46;1,86;20,000-50,000 (intermediate);DE LA VEGA;Granada;Andalucía
08221;Sant Just Desvern;20881,0;4,16;<=30 km;5,83;10,78;7,75;20,000-50,000 (intermediate);BAIX LLOBREGAT;Barcelona;Cataluña/Catalunya
30009;Archena;20976,0;8,49;<=30 km;3,8;2,35;7,57;20,000-50,000 (intermediate);RIO SEGURA;Murcia;Región de Murcia
31060;Burlada/Burlata;21078,0;3,05;<=30 km;2,18;4,17;6,87;20,000-50,000 (intermediate);CUENCA PAMPLONA;Navarra;Comunidad Foral de Navarra
30041;La Unión;21153,0;10,07;<=30 km;4,99;3,16;3,0;20,000-50,000 (intermediate);CAMPO DE CARTAGENA;Murcia;Región de Murcia
08219;Vilassar de Mar;21162,0;7,56;<=30 km;4,01;0,83;1,08;20,000-50,000 (intermediate);MARESME;Barcelona;Cataluña/Catalunya
28009;Algete;21167,0;6,95;<=30 km;-1,36;1,35;2,01;20,000-50,000 (intermediate);CAMPIÑA;Madrid;Comunidad de Madrid
35012;Mogán;21175,0;13,33;<=30 km;-15,73;4,65;2,93;20,000-50,000 (intermediate);GRAN CANARIA;Las Palmas;Canarias
46205;Puçol;21298,0;8,35;<=30 km;1,14;2,67;6,62;20,000-50,000 (intermediate);SAGUNTO;València/Valencia;Comunitat Valenciana
46083;Carcaixent;21317,0;22,32;<=30 km;-0,99;0,34;4,02;20,000-50,000 (intermediate);RIBERAS DEL JUCAR;València/Valencia;Comunitat Valenciana
08112;Manlleu;21348,0;46,05;30-60 km;-2,14;3,02;2,61;20,000-50,000 (intermediate);OSONA;Barcelona;Cataluña/Catalunya
21021;Cartaya;21408,0;20,52;<=30 km;0,78;4,53;5,39;20,000-50,000 (intermediate);COSTA;Huelva;Andalucía
35028;Tías;21462,0;10,04;<=30 km;-0,69;3,97;3,18;20,000-50,000 (intermediate);LANZAROTE;Las Palmas;Canarias
23002;Alcalá la Real;21581,0;42,35;30-60 km;-4,39;-0,39;-0,19;20,000-50,000 (intermediate);SIERRA SUR;Jaén;Andalucía
29091;Torrox;21583,0;16,16;<=30 km;-13,93;15,01;13,97;20,000-50,000 (intermediate);VELEZ MALAGA;Málaga;Andalucía
35015;Pájara;21614,0;108,38;>60 km;-3,61;2,31;2,86;20,000-50,000 (intermediate);FUERTEVENTURA;Las Palmas;Canarias
21010;Ayamonte;21622,0;40,41;30-60 km;-0,24;3,0;0,52;20,000-50,000 (intermediate);ANDEVALO OCCIDENTAL;Huelva;Andalucía
21042;Isla Cristina;21641,0;32,21;30-60 km;-3,32;2,08;0,58;20,000-50,000 (intermediate);COSTA;Huelva;Andalucía
07003;Alcúdia;21683,0;46,67;30-60 km;0,79;4,33;5,0;20,000-50,000 (intermediate);MALLORCA;Illes Balears;Illes Balears
38020;Güímar;21716,0;24,05;<=30 km;6,3;6,39;3,41;20,000-50,000 (intermediate);SUR DE TENERIFE;Santa Cruz de Tenerife;Canarias
14055;Priego de Córdoba;21826,0;57,21;30-60 km;-3,53;-1,48;-1,91;20,000-50,000 (intermediate);PENIBETICA;Córdoba;Andalucía
03019;Aspe;21969,0;13,97;<=30 km;0,66;2,68;4,18;20,000-50,000 (intermediate);VINALOPO;Alacant/Alicante;Comunitat Valenciana
46171;Moncada;21993,0;7,48;<=30 km;-1,08;0,33;0,54;20,000-50,000 (intermediate);HUERTA DE VALENCIA;València/Valencia;Comunitat Valenciana
20055;Arrasate/Mondragón;22123,0;28,85;<=30 km;0,02;-0,69;1,17;20,000-50,000 (intermediate);ALTO DEBA;Gipuzkoa;País Vasco/Euskadi
33016;Castrillón;22124,0;6,03;<=30 km;-1,76;-0,73;-0,78;20,000-50,000 (intermediate);GIJON;Asturias;Principado de Asturias
46022;Alfafar;22131,0;1,97;<=30 km;0,23;3,14;3,34;20,000-50,000 (intermediate);HUERTA DE VALENCIA;València/Valencia;Comunitat Valenciana
29075;Nerja;22187,0;27,25;<=30 km;-5,59;-0,2;5,56;20,000-50,000 (intermediate);VELEZ MALAGA;Málaga;Andalucía
47010;Arroyo de la Encomienda;22268,0;4,68;<=30 km;34,3;5,52;7,49;20,000-50,000 (intermediate);CENTRO;Valladolid;Castilla y León
18127;Maracena;22310,0;5,12;<=30 km;3,8;1,41;-0,21;20,000-50,000 (intermediate);DE LA VEGA;Granada;Andalucía
14042;Montilla;22333,0;31,27;30-60 km;-2,77;-1,73;-1,33;20,000-50,000 (intermediate);CAMPIÑA BAJA;Córdoba;Andalucía
30038;Las Torres de Cotillas;22406,0;12,8;<=30 km;-0,11;2,16;2,61;20,000-50,000 (intermediate);RIO SEGURA;Murcia;Región de Murcia
31086;Valle de Egüés/Eguesibar;22443,0;8,44;<=30 km;25,86;3,76;4,11;20,000-50,000 (intermediate);CUENCA PAMPLONA;Navarra;Comunidad Foral de Navarra
03015;Almoradí;22464,0;10,35;<=30 km;4,96;4,2;4,95;20,000-50,000 (intermediate);MERIDIONAL;Alacant/Alicante;Comunitat Valenciana
21002;Aljaraque;22489,0;8,12;<=30 km;10,03;3,1;3,61;20,000-50,000 (intermediate);COSTA;Huelva;Andalucía
08076;Esparreguera;22550,0;12,46;<=30 km;-0,44;1,42;0,86;20,000-50,000 (intermediate);BAIX LLOBREGAT;Barcelona;Cataluña/Catalunya
43014;Amposta;22637,0;66,38;>60 km;-4,07;3,45;6,19;20,000-50,000 (intermediate);MONTSIA;Tarragona;Cataluña/Catalunya
38019;Guía de Isora;22642,0;9,53;<=30 km;0,69;3,98;3,73;20,000-50,000 (intermediate);SUR DE TENERIFE;Santa Cruz de Tenerife;Canarias
46194;Picassent;22695,0;8,4;<=30 km;2,84;3,76;5,62;20,000-50,000 (intermediate);HUERTA DE VALENCIA;València/Valencia;Comunitat Valenciana
11007;Barbate;22709,0;29,13;<=30 km;-1,66;0,93;-0,23;20,000-50,000 (intermediate);DE LA JANDA;Cádiz;Andalucía
47076;Laguna de Duero;22907,0;11,02;<=30 km;1,6;-0,05;1,21;20,000-50,000 (intermediate);CENTRO;Valladolid;Castilla y León
41017;Bormujos;22970,0;11,68;<=30 km;10,02;1,94;2,59;20,000-50,000 (intermediate);EL ALJARAFE;Sevilla;Andalucía
17160;Sant Feliu de Guíxols;23050,0;26,8;<=30 km;-0,43;1,77;3,78;20,000-50,000 (intermediate);BAIX EMPORDA;Girona;Cataluña/Catalunya
41086;San Juan de Aznalfarache;23090,0;7,37;<=30 km;0,09;4,21;4,54;20,000-50,000 (intermediate);LA VEGA;Sevilla;Andalucía
38035;San Miguel de Abona;23138,0;5,57;<=30 km;10,26;11,18;5,79;20,000-50,000 (intermediate);SUR DE TENERIFE;Santa Cruz de Tenerife;Canarias
36042;Ponteareas;23196,0;17,27;<=30 km;-2,84;0,39;1,11;20,000-50,000 (intermediate);MIÑO;Pontevedra;Galicia
18905;Las Gabias;23318,0;11,04;<=30 km;13,13;6,51;5,75;20,000-50,000 (intermediate);DE LA VEGA;Granada;Andalucía
20079;Zarautz;23370,0;14,89;<=30 km;1,85;0,21;0,43;20,000-50,000 (intermediate);UROLA COSTA;Gipuzkoa;País Vasco/Euskadi
21050;Moguer;23551,0;12,86;<=30 km;5,37;1,67;6,75;20,000-50,000 (intermediate);CONDADO LITORAL;Huelva;Andalucía
30008;Alhama de Murcia;23578,0;27,01;<=30 km;3,49;2,69;6,02;20,000-50,000 (intermediate);SUROESTE Y VALLE GUADALENTIN;Murcia;Región de Murcia
28176;Villanueva de la Cañada;23799,0;7,99;<=30 km;13,74;7,52;5,4;20,000-50,000 (intermediate);AREA METROPOLITANA DE MADRID;Madrid;Comunidad de Madrid
43171;Vila-seca;23826,0;5,64;<=30 km;0,71;1,88;5,79;20,000-50,000 (intermediate);TARRAGONES;Tarragona;Cataluña/Catalunya
03902;Pilar de la Horadada;23844,0;15,65;<=30 km;-7,68;5,5;5,52;20,000-50,000 (intermediate);MERIDIONAL;Alacant/Alicante;Comunitat Valenciana
35024;Teguise;23848,0;12,99;<=30 km;5,33;4,17;3,49;20,000-50,000 (intermediate);LANZAROTE;Las Palmas;Canarias
03018;Altea;23963,0;10,57;<=30 km;-9,32;3,01;5,76;20,000-50,000 (intermediate);CENTRAL;Alacant/Alicante;Comunitat Valenciana
11014;Conil de la Frontera;23996,0;10,22;<=30 km;3,25;3,37;3,51;20,000-50,000 (intermediate);COSTA NOROESTE DE CADIZ;Cádiz;Andalucía
36026;Marín;24154,0;11,28;<=30 km;-4,74;-0,47;-0,39;20,000-50,000 (intermediate);LITORAL;Pontevedra;Galicia
46105;Cullera;24181,0;20,2;<=30 km;-5,6;3,6;6,49;20,000-50,000 (intermediate);RIBERAS DEL JUCAR;València/Valencia;Comunitat Valenciana
03079;Ibi;24210,0;7,55;<=30 km;-1,1;1,06;2,36;20,000-50,000 (intermediate);VINALOPO;Alacant/Alicante;Comunitat Valenciana
46214;Riba-roja de Túria;24230,0;7,99;<=30 km;2,52;3,67;6,28;20,000-50,000 (intermediate);CAMPOS DE LIRIA;València/Valencia;Comunitat Valenciana
41058;Mairena del Alcor;24238,0;8,7;<=30 km;7,71;1,79;1,44;20,000-50,000 (intermediate);LA CAMPIÑA;Sevilla;Andalucía
02009;Almansa;24281,0;46,92;30-60 km;-3,41;-0,61;-0,44;20,000-50,000 (intermediate);ALMANSA;Albacete;Castilla-La Mancha
38022;Icod de los Vinos;24285,0;21,35;<=30 km;-6,58;2,47;4,18;20,000-50,000 (intermediate);NORTE DE TENERIFE;Santa Cruz de Tenerife;Canarias
17117;Palafrugell;24300,0;28,84;<=30 km;-0,4;0,81;5,44;20,000-50,000 (intermediate);BAIX EMPORDA;Girona;Cataluña/Catalunya
11008;Los Barrios;24404,0;14,53;<=30 km;2,28;2,0;1,76;20,000-50,000 (intermediate);CAMPO DE GIBRALTAR;Cádiz;Andalucía
23060;Martos;24452,0;26,97;<=30 km;-2,15;0,26;0,75;20,000-50,000 (intermediate);CAMPIÑA DEL SUR;Jaén;Andalucía
08118;El Masnou;24479,0;7,23;<=30 km;3,4;2,18;2,65;20,000-50,000 (intermediate);MARESME;Barcelona;Cataluña/Catalunya
28084;Mejorada del Campo;24659,0;7,24;<=30 km;1,2;2,13;3,88;20,000-50,000 (intermediate);AREA METROPOLITANA DE MADRID;Madrid;Comunidad de Madrid
48902;Erandio;24662,0;6,0;<=30 km;-0,85;1,1;0,71;20,000-50,000 (intermediate);GRAN BILBAO;Bizkaia;País Vasco/Euskadi
08147;Olesa de Montserrat;24677,0;9,22;<=30 km;-1,55;1,48;2,26;20,000-50,000 (intermediate);BAIX LLOBREGAT;Barcelona;Cataluña/Catalunya
38043;Tacoronte;24746,0;7,94;<=30 km;0,48;1,61;1,64;20,000-50,000 (intermediate);NORTE DE TENERIFE;Santa Cruz de Tenerife;Canarias
48036;Galdakao;24774,0;8,54;<=30 km;0,98;0,4;-15,75;20,000-50,000 (intermediate);GRAN BILBAO;Bizkaia;País Vasco/Euskadi
15017;Cambre;24781,0;10,58;<=30 km;2,96;0,05;0,67;20,000-50,000 (intermediate);SEPTENTRIONAL;A Coruña;Galicia
35009;Gáldar;24811,0;20,35;<=30 km;-0,45;1,02;1,46;20,000-50,000 (intermediate);GRAN CANARIA;Las Palmas;Canarias
21005;Almonte;24863,0;38,33;30-60 km;3,32;2,35;1,16;20,000-50,000 (intermediate);CONDADO LITORAL;Huelva;Andalucía
43161;Valls;25047,0;19,02;<=30 km;-3,61;1,64;2,01;20,000-50,000 (intermediate);ALT CAMP;Tarragona;Cataluña/Catalunya
26036;Calahorra;25064,0;45,09;30-60 km;-4,44;2,74;1,97;20,000-50,000 (intermediate);RIOJA BAJA;La Rioja;La Rioja
46147;Llíria;25077,0;24,73;<=30 km;-2,58;2,94;6,04;20,000-50,000 (intermediate);CAMPOS DE LIRIA;València/Valencia;Comunitat Valenciana
02081;Villarrobledo;25262,0;67,54;>60 km;-4,41;-1,04;1,14;20,000-50,000 (intermediate);MANCHA;Albacete;Castilla-La Mancha
28152;Torrelodones;25316,0;6,64;<=30 km;3,46;3,26;4,95;20,000-50,000 (intermediate);GUADARRAMA;Madrid;Comunidad de Madrid
08051;Castellar del Vallès;25322,0;7,63;<=30 km;2,32;2,59;2,69;20,000-50,000 (intermediate);VALLES OCCIDENTAL;Barcelona;Cataluña/Catalunya
18021;Armilla;25405,0;4,88;<=30 km;7,83;1,75;4,17;20,000-50,000 (intermediate);DE LA VEGA;Granada;Andalucía
41093;Tomares;25488,0;8,34;<=30 km;5,84;0,59;0,47;20,000-50,000 (intermediate);EL ALJARAFE;Sevilla;Andalucía
04003;Adra;25515,0;24,17;<=30 km;0,75;2,58;0,05;20,000-50,000 (intermediate);CAMPO DALIAS;Almería;Andalucía
06153;Villanueva de la Serena;25784,0;58,82;30-60 km;-0,74;0,3;-0,21;20,000-50,000 (intermediate);DON BENITO;Badajoz;Extremadura
29042;Coín;25809,0;14,48;<=30 km;-2,69;7,64;10,41;20,000-50,000 (intermediate);CENTRO-SUR O GUADALORCE;Málaga;Andalucía
12084;Onda;25817,0;9,92;<=30 km;-3,49;0,36;3,52;20,000-50,000 (intermediate);LA PLANA;Castelló/Castellón;Comunitat Valenciana
03119;Sant Joan d'Alacant;25918,0;9,59;<=30 km;2,64;3,59;6,38;20,000-50,000 (intermediate);CENTRAL;Alacant/Alicante;Comunitat Valenciana
08260;Santa Perpètua de Mogoda;25960,0;3,29;<=30 km;0,96;1,28;-0,28;20,000-50,000 (intermediate);VALLES OCCIDENTAL;Barcelona;Cataluña/Catalunya
30015;Caravaca de la Cruz;25996,0;41,75;30-60 km;-3,04;-0,46;1,5;20,000-50,000 (intermediate);NOROESTE;Murcia;Región de Murcia
46181;Oliva;26122,0;13,69;<=30 km;-10,25;-0,32;3,99;20,000-50,000 (intermediate);GANDIA;València/Valencia;Comunitat Valenciana
28040;Ciempozuelos;26140,0;5,54;<=30 km;1,64;4,14;4,21;20,000-50,000 (intermediate);VEGAS;Madrid;Comunidad de Madrid
03093;Novelda;26213,0;9,45;<=30 km;-3,74;-0,44;2,35;20,000-50,000 (intermediate);VINALOPO;Alacant/Alicante;Comunitat Valenciana
46013;Alboraia/Alboraya;26259,0;9,06;<=30 km;6,51;2,82;5,44;20,000-50,000 (intermediate);HUERTA DE VALENCIA;València/Valencia;Comunitat Valenciana
46102;Quart de Poblet;26304,0;6,23;<=30 km;-3,76;2,03;5,07;20,000-50,000 (intermediate);HUERTA DE VALENCIA;València/Valencia;Comunitat Valenciana
36008;Cangas;26714,0;11,01;<=30 km;1,41;0,83;0,02;20,000-50,000 (intermediate);LITORAL;Pontevedra;Galicia
39052;Piélagos;26783,0;9,63;<=30 km;12,13;3,22;2,87;20,000-50,000 (intermediate);COSTERA;Cantabria;Cantabria
03047;Calp;26821,0;18,58;<=30 km;-30,0;8,77;13,99;20,000-50,000 (intermediate);MARQUESADO;Alacant/Alicante;Comunitat Valenciana
08123;Molins de Rei;26948,0;5,61;<=30 km;3,74;1,62;3,23;20,000-50,000 (intermediate);BAIX LLOBREGAT;Barcelona;Cataluña/Catalunya
46202;la Pobla de Vallbona;27056,0;10,79;<=30 km;9,1;5,01;7,05;20,000-50,000 (intermediate);CAMPOS DE LIRIA;València/Valencia;Comunitat Valenciana
08196;Sant Andreu de la Barca;27062,0;7,03;<=30 km;0,77;-0,57;-0,42;20,000-50,000 (intermediate);BAIX LLOBREGAT;Barcelona;Cataluña/Catalunya
15073;Ribeira;27111,0;35,79;30-60 km;-1,95;-0,84;1,01;20,000-50,000 (intermediate);OCCIDENTAL;A Coruña;Galicia
41065;Morón de la Frontera;27228,0;32,89;30-60 km;-1,96;-0,94;-1,28;20,000-50,000 (intermediate);LA SIERRA SUR;Sevilla;Andalucía
28104;Paracuellos de Jarama;27238,0;7,33;<=30 km;29,34;6,99;3,82;20,000-50,000 (intermediate);AREA METROPOLITANA DE MADRID;Madrid;Comunidad de Madrid
30022;Jumilla;27263,0;39,64;30-60 km;-0,98;2,69;3,92;20,000-50,000 (intermediate);NORDESTE;Murcia;Región de Murcia
18017;Almuñécar;27311,0;21,63;<=30 km;-2,23;-1,85;5,49;20,000-50,000 (intermediate);LA COSTA;Granada;Andalucía
20030;Eibar;27362,0;38,8;30-60 km;0,08;0,22;-0,38;20,000-50,000 (intermediate);BAJO DEBA;Gipuzkoa;País Vasco/Euskadi
46070;Bétera;27584,0;8,43;<=30 km;7,74;7,51;8,5;20,000-50,000 (intermediate);CAMPOS DE LIRIA;València/Valencia;Comunitat Valenciana
29008;Alhaurín el Grande;27647,0;9,9;<=30 km;3,84;8,17;5,95;20,000-50,000 (intermediate);CENTRO-SUR O GUADALORCE;Málaga;Andalucía
41053;Lebrija;27745,0;26,56;<=30 km;1,41;0,67;0,47;20,000-50,000 (intermediate);LA CAMPIÑA;Sevilla;Andalucía
46186;Paiporta;27748,0;4,68;<=30 km;3,88;4,31;5,1;20,000-50,000 (intermediate);HUERTA DE VALENCIA;València/Valencia;Comunitat Valenciana
03090;Mutxamel;27761,0;5,26;<=30 km;5,34;2,68;8,11;20,000-50,000 (intermediate);CENTRAL;Alacant/Alicante;Comunitat Valenciana
46029;Algemesí;27968,0;23,76;<=30 km;-2,76;0,07;2,43;20,000-50,000 (intermediate);RIBERAS DEL JUCAR;València/Valencia;Comunitat Valenciana
48084;Sestao;28228,0;3,96;<=30 km;-4,2;-0,38;3,24;20,000-50,000 (intermediate);GRAN BILBAO;Bizkaia;País Vasco/Euskadi
46235;Sueca;28480,0;20,5;<=30 km;-4,79;0,57;3,12;20,000-50,000 (intermediate);RIBERAS DEL JUCAR;València/Valencia;Comunitat Valenciana
12009;Almassora;28497,0;5,54;<=30 km;-1,14;4,05;6,02;20,000-50,000 (intermediate);LA PLANA;Castelló/Castellón;Comunitat Valenciana
08114;Martorell;28507,0;8,51;<=30 km;0,82;2,93;-0,56;20,000-50,000 (intermediate);BAIX LLOBREGAT;Barcelona;Cataluña/Catalunya
08263;Sant Vicenç dels Horts;28568,0;7,0;<=30 km;-0,55;0,77;1,61;20,000-50,000 (intermediate);BAIX LLOBREGAT;Barcelona;Cataluña/Catalunya
07046;Sant Antoni de Portmany;28609,0;10,59;<=30 km;13,41;5,53;5,16;20,000-50,000 (intermediate);IBIZA;Illes Balears;Illes Balears
41021;Camas;28705,0;6,97;<=30 km;3,81;0,1;4,42;20,000-50,000 (intermediate);LA VEGA;Sevilla;Andalucía
30036;San Pedro del Pinatar;28706,0;19,97;<=30 km;3,36;4,58;9,07;20,000-50,000 (intermediate);CAMPO DE CARTAGENA;Murcia;Región de Murcia
38011;Candelaria;28795,0;15,67;<=30 km;4,59;2,97;1,17;20,000-50,000 (intermediate);SUR DE TENERIFE;Santa Cruz de Tenerife;Canarias
04102;Vícar;28835,0;5,63;<=30 km;6,31;7,84;5,24;20,000-50,000 (intermediate);CAMPO DALIAS;Almería;Andalucía
29038;Cártama;28934,0;16,76;<=30 km;10,71;6,51;5,46;20,000-50,000 (intermediate);CENTRO-SUR O GUADALORCE;Málaga;Andalucía
08172;Premià de Mar;28951,0;10,12;<=30 km;-0,92;1,61;1,5;20,000-50,000 (intermediate);MARESME;Barcelona;Cataluña/Catalunya
36045;Redondela;28976,0;12,17;<=30 km;-2,05;-0,01;-0,74;20,000-50,000 (intermediate);LITORAL;Pontevedra;Galicia
21044;Lepe;29241,0;26,23;<=30 km;-1,14;4,61;3,35;20,000-50,000 (intermediate);COSTA;Huelva;Andalucía
28181;Villaviciosa de Odón;29273,0;6,11;<=30 km;3,22;1,57;4,43;20,000-50,000 (intermediate);AREA METROPOLITANA DE MADRID;Madrid;Comunidad de Madrid
08163;Pineda de Mar;29455,0;20,79;<=30 km;1,19;4,93;5,29;20,000-50,000 (intermediate);MARESME;Barcelona;Cataluña/Catalunya
11030;Rota;29552,0;11,52;<=30 km;-0,44;1,66;0,77;20,000-50,000 (intermediate);COSTA NOROESTE DE CADIZ;Cádiz;Andalucía
12027;Benicarló;29607,0;62,45;>60 km;-0,47;3,42;7,05;20,000-50,000 (intermediate);LITORAL NORTE;Castelló/Castellón;Comunitat Valenciana
07048;Sant Josep de sa Talaia;29664,0;9,64;<=30 km;10,32;6,8;4,82;20,000-50,000 (intermediate);IBIZA;Illes Balears;Illes Balears
35014;La Oliva;29693,0;50,59;30-60 km;10,44;7,28;6,93;20,000-50,000 (intermediate);FUERTEVENTURA;Las Palmas;Canarias
14056;Puente Genil;29844,0;49,87;30-60 km;-0,83;-1,57;0,26;20,000-50,000 (intermediate);CAMPIÑA ALTA;Córdoba;Andalucía
41024;Carmona;29871,0;24,11;<=30 km;-0,48;1,76;2,57;20,000-50,000 (intermediate);LA CAMPIÑA;Sevilla;Andalucía
24142;San Andrés del Rabanedo;29884,0;9,17;<=30 km;-1,39;-2,14;-0,92;20,000-50,000 (intermediate);TIERRAS DE LEON;León;Castilla y León
48027;Durango;29887,0;25,29;<=30 km;3,9;1,01;-0,16;20,000-50,000 (intermediate);DURANGUESADO;Bizkaia;País Vasco/Euskadi
46005;Alaquàs;30022,0;5,83;<=30 km;-2,52;1,05;1,26;20,000-50,000 (intermediate);HUERTA DE VALENCIA;València/Valencia;Comunitat Valenciana
03082;Xàbia/Jávea;30131,0;34,68;30-60 km;-16,66;2,79;7,68;20,000-50,000 (intermediate);MARQUESADO;Alacant/Alicante;Comunitat Valenciana
46094;Catarroja;30142,0;4,11;<=30 km;1,54;2,45;5,73;20,000-50,000 (intermediate);HUERTA DE VALENCIA;València/Valencia;Comunitat Valenciana
45161;Seseña;30165,0;10,13;<=30 km;24,25;13,24;9,83;20,000-50,000 (intermediate);SAGRA-TOLEDO;Toledo;Castilla-La Mancha
12138;Vinaròs;30278,0;70,03;>60 km;-0,76;1,49;4,91;20,000-50,000 (intermediate);LITORAL NORTE;Castelló/Castellón;Comunitat Valenciana
46145;Xàtiva;30378,0;25,77;<=30 km;-1,35;1,43;3,12;20,000-50,000 (intermediate);RIBERAS DEL JUCAR;València/Valencia;Comunitat Valenciana
07032;Maó;30419,0;136,45;>60 km;-2,7;3,45;2,84;20,000-50,000 (intermediate);MENORCA;Illes Balears;Illes Balears
39016;Camargo;30422,0;6,58;<=30 km;-3,17;0,77;-0,25;20,000-50,000 (intermediate);COSTERA;Cantabria;Cantabria
03059;Crevillent;30585,0;13,16;<=30 km;1,67;2,62;2,92;20,000-50,000 (intermediate);MERIDIONAL;Alacant/Alicante;Comunitat Valenciana
03050;el Campello;30600,0;14,63;<=30 km;0,95;4,02;5,47;20,000-50,000 (intermediate);CENTRAL;Alacant/Alicante;Comunitat Valenciana
13087;Valdepeñas;30617,0;53,51;30-60 km;-2,94;0,03;1,32;20,000-50,000 (intermediate);MANCHA;Ciudad Real;Castilla-La Mancha
43905;Salou;30810,0;7,96;<=30 km;0,15;6,49;8,06;20,000-50,000 (intermediate);TARRAGONES;Tarragona;Cataluña/Catalunya
02037;Hellín;30812,0;55,98;30-60 km;-3,25;0,53;1,27;20,000-50,000 (intermediate);HELLIN;Albacete;Castilla-La Mancha
11006;Arcos de la Frontera;31046,0;20,12;<=30 km;-1,63;0,52;0,47;20,000-50,000 (intermediate);CAMPIÑA DE CADIZ;Cádiz;Andalucía
15031;Culleredo;31085,0;8,22;<=30 km;2,65;1,78;1,06;20,000-50,000 (intermediate);SEPTENTRIONAL;A Coruña;Galicia
41034;Coria del Río;31095,0;6,54;<=30 km;4,27;0,38;1,04;20,000-50,000 (intermediate);LA VEGA;Sevilla;Andalucía
38028;Puerto de la Cruz;31377,0;24,43;<=30 km;-8,47;-1,0;3,97;20,000-50,000 (intermediate);NORTE DE TENERIFE;Santa Cruz de Tenerife;Canarias
13005;Alcázar de San Juan;31382,0;72,34;>60 km;-2,24;-0,45;2,73;20,000-50,000 (intermediate);MANCHA;Ciudad Real;Castilla-La Mancha
15019;Carballo;31595,0;24,96;<=30 km;-0,35;0,49;0,58;20,000-50,000 (intermediate);SEPTENTRIONAL;A Coruña;Galicia
46110;Xirivella;31745,0;7,53;<=30 km;-4,79;3,78;5,09;20,000-50,000 (intermediate);HUERTA DE VALENCIA;València/Valencia;Comunitat Valenciana
43037;Calafell;31828,0;10,16;<=30 km;-0,34;11,87;11,82;20,000-50,000 (intermediate);BAIX PENEDES;Tarragona;Cataluña/Catalunya
12126;la Vall d'Uixó;31884,0;14,21;<=30 km;-3,44;-0,01;1,06;20,000-50,000 (intermediate);LA PLANA;Castelló/Castellón;Comunitat Valenciana
07015;Ciutadella de Menorca;31941,0;112,44;>60 km;-1,63;4,84;4,25;20,000-50,000 (intermediate);MENORCA;Illes Balears;Illes Balears
08231;Sant Pere de Ribes;32121,0;6,6;<=30 km;4,72;2,83;1,89;20,000-50,000 (intermediate);GARRAF;Barcelona;Cataluña/Catalunya
45081;Illescas;32159,0;12,57;<=30 km;15,68;7,71;6,38;20,000-50,000 (intermediate);SAGRA-TOLEDO;Toledo;Castilla-La Mancha
46159;Manises;32273,0;3,75;<=30 km;-0,38;1,94;3,15;20,000-50,000 (intermediate);HUERTA DE VALENCIA;València/Valencia;Comunitat Valenciana
08270;Sitges;32405,0;9,55;<=30 km;-0,31;4,31;7,24;20,000-50,000 (intermediate);GARRAF;Barcelona;Cataluña/Catalunya
48054;Leioa;32683,0;3,53;<=30 km;2,44;2,2;1,54;20,000-50,000 (intermediate);GRAN BILBAO;Bizkaia;País Vasco/Euskadi
28096;Navalcarnero;32683,0;11,04;<=30 km;12,01;8,44;6,48;20,000-50,000 (intermediate);SUR OCCIDENTAL;Madrid;Comunidad de Madrid
35011;Ingenio;32747,0;5,97;<=30 km;2,2;3,43;2,7;20,000-50,000 (intermediate);GRAN CANARIA;Las Palmas;Canarias
15002;Ames;32812,0;10,78;<=30 km;6,87;2,29;2,56;20,000-50,000 (intermediate);OCCIDENTAL;A Coruña;Galicia
04066;Níjar;33076,0;19,33;<=30 km;-0,98;4,44;5,14;20,000-50,000 (intermediate);CAMPO NIJAR Y BAJO ANDARAX;Almería;Andalucía
35002;Agüimes;33179,0;4,17;<=30 km;3,75;3,06;3,35;20,000-50,000 (intermediate);GRAN CANARIA;Las Palmas;Canarias
29084;Ronda;33451,0;34,55;30-60 km;-6,86;-1,04;-0,51;20,000-50,000 (intermediate);SERRANIA DE RONDA;Málaga;Andalucía
39020;Castro-Urdiales;33482,0;17,86;<=30 km;-1,72;3,12;1,54;20,000-50,000 (intermediate);COSTERA;Cantabria;Cantabria
08252;Barberà del Vallès;33575,0;4,32;<=30 km;2,58;0,54;1,69;20,000-50,000 (intermediate);VALLES OCCIDENTAL;Barcelona;Cataluña/Catalunya
30039;Totana;33663,0;21,83;<=30 km;4,78;2,14;4,17;20,000-50,000 (intermediate);SUROESTE Y VALLE GUADALENTIN;Murcia;Región de Murcia
23092;Úbeda;33674,0;30,9;30-60 km;-3,16;-1,14;-1,56;20,000-50,000 (intermediate);LA LOMA;Jaén;Andalucía
09018;Aranda de Duero;33757,0;73,45;>60 km;-2,09;1,72;2,03;20,000-50,000 (intermediate);LA RIBERA;Burgos;Castilla y León
17155;Salt;33904,0;4,38;<=30 km;-1,82;5,25;5,19;20,000-50,000 (intermediate);GIRONES;Girona;Cataluña/Catalunya
46021;Aldaia;34035,0;5,52;<=30 km;2,2;2,61;5,33;20,000-50,000 (intermediate);HUERTA DE VALENCIA;València/Valencia;Comunitat Valenciana
15005;Arteixo;34038,0;8,69;<=30 km;3,45;3,06;3,48;20,000-50,000 (intermediate);SEPTENTRIONAL;A Coruña;Galicia
03104;Petrer;34076,0;8,01;<=30 km;-0,56;-1,36;0,2;20,000-50,000 (intermediate);VINALOPO;Alacant/Alicante;Comunitat Valenciana
11033;San Roque;34190,0;6,39;<=30 km;0,01;5,6;6,25;20,000-50,000 (intermediate);CAMPO DE GIBRALTAR;Cádiz;Andalucía
06011;Almendralejo;34284,0;29,51;<=30 km;-2,27;0,82;1,61;20,000-50,000 (intermediate);ALMENDRALEJO;Badajoz;Extremadura
03140;Villena;34385,0;19,42;<=30 km;-2,85;0,12;1,06;20,000-50,000 (intermediate);VINALOPO;Alacant/Alicante;Comunitat Valenciana
08217;Sant Joan Despí;35083,0;2,14;<=30 km;4,53;0,13;2,79;20,000-50,000 (intermediate);BAIX LLOBREGAT;Barcelona;Cataluña/Catalunya
30026;Mazarrón;35099,0;32,07;30-60 km;-12,62;4,52;6,4;20,000-50,000 (intermediate);SUROESTE Y VALLE GUADALENTIN;Murcia;Región de Murcia
43155;Tortosa;35265,0;61,53;>60 km;-2,87;0,19;5,04;20,000-50,000 (intermediate);BAIX EBRE;Tarragona;Cataluña/Catalunya
30019;Cieza;35361,0;29,03;<=30 km;-1,24;1,18;0,17;20,000-50,000 (intermediate);RIO SEGURA;Murcia;Región de Murcia
23005;Andújar;35619,0;38,89;30-60 km;-3,8;-2,43;-1,64;20,000-50,000 (intermediate);SIERRA MORENA;Jaén;Andalucía
07027;Inca;35654,0;26,09;<=30 km;4,3;4,94;5,72;20,000-50,000 (intermediate);MALLORCA;Illes Balears;Illes Balears
30035;San Javier;35872,0;23,24;<=30 km;-2,07;5,45;6,62;20,000-50,000 (intermediate);CAMPO DE CARTAGENA;Murcia;Región de Murcia
19046;Azuqueca de Henares;35894,0;11,35;<=30 km;1,68;1,59;1,87;20,000-50,000 (intermediate);CAMPIÑA;Guadalajara;Castilla-La Mancha
30043;Yecla;35957,0;32,25;30-60 km;-2,07;2,48;2,49;20,000-50,000 (intermediate);NORDESTE;Murcia;Región de Murcia
09219;Miranda de Ebro;36018,0;29,94;<=30 km;-8,53;0,14;1,38;20,000-50,000 (intermediate);BUREBA-EBRO;Burgos;Castilla y León
33037;Mieres;36132,0;16,14;<=30 km;-9,29;-3,65;-2,41;20,000-50,000 (intermediate);MIERES;Asturias;Principado de Asturias
28061;Galapagar;36184,0;7,36;<=30 km;1,01;3,99;4,24;20,000-50,000 (intermediate);GUADARRAMA;Madrid;Comunidad de Madrid
46184;Ontinyent;36430,0;18,84;<=30 km;-6,02;1,56;1,35;20,000-50,000 (intermediate);VALLES DE ALBAIDA;València/Valencia;Comunitat Valenciana
13082;Tomelloso;36523,0;90,7;>60 km;-6,89;-0,3;1,5;20,000-50,000 (intermediate);MANCHA;Ciudad Real;Castilla-La Mancha
44216;Teruel;36713,0;76,22;>60 km;0,56;0,85;2,0;20,000-50,000 (intermediate);HOYA DE TERUEL;Teruel;Aragón
43038;Cambrils;36849,0;9,87;<=30 km;-0,46;5,1;5,09;20,000-50,000 (intermediate);BAIX CAMP;Tarragona;Cataluña/Catalunya
03139;la Vila Joiosa/Villajoyosa;36891,0;11,33;<=30 km;2,67;2,1;6,36;20,000-50,000 (intermediate);CENTRAL;Alacant/Alicante;Comunitat Valenciana
12032;Borriana/Burriana;36927,0;6,67;<=30 km;-2,73;1,04;5,8;20,000-50,000 (intermediate);LA PLANA;Castelló/Castellón;Comunitat Valenciana
08125;Montcada i Reixac;37153,0;3,96;<=30 km;2,43;3,36;0,98;20,000-50,000 (intermediate);VALLES OCCIDENTAL;Barcelona;Cataluña/Catalunya
28015;Arroyomolinos;37208,0;4,81;<=30 km;49,2;12,1;10,45;20,000-50,000 (intermediate);SUR OCCIDENTAL;Madrid;Comunidad de Madrid
30003;Águilas;37417,0;29,44;<=30 km;-0,66;2,64;4,06;20,000-50,000 (intermediate);SUROESTE Y VALLE GUADALENTIN;Murcia;Región de Murcia
38031;Los Realejos;37522,0;26,96;<=30 km;-4,73;1,15;1,9;20,000-50,000 (intermediate);NORTE DE TENERIFE;Santa Cruz de Tenerife;Canarias
06044;Don Benito;37728,0;45,31;30-60 km;0,72;0,72;1,22;20,000-50,000 (intermediate);DON BENITO;Badajoz;Extremadura
36060;Vilagarcía de Arousa;37761,0;20,85;<=30 km;-1,12;0,07;0,58;20,000-50,000 (intermediate);LITORAL;Pontevedra;Galicia
33031;Langreo;38282,0;10,69;<=30 km;-9,41;-3,25;-1,04;20,000-50,000 (intermediate);OVIEDO;Asturias;Principado de Asturias
15058;Oleiros;38333,0;7,43;<=30 km;3,12;3,83;3,82;20,000-50,000 (intermediate);SEPTENTRIONAL;A Coruña;Galicia
08194;Sant Adrià de Besòs;38490,0;3,97;<=30 km;7,22;1,67;3,24;20,000-50,000 (intermediate);BARCELONES;Barcelona;Cataluña/Catalunya
03121;Santa Pola;38556,0;9,07;<=30 km;-6,7;7,57;12,91;20,000-50,000 (intermediate);MERIDIONAL;Alacant/Alicante;Comunitat Valenciana
31232;Tudela;38685,0;74,3;>60 km;-0,37;3,98;4,53;20,000-50,000 (intermediate);RIBERA BAJA;Navarra;Comunidad Foral de Navarra
41069;Los Palacios y Villafranca;38757,0;12,39;<=30 km;1,99;1,13;0,2;20,000-50,000 (intermediate);LA VEGA;Sevilla;Andalucía
17114;Olot;38822,0;35,48;30-60 km;1,39;5,26;6,95;20,000-50,000 (intermediate);GARROTXA;Girona;Cataluña/Catalunya
35006;Arucas;38936,0;7,37;<=30 km;1,34;2,24;1,04;20,000-50,000 (intermediate);GRAN CANARIA;Las Palmas;Canarias
28130;San Fernando de Henares;38980,0;4,29;<=30 km;-4,11;-0,39;-0,85;20,000-50,000 (intermediate);AREA METROPOLITANA DE MADRID;Madrid;Comunidad de Madrid
15054;Narón;39285,0;8,93;<=30 km;0,95;-0,52;0,96;20,000-50,000 (intermediate);SEPTENTRIONAL;A Coruña;Galicia
20067;Errenteria;39352,0;8,78;<=30 km;0,57;-0,35;0,34;20,000-50,000 (intermediate);DONOSTIA/SAN SEBASTIÁN;Gipuzkoa;País Vasco/Euskadi
08180;Ripollet;39462,0;3,38;<=30 km;1,48;2,07;0,83;20,000-50,000 (intermediate);VALLES OCCIDENTAL;Barcelona;Cataluña/Catalunya
41039;Écija;39500,0;50,05;30-60 km;-1,55;-0,11;-0,85;20,000-50,000 (intermediate);LA CAMPIÑA;Sevilla;Andalucía
10148;Plasencia;39829,0;76,29;>60 km;-2,49;-1,45;0,69;20,000-50,000 (intermediate);PLASENCIA;Cáceres;Extremadura
07031;Llucmajor;39912,0;16,6;<=30 km;-3,91;5,13;4,42;20,000-50,000 (intermediate);MALLORCA;Illes Balears;Illes Balears
30037;Torre-Pacheco;40074,0;15,53;<=30 km;5,96;4,73;7,44;20,000-50,000 (intermediate);CAMPO DE CARTAGENA;Murcia;Región de Murcia
07036;Marratxí;40079,0;7,63;<=30 km;5,81;4,44;4,49;20,000-50,000 (intermediate);MALLORCA;Illes Balears;Illes Balears
48015;Basauri;40388,0;4,73;<=30 km;-3,06;-0,56;-0,36;20,000-50,000 (intermediate);GRAN BILBAO;Bizkaia;País Vasco/Euskadi
43163;El Vendrell;40440,0;15,93;<=30 km;0,32;4,68;3,98;20,000-50,000 (intermediate);BAIX PENEDES;Tarragona;Cataluña/Catalunya
41081;La Rinconada;40529,0;10,15;<=30 km;2,95;2,08;3,38;20,000-50,000 (intermediate);LA VEGA;Sevilla;Andalucía
46078;Burjassot;40634,0;5,16;<=30 km;-1,65;3,0;4,96;20,000-50,000 (intermediate);HUERTA DE VALENCIA;València/Valencia;Comunitat Valenciana
42173;Soria;40750,0;73,61;>60 km;-2,77;1,49;2,66;20,000-50,000 (intermediate);SORIA;Soria;Castilla y León
08102;Igualada;41466,0;23,12;<=30 km;0,32;3,38;1,45;20,000-50,000 (intermediate);ANOIA;Barcelona;Cataluña/Catalunya
08305;Vilafranca del Penedès;41504,0;12,29;<=30 km;1,93;-0,21;3,84;20,000-50,000 (intermediate);ALT PENEDÉS;Barcelona;Cataluña/Catalunya
29015;Antequera;41619,0;33,04;30-60 km;-1,79;0,47;0,66;20,000-50,000 (intermediate);NORTE O ANTEQUERA;Málaga;Andalucía
07054;Santa Eulària des Riu;41706,0;11,12;<=30 km;8,51;9,82;4,17;20,000-50,000 (intermediate);IBIZA;Illes Balears;Illes Balears
11028;Puerto Real;42151,0;11,42;<=30 km;0,9;0,29;0,91;20,000-50,000 (intermediate);DE LA JANDA;Cádiz;Andalucía
17023;Blanes;42198,0;31,86;30-60 km;-2,56;3,83;4,78;20,000-50,000 (intermediate);SELVA;Girona;Cataluña/Catalunya
38026;La Orotava;42585,0;20,75;<=30 km;-0,49;0,92;0,87;20,000-50,000 (intermediate);NORTE DE TENERIFE;Santa Cruz de Tenerife;Canarias
17095;Lloret de Mar;42600,0;29,21;<=30 km;-8,45;2,82;10,93;20,000-50,000 (intermediate);SELVA;Girona;Cataluña/Catalunya
14038;Lucena;43086,0;56,41;30-60 km;-0,12;0,43;0,88;20,000-50,000 (intermediate);CAMPIÑA ALTA;Córdoba;Andalucía
30005;Alcantarilla;43547,0;12,29;<=30 km;-0,57;2,25;2,32;20,000-50,000 (intermediate);RIO SEGURA;Murcia;Región de Murcia
29007;Alhaurín de la Torre;44057,0;7,19;<=30 km;6,6;4,9;5,23;20,000-50,000 (intermediate);CENTRO-SUR O GUADALORCE;Málaga;Andalucía
35017;Puerto del Rosario;44638,0;64,2;>60 km;8,54;6,1;6,83;20,000-50,000 (intermediate);FUERTEVENTURA;Las Palmas;Canarias
48078;Portugalete;44766,0;4,49;<=30 km;-3,4;-1,18;-1,15;20,000-50,000 (intermediate);GRAN BILBAO;Bizkaia;País Vasco/Euskadi
13071;Puertollano;45195,0;36,5;30-60 km;-7,13;-3,85;-1,83;20,000-50,000 (intermediate);PASTOS;Ciudad Real;Castilla-La Mancha
46169;Mislata;46153,0;6,64;<=30 km;-1,41;2,41;4,14;20,000-50,000 (intermediate);HUERTA DE VALENCIA;València/Valencia;Comunitat Valenciana
48082;Santurtzi;46247,0;4,01;<=30 km;-2,78;0,63;0,35;20,000-50,000 (intermediate);GRAN BILBAO;Bizkaia;País Vasco/Euskadi
08211;Sant Feliu de Llobregat;46554,0;4,97;<=30 km;2,56;2,22;2,4;20,000-50,000 (intermediate);BAIX LLOBREGAT;Barcelona;Cataluña/Catalunya
03063;Dénia;46942,0;31,15;30-60 km;-7,06;2,92;9,29;20,000-50,000 (intermediate);MARQUESADO;Alacant/Alicante;Comunitat Valenciana
46017;Alzira;47335,0;26,51;<=30 km;-1,11;1,06;5,51;20,000-50,000 (intermediate);RIBERAS DEL JUCAR;València/Valencia;Comunitat Valenciana
08077;Esplugues de Llobregat;47613,0;2,91;<=30 km;-1,71;0,91;1,79;20,000-50,000 (intermediate);BAIX LLOBREGAT;Barcelona;Cataluña/Catalunya
07033;Manacor;47777,0;44,8;30-60 km;0,54;5,11;6,62;20,000-50,000 (intermediate);MALLORCA;Illes Balears;Illes Balears
41059;Mairena del Aljarafe;47898,0;11,49;<=30 km;7,79;2,19;2,14;20,000-50,000 (intermediate);EL ALJARAFE;Sevilla;Andalucía
08089;Gavà;48007,0;2,27;<=30 km;0,62;0,48;2,29;20,000-50,000 (intermediate);BAIX LLOBREGAT;Barcelona;Cataluña/Catalunya
17066;Figueres;48875,0;33,79;30-60 km;2,67;1,43;3,89;20,000-50,000 (intermediate);ALT EMPORDA;Girona;Cataluña/Catalunya
08298;Vic;49530,0;36,76;30-60 km;7,49;5,06;4,67;20,000-50,000 (intermediate);OSONA;Barcelona;Cataluña/Catalunya
38001;Adeje;50549,0;0,0;<=30 km;3,76;3,07;3,73;>50,000 (urban);SUR DE TENERIFE;Santa Cruz de Tenerife;Canarias
40194;Segovia;51525,0;0,0;<=30 km;-6,27;-0,82;0,52;>50,000 (urban);SEGOVIA;Segovia;Castilla y León
39087;Torrelavega;51663,0;0,0;<=30 km;-6,33;-0,87;0,83;>50,000 (urban);COSTERA;Cantabria;Cantabria
41095;Utrera;52173,0;0,0;<=30 km;2,07;-2,8;2,01;>50,000 (urban);LA CAMPIÑA;Sevilla;Andalucía
29082;Rincón de la Victoria;52230,0;0,0;<=30 km;11,9;8,02;4,9;>50,000 (urban);VELEZ MALAGA;Málaga;Andalucía
08124;Mollet del Vallès;52283,0;0,0;<=30 km;-2,44;0,04;2,21;>50,000 (urban);VALLES ORIENTAL;Barcelona;Cataluña/Catalunya
12135;Vila-real;52505,0;0,0;<=30 km;-1,63;1,09;2,69;>50,000 (urban);LA PLANA;Castelló/Castellón;Comunitat Valenciana
33066;Siero;52593,0;0,0;<=30 km;-0,61;-0,1;1,91;>50,000 (urban);OVIEDO;Asturias;Principado de Asturias
28903;Tres Cantos;52932,0;0,0;<=30 km;12,13;4,28;8,58;>50,000 (urban);AREA METROPOLITANA DE MADRID;Madrid;Comunidad de Madrid
16078;Cuenca;53429,0;0,0;<=30 km;-3,22;-1,66;-1,04;>50,000 (urban);SERRANIA ALTA;Cuenca;Castilla-La Mancha
07011;Calvià;53491,0;0,0;<=30 km;-6,46;4,53;3,73;>50,000 (urban);MALLORCA;Illes Balears;Illes Balears
07026;Eivissa;53717,0;0,0;<=30 km;0,61;1,84;6,07;>50,000 (urban);IBIZA;Illes Balears;Illes Balears
03066;Elda;53818,0;0,0;<=30 km;-3,64;0,28;2,41;>50,000 (urban);VINALOPO;Alacant/Alicante;Comunitat Valenciana
35019;San Bartolomé de Tirajana;54116,0;0,0;<=30 km;-1,96;-0,97;1,98;>50,000 (urban);GRAN CANARIA;Las Palmas;Canarias
22125;Huesca;54704,0;0,0;<=30 km;-0,42;1,84;2,39;>50,000 (urban);HOYA DE HUESCA;Huesca;Aragón
23055;Linares;55261,0;0,0;<=30 km;-4,35;-2,22;-2,24;>50,000 (urban);CAMPIÑA DEL NORTE;Jaén;Andalucía
28113;Pinto;56003,0;0,0;<=30 km;10,51;3,87;4,61;>50,000 (urban);AREA METROPOLITANA DE MADRID;Madrid;Comunidad de Madrid
28045;Colmenar Viejo;57029,0;0,0;<=30 km;6,92;6,02;8,67;>50,000 (urban);AREA METROPOLITANA DE MADRID;Madrid;Comunidad de Madrid
38017;Granadilla de Abona;57143,0;0,0;<=30 km;12,66;7,19;10,21;>50,000 (urban);SUR DE TENERIFE;Santa Cruz de Tenerife;Canarias
08266;Cerdanyola del Vallès;58100,0;0,0;<=30 km;-0,9;-0,91;1,54;>50,000 (urban);VALLES OCCIDENTAL;Barcelona;Cataluña/Catalunya
05019;Ávila;58111,0;0,0;<=30 km;-1,46;0,51;0,28;>50,000 (urban);AVILA;Ávila;Castilla y León
49275;Zamora;59506,0;0,0;<=30 km;-4,79;-2,47;-1,31;>50,000 (urban);CAMPOS-PAN;Zamora;Castilla y León
28014;Arganda del Rey;59513,0;0,0;<=30 km;-0,74;3,36;5,55;>50,000 (urban);CAMPIÑA;Madrid;Comunidad de Madrid
18140;Motril;59632,0;0,0;<=30 km;-0,77;-3,38;1,86;>50,000 (urban);LA COSTA;Granada;Andalucía
06083;Mérida;59857,0;0,0;<=30 km;2,4;0,12;0,73;>50,000 (urban);MERIDA;Badajoz;Extremadura
03122;Sant Vicent del Raspeig/San Vicente del Raspeig;60269,0;0,0;<=30 km;4,85;1,95;2,3;>50,000 (urban);CENTRAL;Alacant/Alicante;Comunitat Valenciana
03009;Alcoi/Alcoy;60372,0;0,0;<=30 km;-3,25;0,26;2,1;>50,000 (urban);MONTAÑA;Alacant/Alicante;Comunitat Valenciana
28013;Aranjuez;62292,0;0,0;<=30 km;4,41;1,35;4,11;>50,000 (urban);VEGAS;Madrid;Comunidad de Madrid
24115;Ponferrada;62994,0;0,0;<=30 km;-3,97;-2,29;-1,18;>50,000 (urban);BIERZO;León;Castilla y León
20045;Irun;63656,0;0,0;<=30 km;1,39;1,53;1,15;>50,000 (urban);BAJO BIDASOA;Gipuzkoa;País Vasco/Euskadi
11022;La Línea de la Concepción;64177,0;0,0;<=30 km;-2,77;0,68;1,28;>50,000 (urban);CAMPO DE GIBRALTAR;Cádiz;Andalucía
08096;Granollers;64181,0;0,0;<=30 km;1,16;2,45;2,73;>50,000 (urban);VALLES ORIENTAL;Barcelona;Cataluña/Catalunya
15036;Ferrol;64218,0;0,0;<=30 km;-7,39;-3,02;-0,88;>50,000 (urban);SEPTENTRIONAL;A Coruña;Galicia
28022;Boadilla del Monte;65839,0;0,0;<=30 km;11,51;12,21;11,49;>50,000 (urban);AREA METROPOLITANA DE MADRID;Madrid;Comunidad de Madrid
08169;El Prat de Llobregat;66184,0;0,0;<=30 km;0,63;2,18;0,99;>50,000 (urban);BAIX LLOBREGAT;Barcelona;Cataluña/Catalunya
28047;Collado Villalba;66698,0;0,0;<=30 km;1,89;1,19;4,5;>50,000 (urban);GUADARRAMA;Madrid;Comunidad de Madrid
08301;Viladecans;67348,0;0,0;<=30 km;1,94;0,81;0,96;>50,000 (urban);BAIX LLOBREGAT;Barcelona;Cataluña/Catalunya
35004;Arrecife;68169,0;0,0;<=30 km;4,21;5,13;5,69;>50,000 (urban);LANZAROTE;Las Palmas;Canarias
08056;Castelldefels;69450,0;0,0;<=30 km;4,46;1,28;3,31;>50,000 (urban);BAIX LLOBREGAT;Barcelona;Cataluña/Catalunya
11032;Sanlúcar de Barrameda;69876,0;0,0;<=30 km;1,04;2,16;0,53;>50,000 (urban);COSTA NOROESTE DE CADIZ;Cádiz;Andalucía
08307;Vilanova i la Geltrú;70418,0;0,0;<=30 km;-1,24;1,79;4,39;>50,000 (urban);GARRAF;Barcelona;Cataluña/Catalunya
29901;Torremolinos;70933,0;0,0;<=30 km;-0,7;-0,3;4,23;>50,000 (urban);CENTRO-SUR O GUADALORCE;Málaga;Andalucía
46220;Sagunt/Sagunto;71377,0;0,0;<=30 km;-0,48;2,09;6,46;>50,000 (urban);SAGUNTO;València/Valencia;Comunitat Valenciana
28080;Majadahonda;73355,0;0,0;<=30 km;1,75;0,35;1,83;>50,000 (urban);AREA METROPOLITANA DE MADRID;Madrid;Comunidad de Madrid
03031;Benidorm;74663,0;0,0;<=30 km;-7,26;2,31;8,02;>50,000 (urban);CENTRAL;Alacant/Alicante;Comunitat Valenciana
46190;Paterna;74822,0;0,0;<=30 km;2,39;3,19;4,85;>50,000 (urban);HUERTA DE VALENCIA;València/Valencia;Comunitat Valenciana
33004;Avilés;75351,0;0,0;<=30 km;-4,91;-2,34;-1,98;>50,000 (urban);GIJON;Asturias;Principado de Asturias
13034;Ciudad Real;75909,0;0,0;<=30 km;-0,21;0,48;1,07;>50,000 (urban);CAMPO DE CALATRAVA;Ciudad Real;Castilla-La Mancha
48044;Getxo;75981,0;0,0;<=30 km;-2,1;-1,45;-1,5;>50,000 (urban);GRAN BILBAO;Bizkaia;País Vasco/Euskadi
34120;Palencia;76738,0;0,0;<=30 km;-3,26;-1,96;-0,46;>50,000 (urban);CAMPOS;Palencia;Castilla y León
41004;Alcalá de Guadaíra;76922,0;0,0;<=30 km;3,17;0,39;1,82;>50,000 (urban);LA CAMPIÑA;Sevilla;Andalucía
35022;Santa Lucía de Tirajana;77098,0;0,0;<=30 km;6,45;2,38;4,79;>50,000 (urban);GRAN CANARIA;Las Palmas;Canarias
30027;Molina de Segura;77493,0;0,0;<=30 km;5,34;3,57;5,44;>50,000 (urban);RIO SEGURA;Murcia;Región de Murcia
29025;Benalmádena;77654,0;0,0;<=30 km;7,95;3,63;10,61;>50,000 (urban);CENTRO-SUR O GUADALORCE;Málaga;Andalucía
29051;Estepona;78413,0;0,0;<=30 km;1,82;7,33;9,02;>50,000 (urban);CENTRO-SUR O GUADALORCE;Málaga;Andalucía
46131;Gandia;80095,0;0,0;<=30 km;-5,82;2,9;5,43;>50,000 (urban);GANDIA;València/Valencia;Comunitat Valenciana
08113;Manresa;80201,0;0,0;<=30 km;-1,88;2,55;2,57;>50,000 (urban);BAGES;Barcelona;Cataluña/Catalunya
28049;Coslada;80760,0;0,0;<=30 km;-9,63;-0,72;-0,63;>50,000 (urban);AREA METROPOLITANA DE MADRID;Madrid;Comunidad de Madrid
08184;Rubí;81532,0;0,0;<=30 km;2,15;2,78;3,8;>50,000 (urban);VALLES OCCIDENTAL;Barcelona;Cataluña/Catalunya
36038;Pontevedra;83077,0;0,0;<=30 km;0,33;0,38;-0,04;>50,000 (urban);LITORAL;Pontevedra;Galicia
51001;Ceuta;83229,0;0,0;<=30 km;3,14;-1,91;-0,34;>50,000 (urban);;Ceuta;Ciudad Autónoma de Ceuta
28161;Valdemoro;83507,0;0,0;<=30 km;8,12;3,8;7,63;>50,000 (urban);SUR OCCIDENTAL;Madrid;Comunidad de Madrid
03099;Orihuela;83720,0;0,0;<=30 km;-14,22;2,82;6,06;>50,000 (urban);MERIDIONAL;Alacant/Alicante;Comunitat Valenciana
45165;Talavera de la Reina;84738,0;0,0;<=30 km;-6,06;0,56;1,51;>50,000 (urban);TALAVERA;Toledo;Castilla-La Mancha
08200;Sant Boi de Llobregat;84831,0;0,0;<=30 km;-0,87;1,03;1,28;>50,000 (urban);BAIX LLOBREGAT;Barcelona;Cataluña/Catalunya
52001;Melilla;85811,0;0,0;<=30 km;9,74;-0,14;-0,52;>50,000 (urban);;Melilla;Ciudad Autónoma de Melilla
29054;Fuengirola;85859,0;0,0;<=30 km;1,18;9,53;3,96;>50,000 (urban);CENTRO-SUR O GUADALORCE;Málaga;Andalucía
29094;Vélez-Málaga;85990,0;0,0;<=30 km;3,73;2,66;3,64;>50,000 (urban);VELEZ MALAGA;Málaga;Andalucía
45168;Toledo;86526,0;0,0;<=30 km;0,76;1,38;1,26;>50,000 (urban);SAGRA-TOLEDO;Toledo;Castilla-La Mancha
38006;Arona;86624,0;0,0;<=30 km;4,77;3,92;4,92;>50,000 (urban);SUR DE TENERIFE;Santa Cruz de Tenerife;Canarias
28115;Pozuelo de Alarcón;89378,0;0,0;<=30 km;3,24;1,12;2,58;>50,000 (urban);AREA METROPOLITANA DE MADRID;Madrid;Comunidad de Madrid
46244;Torrent;89401,0;0,0;<=30 km;0,02;3,42;6,4;>50,000 (urban);HUERTA DE VALENCIA;València/Valencia;Comunitat Valenciana
11015;Chiclana de la Frontera;89794,0;0,0;<=30 km;4,14;2,95;4,04;>50,000 (urban);COSTA NOROESTE DE CADIZ;Cádiz;Andalucía
11027;El Puerto de Santa María;89960,0;0,0;<=30 km;-0,55;0,79;1,01;>50,000 (urban);CAMPIÑA DE CADIZ;Cádiz;Andalucía
04902;El Ejido;90135,0;0,0;<=30 km;5,16;-0,83;7,3;>50,000 (urban);CAMPO DALIAS;Almería;Andalucía
19130;Guadalajara;90909,0;0,0;<=30 km;-0,36;2,54;4,42;>50,000 (urban);CAMPIÑA;Guadalajara;Castilla-La Mancha
08073;Cornellà de Llobregat;91589,0;0,0;<=30 km;-0,73;2,44;2,56;>50,000 (urban);BAIX LLOBREGAT;Barcelona;Cataluña/Catalunya
29070;Mijas;93302,0;0,0;<=30 km;-2,66;7,58;7,56;>50,000 (urban);CENTRO-SUR O GUADALORCE;Málaga;Andalucía
11031;San Fernando;93645,0;0,0;<=30 km;-1,29;-0,32;-1,29;>50,000 (urban);COSTA NOROESTE DE CADIZ;Cádiz;Andalucía
03133;Torrevieja;94803,0;0,0;<=30 km;-18,49;0,29;14,44;>50,000 (urban);MERIDIONAL;Alacant/Alicante;Comunitat Valenciana
28134;San Sebastián de los Reyes;94969,0;0,0;<=30 km;8,62;3,69;4,41;>50,000 (urban);AREA METROPOLITANA DE MADRID;Madrid;Comunidad de Madrid
10037;Cáceres;96441,0;0,0;<=30 km;0,94;-0,68;1,07;>50,000 (urban);CACERES;Cáceres;Extremadura
30024;Lorca;98334,0;0,0;<=30 km;-0,61;3,39;2,18;>50,000 (urban);SUROESTE Y VALLE GUADALENTIN;Murcia;Región de Murcia
28127;Las Rozas de Madrid;98590,0;0,0;<=30 km;6,64;-0,72;3,93;>50,000 (urban);AREA METROPOLITANA DE MADRID;Madrid;Comunidad de Madrid
08205;Sant Cugat del Vallès;98621,0;0,0;<=30 km;7,41;3,69;4,9;>50,000 (urban);VALLES OCCIDENTAL;Barcelona;Cataluña/Catalunya
27028;Lugo;99482,0;0,0;<=30 km;-0,01;-0,42;1,91;>50,000 (urban);CENTRAL;Lugo;Galicia
15078;Santiago de Compostela;99536,0;0,0;<=30 km;1,31;1,51;1,71;>50,000 (urban);OCCIDENTAL;A Coruña;Galicia
28123;Rivas-Vaciamadrid;101949,0;0,0;<=30 km;14,91;8,19;9,71;>50,000 (urban);AREA METROPOLITANA DE MADRID;Madrid;Comunidad de Madrid
48013;Barakaldo;101984,0;0,0;<=30 km;0,25;0,47;1,07;>50,000 (urban);GRAN BILBAO;Bizkaia;País Vasco/Euskadi
35026;Telde;102867,0;0,0;<=30 km;0,62;0,34;0,1;>50,000 (urban);GRAN CANARIA;Las Palmas;Canarias
32054;Ourense;104891,0;0,0;<=30 km;-2,19;-0,86;0,28;>50,000 (urban);ORENSE;Ourense;Galicia
17079;Girona;107032,0;0,0;<=30 km;2,37;1,66;5,0;>50,000 (urban);GIRONES;Girona;Cataluña/Catalunya
04079;Roquetas de Mar;109204,0;0,0;<=30 km;3,91;4,0;10,61;>50,000 (urban);CAMPO DALIAS;Almería;Andalucía
43123;Reus;109930,0;0,0;<=30 km;-3,36;2,52;3,63;>50,000 (urban);BAIX CAMP;Tarragona;Cataluña/Catalunya
11012;Cádiz;110914,0;0,0;<=30 km;-5,48;-2,34;-2,91;>50,000 (urban);COSTA NOROESTE DE CADIZ;Cádiz;Andalucía
23050;Jaén;112074,0;0,0;<=30 km;-2,18;-1,34;0,13;>50,000 (urban);CAMPIÑA DEL SUR;Jaén;Andalucía
08245;Santa Coloma de Gramenet;121203,0;0,0;<=30 km;-2,67;0,39;1,6;>50,000 (urban);BARCELONES;Barcelona;Cataluña/Catalunya
28006;Alcobendas;121373,0;0,0;<=30 km;4,7;0,48;4,1;>50,000 (urban);AREA METROPOLITANA DE MADRID;Madrid;Comunidad de Madrid
24089;León;122243,0;0,0;<=30 km;-5,59;-2,18;0,16;>50,000 (urban);TIERRAS DE LEON;León;Castilla y León
11004;Algeciras;124978,0;0,0;<=30 km;2,82;1,29;1,62;>50,000 (urban);CAMPO DE GIBRALTAR;Cádiz;Andalucía
08121;Mataró;131798,0;0,0;<=30 km;1,82;1,68;2,07;>50,000 (urban);MARESME;Barcelona;Cataluña/Catalunya
28106;Parla;134833,0;0,0;<=30 km;3,2;2,68;2,39;>50,000 (urban);SUR OCCIDENTAL;Madrid;Comunidad de Madrid
41038;Dos Hermanas;140430,0;0,0;<=30 km;4,06;2,31;3,07;>50,000 (urban);LA VEGA;Sevilla;Andalucía
28148;Torrejón de Ardoz;140626,0;0,0;<=30 km;4,42;2,34;5,92;>50,000 (urban);AREA METROPOLITANA DE MADRID;Madrid;Comunidad de Madrid
43148;Tarragona;141151,0;0,0;<=30 km;-1,92;2,37;4,22;>50,000 (urban);TARRAGONES;Tarragona;Cataluña/Catalunya
21041;Huelva;143290,0;0,0;<=30 km;-2,55;-1,19;0,53;>50,000 (urban);COSTA;Huelva;Andalucía
25120;Lleida;144739,0;0,0;<=30 km;-0,79;1,61;3,33;>50,000 (urban);SEGRIA;Lleida;Cataluña/Catalunya
37274;Salamanca;144866,0;0,0;<=30 km;-5,89;-0,49;1,11;>50,000 (urban);SALAMANCA;Salamanca;Castilla y León
06015;Badajoz;150570,0;0,0;<=30 km;-0,67;0,05;-0,03;>50,000 (urban);ALBURQUERQUE;Badajoz;Extremadura
26089;Logroño;151164,0;0,0;<=30 km;-1,09;-0,2;0,24;>50,000 (urban);RIOJA MEDIA;La Rioja;La Rioja
29069;Marbella;159000,0;0,0;<=30 km;1,81;4,59;7,46;>50,000 (urban);CENTRO-SUR O GUADALORCE;Málaga;Andalucía
38023;San Cristóbal de La Laguna;160258,0;0,0;<=30 km;0,31;1,58;1,42;>50,000 (urban);NORTE DE TENERIFE;Santa Cruz de Tenerife;Canarias
28007;Alcorcón;173625,0;0,0;<=30 km;-0,23;0,78;1,64;>50,000 (urban);AREA METROPOLITANA DE MADRID;Madrid;Comunidad de Madrid
39075;Santander;174101,0;0,0;<=30 km;-4,43;0,1;1,09;>50,000 (urban);COSTERA;Cantabria;Cantabria
02003;Albacete;174137,0;0,0;<=30 km;0,83;-0,19;0,82;>50,000 (urban);CENTRO;Albacete;Castilla-La Mancha
09059;Burgos;175895,0;0,0;<=30 km;-2,02;-1,06;1,06;>50,000 (urban);ARLANZON;Burgos;Castilla y León
12040;Castelló de la Plana;180379,0;0,0;<=30 km;-5,89;1,0;4,51;>50,000 (urban);LA PLANA;Castelló/Castellón;Comunitat Valenciana
20069;Donostia/San Sebastián;189093,0;0,0;<=30 km;0,1;0,77;0,53;>50,000 (urban);DONOSTIA/SAN SEBASTIÁN;Gipuzkoa;País Vasco/Euskadi
28065;Getafe;189906,0;0,0;<=30 km;4,8;1,3;3,72;>50,000 (urban);AREA METROPOLITANA DE MADRID;Madrid;Comunidad de Madrid
28058;Fuenlabrada;190790,0;0,0;<=30 km;-1,96;-0,7;-0,75;>50,000 (urban);SUR OCCIDENTAL;Madrid;Comunidad de Madrid
28074;Leganés;194084,0;0,0;<=30 km;0,63;-0,35;3,37;>50,000 (urban);AREA METROPOLITANA DE MADRID;Madrid;Comunidad de Madrid
28005;Alcalá de Henares;200702,0;0,0;<=30 km;-4,6;1,15;2,41;>50,000 (urban);CAMPIÑA;Madrid;Comunidad de Madrid
04013;Almería;202675,0;0,0;<=30 km;2,65;1,98;0,96;>50,000 (urban);CAMPO NIJAR Y BAJO ANDARAX;Almería;Andalucía
31201;Pamplona/Iruña;207777,0;0,0;<=30 km;-0,4;2,02;2,31;>50,000 (urban);CUENCA PAMPLONA;Navarra;Comunidad Foral de Navarra
38038;Santa Cruz de Tenerife;211359,0;0,0;<=30 km;-8,36;1,81;1,34;>50,000 (urban);SUR DE TENERIFE;Santa Cruz de Tenerife;Canarias
11020;Jerez de la Frontera;213688,0;0,0;<=30 km;0,97;-0,04;0,42;>50,000 (urban);CAMPIÑA DE CADIZ;Cádiz;Andalucía
28092;Móstoles;214006,0;0,0;<=30 km;0,77;1,23;2,08;>50,000 (urban);SUR OCCIDENTAL;Madrid;Comunidad de Madrid
30016;Cartagena;219777,0;0,0;<=30 km;-0,34;1,13;1,58;>50,000 (urban);CAMPO DE CARTAGENA;Murcia;Región de Murcia
33044;Oviedo;220543,0;0,0;<=30 km;-2,26;-1,12;1,37;>50,000 (urban);OVIEDO;Asturias;Principado de Asturias
08187;Sabadell;222177,0;0,0;<=30 km;1,06;2,11;2,76;>50,000 (urban);VALLES OCCIDENTAL;Barcelona;Cataluña/Catalunya
08015;Badalona;227083,0;0,0;<=30 km;-1,79;2,42;1,83;>50,000 (urban);BARCELONES;Barcelona;Cataluña/Catalunya
08279;Terrassa;228708,0;0,0;<=30 km;1,28;2,05;2,55;>50,000 (urban);VALLES OCCIDENTAL;Barcelona;Cataluña/Catalunya
18087;Granada;232717,0;0,0;<=30 km;-3,05;-0,19;0,41;>50,000 (urban);DE LA VEGA;Granada;Andalucía
03065;Elx/Elche;243128,0;0,0;<=30 km;-0,73;1,55;3,81;>50,000 (urban);MERIDIONAL;Alacant/Alicante;Comunitat Valenciana
15030;A Coruña;249261,0;0,0;<=30 km;-0,78;0,25;1,55;>50,000 (urban);SEPTENTRIONAL;A Coruña;Galicia
01059;Vitoria-Gasteiz;257968,0;0,0;<=30 km;3,09;1,57;1,93;>50,000 (urban);LLANADA ALAVESA;Araba/Álava;País Vasco/Euskadi
33024;Gijón;268561,0;0,0;<=30 km;-1,87;-1,08;-0,12;>50,000 (urban);GIJON;Asturias;Principado de Asturias
08101;L'Hospitalet de Llobregat;279993,0;0,0;<=30 km;0,5;1,37;5,79;>50,000 (urban);BARCELONES;Barcelona;Cataluña/Catalunya
36057;Vigo;293977,0;0,0;<=30 km;-1,43;0,07;0,05;>50,000 (urban);LITORAL;Pontevedra;Galicia
47186;Valladolid;300618,0;0,0;<=30 km;-4,38;-0,37;0,95;>50,000 (urban);CENTRO;Valladolid;Castilla y León
14021;Córdoba;322811,0;0,0;<=30 km;-0,83;-1,12;0,23;>50,000 (urban);CAMPIÑA BAJA;Córdoba;Andalucía
48020;Bilbao;348089,0;0,0;<=30 km;-2,15;0,17;0,49;>50,000 (urban);GRAN BILBAO;Bizkaia;País Vasco/Euskadi
03014;Alacant/Alicante;358720,0;0,0;<=30 km;-1,3;1,73;6,35;>50,000 (urban);CENTRAL;Alacant/Alicante;Comunitat Valenciana
35016;Las Palmas de Gran Canaria;380436,0;0,0;<=30 km;-1,49;0,04;0,47;>50,000 (urban);GRAN CANARIA;Las Palmas;Canarias
07040;Palma;431521,0;0,0;<=30 km;0,29;2,37;2,9;>50,000 (urban);MALLORCA;Illes Balears;Illes Balears
30030;Murcia;474617,0;0,0;<=30 km;0,24;2,94;3,1;>50,000 (urban);RIO SEGURA;Murcia;Región de Murcia
29067;Málaga;591637,0;0,0;<=30 km;0,17;1,12;2,46;>50,000 (urban);VELEZ MALAGA;Málaga;Andalucía
50297;Zaragoza;686986,0;0,0;<=30 km;-1,45;1,26;1,73;>50,000 (urban);ZARAGOZA;Zaragoza;Aragón
41091;Sevilla;687488,0;0,0;<=30 km;-1,93;-0,65;0,48;>50,000 (urban);LA VEGA;Sevilla;Andalucía
46250;València;825948,0;0,0;<=30 km;-1,28;-0,21;4,58;>50,000 (urban);SAGUNTO;València/Valencia;Comunitat Valenciana
08019;Barcelona;1702547,0;0,0;<=30 km;0,33;1,01;4,02;>50,000 (urban);BARCELONES;Barcelona;Cataluña/Catalunya
28079;Madrid;3416771,0;0,0;<=30 km;-2,51;2,55;3,37;>50,000 (urban);AREA METROPOLITANA DE MADRID;Madrid;Comunidad de Madrid
